{
  "type" : "FeatureCollection",
  "features" : [{"type":"Feature","id":1,"geometry":{"type":"Point","coordinates":[98.971160130000044,18.796639170000049]},"properties":{"OBJECTID":1,"idx":6,"POINT_Y":18.796639169999999,"POINT_X":98.971160130000001,"name":"ถนนศิริมังคลาจารย์ ซอย1","kom":0,"kalae":1,"text_lanna":0,"total_detect":1}},{"type":"Feature","id":2,"geometry":{"type":"Point","coordinates":[98.977009740000085,18.769203640000057]},"properties":{"OBJECTID":2,"idx":26,"POINT_Y":18.769203640000001,"POINT_X":98.97700974,"name":"ถนนมหิดล","kom":0,"kalae":0,"text_lanna":1,"total_detect":1}},{"type":"Feature","id":3,"geometry":{"type":"Point","coordinates":[98.977957390000086,18.768766910000068]},"properties":{"OBJECTID":3,"idx":31,"POINT_Y":18.76876691,"POINT_X":98.97795739,"name":"ถนนมหิดล","kom":8,"kalae":1,"text_lanna":0,"total_detect":9}},{"type":"Feature","id":4,"geometry":{"type":"Point","coordinates":[98.979201710000041,18.768381360000035]},"properties":{"OBJECTID":4,"idx":37,"POINT_Y":18.768381359999999,"POINT_X":98.979201709999998,"name":"ถนนมหิดล","kom":0,"kalae":1,"text_lanna":0,"total_detect":1}},{"type":"Feature","id":5,"geometry":{"type":"Point","coordinates":[98.973238120000076,18.808296100000064]},"properties":{"OBJECTID":5,"idx":44,"POINT_Y":18.8082961,"POINT_X":98.973238120000005,"name":"ถนนซุปเปอร์ไฮเวย์","kom":6,"kalae":0,"text_lanna":0,"total_detect":6}},{"type":"Feature","id":6,"geometry":{"type":"Point","coordinates":[98.973695670000041,18.808618890000048]},"properties":{"OBJECTID":6,"idx":47,"POINT_Y":18.808618890000002,"POINT_X":98.973695669999998,"name":"ถนนซุปเปอร์ไฮเวย์","kom":0,"kalae":4,"text_lanna":0,"total_detect":4}},{"type":"Feature","id":7,"geometry":{"type":"Point","coordinates":[98.975710830000082,18.809824390000074]},"properties":{"OBJECTID":7,"idx":57,"POINT_Y":18.809824389999999,"POINT_X":98.975710829999997,"name":"ถนนซุปเปอร์ไฮเวย์","kom":3,"kalae":0,"text_lanna":0,"total_detect":3}},{"type":"Feature","id":8,"geometry":{"type":"Point","coordinates":[98.976076640000088,18.810010420000026]},"properties":{"OBJECTID":8,"idx":59,"POINT_Y":18.810010420000001,"POINT_X":98.976076640000002,"name":"ถนนซุปเปอร์ไฮเวย์","kom":0,"kalae":2,"text_lanna":0,"total_detect":2}},{"type":"Feature","id":9,"geometry":{"type":"Point","coordinates":[98.976245680000034,18.81009264000005]},"properties":{"OBJECTID":9,"idx":60,"POINT_Y":18.810092640000001,"POINT_X":98.976245680000005,"name":"ถนนซุปเปอร์ไฮเวย์","kom":10,"kalae":0,"text_lanna":0,"total_detect":10}},{"type":"Feature","id":10,"geometry":{"type":"Point","coordinates":[99.027213990000064,18.780919330000074]},"properties":{"OBJECTID":10,"idx":66,"POINT_Y":18.78091933,"POINT_X":99.027213990000007,"name":"ถนนซุปเปอร์ไฮเวย์","kom":1,"kalae":0,"text_lanna":0,"total_detect":1}},{"type":"Feature","id":11,"geometry":{"type":"Point","coordinates":[99.027296370000045,18.780382770000074]},"properties":{"OBJECTID":11,"idx":69,"POINT_Y":18.780382769999999,"POINT_X":99.027296370000002,"name":"ถนนซุปเปอร์ไฮเวย์","kom":0,"kalae":0,"text_lanna":1,"total_detect":1}},{"type":"Feature","id":12,"geometry":{"type":"Point","coordinates":[99.027384590000054,18.779768100000069]},"properties":{"OBJECTID":12,"idx":72,"POINT_Y":18.779768099999998,"POINT_X":99.027384589999997,"name":"ถนนซุปเปอร์ไฮเวย์","kom":5,"kalae":0,"text_lanna":0,"total_detect":5}},{"type":"Feature","id":13,"geometry":{"type":"Point","coordinates":[99.027482370000087,18.779051090000053]},"properties":{"OBJECTID":13,"idx":76,"POINT_Y":18.779051089999999,"POINT_X":99.027482370000001,"name":"ถนนซุปเปอร์ไฮเวย์","kom":2,"kalae":0,"text_lanna":0,"total_detect":2}},{"type":"Feature","id":14,"geometry":{"type":"Point","coordinates":[99.02755570000005,18.778513330000067]},"properties":{"OBJECTID":14,"idx":79,"POINT_Y":18.778513329999999,"POINT_X":99.027555699999994,"name":"ถนนซุปเปอร์ไฮเวย์","kom":0,"kalae":2,"text_lanna":0,"total_detect":2}},{"type":"Feature","id":15,"geometry":{"type":"Point","coordinates":[99.027629030000071,18.777975570000024]},"properties":{"OBJECTID":15,"idx":82,"POINT_Y":18.777975569999999,"POINT_X":99.02762903,"name":"ถนนซุปเปอร์ไฮเวย์","kom":0,"kalae":0,"text_lanna":1,"total_detect":1}},{"type":"Feature","id":16,"geometry":{"type":"Point","coordinates":[99.027653470000075,18.77779632000005]},"properties":{"OBJECTID":16,"idx":83,"POINT_Y":18.77779632,"POINT_X":99.027653470000004,"name":"ถนนซุปเปอร์ไฮเวย์","kom":0,"kalae":0,"text_lanna":1,"total_detect":1}},{"type":"Feature","id":17,"geometry":{"type":"Point","coordinates":[99.027775690000055,18.77690006000006]},"properties":{"OBJECTID":17,"idx":88,"POINT_Y":18.776900059999999,"POINT_X":99.027775689999999,"name":"ถนนซุปเปอร์ไฮเวย์","kom":0,"kalae":1,"text_lanna":0,"total_detect":1}},{"type":"Feature","id":18,"geometry":{"type":"Point","coordinates":[99.02780013000006,18.776720810000029]},"properties":{"OBJECTID":18,"idx":89,"POINT_Y":18.77672081,"POINT_X":99.027800130000003,"name":"ถนนซุปเปอร์ไฮเวย์","kom":4,"kalae":0,"text_lanna":0,"total_detect":4}},{"type":"Feature","id":19,"geometry":{"type":"Point","coordinates":[99.027824580000072,18.776541550000047]},"properties":{"OBJECTID":19,"idx":90,"POINT_Y":18.776541550000001,"POINT_X":99.027824580000001,"name":"ถนนซุปเปอร์ไฮเวย์","kom":0,"kalae":1,"text_lanna":0,"total_detect":1}},{"type":"Feature","id":20,"geometry":{"type":"Point","coordinates":[99.027946790000044,18.775645290000057]},"properties":{"OBJECTID":20,"idx":95,"POINT_Y":18.77564529,"POINT_X":99.027946790000001,"name":"ถนนซุปเปอร์ไฮเวย์","kom":0,"kalae":2,"text_lanna":0,"total_detect":2}},{"type":"Feature","id":21,"geometry":{"type":"Point","coordinates":[99.027971240000056,18.775466040000026]},"properties":{"OBJECTID":21,"idx":96,"POINT_Y":18.775466040000001,"POINT_X":99.027971239999999,"name":"ถนนซุปเปอร์ไฮเวย์","kom":2,"kalae":0,"text_lanna":0,"total_detect":2}},{"type":"Feature","id":22,"geometry":{"type":"Point","coordinates":[99.02799568000006,18.775286790000052]},"properties":{"OBJECTID":22,"idx":97,"POINT_Y":18.775286789999999,"POINT_X":99.027995680000004,"name":"ถนนซุปเปอร์ไฮเวย์","kom":0,"kalae":0,"text_lanna":1,"total_detect":1}},{"type":"Feature","id":23,"geometry":{"type":"Point","coordinates":[99.028069010000081,18.774749030000066]},"properties":{"OBJECTID":23,"idx":100,"POINT_Y":18.774749029999999,"POINT_X":99.028069009999996,"name":"ถนนซุปเปอร์ไฮเวย์","kom":1,"kalae":0,"text_lanna":0,"total_detect":1}},{"type":"Feature","id":24,"geometry":{"type":"Point","coordinates":[99.028093450000085,18.774569780000036]},"properties":{"OBJECTID":24,"idx":101,"POINT_Y":18.77456978,"POINT_X":99.02809345,"name":"ถนนซุปเปอร์ไฮเวย์","kom":0,"kalae":0,"text_lanna":1,"total_detect":1}},{"type":"Feature","id":25,"geometry":{"type":"Point","coordinates":[99.028264550000074,18.773315010000033]},"properties":{"OBJECTID":25,"idx":108,"POINT_Y":18.773315010000001,"POINT_X":99.028264550000003,"name":"ถนนซุปเปอร์ไฮเวย์","kom":0,"kalae":1,"text_lanna":0,"total_detect":1}},{"type":"Feature","id":26,"geometry":{"type":"Point","coordinates":[99.028337880000038,18.772777250000047]},"properties":{"OBJECTID":26,"idx":111,"POINT_Y":18.772777250000001,"POINT_X":99.028337879999995,"name":"ถนนซุปเปอร์ไฮเวย์","kom":0,"kalae":2,"text_lanna":0,"total_detect":2}},{"type":"Feature","id":27,"geometry":{"type":"Point","coordinates":[99.028362320000042,18.772598000000073]},"properties":{"OBJECTID":27,"idx":112,"POINT_Y":18.772597999999999,"POINT_X":99.028362319999999,"name":"ถนนซุปเปอร์ไฮเวย์","kom":0,"kalae":2,"text_lanna":0,"total_detect":2}},{"type":"Feature","id":28,"geometry":{"type":"Point","coordinates":[99.028405880000037,18.77228628000006]},"properties":{"OBJECTID":28,"idx":113,"POINT_Y":18.772286279999999,"POINT_X":99.028405879999994,"name":"ถนนซุปเปอร์ไฮเวย์","kom":8,"kalae":0,"text_lanna":0,"total_detect":8}},{"type":"Feature","id":29,"geometry":{"type":"Point","coordinates":[99.028507820000073,18.771569800000066]},"properties":{"OBJECTID":29,"idx":117,"POINT_Y":18.771569800000002,"POINT_X":99.028507820000002,"name":"ถนนซุปเปอร์ไฮเวย์","kom":0,"kalae":1,"text_lanna":0,"total_detect":1}},{"type":"Feature","id":30,"geometry":{"type":"Point","coordinates":[99.028635230000077,18.770674190000022]},"properties":{"OBJECTID":30,"idx":122,"POINT_Y":18.770674190000001,"POINT_X":99.028635230000006,"name":"ถนนซุปเปอร์ไฮเวย์","kom":2,"kalae":0,"text_lanna":0,"total_detect":2}},{"type":"Feature","id":31,"geometry":{"type":"Point","coordinates":[99.028711680000072,18.770136830000069]},"properties":{"OBJECTID":31,"idx":125,"POINT_Y":18.770136829999998,"POINT_X":99.028711680000001,"name":"ถนนซุปเปอร์ไฮเวย์","kom":0,"kalae":0,"text_lanna":1,"total_detect":1}},{"type":"Feature","id":32,"geometry":{"type":"Point","coordinates":[99.028762640000082,18.769778590000044]},"properties":{"OBJECTID":32,"idx":127,"POINT_Y":18.769778590000001,"POINT_X":99.028762639999997,"name":"ถนนซุปเปอร์ไฮเวย์","kom":8,"kalae":0,"text_lanna":0,"total_detect":8}},{"type":"Feature","id":33,"geometry":{"type":"Point","coordinates":[99.028813610000043,18.769420340000067]},"properties":{"OBJECTID":33,"idx":129,"POINT_Y":18.76942034,"POINT_X":99.02881361,"name":"ถนนซุปเปอร์ไฮเวย์","kom":0,"kalae":0,"text_lanna":1,"total_detect":1}},{"type":"Feature","id":34,"geometry":{"type":"Point","coordinates":[99.028966500000081,18.768345620000048]},"properties":{"OBJECTID":34,"idx":135,"POINT_Y":18.768345620000002,"POINT_X":99.028966499999996,"name":"ถนนซุปเปอร์ไฮเวย์","kom":0,"kalae":1,"text_lanna":0,"total_detect":1}},{"type":"Feature","id":35,"geometry":{"type":"Point","coordinates":[99.029093910000086,18.767450010000061]},"properties":{"OBJECTID":35,"idx":140,"POINT_Y":18.767450010000001,"POINT_X":99.02909391,"name":"ถนนซุปเปอร์ไฮเวย์","kom":0,"kalae":2,"text_lanna":0,"total_detect":2}},{"type":"Feature","id":36,"geometry":{"type":"Point","coordinates":[99.029221310000082,18.766554410000026]},"properties":{"OBJECTID":36,"idx":145,"POINT_Y":18.766554410000001,"POINT_X":99.029221309999997,"name":"ถนนซุปเปอร์ไฮเวย์","kom":0,"kalae":0,"text_lanna":1,"total_detect":1}},{"type":"Feature","id":37,"geometry":{"type":"Point","coordinates":[99.029272280000043,18.76619616000005]},"properties":{"OBJECTID":37,"idx":147,"POINT_Y":18.76619616,"POINT_X":99.029272280000001,"name":"ถนนซุปเปอร์ไฮเวย์","kom":0,"kalae":0,"text_lanna":2,"total_detect":2}},{"type":"Feature","id":38,"geometry":{"type":"Point","coordinates":[99.029348720000087,18.76565880000004]},"properties":{"OBJECTID":38,"idx":150,"POINT_Y":18.765658800000001,"POINT_X":99.029348720000002,"name":"ถนนซุปเปอร์ไฮเวย์","kom":0,"kalae":2,"text_lanna":0,"total_detect":2}},{"type":"Feature","id":39,"geometry":{"type":"Point","coordinates":[99.02939968000004,18.765300560000071]},"properties":{"OBJECTID":39,"idx":152,"POINT_Y":18.76530056,"POINT_X":99.029399679999997,"name":"ถนนซุปเปอร์ไฮเวย์","kom":0,"kalae":1,"text_lanna":0,"total_detect":1}},{"type":"Feature","id":40,"geometry":{"type":"Point","coordinates":[99.026272230000075,18.786118980000026]},"properties":{"OBJECTID":40,"idx":167,"POINT_Y":18.786118980000001,"POINT_X":99.026272230000004,"name":"ถนนซุปเปอร์ไฮเวย์","kom":0,"kalae":3,"text_lanna":0,"total_detect":3}},{"type":"Feature","id":41,"geometry":{"type":"Point","coordinates":[99.026178420000065,18.786477830000024]},"properties":{"OBJECTID":41,"idx":169,"POINT_Y":18.786477829999999,"POINT_X":99.026178419999994,"name":"ถนนซุปเปอร์ไฮเวย์","kom":4,"kalae":0,"text_lanna":0,"total_detect":4}},{"type":"Feature","id":42,"geometry":{"type":"Point","coordinates":[99.026047860000062,18.786919630000057]},"properties":{"OBJECTID":42,"idx":171,"POINT_Y":18.78691963,"POINT_X":99.026047860000006,"name":"ถนนซุปเปอร์ไฮเวย์","kom":0,"kalae":5,"text_lanna":0,"total_detect":5}},{"type":"Feature","id":43,"geometry":{"type":"Point","coordinates":[99.02594724000005,18.787193850000051]},"properties":{"OBJECTID":43,"idx":172,"POINT_Y":18.787193850000001,"POINT_X":99.025947239999994,"name":"ถนนซุปเปอร์ไฮเวย์","kom":0,"kalae":1,"text_lanna":0,"total_detect":1}},{"type":"Feature","id":44,"geometry":{"type":"Point","coordinates":[99.025812300000041,18.787531750000028]},"properties":{"OBJECTID":44,"idx":174,"POINT_Y":18.787531749999999,"POINT_X":99.025812299999998,"name":"ถนนซุปเปอร์ไฮเวย์","kom":0,"kalae":2,"text_lanna":0,"total_detect":2}},{"type":"Feature","id":45,"geometry":{"type":"Point","coordinates":[99.025744840000073,18.787700710000024]},"properties":{"OBJECTID":45,"idx":175,"POINT_Y":18.787700709999999,"POINT_X":99.025744840000002,"name":"ถนนซุปเปอร์ไฮเวย์","kom":4,"kalae":0,"text_lanna":0,"total_detect":4}},{"type":"Feature","id":46,"geometry":{"type":"Point","coordinates":[99.025677370000039,18.787869660000069]},"properties":{"OBJECTID":46,"idx":176,"POINT_Y":18.787869659999998,"POINT_X":99.025677369999997,"name":"ถนนซุปเปอร์ไฮเวย์","kom":0,"kalae":1,"text_lanna":0,"total_detect":1}},{"type":"Feature","id":47,"geometry":{"type":"Point","coordinates":[99.025363970000058,18.788619270000027]},"properties":{"OBJECTID":47,"idx":180,"POINT_Y":18.788619270000002,"POINT_X":99.025363970000001,"name":"ถนนซุปเปอร์ไฮเวย์","kom":0,"kalae":1,"text_lanna":0,"total_detect":1}},{"type":"Feature","id":48,"geometry":{"type":"Point","coordinates":[99.024759190000054,18.78974345000006]},"properties":{"OBJECTID":48,"idx":186,"POINT_Y":18.78974345,"POINT_X":99.024759189999997,"name":"ถนนซุปเปอร์ไฮเวย์","kom":0,"kalae":1,"text_lanna":0,"total_detect":1}},{"type":"Feature","id":49,"geometry":{"type":"Point","coordinates":[99.024478830000078,18.790215420000038]},"properties":{"OBJECTID":49,"idx":189,"POINT_Y":18.790215419999999,"POINT_X":99.024478830000007,"name":"ถนนซุปเปอร์ไฮเวย์","kom":3,"kalae":0,"text_lanna":0,"total_detect":3}},{"type":"Feature","id":50,"geometry":{"type":"Point","coordinates":[99.023823070000049,18.791293950000068]},"properties":{"OBJECTID":50,"idx":195,"POINT_Y":18.79129395,"POINT_X":99.023823070000006,"name":"ถนนซุปเปอร์ไฮเวย์","kom":1,"kalae":2,"text_lanna":0,"total_detect":3}},{"type":"Feature","id":51,"geometry":{"type":"Point","coordinates":[99.023727990000054,18.791450390000023]},"properties":{"OBJECTID":51,"idx":196,"POINT_Y":18.791450390000001,"POINT_X":99.023727989999998,"name":"ถนนซุปเปอร์ไฮเวย์","kom":5,"kalae":0,"text_lanna":0,"total_detect":5}},{"type":"Feature","id":52,"geometry":{"type":"Point","coordinates":[99.023377290000042,18.792038440000056]},"properties":{"OBJECTID":52,"idx":199,"POINT_Y":18.792038439999999,"POINT_X":99.023377289999999,"name":"ถนนซุปเปอร์ไฮเวย์","kom":2,"kalae":1,"text_lanna":0,"total_detect":3}},{"type":"Feature","id":53,"geometry":{"type":"Point","coordinates":[98.995077410000079,18.79176681000007]},"properties":{"OBJECTID":53,"idx":205,"POINT_Y":18.791766809999999,"POINT_X":98.995077409999993,"name":"ถนนช้างม่อยเก่า ซอย3","kom":0,"kalae":3,"text_lanna":0,"total_detect":3}},{"type":"Feature","id":54,"geometry":{"type":"Point","coordinates":[98.989072160000035,18.794947690000072]},"properties":{"OBJECTID":54,"idx":208,"POINT_Y":18.794947690000001,"POINT_X":98.989072160000006,"name":"ถนนศรีภูมิ ซอย3","kom":1,"kalae":1,"text_lanna":0,"total_detect":2}},{"type":"Feature","id":55,"geometry":{"type":"Point","coordinates":[98.989030330000048,18.795232140000053]},"properties":{"OBJECTID":55,"idx":209,"POINT_Y":18.79523214,"POINT_X":98.989030330000006,"name":"ถนนศรีภูมิ ซอย3","kom":2,"kalae":0,"text_lanna":0,"total_detect":2}},{"type":"Feature","id":56,"geometry":{"type":"Point","coordinates":[98.991374890000031,18.790860420000058]},"properties":{"OBJECTID":56,"idx":221,"POINT_Y":18.790860420000001,"POINT_X":98.991374890000003,"name":"ถนนราชวิถี ซอย 2","kom":0,"kalae":1,"text_lanna":1,"total_detect":2}},{"type":"Feature","id":57,"geometry":{"type":"Point","coordinates":[98.991469780000045,18.791909880000048]},"properties":{"OBJECTID":57,"idx":225,"POINT_Y":18.791909879999999,"POINT_X":98.991469780000003,"name":"ถนนราชวิถี ซอย 2","kom":0,"kalae":2,"text_lanna":0,"total_detect":2}},{"type":"Feature","id":58,"geometry":{"type":"Point","coordinates":[98.988286650000077,18.793253750000076]},"properties":{"OBJECTID":58,"idx":233,"POINT_Y":18.793253750000002,"POINT_X":98.988286650000006,"name":"ถนนพระปกเกล้า ซอย 13","kom":0,"kalae":1,"text_lanna":0,"total_detect":1}},{"type":"Feature","id":59,"geometry":{"type":"Point","coordinates":[98.988476390000073,18.793257710000034]},"properties":{"OBJECTID":59,"idx":234,"POINT_Y":18.793257709999999,"POINT_X":98.988476390000002,"name":"ถนนพระปกเกล้า ซอย 13","kom":0,"kalae":1,"text_lanna":1,"total_detect":2}},{"type":"Feature","id":60,"geometry":{"type":"Point","coordinates":[98.982321570000067,18.793119990000037]},"properties":{"OBJECTID":60,"idx":244,"POINT_Y":18.793119990000001,"POINT_X":98.982321569999996,"name":"ถนนเวียงแก้ว","kom":2,"kalae":0,"text_lanna":0,"total_detect":2}},{"type":"Feature","id":61,"geometry":{"type":"Point","coordinates":[98.983688050000069,18.793109470000047]},"properties":{"OBJECTID":61,"idx":250,"POINT_Y":18.793109470000001,"POINT_X":98.983688049999998,"name":"ถนนเวียงแก้ว","kom":0,"kalae":0,"text_lanna":1,"total_detect":1}},{"type":"Feature","id":62,"geometry":{"type":"Point","coordinates":[98.98442827000008,18.793103780000024]},"properties":{"OBJECTID":62,"idx":253,"POINT_Y":18.793103779999999,"POINT_X":98.984428269999995,"name":"ถนนเวียงแก้ว","kom":0,"kalae":20,"text_lanna":0,"total_detect":20}},{"type":"Feature","id":63,"geometry":{"type":"Point","coordinates":[98.98529067000004,18.793097080000052]},"properties":{"OBJECTID":63,"idx":257,"POINT_Y":18.793097079999999,"POINT_X":98.985290669999998,"name":"ถนนเวียงแก้ว","kom":0,"kalae":1,"text_lanna":2,"total_detect":3}},{"type":"Feature","id":64,"geometry":{"type":"Point","coordinates":[98.985480450000068,18.793095620000031]},"properties":{"OBJECTID":64,"idx":258,"POINT_Y":18.793095619999999,"POINT_X":98.985480449999997,"name":"ถนนเวียงแก้ว","kom":0,"kalae":2,"text_lanna":0,"total_detect":2}},{"type":"Feature","id":65,"geometry":{"type":"Point","coordinates":[98.98683727000008,18.793085180000048]},"properties":{"OBJECTID":65,"idx":265,"POINT_Y":18.793085179999999,"POINT_X":98.986837269999995,"name":"ถนนเวียงแก้ว","kom":0,"kalae":0,"text_lanna":2,"total_detect":2}},{"type":"Feature","id":66,"geometry":{"type":"Point","coordinates":[98.984947980000072,18.786112390000028]},"properties":{"OBJECTID":66,"idx":271,"POINT_Y":18.78611239,"POINT_X":98.984947980000001,"name":"ถนนจ่าบ้าน","kom":0,"kalae":1,"text_lanna":0,"total_detect":1}},{"type":"Feature","id":67,"geometry":{"type":"Point","coordinates":[98.984954630000061,18.786293040000032]},"properties":{"OBJECTID":67,"idx":272,"POINT_Y":18.78629304,"POINT_X":98.984954630000004,"name":"ถนนจ่าบ้าน","kom":0,"kalae":0,"text_lanna":1,"total_detect":1}},{"type":"Feature","id":68,"geometry":{"type":"Point","coordinates":[98.985315310000033,18.788318470000036]},"properties":{"OBJECTID":68,"idx":280,"POINT_Y":18.78831847,"POINT_X":98.985315310000004,"name":"ถนนจ่าบ้าน","kom":0,"kalae":1,"text_lanna":0,"total_detect":1}},{"type":"Feature","id":69,"geometry":{"type":"Point","coordinates":[98.985697400000049,18.788304590000052]},"properties":{"OBJECTID":69,"idx":282,"POINT_Y":18.788304589999999,"POINT_X":98.985697400000006,"name":"ถนนราชดำเนิน","kom":0,"kalae":1,"text_lanna":0,"total_detect":1}},{"type":"Feature","id":70,"geometry":{"type":"Point","coordinates":[98.986080650000076,18.788277150000056]},"properties":{"OBJECTID":70,"idx":284,"POINT_Y":18.788277149999999,"POINT_X":98.986080650000005,"name":"ถนนราชดำเนิน","kom":0,"kalae":0,"text_lanna":1,"total_detect":1}},{"type":"Feature","id":71,"geometry":{"type":"Point","coordinates":[98.986483120000059,18.788252290000059]},"properties":{"OBJECTID":71,"idx":286,"POINT_Y":18.788252289999999,"POINT_X":98.986483120000003,"name":"ถนนราชดำเนิน","kom":0,"kalae":0,"text_lanna":1,"total_detect":1}},{"type":"Feature","id":72,"geometry":{"type":"Point","coordinates":[98.989223540000069,18.79075892000003]},"properties":{"OBJECTID":72,"idx":297,"POINT_Y":18.790758919999998,"POINT_X":98.989223539999998,"name":"ถนนราชวิถี","kom":0,"kalae":2,"text_lanna":0,"total_detect":2}},{"type":"Feature","id":73,"geometry":{"type":"Point","coordinates":[98.990827060000072,18.79061009000003]},"properties":{"OBJECTID":73,"idx":302,"POINT_Y":18.790610090000001,"POINT_X":98.990827060000001,"name":"ถนนราชวิถี","kom":1,"kalae":0,"text_lanna":1,"total_detect":2}},{"type":"Feature","id":74,"geometry":{"type":"Point","coordinates":[98.982474610000054,18.784153630000048]},"properties":{"OBJECTID":74,"idx":310,"POINT_Y":18.784153629999999,"POINT_X":98.982474609999997,"name":"ถนนสามล้าน ซอย 5","kom":1,"kalae":0,"text_lanna":0,"total_detect":1}},{"type":"Feature","id":75,"geometry":{"type":"Point","coordinates":[98.976068220000059,18.772363580000047]},"properties":{"OBJECTID":75,"idx":312,"POINT_Y":18.77236358,"POINT_X":98.976068220000002,"name":"ถนนมหิดล","kom":0,"kalae":0,"text_lanna":1,"total_detect":1}},{"type":"Feature","id":76,"geometry":{"type":"Point","coordinates":[98.976159120000034,18.805376800000033]},"properties":{"OBJECTID":76,"idx":327,"POINT_Y":18.805376800000001,"POINT_X":98.976159120000005,"name":"ถนนเทวัญ","kom":0,"kalae":1,"text_lanna":0,"total_detect":1}},{"type":"Feature","id":77,"geometry":{"type":"Point","coordinates":[98.973414290000051,18.80568997000006]},"properties":{"OBJECTID":77,"idx":341,"POINT_Y":18.80568997,"POINT_X":98.973414289999994,"name":"ถนนเทวัญ","kom":3,"kalae":2,"text_lanna":0,"total_detect":5}},{"type":"Feature","id":78,"geometry":{"type":"Point","coordinates":[98.973037440000041,18.805733450000048]},"properties":{"OBJECTID":78,"idx":343,"POINT_Y":18.805733450000002,"POINT_X":98.973037439999999,"name":"ถนนเทวัญ","kom":0,"kalae":0,"text_lanna":1,"total_detect":1}},{"type":"Feature","id":79,"geometry":{"type":"Point","coordinates":[98.972660590000032,18.805776930000036]},"properties":{"OBJECTID":79,"idx":345,"POINT_Y":18.80577693,"POINT_X":98.972660590000004,"name":"ถนนเทวัญ","kom":0,"kalae":1,"text_lanna":0,"total_detect":1}},{"type":"Feature","id":80,"geometry":{"type":"Point","coordinates":[98.97237707000005,18.80580961000004]},"properties":{"OBJECTID":80,"idx":346,"POINT_Y":18.805809610000001,"POINT_X":98.972377069999993,"name":"ถนนเทวัญ","kom":1,"kalae":0,"text_lanna":0,"total_detect":1}},{"type":"Feature","id":81,"geometry":{"type":"Point","coordinates":[98.978316370000073,18.804066480000074]},"properties":{"OBJECTID":81,"idx":352,"POINT_Y":18.804066479999999,"POINT_X":98.978316370000002,"name":"ถนน เทพารักษ์","kom":1,"kalae":2,"text_lanna":0,"total_detect":3}},{"type":"Feature","id":82,"geometry":{"type":"Point","coordinates":[98.977940120000085,18.804114430000027]},"properties":{"OBJECTID":82,"idx":354,"POINT_Y":18.804114429999998,"POINT_X":98.97794012,"name":"ถนน เทพารักษ์","kom":0,"kalae":2,"text_lanna":0,"total_detect":2}},{"type":"Feature","id":83,"geometry":{"type":"Point","coordinates":[98.977101540000035,18.804083250000076]},"properties":{"OBJECTID":83,"idx":357,"POINT_Y":18.804083250000001,"POINT_X":98.977101540000007,"name":"ถนน เทพารักษ์","kom":0,"kalae":1,"text_lanna":0,"total_detect":1}},{"type":"Feature","id":84,"geometry":{"type":"Point","coordinates":[98.976850170000034,18.804022670000052]},"properties":{"OBJECTID":84,"idx":358,"POINT_Y":18.804022669999998,"POINT_X":98.976850170000006,"name":"ถนน เทพารักษ์","kom":0,"kalae":1,"text_lanna":0,"total_detect":1}},{"type":"Feature","id":85,"geometry":{"type":"Point","coordinates":[98.975797030000081,18.803836570000044]},"properties":{"OBJECTID":85,"idx":363,"POINT_Y":18.803836570000001,"POINT_X":98.975797029999995,"name":"ถนน เทพารักษ์","kom":0,"kalae":0,"text_lanna":1,"total_detect":1}},{"type":"Feature","id":86,"geometry":{"type":"Point","coordinates":[98.975608560000069,18.803857930000049]},"properties":{"OBJECTID":86,"idx":364,"POINT_Y":18.803857929999999,"POINT_X":98.975608559999998,"name":"ถนน เทพารักษ์","kom":2,"kalae":0,"text_lanna":0,"total_detect":2}},{"type":"Feature","id":87,"geometry":{"type":"Point","coordinates":[98.973966890000042,18.804043480000075]},"properties":{"OBJECTID":87,"idx":372,"POINT_Y":18.804043480000001,"POINT_X":98.97396689,"name":"ถนน เทพารักษ์","kom":0,"kalae":1,"text_lanna":0,"total_detect":1}},{"type":"Feature","id":88,"geometry":{"type":"Point","coordinates":[98.973212860000046,18.804127850000043]},"properties":{"OBJECTID":88,"idx":376,"POINT_Y":18.80412785,"POINT_X":98.973212860000004,"name":"ถนน เทพารักษ์","kom":0,"kalae":1,"text_lanna":0,"total_detect":1}},{"type":"Feature","id":89,"geometry":{"type":"Point","coordinates":[98.973024360000068,18.804148930000053]},"properties":{"OBJECTID":89,"idx":377,"POINT_Y":18.80414893,"POINT_X":98.973024359999997,"name":"ถนน เทพารักษ์","kom":0,"kalae":1,"text_lanna":0,"total_detect":1}},{"type":"Feature","id":90,"geometry":{"type":"Point","coordinates":[98.972647340000037,18.804191110000033]},"properties":{"OBJECTID":90,"idx":379,"POINT_Y":18.804191110000001,"POINT_X":98.972647339999995,"name":"ถนน เทพารักษ์","kom":1,"kalae":0,"text_lanna":0,"total_detect":1}},{"type":"Feature","id":91,"geometry":{"type":"Point","coordinates":[98.972458830000051,18.804212200000052]},"properties":{"OBJECTID":91,"idx":380,"POINT_Y":18.804212199999998,"POINT_X":98.972458829999994,"name":"ถนน เทพารักษ์","kom":0,"kalae":2,"text_lanna":0,"total_detect":2}},{"type":"Feature","id":92,"geometry":{"type":"Point","coordinates":[98.979711910000049,18.804904410000063]},"properties":{"OBJECTID":92,"idx":393,"POINT_Y":18.804904409999999,"POINT_X":98.979711910000006,"name":"ถนนโสตศึกษา","kom":0,"kalae":0,"text_lanna":2,"total_detect":2}},{"type":"Feature","id":93,"geometry":{"type":"Point","coordinates":[98.979669250000086,18.80427093000003]},"properties":{"OBJECTID":93,"idx":396,"POINT_Y":18.804270930000001,"POINT_X":98.979669250000001,"name":"ถนนโสตศึกษา","kom":0,"kalae":0,"text_lanna":2,"total_detect":2}},{"type":"Feature","id":94,"geometry":{"type":"Point","coordinates":[98.978748710000048,18.804018470000074]},"properties":{"OBJECTID":94,"idx":401,"POINT_Y":18.804018469999999,"POINT_X":98.978748710000005,"name":"ถนนโสตศึกษา","kom":0,"kalae":2,"text_lanna":0,"total_detect":2}},{"type":"Feature","id":95,"geometry":{"type":"Point","coordinates":[98.979816920000076,18.800718440000026]},"properties":{"OBJECTID":95,"idx":405,"POINT_Y":18.800718440000001,"POINT_X":98.979816920000005,"name":"ถนนเจริญสุข","kom":0,"kalae":2,"text_lanna":0,"total_detect":2}},{"type":"Feature","id":96,"geometry":{"type":"Point","coordinates":[98.97965959000004,18.800819550000028]},"properties":{"OBJECTID":96,"idx":406,"POINT_Y":18.80081955,"POINT_X":98.979659589999997,"name":"ถนนเจริญสุข","kom":5,"kalae":0,"text_lanna":0,"total_detect":5}},{"type":"Feature","id":97,"geometry":{"type":"Point","coordinates":[98.979502260000061,18.800920660000031]},"properties":{"OBJECTID":97,"idx":407,"POINT_Y":18.800920659999999,"POINT_X":98.979502260000004,"name":"ถนนเจริญสุข","kom":0,"kalae":1,"text_lanna":0,"total_detect":1}},{"type":"Feature","id":98,"geometry":{"type":"Point","coordinates":[98.979344940000033,18.801021770000034]},"properties":{"OBJECTID":98,"idx":408,"POINT_Y":18.801021769999998,"POINT_X":98.979344940000004,"name":"ถนนเจริญสุข","kom":0,"kalae":0,"text_lanna":2,"total_detect":2}},{"type":"Feature","id":99,"geometry":{"type":"Point","coordinates":[98.978838370000062,18.801354150000066]},"properties":{"OBJECTID":99,"idx":411,"POINT_Y":18.801354150000002,"POINT_X":98.978838370000005,"name":"ถนนเจริญสุข","kom":0,"kalae":2,"text_lanna":1,"total_detect":3}},{"type":"Feature","id":100,"geometry":{"type":"Point","coordinates":[98.978272950000076,18.80176584000003]},"properties":{"OBJECTID":100,"idx":413,"POINT_Y":18.801765840000002,"POINT_X":98.978272950000004,"name":"ถนนเจริญสุข","kom":0,"kalae":1,"text_lanna":0,"total_detect":1}},{"type":"Feature","id":101,"geometry":{"type":"Point","coordinates":[98.97724536000004,18.798587570000052]},"properties":{"OBJECTID":101,"idx":426,"POINT_Y":18.798587569999999,"POINT_X":98.977245359999998,"name":"ถนนเสริมสุข","kom":20,"kalae":0,"text_lanna":0,"total_detect":20}},{"type":"Feature","id":102,"geometry":{"type":"Point","coordinates":[98.977071630000069,18.798660340000026]},"properties":{"OBJECTID":102,"idx":427,"POINT_Y":18.798660340000001,"POINT_X":98.977071629999998,"name":"ถนนเสริมสุข","kom":0,"kalae":2,"text_lanna":0,"total_detect":2}},{"type":"Feature","id":103,"geometry":{"type":"Point","coordinates":[98.976623010000083,18.798860190000028]},"properties":{"OBJECTID":103,"idx":429,"POINT_Y":18.798860189999999,"POINT_X":98.976623009999997,"name":"ถนนเสริมสุข","kom":0,"kalae":1,"text_lanna":0,"total_detect":1}},{"type":"Feature","id":104,"geometry":{"type":"Point","coordinates":[98.977570080000078,18.799559430000045]},"properties":{"OBJECTID":104,"idx":435,"POINT_Y":18.799559429999999,"POINT_X":98.977570080000007,"name":"ถนนเม็งรายรัศมี","kom":1,"kalae":0,"text_lanna":0,"total_detect":1}},{"type":"Feature","id":105,"geometry":{"type":"Point","coordinates":[98.97732239000004,18.799523930000078]},"properties":{"OBJECTID":105,"idx":436,"POINT_Y":18.799523929999999,"POINT_X":98.977322389999998,"name":"ถนนเม็งรายรัศมี","kom":3,"kalae":1,"text_lanna":0,"total_detect":4}},{"type":"Feature","id":106,"geometry":{"type":"Point","coordinates":[98.976769540000078,18.799362710000025]},"properties":{"OBJECTID":106,"idx":438,"POINT_Y":18.79936271,"POINT_X":98.976769540000006,"name":"ถนนเม็งรายรัศมี","kom":0,"kalae":1,"text_lanna":0,"total_detect":1}},{"type":"Feature","id":107,"geometry":{"type":"Point","coordinates":[98.987203110000053,18.800478100000078]},"properties":{"OBJECTID":107,"idx":441,"POINT_Y":18.800478099999999,"POINT_X":98.987203109999996,"name":"ถนนสนามกีฬา","kom":4,"kalae":0,"text_lanna":0,"total_detect":4}},{"type":"Feature","id":108,"geometry":{"type":"Point","coordinates":[98.988017980000052,18.79999169000007]},"properties":{"OBJECTID":108,"idx":444,"POINT_Y":18.799991689999999,"POINT_X":98.988017979999995,"name":"ถนนสนามกีฬา","kom":1,"kalae":0,"text_lanna":0,"total_detect":1}},{"type":"Feature","id":109,"geometry":{"type":"Point","coordinates":[98.988154270000052,18.799865890000035]},"properties":{"OBJECTID":109,"idx":445,"POINT_Y":18.79986589,"POINT_X":98.988154269999995,"name":"ถนนสนามกีฬา","kom":1,"kalae":0,"text_lanna":0,"total_detect":1}},{"type":"Feature","id":110,"geometry":{"type":"Point","coordinates":[98.981251180000072,18.801540600000067]},"properties":{"OBJECTID":110,"idx":450,"POINT_Y":18.801540599999999,"POINT_X":98.981251180000001,"name":"ถนนช้างเผือก ซอย 4","kom":0,"kalae":0,"text_lanna":1,"total_detect":1}},{"type":"Feature","id":111,"geometry":{"type":"Point","coordinates":[98.981454180000071,18.801476870000045]},"properties":{"OBJECTID":111,"idx":451,"POINT_Y":18.801476869999998,"POINT_X":98.98145418,"name":"ถนนช้างเผือก ซอย 4","kom":1,"kalae":0,"text_lanna":0,"total_detect":1}},{"type":"Feature","id":112,"geometry":{"type":"Point","coordinates":[98.984749890000046,18.800524930000051]},"properties":{"OBJECTID":112,"idx":462,"POINT_Y":18.800524930000002,"POINT_X":98.984749890000003,"name":"ถนนช้างเผือก ซอย 4","kom":0,"kalae":1,"text_lanna":0,"total_detect":1}},{"type":"Feature","id":113,"geometry":{"type":"Point","coordinates":[98.985776710000039,18.800318330000039]},"properties":{"OBJECTID":113,"idx":466,"POINT_Y":18.80031833,"POINT_X":98.985776709999996,"name":"ถนนช้างเผือก ซอย 4","kom":0,"kalae":0,"text_lanna":1,"total_detect":1}},{"type":"Feature","id":114,"geometry":{"type":"Point","coordinates":[98.996521380000047,18.795990250000045]},"properties":{"OBJECTID":114,"idx":473,"POINT_Y":18.795990249999999,"POINT_X":98.996521380000004,"name":"ถนนเมืองสมุทร","kom":0,"kalae":1,"text_lanna":0,"total_detect":1}},{"type":"Feature","id":115,"geometry":{"type":"Point","coordinates":[98.996720740000058,18.796491910000043]},"properties":{"OBJECTID":115,"idx":475,"POINT_Y":18.79649191,"POINT_X":98.996720740000001,"name":"ถนนเมืองสมุทร","kom":0,"kalae":0,"text_lanna":1,"total_detect":1}},{"type":"Feature","id":116,"geometry":{"type":"Point","coordinates":[98.997247340000058,18.797612180000044]},"properties":{"OBJECTID":116,"idx":480,"POINT_Y":18.797612180000002,"POINT_X":98.997247340000001,"name":"ถนนเมืองสมุทร","kom":0,"kalae":2,"text_lanna":0,"total_detect":2}},{"type":"Feature","id":117,"geometry":{"type":"Point","coordinates":[98.997546520000071,18.798260900000059]},"properties":{"OBJECTID":117,"idx":483,"POINT_Y":18.798260899999999,"POINT_X":98.99754652,"name":"ถนนเมืองสมุทร","kom":0,"kalae":0,"text_lanna":1,"total_detect":1}},{"type":"Feature","id":118,"geometry":{"type":"Point","coordinates":[98.997706890000075,18.798607450000077]},"properties":{"OBJECTID":118,"idx":485,"POINT_Y":18.798607449999999,"POINT_X":98.997706890000003,"name":"ถนนเมืองสมุทร","kom":16,"kalae":0,"text_lanna":0,"total_detect":16}},{"type":"Feature","id":119,"geometry":{"type":"Point","coordinates":[99.011696990000075,18.802027950000024]},"properties":{"OBJECTID":119,"idx":486,"POINT_Y":18.802027949999999,"POINT_X":99.011696990000004,"name":"ถนนรัตนโกสินทร์","kom":0,"kalae":2,"text_lanna":0,"total_detect":2}},{"type":"Feature","id":120,"geometry":{"type":"Point","coordinates":[99.01105836000005,18.801697110000077]},"properties":{"OBJECTID":120,"idx":489,"POINT_Y":18.801697109999999,"POINT_X":99.011058360000007,"name":"ถนนรัตนโกสินทร์","kom":8,"kalae":0,"text_lanna":0,"total_detect":8}},{"type":"Feature","id":121,"geometry":{"type":"Point","coordinates":[99.010723680000069,18.801526520000039]},"properties":{"OBJECTID":121,"idx":491,"POINT_Y":18.801526519999999,"POINT_X":99.010723679999998,"name":"ถนนรัตนโกสินทร์","kom":8,"kalae":0,"text_lanna":0,"total_detect":8}},{"type":"Feature","id":122,"geometry":{"type":"Point","coordinates":[99.010556340000051,18.801441220000072]},"properties":{"OBJECTID":122,"idx":492,"POINT_Y":18.801441220000001,"POINT_X":99.010556339999994,"name":"ถนนรัตนโกสินทร์","kom":2,"kalae":2,"text_lanna":0,"total_detect":4}},{"type":"Feature","id":123,"geometry":{"type":"Point","coordinates":[99.010126240000034,18.80120941000007]},"properties":{"OBJECTID":123,"idx":493,"POINT_Y":18.801209409999998,"POINT_X":99.010126240000005,"name":"ถนนรัตนโกสินทร์","kom":1,"kalae":0,"text_lanna":0,"total_detect":1}},{"type":"Feature","id":124,"geometry":{"type":"Point","coordinates":[99.009802950000051,18.801030300000036]},"properties":{"OBJECTID":124,"idx":494,"POINT_Y":18.801030300000001,"POINT_X":99.009802949999994,"name":"ถนนรัตนโกสินทร์","kom":1,"kalae":0,"text_lanna":0,"total_detect":1}},{"type":"Feature","id":125,"geometry":{"type":"Point","coordinates":[99.002727580000055,18.808420450000028]},"properties":{"OBJECTID":125,"idx":504,"POINT_Y":18.80842045,"POINT_X":99.002727579999998,"name":"ถนนวังสิงห์คำ","kom":0,"kalae":9,"text_lanna":0,"total_detect":9}},{"type":"Feature","id":126,"geometry":{"type":"Point","coordinates":[99.002712070000086,18.808240300000023]},"properties":{"OBJECTID":126,"idx":505,"POINT_Y":18.808240300000001,"POINT_X":99.002712070000001,"name":"ถนนวังสิงห์คำ","kom":0,"kalae":2,"text_lanna":0,"total_detect":2}},{"type":"Feature","id":127,"geometry":{"type":"Point","coordinates":[99.002681210000048,18.807798960000071]},"properties":{"OBJECTID":127,"idx":507,"POINT_Y":18.80779896,"POINT_X":99.002681210000006,"name":"ถนนวังสิงห์คำ","kom":0,"kalae":1,"text_lanna":0,"total_detect":1}},{"type":"Feature","id":128,"geometry":{"type":"Point","coordinates":[99.002686060000087,18.807149930000037]},"properties":{"OBJECTID":128,"idx":509,"POINT_Y":18.807149930000001,"POINT_X":99.002686060000002,"name":"ถนนวังสิงห์คำ","kom":33,"kalae":0,"text_lanna":0,"total_detect":33}},{"type":"Feature","id":129,"geometry":{"type":"Point","coordinates":[99.002723200000048,18.806938880000075]},"properties":{"OBJECTID":129,"idx":510,"POINT_Y":18.806938880000001,"POINT_X":99.002723200000005,"name":"ถนนวังสิงห์คำ","kom":0,"kalae":1,"text_lanna":0,"total_detect":1}},{"type":"Feature","id":130,"geometry":{"type":"Point","coordinates":[99.002817080000057,18.806526040000051]},"properties":{"OBJECTID":130,"idx":512,"POINT_Y":18.806526040000001,"POINT_X":99.00281708,"name":"ถนนวังสิงห์คำ","kom":0,"kalae":1,"text_lanna":0,"total_detect":1}},{"type":"Feature","id":131,"geometry":{"type":"Point","coordinates":[99.003160570000034,18.804259040000034]},"properties":{"OBJECTID":131,"idx":522,"POINT_Y":18.804259040000002,"POINT_X":99.003160570000006,"name":"ถนนวังสิงห์คำ","kom":1,"kalae":0,"text_lanna":0,"total_detect":1}},{"type":"Feature","id":132,"geometry":{"type":"Point","coordinates":[99.002933830000075,18.80186899000006]},"properties":{"OBJECTID":132,"idx":534,"POINT_Y":18.801868989999999,"POINT_X":99.002933830000003,"name":"ถนนวังสิงห์คำ","kom":0,"kalae":1,"text_lanna":0,"total_detect":1}},{"type":"Feature","id":133,"geometry":{"type":"Point","coordinates":[99.002880970000035,18.801315930000044]},"properties":{"OBJECTID":133,"idx":537,"POINT_Y":18.801315930000001,"POINT_X":99.002880970000007,"name":"ถนนวังสิงห์คำ","kom":0,"kalae":3,"text_lanna":0,"total_detect":3}},{"type":"Feature","id":134,"geometry":{"type":"Point","coordinates":[99.002870340000072,18.801135450000061]},"properties":{"OBJECTID":134,"idx":538,"POINT_Y":18.80113545,"POINT_X":99.002870340000001,"name":"ถนนวังสิงห์คำ","kom":0,"kalae":1,"text_lanna":0,"total_detect":1}},{"type":"Feature","id":135,"geometry":{"type":"Point","coordinates":[99.00252179000006,18.800845490000029]},"properties":{"OBJECTID":135,"idx":539,"POINT_Y":18.80084549,"POINT_X":99.002521790000003,"name":"ถนนวังสิงห์คำ","kom":2,"kalae":0,"text_lanna":0,"total_detect":2}},{"type":"Feature","id":136,"geometry":{"type":"Point","coordinates":[99.001699930000086,18.809977100000026]},"properties":{"OBJECTID":136,"idx":544,"POINT_Y":18.809977100000001,"POINT_X":99.001699930000001,"name":null,"kom":0,"kalae":0,"text_lanna":1,"total_detect":1}},{"type":"Feature","id":137,"geometry":{"type":"Point","coordinates":[98.980998480000039,18.777044560000036]},"properties":{"OBJECTID":137,"idx":556,"POINT_Y":18.77704456,"POINT_X":98.980998479999997,"name":"ถนนทิพย์เนตร","kom":0,"kalae":1,"text_lanna":0,"total_detect":1}},{"type":"Feature","id":138,"geometry":{"type":"Point","coordinates":[98.981041340000047,18.777553080000075]},"properties":{"OBJECTID":138,"idx":558,"POINT_Y":18.777553080000001,"POINT_X":98.981041340000004,"name":"ถนนทิพย์เนตร","kom":0,"kalae":1,"text_lanna":0,"total_detect":1}},{"type":"Feature","id":139,"geometry":{"type":"Point","coordinates":[98.981104120000055,18.778253560000053]},"properties":{"OBJECTID":139,"idx":561,"POINT_Y":18.77825356,"POINT_X":98.981104119999998,"name":"ถนนทิพย์เนตร","kom":1,"kalae":0,"text_lanna":0,"total_detect":1}},{"type":"Feature","id":140,"geometry":{"type":"Point","coordinates":[98.981217240000035,18.779555050000056]},"properties":{"OBJECTID":140,"idx":566,"POINT_Y":18.779555049999999,"POINT_X":98.981217240000007,"name":"ถนนทิพย์เนตร","kom":8,"kalae":0,"text_lanna":0,"total_detect":8}},{"type":"Feature","id":141,"geometry":{"type":"Point","coordinates":[98.98128980000007,18.780228880000038]},"properties":{"OBJECTID":141,"idx":569,"POINT_Y":18.780228879999999,"POINT_X":98.981289799999999,"name":"ถนนทิพย์เนตร","kom":0,"kalae":0,"text_lanna":1,"total_detect":1}},{"type":"Feature","id":142,"geometry":{"type":"Point","coordinates":[98.981309490000058,18.780408660000035]},"properties":{"OBJECTID":142,"idx":570,"POINT_Y":18.780408659999999,"POINT_X":98.981309490000001,"name":"ถนนทิพย์เนตร","kom":8,"kalae":0,"text_lanna":0,"total_detect":8}},{"type":"Feature","id":143,"geometry":{"type":"Point","coordinates":[98.981338390000076,18.78068077000006]},"properties":{"OBJECTID":143,"idx":571,"POINT_Y":18.78068077,"POINT_X":98.981338390000005,"name":"ถนนทิพย์เนตร","kom":0,"kalae":2,"text_lanna":0,"total_detect":2}},{"type":"Feature","id":144,"geometry":{"type":"Point","coordinates":[98.989499390000049,18.782135000000039]},"properties":{"OBJECTID":144,"idx":584,"POINT_Y":18.782135,"POINT_X":98.989499390000006,"name":"ถนนพระปกเกล้า ซอย 1","kom":0,"kalae":1,"text_lanna":0,"total_detect":1}},{"type":"Feature","id":145,"geometry":{"type":"Point","coordinates":[98.988775210000085,18.782114850000028]},"properties":{"OBJECTID":145,"idx":592,"POINT_Y":18.782114849999999,"POINT_X":98.98877521,"name":"ถนนพระปกเกล้า ซอย 2","kom":0,"kalae":1,"text_lanna":0,"total_detect":1}},{"type":"Feature","id":146,"geometry":{"type":"Point","coordinates":[98.984391860000073,18.789575160000027]},"properties":{"OBJECTID":146,"idx":614,"POINT_Y":18.789575159999998,"POINT_X":98.984391860000002,"name":"ถนนราชดำเนิน ซอย7","kom":0,"kalae":1,"text_lanna":0,"total_detect":1}},{"type":"Feature","id":147,"geometry":{"type":"Point","coordinates":[98.984325470000044,18.787215280000055]},"properties":{"OBJECTID":147,"idx":615,"POINT_Y":18.787215280000002,"POINT_X":98.984325470000002,"name":null,"kom":12,"kalae":0,"text_lanna":0,"total_detect":12}},{"type":"Feature","id":148,"geometry":{"type":"Point","coordinates":[98.984025680000059,18.786110860000065]},"properties":{"OBJECTID":148,"idx":618,"POINT_Y":18.786110860000001,"POINT_X":98.984025680000002,"name":null,"kom":0,"kalae":2,"text_lanna":0,"total_detect":2}},{"type":"Feature","id":149,"geometry":{"type":"Point","coordinates":[98.982541480000066,18.787799610000036]},"properties":{"OBJECTID":149,"idx":623,"POINT_Y":18.78779961,"POINT_X":98.982541479999995,"name":null,"kom":0,"kalae":0,"text_lanna":1,"total_detect":1}},{"type":"Feature","id":150,"geometry":{"type":"Point","coordinates":[98.983308940000086,18.788014070000031]},"properties":{"OBJECTID":150,"idx":625,"POINT_Y":18.788014069999999,"POINT_X":98.983308940000001,"name":null,"kom":0,"kalae":1,"text_lanna":0,"total_detect":1}},{"type":"Feature","id":151,"geometry":{"type":"Point","coordinates":[98.981122570000082,18.786614120000024]},"properties":{"OBJECTID":151,"idx":630,"POINT_Y":18.786614119999999,"POINT_X":98.981122569999997,"name":"ถนน ราชมรรคา 8","kom":0,"kalae":1,"text_lanna":0,"total_detect":1}},{"type":"Feature","id":152,"geometry":{"type":"Point","coordinates":[98.981248950000065,18.787524200000064]},"properties":{"OBJECTID":152,"idx":634,"POINT_Y":18.7875242,"POINT_X":98.981248949999994,"name":"ถนน ราชมรรคา 8","kom":0,"kalae":2,"text_lanna":0,"total_detect":2}},{"type":"Feature","id":153,"geometry":{"type":"Point","coordinates":[98.978743030000032,18.786441310000043]},"properties":{"OBJECTID":153,"idx":636,"POINT_Y":18.786441310000001,"POINT_X":98.978743030000004,"name":"ถนนอารักษ์ ซอย 7","kom":6,"kalae":1,"text_lanna":0,"total_detect":7}},{"type":"Feature","id":154,"geometry":{"type":"Point","coordinates":[98.978932300000054,18.786427970000034]},"properties":{"OBJECTID":154,"idx":637,"POINT_Y":18.786427969999998,"POINT_X":98.978932299999997,"name":"ถนนอารักษ์ ซอย 7","kom":0,"kalae":0,"text_lanna":1,"total_detect":1}},{"type":"Feature","id":155,"geometry":{"type":"Point","coordinates":[98.979268900000079,18.786404920000052]},"properties":{"OBJECTID":155,"idx":638,"POINT_Y":18.786404919999999,"POINT_X":98.979268899999994,"name":"ถนนอารักษ์ ซอย 7","kom":0,"kalae":1,"text_lanna":0,"total_detect":1}},{"type":"Feature","id":156,"geometry":{"type":"Point","coordinates":[98.979585020000059,18.786383630000046]},"properties":{"OBJECTID":156,"idx":639,"POINT_Y":18.78638363,"POINT_X":98.979585020000002,"name":"ถนนอารักษ์ ซอย 7","kom":0,"kalae":2,"text_lanna":0,"total_detect":2}},{"type":"Feature","id":157,"geometry":{"type":"Point","coordinates":[98.980154520000042,18.78639916000003]},"properties":{"OBJECTID":157,"idx":642,"POINT_Y":18.786399159999998,"POINT_X":98.980154519999999,"name":"ถนนอารักษ์ ซอย 7","kom":7,"kalae":0,"text_lanna":0,"total_detect":7}},{"type":"Feature","id":158,"geometry":{"type":"Point","coordinates":[98.980513900000062,18.786411740000062]},"properties":{"OBJECTID":158,"idx":643,"POINT_Y":18.786411739999998,"POINT_X":98.980513900000005,"name":"ถนนอารักษ์ ซอย 7","kom":1,"kalae":0,"text_lanna":0,"total_detect":1}},{"type":"Feature","id":159,"geometry":{"type":"Point","coordinates":[98.980703500000061,18.786419680000051]},"properties":{"OBJECTID":159,"idx":644,"POINT_Y":18.786419680000002,"POINT_X":98.980703500000004,"name":"ถนนอารักษ์ ซอย 7","kom":1,"kalae":0,"text_lanna":0,"total_detect":1}},{"type":"Feature","id":160,"geometry":{"type":"Point","coordinates":[98.980941160000043,18.791485050000063]},"properties":{"OBJECTID":160,"idx":647,"POINT_Y":18.791485049999999,"POINT_X":98.98094116,"name":"ถนนสิงหราช ซอย 2","kom":0,"kalae":2,"text_lanna":0,"total_detect":2}},{"type":"Feature","id":161,"geometry":{"type":"Point","coordinates":[98.97938264000004,18.79146693000007]},"properties":{"OBJECTID":161,"idx":655,"POINT_Y":18.791466929999999,"POINT_X":98.979382639999997,"name":"ถนนสิงหราช ซอย 2","kom":0,"kalae":0,"text_lanna":2,"total_detect":2}},{"type":"Feature","id":162,"geometry":{"type":"Point","coordinates":[98.97919292000006,18.791471500000057]},"properties":{"OBJECTID":162,"idx":656,"POINT_Y":18.7914715,"POINT_X":98.979192920000003,"name":"ถนนสิงหราช ซอย 2","kom":0,"kalae":1,"text_lanna":0,"total_detect":1}},{"type":"Feature","id":163,"geometry":{"type":"Point","coordinates":[98.975844920000043,18.794110950000061]},"properties":{"OBJECTID":163,"idx":665,"POINT_Y":18.79411095,"POINT_X":98.97584492,"name":null,"kom":0,"kalae":1,"text_lanna":0,"total_detect":1}},{"type":"Feature","id":164,"geometry":{"type":"Point","coordinates":[98.976013200000068,18.79376558000007]},"properties":{"OBJECTID":164,"idx":669,"POINT_Y":18.793765579999999,"POINT_X":98.976013199999997,"name":null,"kom":0,"kalae":0,"text_lanna":1,"total_detect":1}},{"type":"Feature","id":165,"geometry":{"type":"Point","coordinates":[98.998161740000057,18.800883630000044]},"properties":{"OBJECTID":165,"idx":672,"POINT_Y":18.800883630000001,"POINT_X":98.99816174,"name":"ถนนรัตนโกสินทร์","kom":0,"kalae":0,"text_lanna":1,"total_detect":1}},{"type":"Feature","id":166,"geometry":{"type":"Point","coordinates":[98.997745480000049,18.800764290000075]},"properties":{"OBJECTID":166,"idx":674,"POINT_Y":18.80076429,"POINT_X":98.997745480000006,"name":"ถนนรัตนโกสินทร์","kom":0,"kalae":2,"text_lanna":0,"total_detect":2}},{"type":"Feature","id":167,"geometry":{"type":"Point","coordinates":[98.997498040000039,18.800656720000063]},"properties":{"OBJECTID":167,"idx":675,"POINT_Y":18.800656719999999,"POINT_X":98.997498039999996,"name":"ถนนรัตนโกสินทร์","kom":2,"kalae":0,"text_lanna":0,"total_detect":2}},{"type":"Feature","id":168,"geometry":{"type":"Point","coordinates":[98.990866290000042,18.833374740000068]},"properties":{"OBJECTID":168,"idx":696,"POINT_Y":18.83337474,"POINT_X":98.99086629,"name":"ถนนป่าตัน","kom":0,"kalae":0,"text_lanna":1,"total_detect":1}},{"type":"Feature","id":169,"geometry":{"type":"Point","coordinates":[98.99168418000005,18.832575470000052]},"properties":{"OBJECTID":169,"idx":700,"POINT_Y":18.832575469999998,"POINT_X":98.991684179999993,"name":"ถนนป่าตัน","kom":2,"kalae":0,"text_lanna":0,"total_detect":2}},{"type":"Feature","id":170,"geometry":{"type":"Point","coordinates":[98.99436613000006,18.829792360000056]},"properties":{"OBJECTID":170,"idx":717,"POINT_Y":18.829792359999999,"POINT_X":98.994366130000003,"name":"ถนนป่าตัน","kom":0,"kalae":0,"text_lanna":2,"total_detect":2}},{"type":"Feature","id":171,"geometry":{"type":"Point","coordinates":[98.994701880000036,18.828645820000077]},"properties":{"OBJECTID":171,"idx":719,"POINT_Y":18.828645819999998,"POINT_X":98.994701879999994,"name":"ถนนป่าตัน","kom":0,"kalae":2,"text_lanna":0,"total_detect":2}},{"type":"Feature","id":172,"geometry":{"type":"Point","coordinates":[98.994712830000083,18.828284460000077]},"properties":{"OBJECTID":172,"idx":721,"POINT_Y":18.828284459999999,"POINT_X":98.994712829999997,"name":"ถนนป่าตัน","kom":0,"kalae":1,"text_lanna":0,"total_detect":1}},{"type":"Feature","id":173,"geometry":{"type":"Point","coordinates":[98.994582770000079,18.825532690000045]},"properties":{"OBJECTID":173,"idx":731,"POINT_Y":18.825532689999999,"POINT_X":98.994582769999994,"name":"ถนนป่าตัน","kom":2,"kalae":0,"text_lanna":0,"total_detect":2}},{"type":"Feature","id":174,"geometry":{"type":"Point","coordinates":[98.993974510000044,18.823905800000034]},"properties":{"OBJECTID":174,"idx":739,"POINT_Y":18.823905799999999,"POINT_X":98.993974510000001,"name":"ถนนป่าตัน","kom":0,"kalae":0,"text_lanna":1,"total_detect":1}},{"type":"Feature","id":175,"geometry":{"type":"Point","coordinates":[98.994131610000068,18.822391520000053]},"properties":{"OBJECTID":175,"idx":745,"POINT_Y":18.82239152,"POINT_X":98.994131609999997,"name":"ถนนป่าตัน","kom":0,"kalae":2,"text_lanna":0,"total_detect":2}},{"type":"Feature","id":176,"geometry":{"type":"Point","coordinates":[98.994476760000055,18.82192617000004]},"properties":{"OBJECTID":176,"idx":747,"POINT_Y":18.821926170000001,"POINT_X":98.994476759999998,"name":"ถนนป่าตัน","kom":0,"kalae":2,"text_lanna":0,"total_detect":2}},{"type":"Feature","id":177,"geometry":{"type":"Point","coordinates":[98.995256960000063,18.820945640000048]},"properties":{"OBJECTID":177,"idx":752,"POINT_Y":18.820945640000001,"POINT_X":98.995256960000006,"name":"ถนนป่าตัน","kom":0,"kalae":1,"text_lanna":0,"total_detect":1}},{"type":"Feature","id":178,"geometry":{"type":"Point","coordinates":[98.995746670000074,18.820508240000038]},"properties":{"OBJECTID":178,"idx":755,"POINT_Y":18.820508239999999,"POINT_X":98.995746670000003,"name":"ถนนป่าตัน","kom":4,"kalae":0,"text_lanna":0,"total_detect":4}},{"type":"Feature","id":179,"geometry":{"type":"Point","coordinates":[98.996512710000047,18.819617780000044]},"properties":{"OBJECTID":179,"idx":760,"POINT_Y":18.819617780000002,"POINT_X":98.996512710000005,"name":"ถนนป่าตัน","kom":0,"kalae":1,"text_lanna":0,"total_detect":1}},{"type":"Feature","id":180,"geometry":{"type":"Point","coordinates":[98.997976630000039,18.81802459000005]},"properties":{"OBJECTID":180,"idx":770,"POINT_Y":18.81802459,"POINT_X":98.997976629999997,"name":"ถนนป่าตัน","kom":0,"kalae":1,"text_lanna":0,"total_detect":1}},{"type":"Feature","id":181,"geometry":{"type":"Point","coordinates":[98.998332290000064,18.817736030000049]},"properties":{"OBJECTID":181,"idx":771,"POINT_Y":18.817736029999999,"POINT_X":98.998332289999993,"name":"ถนนป่าตัน","kom":2,"kalae":0,"text_lanna":0,"total_detect":2}},{"type":"Feature","id":182,"geometry":{"type":"Point","coordinates":[98.998758900000041,18.817426440000077]},"properties":{"OBJECTID":182,"idx":773,"POINT_Y":18.817426439999998,"POINT_X":98.998758899999999,"name":"ถนนป่าตัน","kom":1,"kalae":0,"text_lanna":0,"total_detect":1}},{"type":"Feature","id":183,"geometry":{"type":"Point","coordinates":[98.998912360000077,18.817277570000044]},"properties":{"OBJECTID":183,"idx":774,"POINT_Y":18.817277570000002,"POINT_X":98.998912360000006,"name":"ถนนป่าตัน","kom":0,"kalae":1,"text_lanna":0,"total_detect":1}},{"type":"Feature","id":184,"geometry":{"type":"Point","coordinates":[98.999593280000056,18.816555090000065]},"properties":{"OBJECTID":184,"idx":778,"POINT_Y":18.816555090000001,"POINT_X":98.999593279999999,"name":"ถนนป่าตัน","kom":2,"kalae":0,"text_lanna":0,"total_detect":2}},{"type":"Feature","id":185,"geometry":{"type":"Point","coordinates":[99.000021610000033,18.815944870000067]},"properties":{"OBJECTID":185,"idx":782,"POINT_Y":18.815944869999999,"POINT_X":99.000021610000005,"name":"ถนนป่าตัน","kom":0,"kalae":2,"text_lanna":0,"total_detect":2}},{"type":"Feature","id":186,"geometry":{"type":"Point","coordinates":[99.000554400000055,18.814962700000024]},"properties":{"OBJECTID":186,"idx":786,"POINT_Y":18.814962699999999,"POINT_X":99.000554399999999,"name":"ถนนป่าตัน","kom":0,"kalae":1,"text_lanna":0,"total_detect":1}},{"type":"Feature","id":187,"geometry":{"type":"Point","coordinates":[99.004650600000048,18.800157510000076]},"properties":{"OBJECTID":187,"idx":787,"POINT_Y":18.800157509999998,"POINT_X":99.004650600000005,"name":"ถนนเจริญราษฎร์","kom":4,"kalae":1,"text_lanna":0,"total_detect":5}},{"type":"Feature","id":188,"geometry":{"type":"Point","coordinates":[99.004949670000087,18.800877890000038]},"properties":{"OBJECTID":188,"idx":789,"POINT_Y":18.800877889999999,"POINT_X":99.004949670000002,"name":"ถนนเจริญราษฎร์","kom":5,"kalae":0,"text_lanna":0,"total_detect":5}},{"type":"Feature","id":189,"geometry":{"type":"Point","coordinates":[99.005575910000061,18.802757740000061]},"properties":{"OBJECTID":189,"idx":795,"POINT_Y":18.802757740000001,"POINT_X":99.005575910000005,"name":"ถนนเจริญราษฎร์","kom":4,"kalae":0,"text_lanna":2,"total_detect":6}},{"type":"Feature","id":190,"geometry":{"type":"Point","coordinates":[98.999890380000068,18.792702010000028]},"properties":{"OBJECTID":190,"idx":823,"POINT_Y":18.792702009999999,"POINT_X":98.999890379999997,"name":"ถนนวิชยานนท์","kom":4,"kalae":0,"text_lanna":0,"total_detect":4}},{"type":"Feature","id":191,"geometry":{"type":"Point","coordinates":[99.000776160000044,18.786519840000039]},"properties":{"OBJECTID":191,"idx":837,"POINT_Y":18.78651984,"POINT_X":99.000776160000001,"name":"ถนนช้างคลาน","kom":0,"kalae":2,"text_lanna":0,"total_detect":2}},{"type":"Feature","id":192,"geometry":{"type":"Point","coordinates":[99.000698470000032,18.786111270000049]},"properties":{"OBJECTID":192,"idx":839,"POINT_Y":18.786111269999999,"POINT_X":99.000698470000003,"name":"ถนนช้างคลาน","kom":0,"kalae":0,"text_lanna":1,"total_detect":1}},{"type":"Feature","id":193,"geometry":{"type":"Point","coordinates":[99.002876610000044,18.781462490000024]},"properties":{"OBJECTID":193,"idx":849,"POINT_Y":18.781462489999999,"POINT_X":99.002876610000001,"name":"ถนนศรีดอนไชย","kom":1,"kalae":0,"text_lanna":0,"total_detect":1}},{"type":"Feature","id":194,"geometry":{"type":"Point","coordinates":[99.001021570000034,18.781750790000046]},"properties":{"OBJECTID":194,"idx":860,"POINT_Y":18.78175079,"POINT_X":99.001021570000006,"name":null,"kom":1,"kalae":0,"text_lanna":0,"total_detect":1}},{"type":"Feature","id":195,"geometry":{"type":"Point","coordinates":[98.998843290000082,18.773287410000023]},"properties":{"OBJECTID":195,"idx":863,"POINT_Y":18.773287409999998,"POINT_X":98.998843289999996,"name":"ถนนช้างคลาน","kom":0,"kalae":1,"text_lanna":0,"total_detect":1}},{"type":"Feature","id":196,"geometry":{"type":"Point","coordinates":[98.998727540000061,18.772011900000052]},"properties":{"OBJECTID":196,"idx":868,"POINT_Y":18.772011899999999,"POINT_X":98.998727540000004,"name":"ถนนช้างคลาน","kom":0,"kalae":0,"text_lanna":1,"total_detect":1}},{"type":"Feature","id":197,"geometry":{"type":"Point","coordinates":[98.998708470000054,18.77181279000007]},"properties":{"OBJECTID":197,"idx":869,"POINT_Y":18.771812789999998,"POINT_X":98.998708469999997,"name":"ถนนช้างคลาน","kom":0,"kalae":2,"text_lanna":0,"total_detect":2}},{"type":"Feature","id":198,"geometry":{"type":"Point","coordinates":[98.998944960000074,18.768911250000031]},"properties":{"OBJECTID":198,"idx":880,"POINT_Y":18.768911249999999,"POINT_X":98.998944960000003,"name":"ถนนช้างคลาน","kom":0,"kalae":2,"text_lanna":0,"total_detect":2}},{"type":"Feature","id":199,"geometry":{"type":"Point","coordinates":[98.999821510000061,18.766660760000036]},"properties":{"OBJECTID":199,"idx":889,"POINT_Y":18.766660760000001,"POINT_X":98.999821510000004,"name":"ถนนช้างคลาน","kom":0,"kalae":0,"text_lanna":1,"total_detect":1}},{"type":"Feature","id":200,"geometry":{"type":"Point","coordinates":[99.000297180000075,18.765525000000025]},"properties":{"OBJECTID":200,"idx":895,"POINT_Y":18.765525,"POINT_X":99.000297180000004,"name":"ถนนช้างคลาน","kom":6,"kalae":0,"text_lanna":0,"total_detect":6}},{"type":"Feature","id":201,"geometry":{"type":"Point","coordinates":[99.000471470000036,18.765093060000027]},"properties":{"OBJECTID":201,"idx":897,"POINT_Y":18.765093060000002,"POINT_X":99.000471469999994,"name":"ถนนช้างคลาน","kom":0,"kalae":0,"text_lanna":2,"total_detect":2}},{"type":"Feature","id":202,"geometry":{"type":"Point","coordinates":[99.000629470000035,18.764713460000053]},"properties":{"OBJECTID":202,"idx":899,"POINT_Y":18.764713459999999,"POINT_X":99.000629470000007,"name":"ถนนช้างคลาน","kom":0,"kalae":0,"text_lanna":1,"total_detect":1}},{"type":"Feature","id":203,"geometry":{"type":"Point","coordinates":[99.00070173000006,18.76454633000003]},"properties":{"OBJECTID":203,"idx":900,"POINT_Y":18.764546330000002,"POINT_X":99.000701730000003,"name":"ถนนช้างคลาน","kom":0,"kalae":1,"text_lanna":0,"total_detect":1}},{"type":"Feature","id":204,"geometry":{"type":"Point","coordinates":[99.000882950000062,18.764133140000069]},"properties":{"OBJECTID":204,"idx":902,"POINT_Y":18.764133139999998,"POINT_X":99.000882950000005,"name":"ถนนช้างคลาน","kom":9,"kalae":0,"text_lanna":0,"total_detect":9}},{"type":"Feature","id":205,"geometry":{"type":"Point","coordinates":[99.000957400000061,18.763966870000047]},"properties":{"OBJECTID":205,"idx":903,"POINT_Y":18.763966870000001,"POINT_X":99.000957400000004,"name":"ถนนช้างคลาน","kom":0,"kalae":0,"text_lanna":1,"total_detect":1}},{"type":"Feature","id":206,"geometry":{"type":"Point","coordinates":[98.998120530000051,18.774760740000033]},"properties":{"OBJECTID":206,"idx":909,"POINT_Y":18.774760740000001,"POINT_X":98.998120529999994,"name":"ถนนระแกง","kom":0,"kalae":1,"text_lanna":0,"total_detect":1}},{"type":"Feature","id":207,"geometry":{"type":"Point","coordinates":[98.997781000000032,18.775141360000077]},"properties":{"OBJECTID":207,"idx":911,"POINT_Y":18.775141359999999,"POINT_X":98.997781000000003,"name":"ถนนระแกง","kom":0,"kalae":1,"text_lanna":0,"total_detect":1}},{"type":"Feature","id":208,"geometry":{"type":"Point","coordinates":[99.00566837000008,18.763951080000027]},"properties":{"OBJECTID":208,"idx":932,"POINT_Y":18.763951079999998,"POINT_X":99.005668369999995,"name":"ถนนเชียงใหม่-ลำพูน","kom":0,"kalae":2,"text_lanna":0,"total_detect":2}},{"type":"Feature","id":209,"geometry":{"type":"Point","coordinates":[99.005773610000062,18.763291870000046]},"properties":{"OBJECTID":209,"idx":934,"POINT_Y":18.76329187,"POINT_X":99.005773610000006,"name":"ถนนเชียงใหม่-ลำพูน","kom":0,"kalae":0,"text_lanna":1,"total_detect":1}},{"type":"Feature","id":210,"geometry":{"type":"Point","coordinates":[99.00598916000007,18.762411710000038]},"properties":{"OBJECTID":210,"idx":939,"POINT_Y":18.762411709999999,"POINT_X":99.005989159999999,"name":"ถนนเชียงใหม่-ลำพูน","kom":1,"kalae":0,"text_lanna":0,"total_detect":1}},{"type":"Feature","id":211,"geometry":{"type":"Point","coordinates":[99.006305860000055,18.761290150000036]},"properties":{"OBJECTID":211,"idx":945,"POINT_Y":18.761290150000001,"POINT_X":99.006305859999998,"name":"ถนนเชียงใหม่-ลำพูน","kom":0,"kalae":0,"text_lanna":1,"total_detect":1}},{"type":"Feature","id":212,"geometry":{"type":"Point","coordinates":[99.004284080000048,18.766499970000041]},"properties":{"OBJECTID":212,"idx":958,"POINT_Y":18.766499970000002,"POINT_X":99.004284080000005,"name":null,"kom":0,"kalae":1,"text_lanna":0,"total_detect":1}},{"type":"Feature","id":213,"geometry":{"type":"Point","coordinates":[99.005086470000037,18.766757010000049]},"properties":{"OBJECTID":213,"idx":960,"POINT_Y":18.766757009999999,"POINT_X":99.005086469999995,"name":null,"kom":0,"kalae":0,"text_lanna":1,"total_detect":1}},{"type":"Feature","id":214,"geometry":{"type":"Point","coordinates":[99.003654250000068,18.766292040000053]},"properties":{"OBJECTID":214,"idx":963,"POINT_Y":18.76629204,"POINT_X":99.003654249999997,"name":null,"kom":2,"kalae":1,"text_lanna":0,"total_detect":3}},{"type":"Feature","id":215,"geometry":{"type":"Point","coordinates":[99.005164190000073,18.78388158000007]},"properties":{"OBJECTID":215,"idx":980,"POINT_Y":18.783881579999999,"POINT_X":99.005164190000002,"name":"ถนนเชียงใหม่-ลำพูน","kom":0,"kalae":1,"text_lanna":0,"total_detect":1}},{"type":"Feature","id":216,"geometry":{"type":"Point","coordinates":[98.994251900000052,18.789313230000062]},"properties":{"OBJECTID":216,"idx":986,"POINT_Y":18.789313230000001,"POINT_X":98.994251899999995,"name":"ถนนช้างม่อยเก่า","kom":0,"kalae":0,"text_lanna":1,"total_detect":1}},{"type":"Feature","id":217,"geometry":{"type":"Point","coordinates":[98.994479400000046,18.789828680000028]},"properties":{"OBJECTID":217,"idx":988,"POINT_Y":18.789828679999999,"POINT_X":98.994479400000003,"name":"ถนนช้างม่อยเก่า","kom":0,"kalae":0,"text_lanna":2,"total_detect":2}},{"type":"Feature","id":218,"geometry":{"type":"Point","coordinates":[98.994552800000065,18.78999538000005]},"properties":{"OBJECTID":218,"idx":989,"POINT_Y":18.789995380000001,"POINT_X":98.994552799999994,"name":"ถนนช้างม่อยเก่า","kom":0,"kalae":1,"text_lanna":0,"total_detect":1}},{"type":"Feature","id":219,"geometry":{"type":"Point","coordinates":[98.996196540000085,18.791592660000049]},"properties":{"OBJECTID":219,"idx":996,"POINT_Y":18.791592659999999,"POINT_X":98.99619654,"name":"ถนนสิทธิวงศ์","kom":1,"kalae":0,"text_lanna":0,"total_detect":1}},{"type":"Feature","id":220,"geometry":{"type":"Point","coordinates":[98.995733200000075,18.792221330000075]},"properties":{"OBJECTID":220,"idx":1000,"POINT_Y":18.79222133,"POINT_X":98.995733200000004,"name":"ถนนสิทธิวงศ์","kom":3,"kalae":9,"text_lanna":0,"total_detect":12}},{"type":"Feature","id":221,"geometry":{"type":"Point","coordinates":[98.995570930000042,18.792375720000052]},"properties":{"OBJECTID":221,"idx":1001,"POINT_Y":18.792375719999999,"POINT_X":98.99557093,"name":"ถนนสิทธิวงศ์","kom":0,"kalae":1,"text_lanna":0,"total_detect":1}},{"type":"Feature","id":222,"geometry":{"type":"Point","coordinates":[98.994944320000059,18.793058470000062]},"properties":{"OBJECTID":222,"idx":1003,"POINT_Y":18.793058469999998,"POINT_X":98.994944320000002,"name":"ถนนสิทธิวงศ์","kom":4,"kalae":0,"text_lanna":0,"total_detect":4}},{"type":"Feature","id":223,"geometry":{"type":"Point","coordinates":[98.994148610000082,18.793681510000056]},"properties":{"OBJECTID":223,"idx":1006,"POINT_Y":18.793681509999999,"POINT_X":98.994148609999996,"name":"ถนนสิทธิวงศ์","kom":2,"kalae":0,"text_lanna":0,"total_detect":2}},{"type":"Feature","id":224,"geometry":{"type":"Point","coordinates":[98.994756480000035,18.790810860000022]},"properties":{"OBJECTID":224,"idx":1011,"POINT_Y":18.790810860000001,"POINT_X":98.994756480000007,"name":"ถนนช้างม่อยเก่า ซอย 1","kom":0,"kalae":2,"text_lanna":0,"total_detect":2}},{"type":"Feature","id":225,"geometry":{"type":"Point","coordinates":[99.000699000000054,18.795664870000053]},"properties":{"OBJECTID":225,"idx":1015,"POINT_Y":18.79566487,"POINT_X":99.000698999999997,"name":"ถนนเจริญราษฎร์","kom":0,"kalae":1,"text_lanna":0,"total_detect":1}},{"type":"Feature","id":226,"geometry":{"type":"Point","coordinates":[99.002561470000046,18.797820270000045]},"properties":{"OBJECTID":226,"idx":1021,"POINT_Y":18.797820269999999,"POINT_X":99.002561470000003,"name":"ถนนเจริญราษฎร์","kom":0,"kalae":2,"text_lanna":0,"total_detect":2}},{"type":"Feature","id":227,"geometry":{"type":"Point","coordinates":[99.003365820000056,18.798664250000058]},"properties":{"OBJECTID":227,"idx":1026,"POINT_Y":18.798664250000002,"POINT_X":99.003365819999999,"name":"ถนนเจริญราษฎร์","kom":0,"kalae":1,"text_lanna":0,"total_detect":1}},{"type":"Feature","id":228,"geometry":{"type":"Point","coordinates":[99.003501340000071,18.798790810000071]},"properties":{"OBJECTID":228,"idx":1027,"POINT_Y":18.79879081,"POINT_X":99.00350134,"name":"ถนนเจริญราษฎร์","kom":0,"kalae":2,"text_lanna":0,"total_detect":2}},{"type":"Feature","id":229,"geometry":{"type":"Point","coordinates":[99.003696990000037,18.798984190000056]},"properties":{"OBJECTID":229,"idx":1028,"POINT_Y":18.798984189999999,"POINT_X":99.003696989999995,"name":"ถนนเจริญราษฎร์","kom":1,"kalae":3,"text_lanna":0,"total_detect":4}},{"type":"Feature","id":230,"geometry":{"type":"Point","coordinates":[99.003449160000059,18.791320190000022]},"properties":{"OBJECTID":230,"idx":1032,"POINT_Y":18.79132019,"POINT_X":99.003449160000002,"name":"ถนนหน้าวัดเกตุ","kom":8,"kalae":0,"text_lanna":0,"total_detect":8}},{"type":"Feature","id":231,"geometry":{"type":"Point","coordinates":[99.002924410000048,18.794021560000033]},"properties":{"OBJECTID":231,"idx":1037,"POINT_Y":18.794021560000001,"POINT_X":99.002924410000006,"name":"ถนนหน้าวัดเกตุ","kom":2,"kalae":0,"text_lanna":0,"total_detect":2}},{"type":"Feature","id":232,"geometry":{"type":"Point","coordinates":[99.003558540000085,18.792021470000066]},"properties":{"OBJECTID":232,"idx":1043,"POINT_Y":18.792021470000002,"POINT_X":99.00355854,"name":"ถนนหน้าวัดเกตุ","kom":0,"kalae":0,"text_lanna":1,"total_detect":1}},{"type":"Feature","id":233,"geometry":{"type":"Point","coordinates":[99.003608170000064,18.791590530000065]},"properties":{"OBJECTID":233,"idx":1045,"POINT_Y":18.791590530000001,"POINT_X":99.003608170000007,"name":"ถนนหน้าวัดเกตุ","kom":0,"kalae":1,"text_lanna":0,"total_detect":1}},{"type":"Feature","id":234,"geometry":{"type":"Point","coordinates":[99.002951880000069,18.796696720000057]},"properties":{"OBJECTID":234,"idx":1047,"POINT_Y":18.79669672,"POINT_X":99.002951879999998,"name":"ถนนแก้วนวรัฐ ซอย 1","kom":0,"kalae":2,"text_lanna":0,"total_detect":2}},{"type":"Feature","id":235,"geometry":{"type":"Point","coordinates":[99.003054650000081,18.795465960000058]},"properties":{"OBJECTID":235,"idx":1053,"POINT_Y":18.795465960000001,"POINT_X":99.003054649999996,"name":"ถนนแก้วนวรัฐ ซอย 1","kom":2,"kalae":0,"text_lanna":0,"total_detect":2}},{"type":"Feature","id":236,"geometry":{"type":"Point","coordinates":[99.003069700000083,18.795285770000078]},"properties":{"OBJECTID":236,"idx":1054,"POINT_Y":18.79528577,"POINT_X":99.003069699999998,"name":"ถนนแก้วนวรัฐ ซอย 1","kom":2,"kalae":0,"text_lanna":0,"total_detect":2}},{"type":"Feature","id":237,"geometry":{"type":"Point","coordinates":[99.003084740000077,18.79510558000004]},"properties":{"OBJECTID":237,"idx":1055,"POINT_Y":18.795105580000001,"POINT_X":99.003084740000006,"name":"ถนนแก้วนวรัฐ ซอย 1","kom":0,"kalae":0,"text_lanna":2,"total_detect":2}},{"type":"Feature","id":238,"geometry":{"type":"Point","coordinates":[99.002379140000073,18.797123700000043]},"properties":{"OBJECTID":238,"idx":1056,"POINT_Y":18.7971237,"POINT_X":99.002379140000002,"name":"ถนน เชตุพน","kom":4,"kalae":1,"text_lanna":0,"total_detect":5}},{"type":"Feature","id":239,"geometry":{"type":"Point","coordinates":[99.002567380000073,18.797100600000022]},"properties":{"OBJECTID":239,"idx":1057,"POINT_Y":18.7971006,"POINT_X":99.002567380000002,"name":"ถนน เชตุพน","kom":2,"kalae":0,"text_lanna":0,"total_detect":2}},{"type":"Feature","id":240,"geometry":{"type":"Point","coordinates":[99.002755620000073,18.797077500000057]},"properties":{"OBJECTID":240,"idx":1058,"POINT_Y":18.7970775,"POINT_X":99.002755620000002,"name":"ถนน เชตุพน","kom":0,"kalae":0,"text_lanna":1,"total_detect":1}},{"type":"Feature","id":241,"geometry":{"type":"Point","coordinates":[99.00501711000004,18.797531700000036]},"properties":{"OBJECTID":241,"idx":1067,"POINT_Y":18.7975317,"POINT_X":99.005017109999997,"name":"ถนน เชตุพน","kom":0,"kalae":0,"text_lanna":1,"total_detect":1}},{"type":"Feature","id":242,"geometry":{"type":"Point","coordinates":[99.005400920000056,18.799604370000054]},"properties":{"OBJECTID":242,"idx":1069,"POINT_Y":18.799604370000001,"POINT_X":99.00540092,"name":"เชตุพน ซอย 1","kom":0,"kalae":1,"text_lanna":0,"total_detect":1}},{"type":"Feature","id":243,"geometry":{"type":"Point","coordinates":[99.005109230000073,18.797803170000066]},"properties":{"OBJECTID":243,"idx":1077,"POINT_Y":18.797803170000002,"POINT_X":99.005109230000002,"name":"เชตุพน ซอย 1","kom":0,"kalae":2,"text_lanna":0,"total_detect":2}},{"type":"Feature","id":244,"geometry":{"type":"Point","coordinates":[99.000927280000042,18.795320960000026]},"properties":{"OBJECTID":244,"idx":1080,"POINT_Y":18.795320960000002,"POINT_X":99.000927279999999,"name":null,"kom":1,"kalae":0,"text_lanna":0,"total_detect":1}},{"type":"Feature","id":245,"geometry":{"type":"Point","coordinates":[98.982868690000032,18.797030670000026]},"properties":{"OBJECTID":245,"idx":1086,"POINT_Y":18.797030670000002,"POINT_X":98.982868690000004,"name":"ถนนมณีนพรัตน์ ซอย 2","kom":0,"kalae":1,"text_lanna":0,"total_detect":1}},{"type":"Feature","id":246,"geometry":{"type":"Point","coordinates":[98.985851600000046,18.798378440000022]},"properties":{"OBJECTID":246,"idx":1091,"POINT_Y":18.79837844,"POINT_X":98.985851600000004,"name":"ถนน ช้างเผือก ซอย2","kom":8,"kalae":0,"text_lanna":0,"total_detect":8}},{"type":"Feature","id":247,"geometry":{"type":"Point","coordinates":[98.985323640000047,18.79840033000005]},"properties":{"OBJECTID":247,"idx":1093,"POINT_Y":18.79840033,"POINT_X":98.985323640000004,"name":"ถนน ช้างเผือก ซอย2","kom":0,"kalae":1,"text_lanna":0,"total_detect":1}},{"type":"Feature","id":248,"geometry":{"type":"Point","coordinates":[98.984675780000032,18.798425940000072]},"properties":{"OBJECTID":248,"idx":1096,"POINT_Y":18.798425940000001,"POINT_X":98.984675780000003,"name":"ถนน ช้างเผือก ซอย2","kom":0,"kalae":1,"text_lanna":0,"total_detect":1}},{"type":"Feature","id":249,"geometry":{"type":"Point","coordinates":[98.983895380000035,18.798460730000045]},"properties":{"OBJECTID":249,"idx":1099,"POINT_Y":18.798460729999999,"POINT_X":98.983895380000007,"name":"ถนน ช้างเผือก ซอย2","kom":0,"kalae":0,"text_lanna":2,"total_detect":2}},{"type":"Feature","id":250,"geometry":{"type":"Point","coordinates":[98.987689390000071,18.802700540000046]},"properties":{"OBJECTID":250,"idx":1104,"POINT_Y":18.80270054,"POINT_X":98.98768939,"name":"ถนนช้างเผือก ซอย6","kom":3,"kalae":1,"text_lanna":0,"total_detect":4}},{"type":"Feature","id":251,"geometry":{"type":"Point","coordinates":[99.007881810000072,18.79862877000005]},"properties":{"OBJECTID":251,"idx":1122,"POINT_Y":18.798628770000001,"POINT_X":99.007881810000001,"name":"ถนน บำรุงราษฏร์","kom":0,"kalae":1,"text_lanna":0,"total_detect":1}},{"type":"Feature","id":252,"geometry":{"type":"Point","coordinates":[99.012819730000047,18.807088830000055]},"properties":{"OBJECTID":252,"idx":1128,"POINT_Y":18.807088830000001,"POINT_X":99.012819730000004,"name":"ถนน ตรัสวงศ์","kom":4,"kalae":0,"text_lanna":0,"total_detect":4}},{"type":"Feature","id":253,"geometry":{"type":"Point","coordinates":[99.012786720000065,18.806864380000036]},"properties":{"OBJECTID":253,"idx":1129,"POINT_Y":18.80686438,"POINT_X":99.012786719999994,"name":"ถนน ตรัสวงศ์","kom":0,"kalae":1,"text_lanna":0,"total_detect":1}},{"type":"Feature","id":254,"geometry":{"type":"Point","coordinates":[99.012575950000041,18.806066960000067]},"properties":{"OBJECTID":254,"idx":1133,"POINT_Y":18.806066959999999,"POINT_X":99.012575949999999,"name":"ถนน ตรัสวงศ์","kom":0,"kalae":1,"text_lanna":0,"total_detect":1}},{"type":"Feature","id":255,"geometry":{"type":"Point","coordinates":[99.012000120000039,18.804227970000056]},"properties":{"OBJECTID":255,"idx":1136,"POINT_Y":18.804227969999999,"POINT_X":99.012000119999996,"name":"ถนน ตรัสวงศ์","kom":0,"kalae":1,"text_lanna":0,"total_detect":1}},{"type":"Feature","id":256,"geometry":{"type":"Point","coordinates":[98.976461930000085,18.790463540000076]},"properties":{"OBJECTID":256,"idx":1156,"POINT_Y":18.790463540000001,"POINT_X":98.976461929999999,"name":null,"kom":0,"kalae":2,"text_lanna":0,"total_detect":2}},{"type":"Feature","id":257,"geometry":{"type":"Point","coordinates":[98.997868780000033,18.762556380000035]},"properties":{"OBJECTID":257,"idx":1163,"POINT_Y":18.762556379999999,"POINT_X":98.997868780000005,"name":"ถนนป่าพร้าว","kom":0,"kalae":1,"text_lanna":0,"total_detect":1}},{"type":"Feature","id":258,"geometry":{"type":"Point","coordinates":[98.998400600000082,18.762097490000031]},"properties":{"OBJECTID":258,"idx":1166,"POINT_Y":18.762097489999999,"POINT_X":98.998400599999997,"name":"ถนนป่าพร้าว","kom":0,"kalae":1,"text_lanna":0,"total_detect":1}},{"type":"Feature","id":259,"geometry":{"type":"Point","coordinates":[98.99853137000008,18.761916130000031]},"properties":{"OBJECTID":259,"idx":1167,"POINT_Y":18.761916129999999,"POINT_X":98.998531369999995,"name":"ถนนป่าพร้าว","kom":4,"kalae":0,"text_lanna":0,"total_detect":4}},{"type":"Feature","id":260,"geometry":{"type":"Point","coordinates":[98.998634450000054,18.761764370000037]},"properties":{"OBJECTID":260,"idx":1168,"POINT_Y":18.761764370000002,"POINT_X":98.998634449999997,"name":"ถนนป่าพร้าว","kom":0,"kalae":8,"text_lanna":0,"total_detect":8}},{"type":"Feature","id":261,"geometry":{"type":"Point","coordinates":[98.999487360000046,18.762625520000029]},"properties":{"OBJECTID":261,"idx":1172,"POINT_Y":18.76262552,"POINT_X":98.999487360000003,"name":null,"kom":0,"kalae":6,"text_lanna":0,"total_detect":6}},{"type":"Feature","id":262,"geometry":{"type":"Point","coordinates":[98.998441890000038,18.762074380000058]},"properties":{"OBJECTID":262,"idx":1178,"POINT_Y":18.762074380000001,"POINT_X":98.998441889999995,"name":null,"kom":0,"kalae":1,"text_lanna":0,"total_detect":1}},{"type":"Feature","id":263,"geometry":{"type":"Point","coordinates":[99.000360790000059,18.764108810000039]},"properties":{"OBJECTID":263,"idx":1183,"POINT_Y":18.76410881,"POINT_X":99.000360790000002,"name":null,"kom":1,"kalae":0,"text_lanna":0,"total_detect":1}},{"type":"Feature","id":264,"geometry":{"type":"Point","coordinates":[98.99772463000005,18.762903440000059]},"properties":{"OBJECTID":264,"idx":1187,"POINT_Y":18.762903439999999,"POINT_X":98.997724629999993,"name":null,"kom":0,"kalae":0,"text_lanna":1,"total_detect":1}},{"type":"Feature","id":265,"geometry":{"type":"Point","coordinates":[98.998120780000079,18.763247070000034]},"properties":{"OBJECTID":265,"idx":1189,"POINT_Y":18.763247069999998,"POINT_X":98.998120779999994,"name":null,"kom":0,"kalae":1,"text_lanna":0,"total_detect":1}},{"type":"Feature","id":266,"geometry":{"type":"Point","coordinates":[98.998395950000088,18.763496030000056]},"properties":{"OBJECTID":266,"idx":1191,"POINT_Y":18.763496029999999,"POINT_X":98.998395950000003,"name":null,"kom":0,"kalae":0,"text_lanna":1,"total_detect":1}},{"type":"Feature","id":267,"geometry":{"type":"Point","coordinates":[98.99859108000004,18.763672590000056]},"properties":{"OBJECTID":267,"idx":1192,"POINT_Y":18.763672589999999,"POINT_X":98.998591079999997,"name":null,"kom":8,"kalae":0,"text_lanna":0,"total_detect":8}},{"type":"Feature","id":268,"geometry":{"type":"Point","coordinates":[98.998958360000074,18.763985820000073]},"properties":{"OBJECTID":268,"idx":1194,"POINT_Y":18.763985819999998,"POINT_X":98.998958360000003,"name":null,"kom":2,"kalae":0,"text_lanna":0,"total_detect":2}},{"type":"Feature","id":269,"geometry":{"type":"Point","coordinates":[99.000326460000053,18.764831150000077]},"properties":{"OBJECTID":269,"idx":1201,"POINT_Y":18.764831149999999,"POINT_X":99.000326459999997,"name":null,"kom":0,"kalae":2,"text_lanna":0,"total_detect":2}},{"type":"Feature","id":270,"geometry":{"type":"Point","coordinates":[98.996545720000086,18.76491548000007]},"properties":{"OBJECTID":270,"idx":1206,"POINT_Y":18.764915479999999,"POINT_X":98.99654572,"name":null,"kom":0,"kalae":1,"text_lanna":0,"total_detect":1}},{"type":"Feature","id":271,"geometry":{"type":"Point","coordinates":[98.997754530000066,18.765672980000033]},"properties":{"OBJECTID":271,"idx":1213,"POINT_Y":18.765672980000002,"POINT_X":98.997754529999995,"name":null,"kom":0,"kalae":4,"text_lanna":0,"total_detect":4}},{"type":"Feature","id":272,"geometry":{"type":"Point","coordinates":[98.999957640000048,18.765989540000078]},"properties":{"OBJECTID":272,"idx":1218,"POINT_Y":18.76598954,"POINT_X":98.999957640000005,"name":null,"kom":0,"kalae":0,"text_lanna":1,"total_detect":1}},{"type":"Feature","id":273,"geometry":{"type":"Point","coordinates":[99.004364490000057,18.784004870000047]},"properties":{"OBJECTID":273,"idx":1219,"POINT_Y":18.78400487,"POINT_X":99.00436449,"name":"ถนนลอยเคราะห์","kom":0,"kalae":0,"text_lanna":1,"total_detect":1}},{"type":"Feature","id":274,"geometry":{"type":"Point","coordinates":[99.004553780000037,18.784017850000055]},"properties":{"OBJECTID":274,"idx":1220,"POINT_Y":18.784017850000001,"POINT_X":99.004553779999995,"name":"ถนนลอยเคราะห์","kom":0,"kalae":16,"text_lanna":0,"total_detect":16}},{"type":"Feature","id":275,"geometry":{"type":"Point","coordinates":[98.999728030000085,18.786004710000043]},"properties":{"OBJECTID":275,"idx":1248,"POINT_Y":18.78600471,"POINT_X":98.99972803,"name":"ถนน ท่าแพ ซอย 1","kom":0,"kalae":2,"text_lanna":0,"total_detect":2}},{"type":"Feature","id":276,"geometry":{"type":"Point","coordinates":[98.999926050000056,18.786974870000051]},"properties":{"OBJECTID":276,"idx":1251,"POINT_Y":18.786974870000002,"POINT_X":98.999926049999999,"name":"ถนน ท่าแพ ซอย 1","kom":0,"kalae":2,"text_lanna":0,"total_detect":2}},{"type":"Feature","id":277,"geometry":{"type":"Point","coordinates":[98.999077500000055,18.78141413000003]},"properties":{"OBJECTID":277,"idx":1254,"POINT_Y":18.781414130000002,"POINT_X":98.999077499999999,"name":"ถนนลอยเคราะห์ 4","kom":0,"kalae":2,"text_lanna":0,"total_detect":2}},{"type":"Feature","id":278,"geometry":{"type":"Point","coordinates":[98.999313820000054,18.782997950000038]},"properties":{"OBJECTID":278,"idx":1260,"POINT_Y":18.782997949999999,"POINT_X":98.999313819999998,"name":"ถนนลอยเคราะห์ 4","kom":0,"kalae":0,"text_lanna":1,"total_detect":1}},{"type":"Feature","id":279,"geometry":{"type":"Point","coordinates":[98.999363360000075,18.783538160000035]},"properties":{"OBJECTID":279,"idx":1263,"POINT_Y":18.783538159999999,"POINT_X":98.999363360000004,"name":"ถนนลอยเคราะห์ 4","kom":4,"kalae":2,"text_lanna":0,"total_detect":6}},{"type":"Feature","id":280,"geometry":{"type":"Point","coordinates":[98.999379870000041,18.783718240000042]},"properties":{"OBJECTID":280,"idx":1264,"POINT_Y":18.783718239999999,"POINT_X":98.999379869999999,"name":"ถนนลอยเคราะห์ 4","kom":0,"kalae":2,"text_lanna":1,"total_detect":3}},{"type":"Feature","id":281,"geometry":{"type":"Point","coordinates":[98.999396390000072,18.783898310000041]},"properties":{"OBJECTID":281,"idx":1265,"POINT_Y":18.783898310000001,"POINT_X":98.999396390000001,"name":"ถนนลอยเคราะห์ 4","kom":0,"kalae":0,"text_lanna":1,"total_detect":1}},{"type":"Feature","id":282,"geometry":{"type":"Point","coordinates":[98.998410420000084,18.784271080000053]},"properties":{"OBJECTID":282,"idx":1284,"POINT_Y":18.78427108,"POINT_X":98.998410419999999,"name":"ถนนกำแพงดิน","kom":0,"kalae":2,"text_lanna":0,"total_detect":2}},{"type":"Feature","id":283,"geometry":{"type":"Point","coordinates":[98.998359220000054,18.783526040000027]},"properties":{"OBJECTID":283,"idx":1287,"POINT_Y":18.783526040000002,"POINT_X":98.998359219999998,"name":"ถนนกำแพงดิน","kom":10,"kalae":0,"text_lanna":0,"total_detect":10}},{"type":"Feature","id":284,"geometry":{"type":"Point","coordinates":[98.998440230000085,18.781716390000042]},"properties":{"OBJECTID":284,"idx":1293,"POINT_Y":18.78171639,"POINT_X":98.99844023,"name":"ถนนกำแพงดิน","kom":0,"kalae":2,"text_lanna":0,"total_detect":2}},{"type":"Feature","id":285,"geometry":{"type":"Point","coordinates":[98.998259340000061,18.780678170000044]},"properties":{"OBJECTID":285,"idx":1298,"POINT_Y":18.780678170000002,"POINT_X":98.998259340000004,"name":"ถนนกำแพงดิน","kom":0,"kalae":2,"text_lanna":0,"total_detect":2}},{"type":"Feature","id":286,"geometry":{"type":"Point","coordinates":[98.997433310000076,18.779224710000051]},"properties":{"OBJECTID":286,"idx":1304,"POINT_Y":18.779224710000001,"POINT_X":98.997433310000005,"name":"ถนนกำแพงดิน","kom":0,"kalae":0,"text_lanna":1,"total_detect":1}},{"type":"Feature","id":287,"geometry":{"type":"Point","coordinates":[98.997065120000059,18.778871800000047]},"properties":{"OBJECTID":287,"idx":1306,"POINT_Y":18.778871800000001,"POINT_X":98.997065120000002,"name":"ถนนกำแพงดิน","kom":0,"kalae":1,"text_lanna":0,"total_detect":1}},{"type":"Feature","id":288,"geometry":{"type":"Point","coordinates":[99.002966620000052,18.784592190000069]},"properties":{"OBJECTID":288,"idx":1309,"POINT_Y":18.784592190000001,"POINT_X":99.002966619999995,"name":"ถนนเจริญประเทศ","kom":0,"kalae":1,"text_lanna":0,"total_detect":1}},{"type":"Feature","id":289,"geometry":{"type":"Point","coordinates":[99.002941220000082,18.785119910000049]},"properties":{"OBJECTID":289,"idx":1310,"POINT_Y":18.785119909999999,"POINT_X":99.002941219999997,"name":"ถนนเจริญประเทศ","kom":0,"kalae":0,"text_lanna":1,"total_detect":1}},{"type":"Feature","id":290,"geometry":{"type":"Point","coordinates":[99.002903640000056,18.785660080000071]},"properties":{"OBJECTID":290,"idx":1312,"POINT_Y":18.78566008,"POINT_X":99.00290364,"name":"ถนนเจริญประเทศ","kom":0,"kalae":1,"text_lanna":0,"total_detect":1}},{"type":"Feature","id":291,"geometry":{"type":"Point","coordinates":[99.004107550000072,18.789874760000032]},"properties":{"OBJECTID":291,"idx":1315,"POINT_Y":18.78987476,"POINT_X":99.004107550000001,"name":"ถนนเจริญราษฎร์","kom":2,"kalae":1,"text_lanna":0,"total_detect":3}},{"type":"Feature","id":292,"geometry":{"type":"Point","coordinates":[99.003602940000064,18.790724930000067]},"properties":{"OBJECTID":292,"idx":1317,"POINT_Y":18.79072493,"POINT_X":99.003602939999993,"name":"ถนนเจริญราษฎร์","kom":0,"kalae":0,"text_lanna":1,"total_detect":1}},{"type":"Feature","id":293,"geometry":{"type":"Point","coordinates":[98.979308320000086,18.768281400000035]},"properties":{"OBJECTID":293,"idx":1324,"POINT_Y":18.768281399999999,"POINT_X":98.979308320000001,"name":"ถนนมหิดล","kom":3,"kalae":0,"text_lanna":0,"total_detect":3}},{"type":"Feature","id":294,"geometry":{"type":"Point","coordinates":[98.979093950000049,18.768342530000041]},"properties":{"OBJECTID":294,"idx":1325,"POINT_Y":18.768342530000002,"POINT_X":98.979093950000006,"name":"ถนนมหิดล","kom":0,"kalae":2,"text_lanna":0,"total_detect":2}},{"type":"Feature","id":295,"geometry":{"type":"Point","coordinates":[98.988296330000082,18.766324860000054]},"properties":{"OBJECTID":295,"idx":1335,"POINT_Y":18.766324860000001,"POINT_X":98.988296329999997,"name":"ถนนมหิดล","kom":0,"kalae":1,"text_lanna":0,"total_detect":1}},{"type":"Feature","id":296,"geometry":{"type":"Point","coordinates":[98.989019040000073,18.766083070000036]},"properties":{"OBJECTID":296,"idx":1339,"POINT_Y":18.766083070000001,"POINT_X":98.989019040000002,"name":"ถนนมหิดล","kom":0,"kalae":0,"text_lanna":1,"total_detect":1}},{"type":"Feature","id":297,"geometry":{"type":"Point","coordinates":[98.989735620000033,18.765844630000061]},"properties":{"OBJECTID":297,"idx":1343,"POINT_Y":18.76584463,"POINT_X":98.989735620000005,"name":"ถนนมหิดล","kom":4,"kalae":0,"text_lanna":0,"total_detect":4}},{"type":"Feature","id":298,"geometry":{"type":"Point","coordinates":[98.991831910000087,18.764702710000051]},"properties":{"OBJECTID":298,"idx":1352,"POINT_Y":18.764702710000002,"POINT_X":98.991831910000002,"name":"ถนนมหิดล","kom":2,"kalae":0,"text_lanna":0,"total_detect":2}},{"type":"Feature","id":299,"geometry":{"type":"Point","coordinates":[98.99197692000007,18.764586120000047]},"properties":{"OBJECTID":299,"idx":1353,"POINT_Y":18.764586120000001,"POINT_X":98.991976919999999,"name":"ถนนมหิดล","kom":0,"kalae":1,"text_lanna":0,"total_detect":1}},{"type":"Feature","id":300,"geometry":{"type":"Point","coordinates":[98.992121920000045,18.764469520000034]},"properties":{"OBJECTID":300,"idx":1354,"POINT_Y":18.764469519999999,"POINT_X":98.992121920000002,"name":"ถนนมหิดล","kom":0,"kalae":1,"text_lanna":0,"total_detect":1}},{"type":"Feature","id":301,"geometry":{"type":"Point","coordinates":[98.992483780000043,18.764174850000074]},"properties":{"OBJECTID":301,"idx":1356,"POINT_Y":18.76417485,"POINT_X":98.992483780000001,"name":"ถนนมหิดล","kom":1,"kalae":0,"text_lanna":0,"total_detect":1}},{"type":"Feature","id":302,"geometry":{"type":"Point","coordinates":[98.992723820000037,18.763980280000055]},"properties":{"OBJECTID":302,"idx":1357,"POINT_Y":18.763980279999998,"POINT_X":98.992723819999995,"name":"ถนนมหิดล","kom":0,"kalae":2,"text_lanna":0,"total_detect":2}},{"type":"Feature","id":303,"geometry":{"type":"Point","coordinates":[99.024446170000033,18.762811130000046]},"properties":{"OBJECTID":303,"idx":1368,"POINT_Y":18.762811129999999,"POINT_X":99.024446170000004,"name":"ถนนมหิดล","kom":0,"kalae":0,"text_lanna":1,"total_detect":1}},{"type":"Feature","id":304,"geometry":{"type":"Point","coordinates":[99.023088600000051,18.762325590000046]},"properties":{"OBJECTID":304,"idx":1374,"POINT_Y":18.76232559,"POINT_X":99.023088599999994,"name":"ถนนมหิดล","kom":0,"kalae":2,"text_lanna":0,"total_detect":2}},{"type":"Feature","id":305,"geometry":{"type":"Point","coordinates":[99.022759610000037,18.762203530000022]},"properties":{"OBJECTID":305,"idx":1375,"POINT_Y":18.762203530000001,"POINT_X":99.022759609999994,"name":"ถนนมหิดล","kom":2,"kalae":0,"text_lanna":0,"total_detect":2}},{"type":"Feature","id":306,"geometry":{"type":"Point","coordinates":[98.987020880000046,18.766620660000058]},"properties":{"OBJECTID":306,"idx":1379,"POINT_Y":18.766620660000001,"POINT_X":98.987020880000003,"name":"ถนนมหิดล","kom":1,"kalae":0,"text_lanna":0,"total_detect":1}},{"type":"Feature","id":307,"geometry":{"type":"Point","coordinates":[98.986577200000056,18.766765980000059]},"properties":{"OBJECTID":307,"idx":1381,"POINT_Y":18.766765979999999,"POINT_X":98.986577199999999,"name":"ถนนมหิดล","kom":1,"kalae":0,"text_lanna":0,"total_detect":1}},{"type":"Feature","id":308,"geometry":{"type":"Point","coordinates":[98.986397650000072,18.766824470000074]},"properties":{"OBJECTID":308,"idx":1382,"POINT_Y":18.76682447,"POINT_X":98.986397650000001,"name":"ถนนมหิดล","kom":1,"kalae":0,"text_lanna":0,"total_detect":1}},{"type":"Feature","id":309,"geometry":{"type":"Point","coordinates":[98.98509166000008,18.767246700000044]},"properties":{"OBJECTID":309,"idx":1388,"POINT_Y":18.767246700000001,"POINT_X":98.985091659999995,"name":"ถนนมหิดล","kom":1,"kalae":0,"text_lanna":0,"total_detect":1}},{"type":"Feature","id":310,"geometry":{"type":"Point","coordinates":[98.984679550000067,18.767355870000074]},"properties":{"OBJECTID":310,"idx":1390,"POINT_Y":18.767355869999999,"POINT_X":98.984679549999996,"name":"ถนนมหิดล","kom":0,"kalae":6,"text_lanna":0,"total_detect":6}},{"type":"Feature","id":311,"geometry":{"type":"Point","coordinates":[98.984496420000085,18.767403250000029]},"properties":{"OBJECTID":311,"idx":1391,"POINT_Y":18.767403250000001,"POINT_X":98.984496419999999,"name":"ถนนมหิดล","kom":0,"kalae":1,"text_lanna":0,"total_detect":1}},{"type":"Feature","id":312,"geometry":{"type":"Point","coordinates":[98.984244620000084,18.767454660000055]},"properties":{"OBJECTID":312,"idx":1392,"POINT_Y":18.767454659999999,"POINT_X":98.984244619999998,"name":"ถนนมหิดล","kom":0,"kalae":0,"text_lanna":1,"total_detect":1}},{"type":"Feature","id":313,"geometry":{"type":"Point","coordinates":[98.983143230000053,18.767642340000066]},"properties":{"OBJECTID":313,"idx":1397,"POINT_Y":18.767642339999998,"POINT_X":98.983143229999996,"name":"ถนนมหิดล","kom":0,"kalae":3,"text_lanna":0,"total_detect":3}},{"type":"Feature","id":314,"geometry":{"type":"Point","coordinates":[98.982902810000041,18.767677830000025]},"properties":{"OBJECTID":314,"idx":1398,"POINT_Y":18.76767783,"POINT_X":98.982902809999999,"name":"ถนนมหิดล","kom":0,"kalae":2,"text_lanna":0,"total_detect":2}},{"type":"Feature","id":315,"geometry":{"type":"Point","coordinates":[98.982715210000038,18.767705070000034]},"properties":{"OBJECTID":315,"idx":1399,"POINT_Y":18.767705070000002,"POINT_X":98.982715209999995,"name":"ถนนมหิดล","kom":0,"kalae":0,"text_lanna":1,"total_detect":1}},{"type":"Feature","id":316,"geometry":{"type":"Point","coordinates":[98.982024920000072,18.767803380000032]},"properties":{"OBJECTID":316,"idx":1402,"POINT_Y":18.76780338,"POINT_X":98.982024920000001,"name":"ถนนมหิดล","kom":0,"kalae":1,"text_lanna":0,"total_detect":1}},{"type":"Feature","id":317,"geometry":{"type":"Point","coordinates":[98.993049320000068,18.763548230000026]},"properties":{"OBJECTID":317,"idx":1408,"POINT_Y":18.763548230000001,"POINT_X":98.993049319999997,"name":"ถนนมหิดล","kom":3,"kalae":0,"text_lanna":0,"total_detect":3}},{"type":"Feature","id":318,"geometry":{"type":"Point","coordinates":[98.992545790000065,18.763962420000041]},"properties":{"OBJECTID":318,"idx":1411,"POINT_Y":18.763962419999999,"POINT_X":98.992545789999994,"name":"ถนนมหิดล","kom":6,"kalae":0,"text_lanna":0,"total_detect":6}},{"type":"Feature","id":319,"geometry":{"type":"Point","coordinates":[98.991774710000072,18.764594270000032]},"properties":{"OBJECTID":319,"idx":1415,"POINT_Y":18.76459427,"POINT_X":98.991774710000001,"name":"ถนนมหิดล","kom":6,"kalae":0,"text_lanna":0,"total_detect":6}},{"type":"Feature","id":320,"geometry":{"type":"Point","coordinates":[98.991629420000038,18.764710540000067]},"properties":{"OBJECTID":320,"idx":1416,"POINT_Y":18.764710539999999,"POINT_X":98.991629419999995,"name":"ถนนมหิดล","kom":0,"kalae":1,"text_lanna":0,"total_detect":1}},{"type":"Feature","id":321,"geometry":{"type":"Point","coordinates":[98.990725410000039,18.76530377000006]},"properties":{"OBJECTID":321,"idx":1420,"POINT_Y":18.765303769999999,"POINT_X":98.990725409999996,"name":"ถนนมหิดล","kom":0,"kalae":1,"text_lanna":0,"total_detect":1}},{"type":"Feature","id":322,"geometry":{"type":"Point","coordinates":[99.008257780000065,18.760089510000057]},"properties":{"OBJECTID":322,"idx":1436,"POINT_Y":18.76008951,"POINT_X":99.008257779999994,"name":null,"kom":2,"kalae":0,"text_lanna":0,"total_detect":2}},{"type":"Feature","id":323,"geometry":{"type":"Point","coordinates":[99.007852100000036,18.760026340000024]},"properties":{"OBJECTID":323,"idx":1438,"POINT_Y":18.76002634,"POINT_X":99.007852099999994,"name":null,"kom":0,"kalae":0,"text_lanna":2,"total_detect":2}},{"type":"Feature","id":324,"geometry":{"type":"Point","coordinates":[99.007480310000062,18.75995381000007]},"properties":{"OBJECTID":324,"idx":1440,"POINT_Y":18.759953809999999,"POINT_X":99.007480310000005,"name":null,"kom":0,"kalae":2,"text_lanna":0,"total_detect":2}},{"type":"Feature","id":325,"geometry":{"type":"Point","coordinates":[99.009376330000066,18.761468190000073]},"properties":{"OBJECTID":325,"idx":1447,"POINT_Y":18.761468189999999,"POINT_X":99.009376329999995,"name":null,"kom":0,"kalae":0,"text_lanna":1,"total_detect":1}},{"type":"Feature","id":326,"geometry":{"type":"Point","coordinates":[99.012218500000074,18.769110340000054]},"properties":{"OBJECTID":326,"idx":1460,"POINT_Y":18.769110340000001,"POINT_X":99.012218500000003,"name":null,"kom":1,"kalae":0,"text_lanna":0,"total_detect":1}},{"type":"Feature","id":327,"geometry":{"type":"Point","coordinates":[99.012217600000042,18.768929590000027]},"properties":{"OBJECTID":327,"idx":1461,"POINT_Y":18.768929589999999,"POINT_X":99.0122176,"name":null,"kom":0,"kalae":0,"text_lanna":1,"total_detect":1}},{"type":"Feature","id":328,"geometry":{"type":"Point","coordinates":[99.012215800000035,18.768568080000023]},"properties":{"OBJECTID":328,"idx":1463,"POINT_Y":18.768568080000001,"POINT_X":99.012215800000007,"name":null,"kom":0,"kalae":0,"text_lanna":1,"total_detect":1}},{"type":"Feature","id":329,"geometry":{"type":"Point","coordinates":[99.012221370000077,18.768247240000051]},"properties":{"OBJECTID":329,"idx":1464,"POINT_Y":18.768247240000001,"POINT_X":99.012221370000006,"name":null,"kom":0,"kalae":0,"text_lanna":1,"total_detect":1}},{"type":"Feature","id":330,"geometry":{"type":"Point","coordinates":[99.012252390000072,18.767600750000042]},"properties":{"OBJECTID":330,"idx":1467,"POINT_Y":18.76760075,"POINT_X":99.01225239,"name":null,"kom":0,"kalae":1,"text_lanna":1,"total_detect":2}},{"type":"Feature","id":331,"geometry":{"type":"Point","coordinates":[99.011631320000049,18.771379990000071]},"properties":{"OBJECTID":331,"idx":1473,"POINT_Y":18.77137999,"POINT_X":99.011631320000006,"name":"ถนนราษฎร์อุทิศ ซอย 6","kom":0,"kalae":2,"text_lanna":0,"total_detect":2}},{"type":"Feature","id":332,"geometry":{"type":"Point","coordinates":[99.010878450000064,18.77343546000003]},"properties":{"OBJECTID":332,"idx":1482,"POINT_Y":18.773435460000002,"POINT_X":99.010878450000007,"name":"ถนนราษฎร์อุทิศ ซอย 6","kom":0,"kalae":2,"text_lanna":0,"total_detect":2}},{"type":"Feature","id":333,"geometry":{"type":"Point","coordinates":[99.010772370000041,18.773585340000068]},"properties":{"OBJECTID":333,"idx":1483,"POINT_Y":18.77358534,"POINT_X":99.010772369999998,"name":"ถนนราษฎร์อุทิศ ซอย 6","kom":0,"kalae":2,"text_lanna":0,"total_detect":2}},{"type":"Feature","id":334,"geometry":{"type":"Point","coordinates":[99.010654880000061,18.773762040000065]},"properties":{"OBJECTID":334,"idx":1484,"POINT_Y":18.773762040000001,"POINT_X":99.010654880000004,"name":"ถนนราษฎร์อุทิศ ซอย 6","kom":0,"kalae":1,"text_lanna":1,"total_detect":2}},{"type":"Feature","id":335,"geometry":{"type":"Point","coordinates":[99.017897450000078,18.785410820000038]},"properties":{"OBJECTID":335,"idx":1487,"POINT_Y":18.785410819999999,"POINT_X":99.017897450000007,"name":"ถนน ทุ่งโฮเต็ล","kom":0,"kalae":2,"text_lanna":0,"total_detect":2}},{"type":"Feature","id":336,"geometry":{"type":"Point","coordinates":[99.017901100000074,18.785591550000049]},"properties":{"OBJECTID":336,"idx":1488,"POINT_Y":18.785591549999999,"POINT_X":99.017901100000003,"name":"ถนน ทุ่งโฮเต็ล","kom":1,"kalae":0,"text_lanna":2,"total_detect":3}},{"type":"Feature","id":337,"geometry":{"type":"Point","coordinates":[99.017919360000064,18.786495170000023]},"properties":{"OBJECTID":337,"idx":1493,"POINT_Y":18.786495169999998,"POINT_X":99.017919359999993,"name":"ถนน ทุ่งโฮเต็ล","kom":0,"kalae":1,"text_lanna":0,"total_detect":1}},{"type":"Feature","id":338,"geometry":{"type":"Point","coordinates":[99.017917900000043,18.78684590000006]},"properties":{"OBJECTID":338,"idx":1494,"POINT_Y":18.786845899999999,"POINT_X":99.0179179,"name":"ถนน ทุ่งโฮเต็ล","kom":0,"kalae":1,"text_lanna":0,"total_detect":1}},{"type":"Feature","id":339,"geometry":{"type":"Point","coordinates":[99.013378260000081,18.800863130000039]},"properties":{"OBJECTID":339,"idx":1496,"POINT_Y":18.80086313,"POINT_X":99.013378259999996,"name":"ถนน รัตนโกสินทร์","kom":1,"kalae":0,"text_lanna":0,"total_detect":1}},{"type":"Feature","id":340,"geometry":{"type":"Point","coordinates":[99.013150180000082,18.801117960000056]},"properties":{"OBJECTID":340,"idx":1497,"POINT_Y":18.801117959999999,"POINT_X":99.013150179999997,"name":"ถนน รัตนโกสินทร์","kom":0,"kalae":1,"text_lanna":0,"total_detect":1}},{"type":"Feature","id":341,"geometry":{"type":"Point","coordinates":[99.01118469000005,18.803763760000038]},"properties":{"OBJECTID":341,"idx":1507,"POINT_Y":18.803763759999999,"POINT_X":99.011184689999993,"name":"ถนนรัตนโกสินทร์ ซอย1","kom":2,"kalae":0,"text_lanna":0,"total_detect":2}},{"type":"Feature","id":342,"geometry":{"type":"Point","coordinates":[99.009685420000039,18.801838270000076]},"properties":{"OBJECTID":342,"idx":1514,"POINT_Y":18.801838270000001,"POINT_X":99.009685419999997,"name":"ถนนรัตนโกสินทร์ ซอย1","kom":14,"kalae":0,"text_lanna":0,"total_detect":14}},{"type":"Feature","id":343,"geometry":{"type":"Point","coordinates":[99.015537390000077,18.802617350000048]},"properties":{"OBJECTID":343,"idx":1520,"POINT_Y":18.802617349999998,"POINT_X":99.015537390000006,"name":"แก้วนวรัฐ ซอย 6","kom":1,"kalae":0,"text_lanna":0,"total_detect":1}},{"type":"Feature","id":344,"geometry":{"type":"Point","coordinates":[99.014424190000057,18.803391260000069]},"properties":{"OBJECTID":344,"idx":1525,"POINT_Y":18.803391260000001,"POINT_X":99.01442419,"name":"แก้วนวรัฐ ซอย 6","kom":4,"kalae":0,"text_lanna":0,"total_detect":4}},{"type":"Feature","id":345,"geometry":{"type":"Point","coordinates":[99.01520424000006,18.805013230000043]},"properties":{"OBJECTID":345,"idx":1541,"POINT_Y":18.80501323,"POINT_X":99.015204240000003,"name":null,"kom":0,"kalae":1,"text_lanna":0,"total_detect":1}},{"type":"Feature","id":346,"geometry":{"type":"Point","coordinates":[99.014372820000062,18.806026320000058]},"properties":{"OBJECTID":346,"idx":1545,"POINT_Y":18.806026320000001,"POINT_X":99.014372820000006,"name":null,"kom":0,"kalae":2,"text_lanna":0,"total_detect":2}},{"type":"Feature","id":347,"geometry":{"type":"Point","coordinates":[99.014509560000079,18.805900950000023]},"properties":{"OBJECTID":347,"idx":1546,"POINT_Y":18.805900950000002,"POINT_X":99.014509559999993,"name":null,"kom":6,"kalae":1,"text_lanna":0,"total_detect":7}},{"type":"Feature","id":348,"geometry":{"type":"Point","coordinates":[99.014783040000054,18.805650230000026]},"properties":{"OBJECTID":348,"idx":1548,"POINT_Y":18.805650230000001,"POINT_X":99.014783039999998,"name":null,"kom":0,"kalae":1,"text_lanna":0,"total_detect":1}},{"type":"Feature","id":349,"geometry":{"type":"Point","coordinates":[99.013866090000079,18.806299000000024]},"properties":{"OBJECTID":349,"idx":1554,"POINT_Y":18.806298999999999,"POINT_X":99.013866089999993,"name":null,"kom":0,"kalae":2,"text_lanna":0,"total_detect":2}},{"type":"Feature","id":350,"geometry":{"type":"Point","coordinates":[99.014373040000066,18.80529942000004]},"properties":{"OBJECTID":350,"idx":1558,"POINT_Y":18.805299420000001,"POINT_X":99.014373039999995,"name":null,"kom":0,"kalae":2,"text_lanna":0,"total_detect":2}},{"type":"Feature","id":351,"geometry":{"type":"Point","coordinates":[98.998074330000065,18.789860780000026]},"properties":{"OBJECTID":351,"idx":1568,"POINT_Y":18.789860780000001,"POINT_X":98.998074329999994,"name":"Sittiwong","kom":0,"kalae":1,"text_lanna":0,"total_detect":1}},{"type":"Feature","id":352,"geometry":{"type":"Point","coordinates":[98.997767030000034,18.790092170000037]},"properties":{"OBJECTID":352,"idx":1570,"POINT_Y":18.790092170000001,"POINT_X":98.997767030000006,"name":"Sittiwong","kom":2,"kalae":1,"text_lanna":0,"total_detect":3}},{"type":"Feature","id":353,"geometry":{"type":"Point","coordinates":[99.000184430000047,18.788782770000068]},"properties":{"OBJECTID":353,"idx":1576,"POINT_Y":18.788782770000001,"POINT_X":99.000184430000004,"name":"ถนนข่วงเมรุ","kom":2,"kalae":0,"text_lanna":0,"total_detect":2}},{"type":"Feature","id":354,"geometry":{"type":"Point","coordinates":[99.00038864000004,18.789679040000067]},"properties":{"OBJECTID":354,"idx":1580,"POINT_Y":18.789679039999999,"POINT_X":99.000388639999997,"name":"ถนนข่วงเมรุ","kom":2,"kalae":0,"text_lanna":0,"total_detect":2}},{"type":"Feature","id":355,"geometry":{"type":"Point","coordinates":[99.000218320000045,18.790002120000054]},"properties":{"OBJECTID":355,"idx":1582,"POINT_Y":18.79000212,"POINT_X":99.000218320000002,"name":"ถนนข่วงเมรุ","kom":3,"kalae":2,"text_lanna":1,"total_detect":6}},{"type":"Feature","id":356,"geometry":{"type":"Point","coordinates":[98.999034340000037,18.799017610000078]},"properties":{"OBJECTID":356,"idx":1589,"POINT_Y":18.79901761,"POINT_X":98.999034339999994,"name":"ถนนวังสิงห์คำ ซอย 1","kom":0,"kalae":4,"text_lanna":0,"total_detect":4}},{"type":"Feature","id":357,"geometry":{"type":"Point","coordinates":[98.999339510000084,18.798947610000027]},"properties":{"OBJECTID":357,"idx":1590,"POINT_Y":18.798947609999999,"POINT_X":98.999339509999999,"name":"ถนนวังสิงห์คำ ซอย 1","kom":0,"kalae":2,"text_lanna":0,"total_detect":2}},{"type":"Feature","id":358,"geometry":{"type":"Point","coordinates":[98.999826230000053,18.798689630000069]},"properties":{"OBJECTID":358,"idx":1592,"POINT_Y":18.798689629999998,"POINT_X":98.999826229999996,"name":"ถนนวังสิงห์คำ ซอย 1","kom":0,"kalae":2,"text_lanna":0,"total_detect":2}},{"type":"Feature","id":359,"geometry":{"type":"Point","coordinates":[98.999971470000048,18.798573260000069]},"properties":{"OBJECTID":359,"idx":1593,"POINT_Y":18.798573260000001,"POINT_X":98.999971470000006,"name":"ถนนวังสิงห์คำ ซอย 1","kom":0,"kalae":1,"text_lanna":0,"total_detect":1}},{"type":"Feature","id":360,"geometry":{"type":"Point","coordinates":[99.000116700000035,18.798456890000068]},"properties":{"OBJECTID":360,"idx":1594,"POINT_Y":18.798456890000001,"POINT_X":99.000116700000007,"name":"ถนนวังสิงห์คำ ซอย 1","kom":2,"kalae":2,"text_lanna":0,"total_detect":4}},{"type":"Feature","id":361,"geometry":{"type":"Point","coordinates":[99.000261930000079,18.798340520000067]},"properties":{"OBJECTID":361,"idx":1595,"POINT_Y":18.79834052,"POINT_X":99.000261929999994,"name":"ถนนวังสิงห์คำ ซอย 1","kom":0,"kalae":2,"text_lanna":0,"total_detect":2}},{"type":"Feature","id":362,"geometry":{"type":"Point","coordinates":[98.99689815000005,18.786241800000028]},"properties":{"OBJECTID":362,"idx":1604,"POINT_Y":18.786241799999999,"POINT_X":98.996898150000007,"name":"ถนน ท่าแพ ซอย 3","kom":0,"kalae":0,"text_lanna":1,"total_detect":1}},{"type":"Feature","id":363,"geometry":{"type":"Point","coordinates":[98.996851790000051,18.786053410000022]},"properties":{"OBJECTID":363,"idx":1605,"POINT_Y":18.786053410000001,"POINT_X":98.996851789999994,"name":"ถนน ท่าแพ ซอย 3","kom":1,"kalae":0,"text_lanna":0,"total_detect":1}},{"type":"Feature","id":364,"geometry":{"type":"Point","coordinates":[98.996020340000086,18.78919097000005]},"properties":{"OBJECTID":364,"idx":1613,"POINT_Y":18.78919097,"POINT_X":98.996020340000001,"name":"ถนนช้างม่อย ซอย 2","kom":2,"kalae":2,"text_lanna":0,"total_detect":4}},{"type":"Feature","id":365,"geometry":{"type":"Point","coordinates":[99.006931210000062,18.788454830000035]},"properties":{"OBJECTID":365,"idx":1618,"POINT_Y":18.788454829999999,"POINT_X":99.006931210000005,"name":"ถนนเจริญเมือง ซอย 2","kom":0,"kalae":1,"text_lanna":0,"total_detect":1}},{"type":"Feature","id":366,"geometry":{"type":"Point","coordinates":[99.007233380000059,18.791219180000041]},"properties":{"OBJECTID":366,"idx":1624,"POINT_Y":18.791219179999999,"POINT_X":99.007233380000002,"name":"หน้าวัดเกตุซอย 1","kom":0,"kalae":1,"text_lanna":0,"total_detect":1}},{"type":"Feature","id":367,"geometry":{"type":"Point","coordinates":[99.005535370000075,18.792433860000074]},"properties":{"OBJECTID":367,"idx":1631,"POINT_Y":18.792433859999999,"POINT_X":99.005535370000004,"name":"หน้าวัดเกตุซอย 1","kom":1,"kalae":0,"text_lanna":0,"total_detect":1}},{"type":"Feature","id":368,"geometry":{"type":"Point","coordinates":[99.004867510000054,18.792389100000037]},"properties":{"OBJECTID":368,"idx":1633,"POINT_Y":18.792389100000001,"POINT_X":99.004867509999997,"name":"หน้าวัดเกตุซอย 1","kom":0,"kalae":2,"text_lanna":0,"total_detect":2}},{"type":"Feature","id":369,"geometry":{"type":"Point","coordinates":[99.004324240000074,18.792226810000045]},"properties":{"OBJECTID":369,"idx":1636,"POINT_Y":18.792226809999999,"POINT_X":99.004324240000003,"name":"หน้าวัดเกตุซอย 1","kom":2,"kalae":0,"text_lanna":0,"total_detect":2}},{"type":"Feature","id":370,"geometry":{"type":"Point","coordinates":[99.004427720000081,18.809778340000037]},"properties":{"OBJECTID":370,"idx":1640,"POINT_Y":18.809778340000001,"POINT_X":99.004427719999995,"name":null,"kom":2,"kalae":0,"text_lanna":0,"total_detect":2}},{"type":"Feature","id":371,"geometry":{"type":"Point","coordinates":[99.00448182000008,18.810280120000073]},"properties":{"OBJECTID":371,"idx":1644,"POINT_Y":18.810280120000002,"POINT_X":99.004481819999995,"name":null,"kom":0,"kalae":0,"text_lanna":2,"total_detect":2}},{"type":"Feature","id":372,"geometry":{"type":"Point","coordinates":[98.98501372000004,18.794216520000077]},"properties":{"OBJECTID":372,"idx":1646,"POINT_Y":18.794216519999999,"POINT_X":98.985013719999998,"name":"ถนนศรีภูมิ ซอย 6","kom":0,"kalae":1,"text_lanna":0,"total_detect":1}},{"type":"Feature","id":373,"geometry":{"type":"Point","coordinates":[98.984992440000042,18.79439614000006]},"properties":{"OBJECTID":373,"idx":1647,"POINT_Y":18.79439614,"POINT_X":98.984992439999999,"name":"ถนนศรีภูมิ ซอย 6","kom":0,"kalae":0,"text_lanna":1,"total_detect":1}},{"type":"Feature","id":374,"geometry":{"type":"Point","coordinates":[98.985911890000068,18.794268790000046]},"properties":{"OBJECTID":374,"idx":1653,"POINT_Y":18.79426879,"POINT_X":98.985911889999997,"name":"ถนนศรีภูมิ ซอย 4","kom":1,"kalae":0,"text_lanna":0,"total_detect":1}},{"type":"Feature","id":375,"geometry":{"type":"Point","coordinates":[98.984335800000053,18.794495100000063]},"properties":{"OBJECTID":375,"idx":1655,"POINT_Y":18.794495099999999,"POINT_X":98.984335799999997,"name":"ถนนศรีภูมิ ซอย7","kom":0,"kalae":1,"text_lanna":0,"total_detect":1}},{"type":"Feature","id":376,"geometry":{"type":"Point","coordinates":[98.97895249000004,18.794508800000074]},"properties":{"OBJECTID":376,"idx":1660,"POINT_Y":18.794508799999999,"POINT_X":98.978952489999998,"name":"ถนนอารักษ์ ซอย 1","kom":0,"kalae":1,"text_lanna":0,"total_detect":1}},{"type":"Feature","id":377,"geometry":{"type":"Point","coordinates":[98.979458160000036,18.793567430000053]},"properties":{"OBJECTID":377,"idx":1666,"POINT_Y":18.79356743,"POINT_X":98.979458159999993,"name":"ถนนอารักษ์ ซอย 1","kom":0,"kalae":2,"text_lanna":0,"total_detect":2}},{"type":"Feature","id":378,"geometry":{"type":"Point","coordinates":[98.979578890000084,18.793500330000029]},"properties":{"OBJECTID":378,"idx":1674,"POINT_Y":18.793500330000001,"POINT_X":98.979578889999999,"name":"ถนนอารักษ์ ซอย 2","kom":0,"kalae":1,"text_lanna":0,"total_detect":1}},{"type":"Feature","id":379,"geometry":{"type":"Point","coordinates":[98.978567840000039,18.793505090000053]},"properties":{"OBJECTID":379,"idx":1678,"POINT_Y":18.79350509,"POINT_X":98.978567839999997,"name":"ถนนอารักษ์ ซอย 2","kom":0,"kalae":1,"text_lanna":0,"total_detect":1}},{"type":"Feature","id":380,"geometry":{"type":"Point","coordinates":[98.967817230000037,18.788932700000032]},"properties":{"OBJECTID":380,"idx":1695,"POINT_Y":18.7889327,"POINT_X":98.967817229999994,"name":null,"kom":0,"kalae":1,"text_lanna":0,"total_detect":1}},{"type":"Feature","id":381,"geometry":{"type":"Point","coordinates":[98.949559040000054,18.79430780000007]},"properties":{"OBJECTID":381,"idx":1698,"POINT_Y":18.794307799999999,"POINT_X":98.949559039999997,"name":"ถนนสุเทพ","kom":4,"kalae":0,"text_lanna":0,"total_detect":4}},{"type":"Feature","id":382,"geometry":{"type":"Point","coordinates":[98.950182260000076,18.794193930000063]},"properties":{"OBJECTID":382,"idx":1701,"POINT_Y":18.794193929999999,"POINT_X":98.950182260000005,"name":"ถนนสุเทพ","kom":0,"kalae":0,"text_lanna":1,"total_detect":1}},{"type":"Feature","id":383,"geometry":{"type":"Point","coordinates":[98.950561060000041,18.794109070000047]},"properties":{"OBJECTID":383,"idx":1702,"POINT_Y":18.794109070000001,"POINT_X":98.950561059999998,"name":"ถนนสุเทพ","kom":0,"kalae":1,"text_lanna":0,"total_detect":1}},{"type":"Feature","id":384,"geometry":{"type":"Point","coordinates":[98.950926520000053,18.794016000000056]},"properties":{"OBJECTID":384,"idx":1703,"POINT_Y":18.794015999999999,"POINT_X":98.950926519999996,"name":"ถนนสุเทพ","kom":1,"kalae":0,"text_lanna":0,"total_detect":1}},{"type":"Feature","id":385,"geometry":{"type":"Point","coordinates":[98.951436370000067,18.793871700000068]},"properties":{"OBJECTID":385,"idx":1705,"POINT_Y":18.7938717,"POINT_X":98.951436369999996,"name":"ถนนสุเทพ","kom":0,"kalae":1,"text_lanna":0,"total_detect":1}},{"type":"Feature","id":386,"geometry":{"type":"Point","coordinates":[98.94823260000004,18.796901990000038]},"properties":{"OBJECTID":386,"idx":1717,"POINT_Y":18.796901989999999,"POINT_X":98.948232599999997,"name":"ซอย ๑๐ เชิงดอย","kom":0,"kalae":10,"text_lanna":1,"total_detect":11}},{"type":"Feature","id":387,"geometry":{"type":"Point","coordinates":[98.948491080000053,18.796212830000059]},"properties":{"OBJECTID":387,"idx":1720,"POINT_Y":18.796212830000002,"POINT_X":98.948491079999997,"name":"ซอย ๑๐ เชิงดอย","kom":0,"kalae":1,"text_lanna":0,"total_detect":1}},{"type":"Feature","id":388,"geometry":{"type":"Point","coordinates":[98.954717540000047,18.801582910000036]},"properties":{"OBJECTID":388,"idx":1735,"POINT_Y":18.80158291,"POINT_X":98.954717540000004,"name":null,"kom":0,"kalae":1,"text_lanna":0,"total_detect":1}},{"type":"Feature","id":389,"geometry":{"type":"Point","coordinates":[98.995630580000068,18.794562160000055]},"properties":{"OBJECTID":389,"idx":1736,"POINT_Y":18.794562160000002,"POINT_X":98.995630579999997,"name":"ถนนราชวงศ์ ซอย 3","kom":0,"kalae":0,"text_lanna":1,"total_detect":1}},{"type":"Feature","id":390,"geometry":{"type":"Point","coordinates":[98.995705980000082,18.794195330000036]},"properties":{"OBJECTID":390,"idx":1738,"POINT_Y":18.794195330000001,"POINT_X":98.995705979999997,"name":"ถนนราชวงศ์ ซอย 3","kom":0,"kalae":0,"text_lanna":1,"total_detect":1}},{"type":"Feature","id":391,"geometry":{"type":"Point","coordinates":[98.995742460000088,18.79401794000006]},"properties":{"OBJECTID":391,"idx":1739,"POINT_Y":18.79401794,"POINT_X":98.995742460000002,"name":"ถนนราชวงศ์ ซอย 3","kom":0,"kalae":2,"text_lanna":0,"total_detect":2}},{"type":"Feature","id":392,"geometry":{"type":"Point","coordinates":[98.995815440000058,18.793663170000059]},"properties":{"OBJECTID":392,"idx":1741,"POINT_Y":18.793663169999999,"POINT_X":98.995815440000001,"name":"ถนนราชวงศ์ ซอย 3","kom":0,"kalae":0,"text_lanna":1,"total_detect":1}},{"type":"Feature","id":393,"geometry":{"type":"Point","coordinates":[98.996026770000071,18.792733590000068]},"properties":{"OBJECTID":393,"idx":1744,"POINT_Y":18.792733590000001,"POINT_X":98.99602677,"name":"ถนนราชวงศ์ ซอย 3","kom":0,"kalae":1,"text_lanna":0,"total_detect":1}},{"type":"Feature","id":394,"geometry":{"type":"Point","coordinates":[98.994992140000079,18.784481970000058]},"properties":{"OBJECTID":394,"idx":1752,"POINT_Y":18.784481970000002,"POINT_X":98.994992139999994,"name":"ถนนลอยเคาะห์ ซอย 1","kom":0,"kalae":1,"text_lanna":0,"total_detect":1}},{"type":"Feature","id":395,"geometry":{"type":"Point","coordinates":[98.994954120000045,18.783578430000034]},"properties":{"OBJECTID":395,"idx":1754,"POINT_Y":18.783578429999999,"POINT_X":98.994954120000003,"name":"ถนนลอยเคาะห์ ซอย 1","kom":32,"kalae":0,"text_lanna":0,"total_detect":32}},{"type":"Feature","id":396,"geometry":{"type":"Point","coordinates":[98.995266790000073,18.782700120000072]},"properties":{"OBJECTID":396,"idx":1757,"POINT_Y":18.782700120000001,"POINT_X":98.995266790000002,"name":"ถนนลอยเคาะห์ ซอย 1","kom":0,"kalae":0,"text_lanna":1,"total_detect":1}},{"type":"Feature","id":397,"geometry":{"type":"Point","coordinates":[98.994824050000034,18.781668950000039]},"properties":{"OBJECTID":397,"idx":1760,"POINT_Y":18.78166895,"POINT_X":98.994824050000005,"name":"ถนนลอยเคราะห์2","kom":0,"kalae":2,"text_lanna":0,"total_detect":2}},{"type":"Feature","id":398,"geometry":{"type":"Point","coordinates":[98.99516009000007,18.782566820000056]},"properties":{"OBJECTID":398,"idx":1763,"POINT_Y":18.78256682,"POINT_X":98.995160089999999,"name":"ถนนลอยเคราะห์2","kom":0,"kalae":0,"text_lanna":1,"total_detect":1}},{"type":"Feature","id":399,"geometry":{"type":"Point","coordinates":[98.995384260000037,18.782842370000026]},"properties":{"OBJECTID":399,"idx":1764,"POINT_Y":18.782842370000001,"POINT_X":98.995384259999994,"name":"ถนนลอยเคราะห์2","kom":0,"kalae":0,"text_lanna":1,"total_detect":1}},{"type":"Feature","id":400,"geometry":{"type":"Point","coordinates":[98.995971410000038,18.783900320000043]},"properties":{"OBJECTID":400,"idx":1769,"POINT_Y":18.783900320000001,"POINT_X":98.995971409999996,"name":"ถนนลอยเคราะห์2","kom":0,"kalae":1,"text_lanna":0,"total_detect":1}},{"type":"Feature","id":401,"geometry":{"type":"Point","coordinates":[98.996061710000049,18.784155380000072]},"properties":{"OBJECTID":401,"idx":1770,"POINT_Y":18.784155380000001,"POINT_X":98.996061710000006,"name":"ถนนลอยเคราะห์2","kom":1,"kalae":0,"text_lanna":0,"total_detect":1}},{"type":"Feature","id":402,"geometry":{"type":"Point","coordinates":[98.994178520000048,18.779965350000055]},"properties":{"OBJECTID":402,"idx":1783,"POINT_Y":18.779965350000001,"POINT_X":98.994178520000006,"name":"ถนน ระแกง 2","kom":0,"kalae":3,"text_lanna":0,"total_detect":3}},{"type":"Feature","id":403,"geometry":{"type":"Point","coordinates":[98.995254320000072,18.778251680000039]},"properties":{"OBJECTID":403,"idx":1785,"POINT_Y":18.77825168,"POINT_X":98.995254320000001,"name":"ถนน ระแกง 2 ก","kom":0,"kalae":0,"text_lanna":1,"total_detect":1}},{"type":"Feature","id":404,"geometry":{"type":"Point","coordinates":[98.995596700000078,18.778816670000026]},"properties":{"OBJECTID":404,"idx":1788,"POINT_Y":18.778816670000001,"POINT_X":98.995596699999993,"name":"ถนน ระแกง 2 ก","kom":0,"kalae":1,"text_lanna":0,"total_detect":1}},{"type":"Feature","id":405,"geometry":{"type":"Point","coordinates":[98.995576120000067,18.779611930000044]},"properties":{"OBJECTID":405,"idx":1789,"POINT_Y":18.779611930000002,"POINT_X":98.995576119999996,"name":"ถนน ระแกง 2 ก","kom":0,"kalae":2,"text_lanna":0,"total_detect":2}},{"type":"Feature","id":406,"geometry":{"type":"Point","coordinates":[98.994562590000044,18.778662560000043]},"properties":{"OBJECTID":406,"idx":1794,"POINT_Y":18.778662560000001,"POINT_X":98.994562590000001,"name":"ถนนระแกง","kom":0,"kalae":2,"text_lanna":0,"total_detect":2}},{"type":"Feature","id":407,"geometry":{"type":"Point","coordinates":[98.994284880000066,18.779017660000022]},"properties":{"OBJECTID":407,"idx":1795,"POINT_Y":18.779017660000001,"POINT_X":98.994284879999995,"name":"ถนนระแกง","kom":0,"kalae":0,"text_lanna":1,"total_detect":1}},{"type":"Feature","id":408,"geometry":{"type":"Point","coordinates":[98.993734470000049,18.779971850000038]},"properties":{"OBJECTID":408,"idx":1800,"POINT_Y":18.779971849999999,"POINT_X":98.993734470000007,"name":"ถนนระแกง","kom":3,"kalae":0,"text_lanna":2,"total_detect":5}},{"type":"Feature","id":409,"geometry":{"type":"Point","coordinates":[98.991390850000073,18.776952350000045]},"properties":{"OBJECTID":409,"idx":1803,"POINT_Y":18.776952349999998,"POINT_X":98.991390850000002,"name":"ถนน ราชเชียงแสน 2","kom":1,"kalae":0,"text_lanna":1,"total_detect":2}},{"type":"Feature","id":410,"geometry":{"type":"Point","coordinates":[98.991884560000074,18.778802530000064]},"properties":{"OBJECTID":410,"idx":1806,"POINT_Y":18.77880253,"POINT_X":98.991884560000003,"name":"ถนน ราชเชียงแสน 2","kom":0,"kalae":2,"text_lanna":0,"total_detect":2}},{"type":"Feature","id":411,"geometry":{"type":"Point","coordinates":[98.991887160000033,18.780413650000071]},"properties":{"OBJECTID":411,"idx":1811,"POINT_Y":18.78041365,"POINT_X":98.991887160000005,"name":"ถนน ราชเชียงแสน 2","kom":0,"kalae":0,"text_lanna":1,"total_detect":1}},{"type":"Feature","id":412,"geometry":{"type":"Point","coordinates":[98.989961900000083,18.776654510000071]},"properties":{"OBJECTID":412,"idx":1813,"POINT_Y":18.77665451,"POINT_X":98.989961899999997,"name":"ถนน ราชเชียงแสน ซอย2","kom":0,"kalae":1,"text_lanna":1,"total_detect":2}},{"type":"Feature","id":413,"geometry":{"type":"Point","coordinates":[98.990150800000038,18.776671820000047]},"properties":{"OBJECTID":413,"idx":1814,"POINT_Y":18.776671820000001,"POINT_X":98.990150799999995,"name":"ถนน ราชเชียงแสน ซอย2","kom":0,"kalae":0,"text_lanna":2,"total_detect":2}},{"type":"Feature","id":414,"geometry":{"type":"Point","coordinates":[98.99033970000005,18.776689130000022]},"properties":{"OBJECTID":414,"idx":1815,"POINT_Y":18.776689130000001,"POINT_X":98.990339700000007,"name":"ถนน ราชเชียงแสน ซอย2","kom":10,"kalae":0,"text_lanna":0,"total_detect":10}},{"type":"Feature","id":415,"geometry":{"type":"Point","coordinates":[98.990717500000073,18.776723750000031]},"properties":{"OBJECTID":415,"idx":1817,"POINT_Y":18.776723749999999,"POINT_X":98.990717500000002,"name":"ถนน ราชเชียงแสน ซอย2","kom":0,"kalae":2,"text_lanna":0,"total_detect":2}},{"type":"Feature","id":416,"geometry":{"type":"Point","coordinates":[98.991028490000076,18.776747770000043]},"properties":{"OBJECTID":416,"idx":1818,"POINT_Y":18.77674777,"POINT_X":98.991028490000005,"name":"ถนน ราชเชียงแสน ซอย2","kom":0,"kalae":1,"text_lanna":0,"total_detect":1}},{"type":"Feature","id":417,"geometry":{"type":"Point","coordinates":[98.989762380000059,18.774057620000065]},"properties":{"OBJECTID":417,"idx":1824,"POINT_Y":18.774057620000001,"POINT_X":98.989762380000002,"name":"ถนนสุริยะวงษ์","kom":0,"kalae":1,"text_lanna":0,"total_detect":1}},{"type":"Feature","id":418,"geometry":{"type":"Point","coordinates":[98.989566330000059,18.774805750000041]},"properties":{"OBJECTID":418,"idx":1827,"POINT_Y":18.774805749999999,"POINT_X":98.989566330000002,"name":"ถนนสุริยะวงษ์","kom":8,"kalae":1,"text_lanna":0,"total_detect":9}},{"type":"Feature","id":419,"geometry":{"type":"Point","coordinates":[98.989480140000069,18.775204660000043]},"properties":{"OBJECTID":419,"idx":1829,"POINT_Y":18.77520466,"POINT_X":98.989480139999998,"name":"ถนนสุริยะวงษ์","kom":2,"kalae":16,"text_lanna":0,"total_detect":18}},{"type":"Feature","id":420,"geometry":{"type":"Point","coordinates":[98.98932171000007,18.775863160000029]},"properties":{"OBJECTID":420,"idx":1832,"POINT_Y":18.77586316,"POINT_X":98.989321709999999,"name":"ถนนสุริยะวงษ์","kom":1,"kalae":0,"text_lanna":0,"total_detect":1}},{"type":"Feature","id":421,"geometry":{"type":"Point","coordinates":[98.989147480000042,18.776561610000044]},"properties":{"OBJECTID":421,"idx":1835,"POINT_Y":18.776561610000002,"POINT_X":98.98914748,"name":"ถนนสุริยะวงษ์","kom":0,"kalae":2,"text_lanna":0,"total_detect":2}},{"type":"Feature","id":422,"geometry":{"type":"Point","coordinates":[98.988935110000057,18.777668100000028]},"properties":{"OBJECTID":422,"idx":1839,"POINT_Y":18.7776681,"POINT_X":98.98893511,"name":"ถนนสุริยะวงษ์","kom":0,"kalae":1,"text_lanna":0,"total_detect":1}},{"type":"Feature","id":423,"geometry":{"type":"Point","coordinates":[98.98877243000004,18.778142900000034]},"properties":{"OBJECTID":423,"idx":1841,"POINT_Y":18.778142899999999,"POINT_X":98.988772429999997,"name":"ถนนสุริยะวงษ์","kom":0,"kalae":2,"text_lanna":0,"total_detect":2}},{"type":"Feature","id":424,"geometry":{"type":"Point","coordinates":[98.988673350000056,18.778442810000058]},"properties":{"OBJECTID":424,"idx":1842,"POINT_Y":18.778442810000001,"POINT_X":98.988673349999999,"name":"ถนนสุริยะวงษ์","kom":2,"kalae":0,"text_lanna":0,"total_detect":2}},{"type":"Feature","id":425,"geometry":{"type":"Point","coordinates":[98.98843093000005,18.779189550000069]},"properties":{"OBJECTID":425,"idx":1845,"POINT_Y":18.779189550000002,"POINT_X":98.988430930000007,"name":"ถนนสุริยะวงษ์","kom":0,"kalae":2,"text_lanna":0,"total_detect":2}},{"type":"Feature","id":426,"geometry":{"type":"Point","coordinates":[98.981961930000068,18.775393620000045]},"properties":{"OBJECTID":426,"idx":1850,"POINT_Y":18.775393619999999,"POINT_X":98.981961929999997,"name":"ถนนนันทาราม","kom":2,"kalae":0,"text_lanna":0,"total_detect":2}},{"type":"Feature","id":427,"geometry":{"type":"Point","coordinates":[98.982556160000058,18.775464290000059]},"properties":{"OBJECTID":427,"idx":1853,"POINT_Y":18.775464289999999,"POINT_X":98.982556160000001,"name":"ถนนนันทาราม","kom":0,"kalae":2,"text_lanna":0,"total_detect":2}},{"type":"Feature","id":428,"geometry":{"type":"Point","coordinates":[98.983310130000064,18.775301820000038]},"properties":{"OBJECTID":428,"idx":1857,"POINT_Y":18.775301819999999,"POINT_X":98.983310130000007,"name":"ถนนนันทาราม","kom":0,"kalae":1,"text_lanna":0,"total_detect":1}},{"type":"Feature","id":429,"geometry":{"type":"Point","coordinates":[98.986396110000044,18.775437360000069]},"properties":{"OBJECTID":429,"idx":1869,"POINT_Y":18.775437360000002,"POINT_X":98.986396110000001,"name":"ถนนนันทาราม","kom":2,"kalae":0,"text_lanna":0,"total_detect":2}},{"type":"Feature","id":430,"geometry":{"type":"Point","coordinates":[98.97722076000008,18.775537760000077]},"properties":{"OBJECTID":430,"idx":1872,"POINT_Y":18.775537759999999,"POINT_X":98.977220759999994,"name":"ถนนหายยา","kom":0,"kalae":0,"text_lanna":1,"total_detect":1}},{"type":"Feature","id":431,"geometry":{"type":"Point","coordinates":[98.978358240000034,18.77518198000007]},"properties":{"OBJECTID":431,"idx":1875,"POINT_Y":18.775181979999999,"POINT_X":98.978358240000006,"name":"ถนนหายยา","kom":0,"kalae":2,"text_lanna":0,"total_detect":2}},{"type":"Feature","id":432,"geometry":{"type":"Point","coordinates":[98.978892590000044,18.774879100000078]},"properties":{"OBJECTID":432,"idx":1878,"POINT_Y":18.7748791,"POINT_X":98.978892590000001,"name":"ถนนหายยา","kom":1,"kalae":0,"text_lanna":0,"total_detect":1}},{"type":"Feature","id":433,"geometry":{"type":"Point","coordinates":[98.979431810000051,18.774498990000041]},"properties":{"OBJECTID":433,"idx":1880,"POINT_Y":18.774498990000001,"POINT_X":98.979431809999994,"name":"ถนนหายยา","kom":4,"kalae":0,"text_lanna":1,"total_detect":5}},{"type":"Feature","id":434,"geometry":{"type":"Point","coordinates":[98.97623647000006,18.772713640000063]},"properties":{"OBJECTID":434,"idx":1886,"POINT_Y":18.772713639999999,"POINT_X":98.976236470000003,"name":"ถนนมหิดล","kom":0,"kalae":1,"text_lanna":0,"total_detect":1}},{"type":"Feature","id":435,"geometry":{"type":"Point","coordinates":[98.976120130000083,18.771667330000071]},"properties":{"OBJECTID":435,"idx":1891,"POINT_Y":18.77166733,"POINT_X":98.976120129999998,"name":"ถนนมหิดล","kom":1,"kalae":0,"text_lanna":0,"total_detect":1}},{"type":"Feature","id":436,"geometry":{"type":"Point","coordinates":[98.976098990000082,18.771487700000023]},"properties":{"OBJECTID":436,"idx":1892,"POINT_Y":18.771487700000002,"POINT_X":98.976098989999997,"name":"ถนนมหิดล","kom":0,"kalae":1,"text_lanna":0,"total_detect":1}},{"type":"Feature","id":437,"geometry":{"type":"Point","coordinates":[98.99197066000005,18.815431960000069]},"properties":{"OBJECTID":437,"idx":1898,"POINT_Y":18.815431960000002,"POINT_X":98.991970660000007,"name":"ถนนสุขเกษม","kom":1,"kalae":0,"text_lanna":0,"total_detect":1}},{"type":"Feature","id":438,"geometry":{"type":"Point","coordinates":[98.99194508000005,18.814944220000029]},"properties":{"OBJECTID":438,"idx":1900,"POINT_Y":18.814944220000001,"POINT_X":98.991945079999994,"name":"ถนนสุขเกษม","kom":0,"kalae":0,"text_lanna":1,"total_detect":1}},{"type":"Feature","id":439,"geometry":{"type":"Point","coordinates":[98.991933290000077,18.814709850000042]},"properties":{"OBJECTID":439,"idx":1901,"POINT_Y":18.81470985,"POINT_X":98.991933290000006,"name":"ถนนสุขเกษม","kom":0,"kalae":4,"text_lanna":0,"total_detect":4}},{"type":"Feature","id":440,"geometry":{"type":"Point","coordinates":[98.994202470000062,18.816253110000048]},"properties":{"OBJECTID":440,"idx":1905,"POINT_Y":18.816253110000002,"POINT_X":98.994202470000005,"name":"สุขเกษม ซอย 2","kom":20,"kalae":0,"text_lanna":0,"total_detect":20}},{"type":"Feature","id":441,"geometry":{"type":"Point","coordinates":[98.99325465000004,18.816299620000052]},"properties":{"OBJECTID":441,"idx":1910,"POINT_Y":18.816299619999999,"POINT_X":98.993254649999997,"name":"สุขเกษม ซอย 2","kom":4,"kalae":0,"text_lanna":0,"total_detect":4}},{"type":"Feature","id":442,"geometry":{"type":"Point","coordinates":[98.992875520000041,18.816318220000028]},"properties":{"OBJECTID":442,"idx":1912,"POINT_Y":18.816318219999999,"POINT_X":98.992875519999998,"name":"สุขเกษม ซอย 2","kom":1,"kalae":0,"text_lanna":0,"total_detect":1}},{"type":"Feature","id":443,"geometry":{"type":"Point","coordinates":[98.992306820000067,18.816346130000056]},"properties":{"OBJECTID":443,"idx":1915,"POINT_Y":18.816346129999999,"POINT_X":98.992306819999996,"name":"สุขเกษม ซอย 2","kom":0,"kalae":3,"text_lanna":0,"total_detect":3}},{"type":"Feature","id":444,"geometry":{"type":"Point","coordinates":[98.996741650000047,18.816008500000066]},"properties":{"OBJECTID":444,"idx":1922,"POINT_Y":18.816008499999999,"POINT_X":98.996741650000004,"name":null,"kom":2,"kalae":0,"text_lanna":0,"total_detect":2}},{"type":"Feature","id":445,"geometry":{"type":"Point","coordinates":[98.995499190000032,18.81559124000006]},"properties":{"OBJECTID":445,"idx":1928,"POINT_Y":18.81559124,"POINT_X":98.995499190000004,"name":null,"kom":0,"kalae":1,"text_lanna":0,"total_detect":1}},{"type":"Feature","id":446,"geometry":{"type":"Point","coordinates":[98.99779194000007,18.816084170000067]},"properties":{"OBJECTID":446,"idx":1931,"POINT_Y":18.81608417,"POINT_X":98.997791939999999,"name":null,"kom":3,"kalae":0,"text_lanna":0,"total_detect":3}},{"type":"Feature","id":447,"geometry":{"type":"Point","coordinates":[98.997603130000073,18.813508300000024]},"properties":{"OBJECTID":447,"idx":1942,"POINT_Y":18.813508299999999,"POINT_X":98.997603130000002,"name":"ถนนป่าตันงาม","kom":0,"kalae":2,"text_lanna":0,"total_detect":2}},{"type":"Feature","id":448,"geometry":{"type":"Point","coordinates":[98.997666830000071,18.814021790000027]},"properties":{"OBJECTID":448,"idx":1944,"POINT_Y":18.814021790000002,"POINT_X":98.99766683,"name":"ถนนป่าตันงาม","kom":0,"kalae":2,"text_lanna":0,"total_detect":2}},{"type":"Feature","id":449,"geometry":{"type":"Point","coordinates":[99.001536130000034,18.810989490000054]},"properties":{"OBJECTID":449,"idx":1956,"POINT_Y":18.810989490000001,"POINT_X":99.001536130000005,"name":null,"kom":6,"kalae":0,"text_lanna":0,"total_detect":6}},{"type":"Feature","id":450,"geometry":{"type":"Point","coordinates":[99.00050058000005,18.812983340000073]},"properties":{"OBJECTID":450,"idx":1963,"POINT_Y":18.812983339999999,"POINT_X":99.000500579999994,"name":null,"kom":0,"kalae":1,"text_lanna":0,"total_detect":1}},{"type":"Feature","id":451,"geometry":{"type":"Point","coordinates":[98.993190480000067,18.790764220000028]},"properties":{"OBJECTID":451,"idx":1968,"POINT_Y":18.79076422,"POINT_X":98.993190479999996,"name":null,"kom":1,"kalae":0,"text_lanna":1,"total_detect":2}},{"type":"Feature","id":452,"geometry":{"type":"Point","coordinates":[98.991617290000079,18.791674770000043]},"properties":{"OBJECTID":452,"idx":1969,"POINT_Y":18.79167477,"POINT_X":98.991617289999994,"name":"ถนนราชวิถี ซอย 1","kom":0,"kalae":1,"text_lanna":0,"total_detect":1}},{"type":"Feature","id":453,"geometry":{"type":"Point","coordinates":[98.992261940000049,18.791512200000057]},"properties":{"OBJECTID":453,"idx":1971,"POINT_Y":18.7915122,"POINT_X":98.992261940000006,"name":"ถนนราชวิถี ซอย 1","kom":10,"kalae":0,"text_lanna":0,"total_detect":10}},{"type":"Feature","id":454,"geometry":{"type":"Point","coordinates":[98.989204500000085,18.786752930000034]},"properties":{"OBJECTID":454,"idx":1979,"POINT_Y":18.786752929999999,"POINT_X":98.9892045,"name":"ถนนพระปกเกล้า ซอย 8","kom":0,"kalae":0,"text_lanna":1,"total_detect":1}},{"type":"Feature","id":455,"geometry":{"type":"Point","coordinates":[98.980071070000065,18.783447820000049]},"properties":{"OBJECTID":455,"idx":1987,"POINT_Y":18.783447819999999,"POINT_X":98.980071069999994,"name":null,"kom":2,"kalae":0,"text_lanna":0,"total_detect":2}},{"type":"Feature","id":456,"geometry":{"type":"Point","coordinates":[98.980257550000033,18.783414270000037]},"properties":{"OBJECTID":456,"idx":1988,"POINT_Y":18.783414270000002,"POINT_X":98.980257550000005,"name":null,"kom":0,"kalae":1,"text_lanna":0,"total_detect":1}},{"type":"Feature","id":457,"geometry":{"type":"Point","coordinates":[98.980342850000056,18.783641790000047]},"properties":{"OBJECTID":457,"idx":1990,"POINT_Y":18.783641790000001,"POINT_X":98.98034285,"name":null,"kom":3,"kalae":0,"text_lanna":0,"total_detect":3}},{"type":"Feature","id":458,"geometry":{"type":"Point","coordinates":[98.97828577000007,18.784147910000058]},"properties":{"OBJECTID":458,"idx":1992,"POINT_Y":18.784147910000002,"POINT_X":98.978285769999999,"name":"ถนนสามล้าน ซอย 6","kom":0,"kalae":1,"text_lanna":0,"total_detect":1}},{"type":"Feature","id":459,"geometry":{"type":"Point","coordinates":[98.979694560000041,18.783995140000059]},"properties":{"OBJECTID":459,"idx":1997,"POINT_Y":18.783995139999998,"POINT_X":98.979694559999999,"name":"ถนนสามล้าน ซอย 6","kom":1,"kalae":0,"text_lanna":0,"total_detect":1}},{"type":"Feature","id":460,"geometry":{"type":"Point","coordinates":[98.979877420000037,18.783946770000057]},"properties":{"OBJECTID":460,"idx":1998,"POINT_Y":18.78394677,"POINT_X":98.979877419999994,"name":"ถนนสามล้าน ซอย 6","kom":0,"kalae":1,"text_lanna":0,"total_detect":1}},{"type":"Feature","id":461,"geometry":{"type":"Point","coordinates":[98.978149220000034,18.783122340000034]},"properties":{"OBJECTID":461,"idx":2000,"POINT_Y":18.783122339999998,"POINT_X":98.978149220000006,"name":"ถนนอารักษ์ ซอย 8","kom":0,"kalae":0,"text_lanna":1,"total_detect":1}},{"type":"Feature","id":462,"geometry":{"type":"Point","coordinates":[98.978640230000053,18.782900820000066]},"properties":{"OBJECTID":462,"idx":2002,"POINT_Y":18.782900819999998,"POINT_X":98.978640229999996,"name":null,"kom":0,"kalae":0,"text_lanna":1,"total_detect":1}},{"type":"Feature","id":463,"geometry":{"type":"Point","coordinates":[98.987319110000044,18.783319050000046]},"properties":{"OBJECTID":463,"idx":2008,"POINT_Y":18.783319049999999,"POINT_X":98.987319110000001,"name":"ถนนพระปกเกล้า ซอย 4","kom":8,"kalae":2,"text_lanna":0,"total_detect":10}},{"type":"Feature","id":464,"geometry":{"type":"Point","coordinates":[98.987014530000067,18.783295340000052]},"properties":{"OBJECTID":464,"idx":2009,"POINT_Y":18.783295339999999,"POINT_X":98.987014529999996,"name":"ถนนพระปกเกล้า ซอย 4","kom":0,"kalae":1,"text_lanna":0,"total_detect":1}},{"type":"Feature","id":465,"geometry":{"type":"Point","coordinates":[98.991067730000054,18.788995190000037]},"properties":{"OBJECTID":465,"idx":2019,"POINT_Y":18.788995190000001,"POINT_X":98.991067729999997,"name":"ถนนราชดำเนิน ซอย 5","kom":4,"kalae":0,"text_lanna":0,"total_detect":4}},{"type":"Feature","id":466,"geometry":{"type":"Point","coordinates":[98.991110080000055,18.789171390000035]},"properties":{"OBJECTID":466,"idx":2020,"POINT_Y":18.78917139,"POINT_X":98.991110079999999,"name":"ถนนราชดำเนิน ซอย 5","kom":4,"kalae":0,"text_lanna":0,"total_detect":4}},{"type":"Feature","id":467,"geometry":{"type":"Point","coordinates":[98.990123130000086,18.789773970000056]},"properties":{"OBJECTID":467,"idx":2032,"POINT_Y":18.789773969999999,"POINT_X":98.990123130000001,"name":"ถนนราชภาคินัย","kom":0,"kalae":1,"text_lanna":0,"total_detect":1}},{"type":"Feature","id":468,"geometry":{"type":"Point","coordinates":[98.990128740000046,18.790450290000024]},"properties":{"OBJECTID":468,"idx":2035,"POINT_Y":18.790450289999999,"POINT_X":98.990128740000003,"name":"ถนนราชภาคินัย","kom":0,"kalae":1,"text_lanna":0,"total_detect":1}},{"type":"Feature","id":469,"geometry":{"type":"Point","coordinates":[98.99014088000007,18.790630680000049]},"properties":{"OBJECTID":469,"idx":2036,"POINT_Y":18.79063068,"POINT_X":98.990140879999998,"name":"ถนนราชภาคินัย","kom":0,"kalae":1,"text_lanna":0,"total_detect":1}},{"type":"Feature","id":470,"geometry":{"type":"Point","coordinates":[98.990127220000034,18.791323770000076]},"properties":{"OBJECTID":470,"idx":2038,"POINT_Y":18.791323770000002,"POINT_X":98.990127220000005,"name":"ถนนราชภาคินัย","kom":0,"kalae":1,"text_lanna":0,"total_detect":1}},{"type":"Feature","id":471,"geometry":{"type":"Point","coordinates":[98.977612760000056,18.77281744000004]},"properties":{"OBJECTID":471,"idx":2047,"POINT_Y":18.772817440000001,"POINT_X":98.97761276,"name":null,"kom":0,"kalae":2,"text_lanna":0,"total_detect":2}},{"type":"Feature","id":472,"geometry":{"type":"Point","coordinates":[98.978662990000032,18.772452770000029]},"properties":{"OBJECTID":472,"idx":2057,"POINT_Y":18.772452770000001,"POINT_X":98.978662990000004,"name":"ซอยบุญเมือง","kom":0,"kalae":1,"text_lanna":0,"total_detect":1}},{"type":"Feature","id":473,"geometry":{"type":"Point","coordinates":[98.978590050000037,18.772990570000047]},"properties":{"OBJECTID":473,"idx":2060,"POINT_Y":18.772990570000001,"POINT_X":98.978590049999994,"name":"ซอยบุญเมือง","kom":5,"kalae":0,"text_lanna":0,"total_detect":5}},{"type":"Feature","id":474,"geometry":{"type":"Point","coordinates":[98.980833300000086,18.772057840000059]},"properties":{"OBJECTID":474,"idx":2075,"POINT_Y":18.772057839999999,"POINT_X":98.9808333,"name":null,"kom":0,"kalae":1,"text_lanna":0,"total_detect":1}},{"type":"Feature","id":475,"geometry":{"type":"Point","coordinates":[98.981063200000051,18.770885480000061]},"properties":{"OBJECTID":475,"idx":2080,"POINT_Y":18.77088548,"POINT_X":98.981063199999994,"name":null,"kom":0,"kalae":2,"text_lanna":0,"total_detect":2}},{"type":"Feature","id":476,"geometry":{"type":"Point","coordinates":[98.981077070000083,18.770705200000066]},"properties":{"OBJECTID":476,"idx":2081,"POINT_Y":18.770705199999998,"POINT_X":98.981077069999998,"name":null,"kom":0,"kalae":1,"text_lanna":0,"total_detect":1}},{"type":"Feature","id":477,"geometry":{"type":"Point","coordinates":[98.978883460000077,18.77397263000006]},"properties":{"OBJECTID":477,"idx":2083,"POINT_Y":18.773972629999999,"POINT_X":98.978883460000006,"name":null,"kom":0,"kalae":3,"text_lanna":0,"total_detect":3}},{"type":"Feature","id":478,"geometry":{"type":"Point","coordinates":[98.97973520000005,18.777754250000044]},"properties":{"OBJECTID":478,"idx":2092,"POINT_Y":18.777754250000001,"POINT_X":98.979735199999993,"name":"หมู่บ้านระมิงค์นิเวศน์","kom":0,"kalae":0,"text_lanna":2,"total_detect":2}},{"type":"Feature","id":479,"geometry":{"type":"Point","coordinates":[98.979924750000066,18.777745480000078]},"properties":{"OBJECTID":479,"idx":2093,"POINT_Y":18.77774548,"POINT_X":98.979924749999995,"name":"หมู่บ้านระมิงค์นิเวศน์","kom":0,"kalae":1,"text_lanna":0,"total_detect":1}},{"type":"Feature","id":480,"geometry":{"type":"Point","coordinates":[98.980464550000079,18.777720370000054]},"properties":{"OBJECTID":480,"idx":2095,"POINT_Y":18.777720370000001,"POINT_X":98.980464549999994,"name":"หมู่บ้านระมิงค์นิเวศน์","kom":0,"kalae":4,"text_lanna":0,"total_detect":4}},{"type":"Feature","id":481,"geometry":{"type":"Point","coordinates":[98.978403220000075,18.776709400000072]},"properties":{"OBJECTID":481,"idx":2105,"POINT_Y":18.776709400000001,"POINT_X":98.978403220000004,"name":null,"kom":0,"kalae":0,"text_lanna":2,"total_detect":2}},{"type":"Feature","id":482,"geometry":{"type":"Point","coordinates":[98.978720220000071,18.776800920000028]},"properties":{"OBJECTID":482,"idx":2106,"POINT_Y":18.776800919999999,"POINT_X":98.97872022,"name":null,"kom":0,"kalae":1,"text_lanna":0,"total_detect":1}},{"type":"Feature","id":483,"geometry":{"type":"Point","coordinates":[98.978901840000049,18.776853330000051]},"properties":{"OBJECTID":483,"idx":2107,"POINT_Y":18.776853330000002,"POINT_X":98.978901840000006,"name":null,"kom":0,"kalae":3,"text_lanna":0,"total_detect":3}},{"type":"Feature","id":484,"geometry":{"type":"Point","coordinates":[98.978039640000077,18.776761130000068]},"properties":{"OBJECTID":484,"idx":2113,"POINT_Y":18.776761130000001,"POINT_X":98.978039640000006,"name":null,"kom":0,"kalae":2,"text_lanna":0,"total_detect":2}},{"type":"Feature","id":485,"geometry":{"type":"Point","coordinates":[98.979473340000084,18.777081150000072]},"properties":{"OBJECTID":485,"idx":2116,"POINT_Y":18.777081150000001,"POINT_X":98.979473339999998,"name":null,"kom":6,"kalae":1,"text_lanna":0,"total_detect":7}},{"type":"Feature","id":486,"geometry":{"type":"Point","coordinates":[98.979309240000077,18.769446840000057]},"properties":{"OBJECTID":486,"idx":2122,"POINT_Y":18.769446840000001,"POINT_X":98.979309240000006,"name":null,"kom":2,"kalae":0,"text_lanna":0,"total_detect":2}},{"type":"Feature","id":487,"geometry":{"type":"Point","coordinates":[98.984673130000033,18.768661300000076]},"properties":{"OBJECTID":487,"idx":2133,"POINT_Y":18.768661300000002,"POINT_X":98.984673130000004,"name":"ถนนศรีปิงเมือง","kom":0,"kalae":1,"text_lanna":0,"total_detect":1}},{"type":"Feature","id":488,"geometry":{"type":"Point","coordinates":[98.982628700000078,18.771837920000053]},"properties":{"OBJECTID":488,"idx":2142,"POINT_Y":18.771837919999999,"POINT_X":98.982628700000006,"name":"ถนนศรีปิงเมือง","kom":0,"kalae":1,"text_lanna":0,"total_detect":1}},{"type":"Feature","id":489,"geometry":{"type":"Point","coordinates":[98.982436700000051,18.772319540000069]},"properties":{"OBJECTID":489,"idx":2144,"POINT_Y":18.772319540000002,"POINT_X":98.982436699999994,"name":"ถนนศรีปิงเมือง","kom":0,"kalae":5,"text_lanna":0,"total_detect":5}},{"type":"Feature","id":490,"geometry":{"type":"Point","coordinates":[98.982405890000052,18.772508560000063]},"properties":{"OBJECTID":490,"idx":2145,"POINT_Y":18.772508559999999,"POINT_X":98.982405889999995,"name":"ถนนศรีปิงเมือง","kom":0,"kalae":1,"text_lanna":0,"total_detect":1}},{"type":"Feature","id":491,"geometry":{"type":"Point","coordinates":[98.98234165000008,18.772935110000049]},"properties":{"OBJECTID":491,"idx":2147,"POINT_Y":18.772935109999999,"POINT_X":98.982341649999995,"name":"ถนนศรีปิงเมือง","kom":5,"kalae":0,"text_lanna":0,"total_detect":5}},{"type":"Feature","id":492,"geometry":{"type":"Point","coordinates":[98.982304440000064,18.77324942000007]},"properties":{"OBJECTID":492,"idx":2148,"POINT_Y":18.773249419999999,"POINT_X":98.982304439999993,"name":"ถนนศรีปิงเมือง","kom":0,"kalae":3,"text_lanna":0,"total_detect":3}},{"type":"Feature","id":493,"geometry":{"type":"Point","coordinates":[98.984903620000068,18.779252650000046]},"properties":{"OBJECTID":493,"idx":2159,"POINT_Y":18.77925265,"POINT_X":98.984903619999997,"name":"ถนนวัวลาย ซอย 2","kom":0,"kalae":2,"text_lanna":0,"total_detect":2}},{"type":"Feature","id":494,"geometry":{"type":"Point","coordinates":[98.983536220000076,18.779855620000035]},"properties":{"OBJECTID":494,"idx":2163,"POINT_Y":18.779855619999999,"POINT_X":98.983536220000005,"name":"ถนนวัวลาย ซอย 2","kom":1,"kalae":0,"text_lanna":2,"total_detect":3}},{"type":"Feature","id":495,"geometry":{"type":"Point","coordinates":[98.982827520000058,18.77994072000007]},"properties":{"OBJECTID":495,"idx":2166,"POINT_Y":18.779940719999999,"POINT_X":98.982827520000001,"name":"ถนนวัวลาย ซอย 2","kom":0,"kalae":1,"text_lanna":0,"total_detect":1}},{"type":"Feature","id":496,"geometry":{"type":"Point","coordinates":[98.982189980000044,18.78014974000007]},"properties":{"OBJECTID":496,"idx":2168,"POINT_Y":18.780149739999999,"POINT_X":98.982189980000001,"name":"ถนนวัวลาย ซอย 2","kom":0,"kalae":2,"text_lanna":0,"total_detect":2}},{"type":"Feature","id":497,"geometry":{"type":"Point","coordinates":[98.986054730000035,18.779026010000052]},"properties":{"OBJECTID":497,"idx":2176,"POINT_Y":18.779026009999999,"POINT_X":98.986054730000006,"name":"ถนนวัวลาย ซอย 1","kom":0,"kalae":1,"text_lanna":0,"total_detect":1}},{"type":"Feature","id":498,"geometry":{"type":"Point","coordinates":[98.978918090000036,18.792008760000044]},"properties":{"OBJECTID":498,"idx":2194,"POINT_Y":18.792008760000002,"POINT_X":98.978918089999993,"name":"ถนนอารักษ์ 3","kom":0,"kalae":1,"text_lanna":0,"total_detect":1}},{"type":"Feature","id":499,"geometry":{"type":"Point","coordinates":[98.972423210000045,18.788625110000055]},"properties":{"OBJECTID":499,"idx":2197,"POINT_Y":18.788625110000002,"POINT_X":98.972423210000002,"name":"ซอย ทานตะวัน","kom":0,"kalae":1,"text_lanna":0,"total_detect":1}},{"type":"Feature","id":500,"geometry":{"type":"Point","coordinates":[98.972416320000036,18.788082880000047]},"properties":{"OBJECTID":500,"idx":2200,"POINT_Y":18.788082880000001,"POINT_X":98.972416319999994,"name":"ซอย ทานตะวัน","kom":0,"kalae":1,"text_lanna":1,"total_detect":2}},{"type":"Feature","id":501,"geometry":{"type":"Point","coordinates":[98.972421000000054,18.787790340000072]},"properties":{"OBJECTID":501,"idx":2201,"POINT_Y":18.787790340000001,"POINT_X":98.972420999999997,"name":"ซอย ทานตะวัน","kom":0,"kalae":2,"text_lanna":0,"total_detect":2}},{"type":"Feature","id":502,"geometry":{"type":"Point","coordinates":[98.971127370000033,18.785230660000025]},"properties":{"OBJECTID":502,"idx":2208,"POINT_Y":18.78523066,"POINT_X":98.971127370000005,"name":"สิโรรส ซอย 3","kom":0,"kalae":1,"text_lanna":0,"total_detect":1}},{"type":"Feature","id":503,"geometry":{"type":"Point","coordinates":[98.971460980000074,18.785193280000044]},"properties":{"OBJECTID":503,"idx":2209,"POINT_Y":18.785193280000001,"POINT_X":98.971460980000003,"name":"สิโรรส ซอย 3","kom":0,"kalae":2,"text_lanna":0,"total_detect":2}},{"type":"Feature","id":504,"geometry":{"type":"Point","coordinates":[98.992366900000036,18.794591810000043]},"properties":{"OBJECTID":504,"idx":2226,"POINT_Y":18.79459181,"POINT_X":98.992366899999993,"name":"ถนนศรีภูมิ ซอย 1","kom":0,"kalae":2,"text_lanna":0,"total_detect":2}},{"type":"Feature","id":505,"geometry":{"type":"Point","coordinates":[98.992329130000087,18.794195340000044]},"properties":{"OBJECTID":505,"idx":2227,"POINT_Y":18.794195340000002,"POINT_X":98.992329130000002,"name":"ถนนศรีภูมิ ซอย 1","kom":1,"kalae":0,"text_lanna":0,"total_detect":1}},{"type":"Feature","id":506,"geometry":{"type":"Point","coordinates":[98.992259040000079,18.793584900000042]},"properties":{"OBJECTID":506,"idx":2229,"POINT_Y":18.793584899999999,"POINT_X":98.992259039999993,"name":"ถนนศรีภูมิ ซอย 1","kom":4,"kalae":0,"text_lanna":0,"total_detect":4}},{"type":"Feature","id":507,"geometry":{"type":"Point","coordinates":[98.989847980000036,18.782108950000065]},"properties":{"OBJECTID":507,"idx":2233,"POINT_Y":18.782108950000001,"POINT_X":98.989847979999993,"name":"ถนนราชภาคินัย","kom":2,"kalae":0,"text_lanna":0,"total_detect":2}},{"type":"Feature","id":508,"geometry":{"type":"Point","coordinates":[98.989849370000059,18.781928190000031]},"properties":{"OBJECTID":508,"idx":2234,"POINT_Y":18.781928189999999,"POINT_X":98.989849370000002,"name":"ถนนราชภาคินัย","kom":2,"kalae":0,"text_lanna":0,"total_detect":2}},{"type":"Feature","id":509,"geometry":{"type":"Point","coordinates":[98.970734510000057,18.795277160000069]},"properties":{"OBJECTID":509,"idx":2239,"POINT_Y":18.795277160000001,"POINT_X":98.97073451,"name":"ถนนศิริมังคลาจารย์","kom":1,"kalae":0,"text_lanna":0,"total_detect":1}},{"type":"Feature","id":510,"geometry":{"type":"Point","coordinates":[98.970769410000059,18.795819820000077]},"properties":{"OBJECTID":510,"idx":2241,"POINT_Y":18.795819819999998,"POINT_X":98.970769410000003,"name":"ถนนศิริมังคลาจารย์","kom":12,"kalae":0,"text_lanna":0,"total_detect":12}},{"type":"Feature","id":511,"geometry":{"type":"Point","coordinates":[98.970780470000079,18.796014500000069]},"properties":{"OBJECTID":511,"idx":2242,"POINT_Y":18.796014499999998,"POINT_X":98.970780469999994,"name":"ถนนศิริมังคลาจารย์","kom":0,"kalae":1,"text_lanna":0,"total_detect":1}},{"type":"Feature","id":512,"geometry":{"type":"Point","coordinates":[98.970790540000053,18.796195010000076]},"properties":{"OBJECTID":512,"idx":2243,"POINT_Y":18.796195010000002,"POINT_X":98.970790539999996,"name":"ถนนศิริมังคลาจารย์","kom":0,"kalae":2,"text_lanna":0,"total_detect":2}},{"type":"Feature","id":513,"geometry":{"type":"Point","coordinates":[98.970813690000057,18.796561700000041]},"properties":{"OBJECTID":513,"idx":2244,"POINT_Y":18.796561700000002,"POINT_X":98.97081369,"name":"ถนนศิริมังคลาจารย์","kom":4,"kalae":0,"text_lanna":0,"total_detect":4}},{"type":"Feature","id":514,"geometry":{"type":"Point","coordinates":[98.970839220000073,18.796879510000053]},"properties":{"OBJECTID":514,"idx":2245,"POINT_Y":18.79687951,"POINT_X":98.970839220000002,"name":"ถนนศิริมังคลาจารย์","kom":0,"kalae":0,"text_lanna":1,"total_detect":1}},{"type":"Feature","id":515,"geometry":{"type":"Point","coordinates":[98.970878050000067,18.797239130000037]},"properties":{"OBJECTID":515,"idx":2247,"POINT_Y":18.797239130000001,"POINT_X":98.970878049999996,"name":"ถนนศิริมังคลาจารย์","kom":0,"kalae":1,"text_lanna":0,"total_detect":1}},{"type":"Feature","id":516,"geometry":{"type":"Point","coordinates":[98.980288420000079,18.784594940000034]},"properties":{"OBJECTID":516,"idx":2253,"POINT_Y":18.784594940000002,"POINT_X":98.980288419999994,"name":"ถนนสามล้าน ซอย 3","kom":0,"kalae":1,"text_lanna":0,"total_detect":1}},{"type":"Feature","id":517,"geometry":{"type":"Point","coordinates":[98.978649890000042,18.796889220000025]},"properties":{"OBJECTID":517,"idx":2257,"POINT_Y":18.796889220000001,"POINT_X":98.97864989,"name":"ถนนห้วยแก้ว","kom":0,"kalae":2,"text_lanna":0,"total_detect":2}},{"type":"Feature","id":518,"geometry":{"type":"Point","coordinates":[98.978964980000057,18.797558860000038]},"properties":{"OBJECTID":518,"idx":2261,"POINT_Y":18.797558859999999,"POINT_X":98.978964980000001,"name":"ถนนห้วยแก้ว","kom":0,"kalae":4,"text_lanna":0,"total_detect":4}},{"type":"Feature","id":519,"geometry":{"type":"Point","coordinates":[98.984363080000037,18.801829100000077]},"properties":{"OBJECTID":519,"idx":2275,"POINT_Y":18.801829099999999,"POINT_X":98.984363079999994,"name":null,"kom":0,"kalae":0,"text_lanna":1,"total_detect":1}},{"type":"Feature","id":520,"geometry":{"type":"Point","coordinates":[98.984852960000069,18.801863970000056]},"properties":{"OBJECTID":520,"idx":2276,"POINT_Y":18.801863969999999,"POINT_X":98.984852959999998,"name":null,"kom":2,"kalae":0,"text_lanna":0,"total_detect":2}},{"type":"Feature","id":521,"geometry":{"type":"Point","coordinates":[98.987775380000073,18.804360970000062]},"properties":{"OBJECTID":521,"idx":2301,"POINT_Y":18.804360970000001,"POINT_X":98.987775380000002,"name":"ถนน กู่เต้า","kom":0,"kalae":10,"text_lanna":0,"total_detect":10}},{"type":"Feature","id":522,"geometry":{"type":"Point","coordinates":[98.987913900000081,18.804926270000067]},"properties":{"OBJECTID":522,"idx":2303,"POINT_Y":18.804926269999999,"POINT_X":98.987913899999995,"name":"ถนน กู่เต้า","kom":4,"kalae":0,"text_lanna":0,"total_detect":4}},{"type":"Feature","id":523,"geometry":{"type":"Point","coordinates":[99.001973390000046,18.78651737000007]},"properties":{"OBJECTID":523,"idx":2308,"POINT_Y":18.786517369999999,"POINT_X":99.001973390000003,"name":"ถนนเจริญประเทศ ซอย1","kom":1,"kalae":0,"text_lanna":0,"total_detect":1}},{"type":"Feature","id":524,"geometry":{"type":"Point","coordinates":[98.999174470000071,18.792958000000056]},"properties":{"OBJECTID":524,"idx":2322,"POINT_Y":18.792957999999999,"POINT_X":98.99917447,"name":"ถนนท้ายวัง","kom":1,"kalae":0,"text_lanna":0,"total_detect":1}},{"type":"Feature","id":525,"geometry":{"type":"Point","coordinates":[98.99933929000008,18.793047610000031]},"properties":{"OBJECTID":525,"idx":2323,"POINT_Y":18.793047609999999,"POINT_X":98.999339289999995,"name":"ถนนท้ายวัง","kom":0,"kalae":1,"text_lanna":0,"total_detect":1}},{"type":"Feature","id":526,"geometry":{"type":"Point","coordinates":[98.997680350000053,18.776739930000076]},"properties":{"OBJECTID":526,"idx":2324,"POINT_Y":18.776739930000002,"POINT_X":98.997680349999996,"name":"ถนนประชาสัมพันธ์ ซอย2","kom":0,"kalae":0,"text_lanna":1,"total_detect":1}},{"type":"Feature","id":527,"geometry":{"type":"Point","coordinates":[98.998010850000071,18.776562180000042]},"properties":{"OBJECTID":527,"idx":2326,"POINT_Y":18.776562179999999,"POINT_X":98.99801085,"name":"ถนนประชาสัมพันธ์ ซอย2","kom":0,"kalae":4,"text_lanna":0,"total_detect":4}},{"type":"Feature","id":528,"geometry":{"type":"Point","coordinates":[98.99817610000008,18.776473310000029]},"properties":{"OBJECTID":528,"idx":2327,"POINT_Y":18.77647331,"POINT_X":98.998176099999995,"name":"ถนนประชาสัมพันธ์ ซอย2","kom":0,"kalae":1,"text_lanna":0,"total_detect":1}},{"type":"Feature","id":529,"geometry":{"type":"Point","coordinates":[98.999050240000088,18.779150430000072]},"properties":{"OBJECTID":529,"idx":2338,"POINT_Y":18.779150430000001,"POINT_X":98.999050240000003,"name":"ถนนประชาสัมพันธ์","kom":0,"kalae":1,"text_lanna":0,"total_detect":1}},{"type":"Feature","id":530,"geometry":{"type":"Point","coordinates":[98.998802030000036,18.778693980000071]},"properties":{"OBJECTID":530,"idx":2340,"POINT_Y":18.77869398,"POINT_X":98.998802029999993,"name":"ถนนประชาสัมพันธ์","kom":0,"kalae":1,"text_lanna":0,"total_detect":1}},{"type":"Feature","id":531,"geometry":{"type":"Point","coordinates":[98.994533690000083,18.773802970000077]},"properties":{"OBJECTID":531,"idx":2357,"POINT_Y":18.773802969999998,"POINT_X":98.994533689999997,"name":"ถนนเวียงพิงค์","kom":4,"kalae":0,"text_lanna":0,"total_detect":4}},{"type":"Feature","id":532,"geometry":{"type":"Point","coordinates":[98.995084340000062,18.77433343000007]},"properties":{"OBJECTID":532,"idx":2360,"POINT_Y":18.774333429999999,"POINT_X":98.995084340000005,"name":"ถนนเวียงพิงค์","kom":1,"kalae":0,"text_lanna":0,"total_detect":1}},{"type":"Feature","id":533,"geometry":{"type":"Point","coordinates":[98.995570640000039,18.774798780000026]},"properties":{"OBJECTID":533,"idx":2362,"POINT_Y":18.774798780000001,"POINT_X":98.995570639999997,"name":"ถนนเวียงพิงค์","kom":0,"kalae":1,"text_lanna":0,"total_detect":1}},{"type":"Feature","id":534,"geometry":{"type":"Point","coordinates":[98.995796680000069,18.775014400000032]},"properties":{"OBJECTID":534,"idx":2363,"POINT_Y":18.7750144,"POINT_X":98.995796679999998,"name":"ถนนเวียงพิงค์","kom":0,"kalae":1,"text_lanna":0,"total_detect":1}},{"type":"Feature","id":535,"geometry":{"type":"Point","coordinates":[98.996644940000067,18.775831710000034]},"properties":{"OBJECTID":535,"idx":2368,"POINT_Y":18.775831709999999,"POINT_X":98.996644939999996,"name":"ถนนเวียงพิงค์","kom":1,"kalae":2,"text_lanna":0,"total_detect":3}},{"type":"Feature","id":536,"geometry":{"type":"Point","coordinates":[98.996777160000079,18.775961380000069]},"properties":{"OBJECTID":536,"idx":2369,"POINT_Y":18.775961379999998,"POINT_X":98.996777159999994,"name":"ถนนเวียงพิงค์","kom":0,"kalae":0,"text_lanna":2,"total_detect":2}},{"type":"Feature","id":537,"geometry":{"type":"Point","coordinates":[98.992018010000038,18.778594010000063]},"properties":{"OBJECTID":537,"idx":2373,"POINT_Y":18.778594009999999,"POINT_X":98.992018009999995,"name":"ถนนราชเชียงแสน 2ก","kom":0,"kalae":1,"text_lanna":0,"total_detect":1}},{"type":"Feature","id":538,"geometry":{"type":"Point","coordinates":[98.99328225000005,18.778304610000077]},"properties":{"OBJECTID":538,"idx":2378,"POINT_Y":18.778304609999999,"POINT_X":98.993282249999993,"name":"ถนนราชเชียงแสน 2ก","kom":1,"kalae":0,"text_lanna":0,"total_detect":1}},{"type":"Feature","id":539,"geometry":{"type":"Point","coordinates":[98.993668900000046,18.778216060000034]},"properties":{"OBJECTID":539,"idx":2380,"POINT_Y":18.778216059999998,"POINT_X":98.993668900000003,"name":"ถนนราชเชียงแสน 2ก","kom":0,"kalae":1,"text_lanna":0,"total_detect":1}},{"type":"Feature","id":540,"geometry":{"type":"Point","coordinates":[98.998128410000049,18.796349000000077]},"properties":{"OBJECTID":540,"idx":2386,"POINT_Y":18.796348999999999,"POINT_X":98.998128410000007,"name":null,"kom":0,"kalae":1,"text_lanna":0,"total_detect":1}},{"type":"Feature","id":541,"geometry":{"type":"Point","coordinates":[98.996841850000067,18.796664660000033]},"properties":{"OBJECTID":541,"idx":2393,"POINT_Y":18.796664660000001,"POINT_X":98.996841849999996,"name":null,"kom":0,"kalae":4,"text_lanna":0,"total_detect":4}},{"type":"Feature","id":542,"geometry":{"type":"Point","coordinates":[98.99836909000004,18.796562280000046]},"properties":{"OBJECTID":542,"idx":2396,"POINT_Y":18.79656228,"POINT_X":98.998369089999997,"name":null,"kom":2,"kalae":2,"text_lanna":0,"total_detect":4}},{"type":"Feature","id":543,"geometry":{"type":"Point","coordinates":[98.992412580000064,18.782857020000051]},"properties":{"OBJECTID":543,"idx":2399,"POINT_Y":18.782857020000002,"POINT_X":98.992412580000007,"name":"ถนนมูลเมือง ซอย 1","kom":6,"kalae":0,"text_lanna":0,"total_detect":6}},{"type":"Feature","id":544,"geometry":{"type":"Point","coordinates":[98.991648920000046,18.783059110000067]},"properties":{"OBJECTID":544,"idx":2402,"POINT_Y":18.78305911,"POINT_X":98.991648920000003,"name":"ถนนมูลเมือง ซอย 1","kom":2,"kalae":0,"text_lanna":0,"total_detect":2}},{"type":"Feature","id":545,"geometry":{"type":"Point","coordinates":[98.990189790000045,18.783372870000051]},"properties":{"OBJECTID":545,"idx":2403,"POINT_Y":18.783372870000001,"POINT_X":98.990189790000002,"name":"ถนนพระปกเกล้า ซอย 3","kom":4,"kalae":0,"text_lanna":0,"total_detect":4}},{"type":"Feature","id":546,"geometry":{"type":"Point","coordinates":[98.993916650000074,18.784423340000046]},"properties":{"OBJECTID":546,"idx":2407,"POINT_Y":18.78442334,"POINT_X":98.993916650000003,"name":null,"kom":0,"kalae":2,"text_lanna":0,"total_detect":2}},{"type":"Feature","id":547,"geometry":{"type":"Point","coordinates":[98.980337820000045,18.788565960000028]},"properties":{"OBJECTID":547,"idx":2413,"POINT_Y":18.78856596,"POINT_X":98.980337820000003,"name":"ถนนราชมรรคา ซอย 9","kom":0,"kalae":1,"text_lanna":0,"total_detect":1}},{"type":"Feature","id":548,"geometry":{"type":"Point","coordinates":[98.980300770000042,18.787931160000028]},"properties":{"OBJECTID":548,"idx":2416,"POINT_Y":18.787931159999999,"POINT_X":98.980300769999999,"name":"ถนนราชมรรคา ซอย 9","kom":6,"kalae":0,"text_lanna":0,"total_detect":6}},{"type":"Feature","id":549,"geometry":{"type":"Point","coordinates":[98.981308070000068,18.786592810000059]},"properties":{"OBJECTID":549,"idx":2418,"POINT_Y":18.786592809999998,"POINT_X":98.981308069999997,"name":"ถนนสามล้าน ซอย 2","kom":4,"kalae":0,"text_lanna":0,"total_detect":4}},{"type":"Feature","id":550,"geometry":{"type":"Point","coordinates":[98.99656211000007,18.781568520000064]},"properties":{"OBJECTID":550,"idx":2438,"POINT_Y":18.78156852,"POINT_X":98.996562109999999,"name":"ถนนลอยเคราะห์ 3","kom":7,"kalae":0,"text_lanna":0,"total_detect":7}},{"type":"Feature","id":551,"geometry":{"type":"Point","coordinates":[98.996661880000033,18.782030100000043]},"properties":{"OBJECTID":551,"idx":2440,"POINT_Y":18.7820301,"POINT_X":98.996661880000005,"name":"ถนนลอยเคราะห์ 3","kom":0,"kalae":2,"text_lanna":0,"total_detect":2}},{"type":"Feature","id":552,"geometry":{"type":"Point","coordinates":[98.996830460000069,18.78317203000006]},"properties":{"OBJECTID":552,"idx":2445,"POINT_Y":18.783172029999999,"POINT_X":98.996830459999998,"name":"ถนนลอยเคราะห์ 3","kom":0,"kalae":1,"text_lanna":0,"total_detect":1}},{"type":"Feature","id":553,"geometry":{"type":"Point","coordinates":[98.99751002000005,18.783529600000065]},"properties":{"OBJECTID":553,"idx":2454,"POINT_Y":18.783529600000001,"POINT_X":98.997510020000007,"name":"ถนนลอยเคราะห์ ซอย 3ก","kom":0,"kalae":2,"text_lanna":0,"total_detect":2}},{"type":"Feature","id":554,"geometry":{"type":"Point","coordinates":[98.996060990000046,18.781975580000051]},"properties":{"OBJECTID":554,"idx":2460,"POINT_Y":18.781975580000001,"POINT_X":98.996060990000004,"name":null,"kom":2,"kalae":0,"text_lanna":0,"total_detect":2}},{"type":"Feature","id":555,"geometry":{"type":"Point","coordinates":[98.995777210000085,18.782184600000051]},"properties":{"OBJECTID":555,"idx":2462,"POINT_Y":18.782184600000001,"POINT_X":98.99577721,"name":null,"kom":0,"kalae":0,"text_lanna":2,"total_detect":2}},{"type":"Feature","id":556,"geometry":{"type":"Point","coordinates":[98.99357918000004,18.769666390000054]},"properties":{"OBJECTID":556,"idx":2468,"POINT_Y":18.769666390000001,"POINT_X":98.993579179999998,"name":"ถนนศรีจันทร์ดร","kom":0,"kalae":1,"text_lanna":0,"total_detect":1}},{"type":"Feature","id":557,"geometry":{"type":"Point","coordinates":[98.995974120000085,18.769836220000059]},"properties":{"OBJECTID":557,"idx":2479,"POINT_Y":18.769836219999998,"POINT_X":98.99597412,"name":"ถนนศรีจันทร์ดร","kom":0,"kalae":1,"text_lanna":0,"total_detect":1}},{"type":"Feature","id":558,"geometry":{"type":"Point","coordinates":[98.99682394000007,18.771920350000073]},"properties":{"OBJECTID":558,"idx":2487,"POINT_Y":18.771920349999998,"POINT_X":98.996823939999999,"name":"ถนนศรีจันทร์ดร","kom":2,"kalae":0,"text_lanna":0,"total_detect":2}},{"type":"Feature","id":559,"geometry":{"type":"Point","coordinates":[98.997053470000083,18.772976460000052]},"properties":{"OBJECTID":559,"idx":2489,"POINT_Y":18.772976459999999,"POINT_X":98.997053469999997,"name":"ถนนศรีจันทร์ดร","kom":0,"kalae":2,"text_lanna":0,"total_detect":2}},{"type":"Feature","id":560,"geometry":{"type":"Point","coordinates":[98.997155950000035,18.773128590000056]},"properties":{"OBJECTID":560,"idx":2490,"POINT_Y":18.773128589999999,"POINT_X":98.997155950000007,"name":"ถนนศรีจันทร์ดร","kom":0,"kalae":0,"text_lanna":1,"total_detect":1}},{"type":"Feature","id":561,"geometry":{"type":"Point","coordinates":[98.993712810000034,18.771051510000063]},"properties":{"OBJECTID":561,"idx":2504,"POINT_Y":18.771051509999999,"POINT_X":98.993712810000005,"name":null,"kom":0,"kalae":1,"text_lanna":0,"total_detect":1}},{"type":"Feature","id":562,"geometry":{"type":"Point","coordinates":[98.993630670000073,18.77088856000006]},"properties":{"OBJECTID":562,"idx":2505,"POINT_Y":18.77088856,"POINT_X":98.993630670000002,"name":null,"kom":1,"kalae":0,"text_lanna":0,"total_detect":1}},{"type":"Feature","id":563,"geometry":{"type":"Point","coordinates":[98.993548530000055,18.770725620000064]},"properties":{"OBJECTID":563,"idx":2506,"POINT_Y":18.77072562,"POINT_X":98.993548529999998,"name":null,"kom":1,"kalae":0,"text_lanna":0,"total_detect":1}},{"type":"Feature","id":564,"geometry":{"type":"Point","coordinates":[98.993302100000051,18.770236780000062]},"properties":{"OBJECTID":564,"idx":2509,"POINT_Y":18.770236780000001,"POINT_X":98.993302099999994,"name":null,"kom":0,"kalae":2,"text_lanna":0,"total_detect":2}},{"type":"Feature","id":565,"geometry":{"type":"Point","coordinates":[98.993219960000033,18.770073830000058]},"properties":{"OBJECTID":565,"idx":2510,"POINT_Y":18.770073830000001,"POINT_X":98.993219960000005,"name":null,"kom":0,"kalae":1,"text_lanna":0,"total_detect":1}},{"type":"Feature","id":566,"geometry":{"type":"Point","coordinates":[98.994162890000041,18.77224244000007]},"properties":{"OBJECTID":566,"idx":2511,"POINT_Y":18.772242439999999,"POINT_X":98.994162889999998,"name":null,"kom":0,"kalae":1,"text_lanna":0,"total_detect":1}},{"type":"Feature","id":567,"geometry":{"type":"Point","coordinates":[98.994007190000048,18.776692290000028]},"properties":{"OBJECTID":567,"idx":2516,"POINT_Y":18.77669229,"POINT_X":98.994007190000005,"name":"ถนนกำแพงดิน ซอย 3","kom":0,"kalae":1,"text_lanna":0,"total_detect":1}},{"type":"Feature","id":568,"geometry":{"type":"Point","coordinates":[98.990735140000083,18.774617520000049]},"properties":{"OBJECTID":568,"idx":2522,"POINT_Y":18.77461752,"POINT_X":98.990735139999998,"name":"ถนน สุริยวงศ์ ซอย 5","kom":0,"kalae":3,"text_lanna":0,"total_detect":3}},{"type":"Feature","id":569,"geometry":{"type":"Point","coordinates":[98.992051290000063,18.775274030000048]},"properties":{"OBJECTID":569,"idx":2528,"POINT_Y":18.775274029999999,"POINT_X":98.992051290000006,"name":"ถนน สุริยวงศ์ ซอย 5","kom":0,"kalae":2,"text_lanna":0,"total_detect":2}},{"type":"Feature","id":570,"geometry":{"type":"Point","coordinates":[98.992863760000034,18.776243260000058]},"properties":{"OBJECTID":570,"idx":2533,"POINT_Y":18.776243260000001,"POINT_X":98.992863760000006,"name":"ถนน สุริยวงศ์ ซอย 5","kom":0,"kalae":2,"text_lanna":0,"total_detect":2}},{"type":"Feature","id":571,"geometry":{"type":"Point","coordinates":[98.99114250000008,18.77954273000006]},"properties":{"OBJECTID":571,"idx":2550,"POINT_Y":18.779542729999999,"POINT_X":98.991142499999995,"name":"ถนนราชเชียงแสน ซอย 1ข","kom":0,"kalae":0,"text_lanna":1,"total_detect":1}},{"type":"Feature","id":572,"geometry":{"type":"Point","coordinates":[98.99087835000006,18.780162050000058]},"properties":{"OBJECTID":572,"idx":2557,"POINT_Y":18.780162050000001,"POINT_X":98.990878350000003,"name":"ถนน ราชเชียงแสน ซอย1ก","kom":0,"kalae":1,"text_lanna":0,"total_detect":1}},{"type":"Feature","id":573,"geometry":{"type":"Point","coordinates":[98.991629260000082,18.779970400000025]},"properties":{"OBJECTID":573,"idx":2561,"POINT_Y":18.7799704,"POINT_X":98.991629259999996,"name":"ถนน ราชเชียงแสน ซอย1ก","kom":2,"kalae":0,"text_lanna":0,"total_detect":2}},{"type":"Feature","id":574,"geometry":{"type":"Point","coordinates":[99.008724280000081,18.786349130000076]},"properties":{"OBJECTID":574,"idx":2563,"POINT_Y":18.786349130000001,"POINT_X":99.008724279999996,"name":"ถนนนายพล","kom":0,"kalae":2,"text_lanna":0,"total_detect":2}},{"type":"Feature","id":575,"geometry":{"type":"Point","coordinates":[99.008722840000075,18.786594250000064]},"properties":{"OBJECTID":575,"idx":2564,"POINT_Y":18.78659425,"POINT_X":99.008722840000004,"name":"ถนนนายพล","kom":0,"kalae":1,"text_lanna":0,"total_detect":1}},{"type":"Feature","id":576,"geometry":{"type":"Point","coordinates":[99.01106905000006,18.784623080000074]},"properties":{"OBJECTID":576,"idx":2577,"POINT_Y":18.784623079999999,"POINT_X":99.011069050000003,"name":"ถนน สันนาลุง","kom":3,"kalae":1,"text_lanna":0,"total_detect":4}},{"type":"Feature","id":577,"geometry":{"type":"Point","coordinates":[99.009671380000043,18.785387870000022]},"properties":{"OBJECTID":577,"idx":2585,"POINT_Y":18.785387870000001,"POINT_X":99.00967138,"name":"ถนน สันนาลุง","kom":4,"kalae":1,"text_lanna":0,"total_detect":5}},{"type":"Feature","id":578,"geometry":{"type":"Point","coordinates":[99.012769910000031,18.785779390000073]},"properties":{"OBJECTID":578,"idx":2598,"POINT_Y":18.785779389999998,"POINT_X":99.012769910000003,"name":"ถนนเจริญเมือง ซอย3","kom":0,"kalae":2,"text_lanna":0,"total_detect":2}},{"type":"Feature","id":579,"geometry":{"type":"Point","coordinates":[99.012830970000039,18.786134460000028]},"properties":{"OBJECTID":579,"idx":2599,"POINT_Y":18.78613446,"POINT_X":99.012830969999996,"name":"ถนนเจริญเมือง ซอย3","kom":0,"kalae":10,"text_lanna":0,"total_detect":10}},{"type":"Feature","id":580,"geometry":{"type":"Point","coordinates":[99.016657810000083,18.778126520000058]},"properties":{"OBJECTID":580,"idx":2600,"POINT_Y":18.778126520000001,"POINT_X":99.016657809999998,"name":"ถนน สันนาลุง","kom":2,"kalae":0,"text_lanna":0,"total_detect":2}},{"type":"Feature","id":581,"geometry":{"type":"Point","coordinates":[99.016328990000034,18.778395060000037]},"properties":{"OBJECTID":581,"idx":2602,"POINT_Y":18.778395060000001,"POINT_X":99.016328990000005,"name":"ถนน สันนาลุง","kom":0,"kalae":1,"text_lanna":0,"total_detect":1}},{"type":"Feature","id":582,"geometry":{"type":"Point","coordinates":[99.016113330000053,18.778603600000054]},"properties":{"OBJECTID":582,"idx":2603,"POINT_Y":18.7786036,"POINT_X":99.016113329999996,"name":"ถนน สันนาลุง","kom":0,"kalae":1,"text_lanna":0,"total_detect":1}},{"type":"Feature","id":583,"geometry":{"type":"Point","coordinates":[99.013598280000053,18.782515580000052]},"properties":{"OBJECTID":583,"idx":2619,"POINT_Y":18.782515579999998,"POINT_X":99.013598279999997,"name":"ถนน สันนาลุง","kom":1,"kalae":0,"text_lanna":0,"total_detect":1}},{"type":"Feature","id":584,"geometry":{"type":"Point","coordinates":[99.013370730000076,18.782993910000073]},"properties":{"OBJECTID":584,"idx":2621,"POINT_Y":18.782993909999998,"POINT_X":99.013370730000005,"name":"ถนน สันนาลุง","kom":0,"kalae":1,"text_lanna":0,"total_detect":1}},{"type":"Feature","id":585,"geometry":{"type":"Point","coordinates":[99.014182120000044,18.782977320000043]},"properties":{"OBJECTID":585,"idx":2628,"POINT_Y":18.782977320000001,"POINT_X":99.014182120000001,"name":"ถนนกองทราย","kom":0,"kalae":0,"text_lanna":1,"total_detect":1}},{"type":"Feature","id":586,"geometry":{"type":"Point","coordinates":[99.014555140000084,18.782910550000054]},"properties":{"OBJECTID":586,"idx":2630,"POINT_Y":18.78291055,"POINT_X":99.014555139999999,"name":"ถนนกองทราย","kom":2,"kalae":5,"text_lanna":0,"total_detect":7}},{"type":"Feature","id":587,"geometry":{"type":"Point","coordinates":[99.015009340000063,18.782801340000049]},"properties":{"OBJECTID":587,"idx":2632,"POINT_Y":18.782801339999999,"POINT_X":99.015009340000006,"name":"ถนนกองทราย","kom":0,"kalae":2,"text_lanna":1,"total_detect":3}},{"type":"Feature","id":588,"geometry":{"type":"Point","coordinates":[99.015651940000055,18.782655500000033]},"properties":{"OBJECTID":588,"idx":2635,"POINT_Y":18.782655500000001,"POINT_X":99.015651939999998,"name":"ถนนกองทราย","kom":1,"kalae":0,"text_lanna":0,"total_detect":1}},{"type":"Feature","id":589,"geometry":{"type":"Point","coordinates":[99.016301660000067,18.782549540000048]},"properties":{"OBJECTID":589,"idx":2638,"POINT_Y":18.782549540000002,"POINT_X":99.016301659999996,"name":"ถนนกองทราย","kom":1,"kalae":0,"text_lanna":0,"total_detect":1}},{"type":"Feature","id":590,"geometry":{"type":"Point","coordinates":[99.015743570000041,18.782453020000048]},"properties":{"OBJECTID":590,"idx":2645,"POINT_Y":18.782453019999998,"POINT_X":99.015743569999998,"name":"กองทราย ซอย 1","kom":0,"kalae":1,"text_lanna":0,"total_detect":1}},{"type":"Feature","id":591,"geometry":{"type":"Point","coordinates":[99.015399390000084,18.774464090000038]},"properties":{"OBJECTID":591,"idx":2652,"POINT_Y":18.774464089999999,"POINT_X":99.015399389999999,"name":null,"kom":0,"kalae":1,"text_lanna":0,"total_detect":1}},{"type":"Feature","id":592,"geometry":{"type":"Point","coordinates":[99.01543662000006,18.774700990000042]},"properties":{"OBJECTID":592,"idx":2653,"POINT_Y":18.774700989999999,"POINT_X":99.015436620000003,"name":null,"kom":1,"kalae":0,"text_lanna":0,"total_detect":1}},{"type":"Feature","id":593,"geometry":{"type":"Point","coordinates":[99.015163880000046,18.770578520000072]},"properties":{"OBJECTID":593,"idx":2656,"POINT_Y":18.770578520000001,"POINT_X":99.015163880000003,"name":"ถนนราษฎร์อุทิศ ซอย 8","kom":0,"kalae":1,"text_lanna":0,"total_detect":1}},{"type":"Feature","id":594,"geometry":{"type":"Point","coordinates":[99.015697040000077,18.772659820000058]},"properties":{"OBJECTID":594,"idx":2666,"POINT_Y":18.772659820000001,"POINT_X":99.015697040000006,"name":"ถนนราษฎร์อุทิศ ซอย 8","kom":1,"kalae":2,"text_lanna":0,"total_detect":3}},{"type":"Feature","id":595,"geometry":{"type":"Point","coordinates":[99.017051880000054,18.774250580000057]},"properties":{"OBJECTID":595,"idx":2676,"POINT_Y":18.77425058,"POINT_X":99.017051879999997,"name":null,"kom":4,"kalae":0,"text_lanna":0,"total_detect":4}},{"type":"Feature","id":596,"geometry":{"type":"Point","coordinates":[99.017071840000085,18.772630020000065]},"properties":{"OBJECTID":596,"idx":2684,"POINT_Y":18.772630020000001,"POINT_X":99.01707184,"name":null,"kom":0,"kalae":1,"text_lanna":2,"total_detect":3}},{"type":"Feature","id":597,"geometry":{"type":"Point","coordinates":[99.017055290000087,18.77195295000007]},"properties":{"OBJECTID":597,"idx":2687,"POINT_Y":18.771952949999999,"POINT_X":99.017055290000002,"name":null,"kom":0,"kalae":1,"text_lanna":0,"total_detect":1}},{"type":"Feature","id":598,"geometry":{"type":"Point","coordinates":[99.017050830000073,18.771229930000061]},"properties":{"OBJECTID":598,"idx":2691,"POINT_Y":18.771229930000001,"POINT_X":99.017050830000002,"name":null,"kom":0,"kalae":3,"text_lanna":0,"total_detect":3}},{"type":"Feature","id":599,"geometry":{"type":"Point","coordinates":[99.013511010000059,18.771449300000029]},"properties":{"OBJECTID":599,"idx":2703,"POINT_Y":18.7714493,"POINT_X":99.013511010000002,"name":"ถนนราษฎร์อุทิศ ซอย 8","kom":0,"kalae":2,"text_lanna":0,"total_detect":2}},{"type":"Feature","id":600,"geometry":{"type":"Point","coordinates":[99.012142850000032,18.772258930000078]},"properties":{"OBJECTID":600,"idx":2708,"POINT_Y":18.77225893,"POINT_X":99.012142850000004,"name":"ถนนราษฎร์อุทิศ ซอย 8","kom":6,"kalae":0,"text_lanna":1,"total_detect":7}},{"type":"Feature","id":601,"geometry":{"type":"Point","coordinates":[99.015418870000076,18.769237520000047]},"properties":{"OBJECTID":601,"idx":2716,"POINT_Y":18.769237520000001,"POINT_X":99.015418870000005,"name":null,"kom":0,"kalae":1,"text_lanna":0,"total_detect":1}},{"type":"Feature","id":602,"geometry":{"type":"Point","coordinates":[99.015600830000039,18.769186230000059]},"properties":{"OBJECTID":602,"idx":2717,"POINT_Y":18.769186229999999,"POINT_X":99.015600829999997,"name":null,"kom":0,"kalae":2,"text_lanna":0,"total_detect":2}},{"type":"Feature","id":603,"geometry":{"type":"Point","coordinates":[99.015231460000052,18.769384460000026]},"properties":{"OBJECTID":603,"idx":2719,"POINT_Y":18.769384460000001,"POINT_X":99.015231459999995,"name":null,"kom":0,"kalae":0,"text_lanna":2,"total_detect":2}},{"type":"Feature","id":604,"geometry":{"type":"Point","coordinates":[99.018364050000059,18.780396990000042]},"properties":{"OBJECTID":604,"idx":2726,"POINT_Y":18.78039699,"POINT_X":99.018364050000002,"name":null,"kom":0,"kalae":2,"text_lanna":0,"total_detect":2}},{"type":"Feature","id":605,"geometry":{"type":"Point","coordinates":[99.018362010000033,18.780577740000069]},"properties":{"OBJECTID":605,"idx":2727,"POINT_Y":18.780577739999998,"POINT_X":99.018362010000004,"name":null,"kom":4,"kalae":0,"text_lanna":0,"total_detect":4}},{"type":"Feature","id":606,"geometry":{"type":"Point","coordinates":[99.020175770000037,18.782008010000027]},"properties":{"OBJECTID":606,"idx":2737,"POINT_Y":18.782008009999998,"POINT_X":99.020175769999994,"name":"ถนนเจริญเมือง ซอย 5","kom":0,"kalae":0,"text_lanna":2,"total_detect":2}},{"type":"Feature","id":607,"geometry":{"type":"Point","coordinates":[99.018840170000033,18.777394270000059]},"properties":{"OBJECTID":607,"idx":2746,"POINT_Y":18.777394269999998,"POINT_X":99.018840170000004,"name":null,"kom":0,"kalae":0,"text_lanna":2,"total_detect":2}},{"type":"Feature","id":608,"geometry":{"type":"Point","coordinates":[99.022823560000063,18.78109543000005]},"properties":{"OBJECTID":608,"idx":2749,"POINT_Y":18.781095430000001,"POINT_X":99.022823560000006,"name":"ถนนเจริญเมือง ซอย 7","kom":2,"kalae":0,"text_lanna":0,"total_detect":2}},{"type":"Feature","id":609,"geometry":{"type":"Point","coordinates":[99.022839420000082,18.781275550000032]},"properties":{"OBJECTID":609,"idx":2750,"POINT_Y":18.78127555,"POINT_X":99.022839419999997,"name":"ถนนเจริญเมือง ซอย 7","kom":2,"kalae":0,"text_lanna":0,"total_detect":2}},{"type":"Feature","id":610,"geometry":{"type":"Point","coordinates":[99.022855280000044,18.781455680000022]},"properties":{"OBJECTID":610,"idx":2751,"POINT_Y":18.781455680000001,"POINT_X":99.022855280000002,"name":"ถนนเจริญเมือง ซอย 7","kom":0,"kalae":0,"text_lanna":1,"total_detect":1}},{"type":"Feature","id":611,"geometry":{"type":"Point","coordinates":[99.022931910000068,18.781835140000055]},"properties":{"OBJECTID":611,"idx":2753,"POINT_Y":18.781835139999998,"POINT_X":99.022931909999997,"name":"ถนนเจริญเมือง ซอย 7","kom":0,"kalae":1,"text_lanna":0,"total_detect":1}},{"type":"Feature","id":612,"geometry":{"type":"Point","coordinates":[99.026591340000039,18.78010708000005]},"properties":{"OBJECTID":612,"idx":2767,"POINT_Y":18.780107080000001,"POINT_X":99.026591339999996,"name":"อนุวิถี ซอย 1","kom":5,"kalae":0,"text_lanna":0,"total_detect":5}},{"type":"Feature","id":613,"geometry":{"type":"Point","coordinates":[99.026124640000035,18.779536850000056]},"properties":{"OBJECTID":613,"idx":2771,"POINT_Y":18.77953685,"POINT_X":99.026124640000006,"name":"อนุวิถี ซอย 1","kom":1,"kalae":0,"text_lanna":0,"total_detect":1}},{"type":"Feature","id":614,"geometry":{"type":"Point","coordinates":[98.976528510000037,18.795861650000063]},"properties":{"OBJECTID":614,"idx":2775,"POINT_Y":18.795861649999999,"POINT_X":98.976528509999994,"name":null,"kom":0,"kalae":2,"text_lanna":0,"total_detect":2}},{"type":"Feature","id":615,"geometry":{"type":"Point","coordinates":[98.974410190000071,18.796097090000046]},"properties":{"OBJECTID":615,"idx":2779,"POINT_Y":18.79609709,"POINT_X":98.97441019,"name":null,"kom":0,"kalae":1,"text_lanna":0,"total_detect":1}},{"type":"Feature","id":616,"geometry":{"type":"Point","coordinates":[98.972239720000061,18.795159100000035]},"properties":{"OBJECTID":616,"idx":2791,"POINT_Y":18.795159099999999,"POINT_X":98.972239720000005,"name":"ถนนศิริมังคลาจารย์ ซอย 7","kom":0,"kalae":1,"text_lanna":0,"total_detect":1}},{"type":"Feature","id":617,"geometry":{"type":"Point","coordinates":[98.972792230000039,18.795930240000075]},"properties":{"OBJECTID":617,"idx":2802,"POINT_Y":18.795930240000001,"POINT_X":98.972792229999996,"name":"ถนนศิริมังคลาจารย์ ซอย 3","kom":2,"kalae":0,"text_lanna":0,"total_detect":2}},{"type":"Feature","id":618,"geometry":{"type":"Point","coordinates":[98.972605550000083,18.795962880000047]},"properties":{"OBJECTID":618,"idx":2803,"POINT_Y":18.795962880000001,"POINT_X":98.972605549999997,"name":"ถนนศิริมังคลาจารย์ ซอย 3","kom":0,"kalae":1,"text_lanna":0,"total_detect":1}},{"type":"Feature","id":619,"geometry":{"type":"Point","coordinates":[98.972232210000072,18.796028170000056]},"properties":{"OBJECTID":619,"idx":2805,"POINT_Y":18.79602817,"POINT_X":98.972232210000001,"name":"ถนนศิริมังคลาจารย์ ซอย 3","kom":0,"kalae":1,"text_lanna":0,"total_detect":1}},{"type":"Feature","id":620,"geometry":{"type":"Point","coordinates":[98.971858860000054,18.796093450000058]},"properties":{"OBJECTID":620,"idx":2807,"POINT_Y":18.796093450000001,"POINT_X":98.971858859999998,"name":"ถนนศิริมังคลาจารย์ ซอย 3","kom":0,"kalae":0,"text_lanna":2,"total_detect":2}},{"type":"Feature","id":621,"geometry":{"type":"Point","coordinates":[98.973662060000038,18.79534287000007]},"properties":{"OBJECTID":621,"idx":2813,"POINT_Y":18.795342869999999,"POINT_X":98.973662059999995,"name":"ถนนศิริมังคลาจารย์ ซอย 5","kom":0,"kalae":0,"text_lanna":2,"total_detect":2}},{"type":"Feature","id":622,"geometry":{"type":"Point","coordinates":[98.973329360000037,18.79540041000007]},"properties":{"OBJECTID":622,"idx":2814,"POINT_Y":18.795400409999999,"POINT_X":98.973329359999994,"name":"ถนนศิริมังคลาจารย์ ซอย 5","kom":0,"kalae":0,"text_lanna":1,"total_detect":1}},{"type":"Feature","id":623,"geometry":{"type":"Point","coordinates":[98.97233956000008,18.795568040000035]},"properties":{"OBJECTID":623,"idx":2819,"POINT_Y":18.795568039999999,"POINT_X":98.972339559999995,"name":"ถนนศิริมังคลาจารย์ ซอย 5","kom":0,"kalae":0,"text_lanna":2,"total_detect":2}},{"type":"Feature","id":624,"geometry":{"type":"Point","coordinates":[98.97159208000005,18.795694470000058]},"properties":{"OBJECTID":624,"idx":2823,"POINT_Y":18.795694470000001,"POINT_X":98.971592079999994,"name":"ถนนศิริมังคลาจารย์ ซอย 5","kom":0,"kalae":1,"text_lanna":0,"total_detect":1}},{"type":"Feature","id":625,"geometry":{"type":"Point","coordinates":[98.973298330000034,18.795658930000059]},"properties":{"OBJECTID":625,"idx":2828,"POINT_Y":18.795658929999998,"POINT_X":98.973298330000006,"name":null,"kom":2,"kalae":0,"text_lanna":0,"total_detect":2}},{"type":"Feature","id":626,"geometry":{"type":"Point","coordinates":[98.973048020000078,18.793655490000049]},"properties":{"OBJECTID":626,"idx":2838,"POINT_Y":18.793655489999999,"POINT_X":98.973048019999993,"name":null,"kom":7,"kalae":0,"text_lanna":0,"total_detect":7}},{"type":"Feature","id":627,"geometry":{"type":"Point","coordinates":[98.972925620000069,18.793121240000062]},"properties":{"OBJECTID":627,"idx":2841,"POINT_Y":18.793121240000001,"POINT_X":98.972925619999998,"name":null,"kom":1,"kalae":0,"text_lanna":0,"total_detect":1}},{"type":"Feature","id":628,"geometry":{"type":"Point","coordinates":[98.971512270000062,18.794348230000026]},"properties":{"OBJECTID":628,"idx":2846,"POINT_Y":18.794348230000001,"POINT_X":98.971512270000005,"name":"ถนนศิริมังคลาจารย์ ซอย 9","kom":0,"kalae":0,"text_lanna":1,"total_detect":1}},{"type":"Feature","id":629,"geometry":{"type":"Point","coordinates":[98.971487340000067,18.793879180000033]},"properties":{"OBJECTID":629,"idx":2856,"POINT_Y":18.793879180000001,"POINT_X":98.971487339999996,"name":"ถนนศิริมังคลาจารย์ ซอย 11","kom":0,"kalae":4,"text_lanna":0,"total_detect":4}},{"type":"Feature","id":630,"geometry":{"type":"Point","coordinates":[98.972570610000048,18.79359235000004]},"properties":{"OBJECTID":630,"idx":2861,"POINT_Y":18.793592350000001,"POINT_X":98.972570610000005,"name":"ถนนศิริมังคลาจารย์ ซอย 11","kom":0,"kalae":2,"text_lanna":0,"total_detect":2}},{"type":"Feature","id":631,"geometry":{"type":"Point","coordinates":[98.972753180000041,18.793542970000033]},"properties":{"OBJECTID":631,"idx":2862,"POINT_Y":18.793542970000001,"POINT_X":98.972753179999998,"name":"ถนนศิริมังคลาจารย์ ซอย 11","kom":0,"kalae":1,"text_lanna":0,"total_detect":1}},{"type":"Feature","id":632,"geometry":{"type":"Point","coordinates":[98.971498050000037,18.793468000000075]},"properties":{"OBJECTID":632,"idx":2866,"POINT_Y":18.793468000000001,"POINT_X":98.971498049999994,"name":"ถนนศิริมังคลาจารย์ ซอย 13","kom":0,"kalae":0,"text_lanna":1,"total_detect":1}},{"type":"Feature","id":633,"geometry":{"type":"Point","coordinates":[98.972321660000034,18.79301466000004]},"properties":{"OBJECTID":633,"idx":2871,"POINT_Y":18.793014660000001,"POINT_X":98.972321660000006,"name":"ถนนศิริมังคลาจารย์ ซอย 13","kom":12,"kalae":0,"text_lanna":0,"total_detect":12}},{"type":"Feature","id":634,"geometry":{"type":"Point","coordinates":[98.972242260000087,18.794243370000061]},"properties":{"OBJECTID":634,"idx":2883,"POINT_Y":18.79424337,"POINT_X":98.972242260000002,"name":null,"kom":0,"kalae":0,"text_lanna":1,"total_detect":1}},{"type":"Feature","id":635,"geometry":{"type":"Point","coordinates":[98.971851170000036,18.795044330000053]},"properties":{"OBJECTID":635,"idx":2884,"POINT_Y":18.79504433,"POINT_X":98.971851169999994,"name":null,"kom":0,"kalae":1,"text_lanna":0,"total_detect":1}},{"type":"Feature","id":636,"geometry":{"type":"Point","coordinates":[98.966587470000036,18.793581860000074]},"properties":{"OBJECTID":636,"idx":2893,"POINT_Y":18.79358186,"POINT_X":98.966587469999993,"name":"ถนนสาย 26","kom":0,"kalae":1,"text_lanna":0,"total_detect":1}},{"type":"Feature","id":637,"geometry":{"type":"Point","coordinates":[98.968116640000062,18.793281660000048]},"properties":{"OBJECTID":637,"idx":2898,"POINT_Y":18.793281660000002,"POINT_X":98.968116640000005,"name":"ถนนสาย 26","kom":0,"kalae":1,"text_lanna":0,"total_detect":1}},{"type":"Feature","id":638,"geometry":{"type":"Point","coordinates":[98.954739640000071,18.796299870000041]},"properties":{"OBJECTID":638,"idx":2912,"POINT_Y":18.796299869999999,"POINT_X":98.95473964,"name":"ซอยเชียงราย 2","kom":2,"kalae":0,"text_lanna":0,"total_detect":2}},{"type":"Feature","id":639,"geometry":{"type":"Point","coordinates":[98.955142780000074,18.796234280000078]},"properties":{"OBJECTID":639,"idx":2913,"POINT_Y":18.79623428,"POINT_X":98.955142780000003,"name":"ซอยเชียงราย 2","kom":0,"kalae":2,"text_lanna":0,"total_detect":2}},{"type":"Feature","id":640,"geometry":{"type":"Point","coordinates":[98.956168240000068,18.796089570000049]},"properties":{"OBJECTID":640,"idx":2917,"POINT_Y":18.796089569999999,"POINT_X":98.956168239999997,"name":"ซอยเชียงราย 2","kom":2,"kalae":0,"text_lanna":0,"total_detect":2}},{"type":"Feature","id":641,"geometry":{"type":"Point","coordinates":[98.956544270000052,18.796040230000074]},"properties":{"OBJECTID":641,"idx":2919,"POINT_Y":18.796040229999999,"POINT_X":98.956544269999995,"name":"ซอยเชียงราย 2","kom":5,"kalae":1,"text_lanna":0,"total_detect":6}},{"type":"Feature","id":642,"geometry":{"type":"Point","coordinates":[98.94934438000007,18.796626300000071]},"properties":{"OBJECTID":642,"idx":2935,"POINT_Y":18.7966263,"POINT_X":98.949344379999999,"name":null,"kom":0,"kalae":0,"text_lanna":2,"total_detect":2}},{"type":"Feature","id":643,"geometry":{"type":"Point","coordinates":[98.949288510000088,18.796799050000061]},"properties":{"OBJECTID":643,"idx":2936,"POINT_Y":18.796799050000001,"POINT_X":98.949288510000002,"name":null,"kom":10,"kalae":0,"text_lanna":0,"total_detect":10}},{"type":"Feature","id":644,"geometry":{"type":"Point","coordinates":[98.955259720000072,18.797833010000033]},"properties":{"OBJECTID":644,"idx":2941,"POINT_Y":18.797833010000002,"POINT_X":98.955259720000001,"name":"ซอย ๔๐๑ วังเหนึอ","kom":1,"kalae":0,"text_lanna":2,"total_detect":3}},{"type":"Feature","id":645,"geometry":{"type":"Point","coordinates":[98.955259280000064,18.798013770000068]},"properties":{"OBJECTID":645,"idx":2942,"POINT_Y":18.798013770000001,"POINT_X":98.955259280000007,"name":"ซอย ๔๐๑ วังเหนึอ","kom":1,"kalae":1,"text_lanna":0,"total_detect":2}},{"type":"Feature","id":646,"geometry":{"type":"Point","coordinates":[98.955249220000042,18.799087410000027]},"properties":{"OBJECTID":646,"idx":2946,"POINT_Y":18.799087409999998,"POINT_X":98.955249219999999,"name":"ซอย ๔๐๑ วังเหนึอ","kom":1,"kalae":0,"text_lanna":0,"total_detect":1}},{"type":"Feature","id":647,"geometry":{"type":"Point","coordinates":[98.954539470000043,18.797482820000027]},"properties":{"OBJECTID":647,"idx":2949,"POINT_Y":18.797482819999999,"POINT_X":98.95453947,"name":"ซอย ๔๐๑ วังเหนึอ","kom":2,"kalae":0,"text_lanna":0,"total_detect":2}},{"type":"Feature","id":648,"geometry":{"type":"Point","coordinates":[98.955813840000076,18.796903630000031]},"properties":{"OBJECTID":648,"idx":2957,"POINT_Y":18.796903629999999,"POINT_X":98.955813840000005,"name":"ซอย ๔๐๑ วังเหนึอ","kom":20,"kalae":0,"text_lanna":0,"total_detect":20}},{"type":"Feature","id":649,"geometry":{"type":"Point","coordinates":[98.954356940000082,18.797889250000026]},"properties":{"OBJECTID":649,"idx":2966,"POINT_Y":18.797889250000001,"POINT_X":98.954356939999997,"name":"ซอย ๑๐๘ สันป่ตอง","kom":0,"kalae":1,"text_lanna":0,"total_detect":1}},{"type":"Feature","id":650,"geometry":{"type":"Point","coordinates":[98.954361980000044,18.796762860000058]},"properties":{"OBJECTID":650,"idx":2971,"POINT_Y":18.796762860000001,"POINT_X":98.954361980000002,"name":"ซอย ๑๐๘ สันป่ตอง","kom":0,"kalae":2,"text_lanna":0,"total_detect":2}},{"type":"Feature","id":651,"geometry":{"type":"Point","coordinates":[98.954147100000057,18.807124530000067]},"properties":{"OBJECTID":651,"idx":2976,"POINT_Y":18.807124529999999,"POINT_X":98.9541471,"name":null,"kom":6,"kalae":0,"text_lanna":0,"total_detect":6}},{"type":"Feature","id":652,"geometry":{"type":"Point","coordinates":[98.954055990000086,18.806965950000063]},"properties":{"OBJECTID":652,"idx":2977,"POINT_Y":18.806965949999999,"POINT_X":98.954055990000001,"name":null,"kom":6,"kalae":0,"text_lanna":0,"total_detect":6}},{"type":"Feature","id":653,"geometry":{"type":"Point","coordinates":[98.953782680000074,18.806490230000065]},"properties":{"OBJECTID":653,"idx":2980,"POINT_Y":18.806490230000001,"POINT_X":98.953782680000003,"name":null,"kom":0,"kalae":1,"text_lanna":0,"total_detect":1}},{"type":"Feature","id":654,"geometry":{"type":"Point","coordinates":[98.953597690000038,18.806164850000073]},"properties":{"OBJECTID":654,"idx":2982,"POINT_Y":18.806164849999998,"POINT_X":98.953597689999995,"name":null,"kom":4,"kalae":0,"text_lanna":0,"total_detect":4}},{"type":"Feature","id":655,"geometry":{"type":"Point","coordinates":[98.951650360000087,18.802904550000051]},"properties":{"OBJECTID":655,"idx":2990,"POINT_Y":18.802904550000001,"POINT_X":98.951650360000002,"name":"ถนน ๖ พิษณุโลก","kom":1,"kalae":0,"text_lanna":0,"total_detect":1}},{"type":"Feature","id":656,"geometry":{"type":"Point","coordinates":[98.981142200000079,18.791300360000037]},"properties":{"OBJECTID":656,"idx":2992,"POINT_Y":18.791300360000001,"POINT_X":98.981142199999994,"name":"ถนนอินทวโรรส ซอย 3","kom":0,"kalae":2,"text_lanna":0,"total_detect":2}},{"type":"Feature","id":657,"geometry":{"type":"Point","coordinates":[98.98115351000007,18.791119930000036]},"properties":{"OBJECTID":657,"idx":2993,"POINT_Y":18.791119930000001,"POINT_X":98.981153509999999,"name":"ถนนอินทวโรรส ซอย 3","kom":0,"kalae":4,"text_lanna":0,"total_detect":4}},{"type":"Feature","id":658,"geometry":{"type":"Point","coordinates":[98.981348590000039,18.790234750000025]},"properties":{"OBJECTID":658,"idx":2994,"POINT_Y":18.79023475,"POINT_X":98.981348589999996,"name":"ถนนอินทวโรรส ซอย 3","kom":4,"kalae":0,"text_lanna":1,"total_detect":5}},{"type":"Feature","id":659,"geometry":{"type":"Point","coordinates":[98.97951289000008,18.768133200000022]},"properties":{"OBJECTID":659,"idx":3002,"POINT_Y":18.768133200000001,"POINT_X":98.979512889999995,"name":"ถนนมหิดล","kom":14,"kalae":0,"text_lanna":0,"total_detect":14}},{"type":"Feature","id":660,"geometry":{"type":"Point","coordinates":[98.999013300000058,18.801511330000039]},"properties":{"OBJECTID":660,"idx":3014,"POINT_Y":18.80151133,"POINT_X":98.999013300000001,"name":"ถนนเมืองสมุทร","kom":0,"kalae":2,"text_lanna":0,"total_detect":2}},{"type":"Feature","id":661,"geometry":{"type":"Point","coordinates":[98.999088100000051,18.801677460000064]},"properties":{"OBJECTID":661,"idx":3015,"POINT_Y":18.801677460000001,"POINT_X":98.999088099999994,"name":"ถนนเมืองสมุทร","kom":0,"kalae":1,"text_lanna":0,"total_detect":1}},{"type":"Feature","id":662,"geometry":{"type":"Point","coordinates":[98.995842690000075,18.808865000000026]},"properties":{"OBJECTID":662,"idx":3021,"POINT_Y":18.808865000000001,"POINT_X":98.995842690000003,"name":null,"kom":1,"kalae":0,"text_lanna":0,"total_detect":1}},{"type":"Feature","id":663,"geometry":{"type":"Point","coordinates":[98.996459060000063,18.809663030000024]},"properties":{"OBJECTID":663,"idx":3029,"POINT_Y":18.809663029999999,"POINT_X":98.996459060000007,"name":null,"kom":0,"kalae":0,"text_lanna":1,"total_detect":1}},{"type":"Feature","id":664,"geometry":{"type":"Point","coordinates":[98.996521280000081,18.81019445000004]},"properties":{"OBJECTID":664,"idx":3031,"POINT_Y":18.810194450000001,"POINT_X":98.996521279999996,"name":null,"kom":8,"kalae":3,"text_lanna":0,"total_detect":11}},{"type":"Feature","id":665,"geometry":{"type":"Point","coordinates":[98.996541520000051,18.810374180000053]},"properties":{"OBJECTID":665,"idx":3032,"POINT_Y":18.81037418,"POINT_X":98.996541519999994,"name":null,"kom":0,"kalae":1,"text_lanna":0,"total_detect":1}},{"type":"Feature","id":666,"geometry":{"type":"Point","coordinates":[98.996571480000057,18.810633550000034]},"properties":{"OBJECTID":666,"idx":3033,"POINT_Y":18.810633549999999,"POINT_X":98.99657148,"name":null,"kom":0,"kalae":1,"text_lanna":0,"total_detect":1}},{"type":"Feature","id":667,"geometry":{"type":"Point","coordinates":[98.995938110000054,18.807802330000072]},"properties":{"OBJECTID":667,"idx":3035,"POINT_Y":18.807802330000001,"POINT_X":98.995938109999997,"name":null,"kom":0,"kalae":1,"text_lanna":0,"total_detect":1}},{"type":"Feature","id":668,"geometry":{"type":"Point","coordinates":[98.995593860000042,18.806852450000065]},"properties":{"OBJECTID":668,"idx":3040,"POINT_Y":18.806852450000001,"POINT_X":98.99559386,"name":null,"kom":3,"kalae":0,"text_lanna":0,"total_detect":3}},{"type":"Feature","id":669,"geometry":{"type":"Point","coordinates":[98.996013340000047,18.806722530000059]},"properties":{"OBJECTID":669,"idx":3042,"POINT_Y":18.806722529999998,"POINT_X":98.996013340000005,"name":null,"kom":2,"kalae":0,"text_lanna":0,"total_detect":2}},{"type":"Feature","id":670,"geometry":{"type":"Point","coordinates":[98.999441080000054,18.805610680000029]},"properties":{"OBJECTID":670,"idx":3056,"POINT_Y":18.805610680000001,"POINT_X":98.999441079999997,"name":null,"kom":1,"kalae":0,"text_lanna":0,"total_detect":1}},{"type":"Feature","id":671,"geometry":{"type":"Point","coordinates":[98.997441400000071,18.805729800000051]},"properties":{"OBJECTID":671,"idx":3059,"POINT_Y":18.805729800000002,"POINT_X":98.9974414,"name":null,"kom":7,"kalae":0,"text_lanna":0,"total_detect":7}},{"type":"Feature","id":672,"geometry":{"type":"Point","coordinates":[98.99795497000008,18.805803200000071]},"properties":{"OBJECTID":672,"idx":3061,"POINT_Y":18.8058032,"POINT_X":98.997954969999995,"name":null,"kom":0,"kalae":1,"text_lanna":0,"total_detect":1}},{"type":"Feature","id":673,"geometry":{"type":"Point","coordinates":[98.998140760000069,18.805840200000034]},"properties":{"OBJECTID":673,"idx":3062,"POINT_Y":18.805840199999999,"POINT_X":98.998140759999998,"name":null,"kom":6,"kalae":0,"text_lanna":0,"total_detect":6}},{"type":"Feature","id":674,"geometry":{"type":"Point","coordinates":[98.998839110000063,18.805969430000061]},"properties":{"OBJECTID":674,"idx":3065,"POINT_Y":18.805969430000001,"POINT_X":98.998839110000006,"name":null,"kom":1,"kalae":0,"text_lanna":0,"total_detect":1}},{"type":"Feature","id":675,"geometry":{"type":"Point","coordinates":[98.999269230000039,18.805423180000048]},"properties":{"OBJECTID":675,"idx":3068,"POINT_Y":18.805423179999998,"POINT_X":98.999269229999996,"name":null,"kom":0,"kalae":0,"text_lanna":2,"total_detect":2}},{"type":"Feature","id":676,"geometry":{"type":"Point","coordinates":[98.998861370000043,18.805350500000031]},"properties":{"OBJECTID":676,"idx":3070,"POINT_Y":18.805350499999999,"POINT_X":98.99886137,"name":null,"kom":0,"kalae":1,"text_lanna":0,"total_detect":1}},{"type":"Feature","id":677,"geometry":{"type":"Point","coordinates":[98.998214390000044,18.805235580000044]},"properties":{"OBJECTID":677,"idx":3073,"POINT_Y":18.805235580000002,"POINT_X":98.998214390000001,"name":null,"kom":0,"kalae":2,"text_lanna":0,"total_detect":2}},{"type":"Feature","id":678,"geometry":{"type":"Point","coordinates":[98.997780230000046,18.805503180000073]},"properties":{"OBJECTID":678,"idx":3077,"POINT_Y":18.805503179999999,"POINT_X":98.997780230000004,"name":null,"kom":0,"kalae":0,"text_lanna":1,"total_detect":1}},{"type":"Feature","id":679,"geometry":{"type":"Point","coordinates":[98.998707440000032,18.805664490000026]},"properties":{"OBJECTID":679,"idx":3081,"POINT_Y":18.805664490000002,"POINT_X":98.998707440000004,"name":null,"kom":1,"kalae":2,"text_lanna":0,"total_detect":3}},{"type":"Feature","id":680,"geometry":{"type":"Point","coordinates":[98.998382580000055,18.806315000000041]},"properties":{"OBJECTID":680,"idx":3084,"POINT_Y":18.806315000000001,"POINT_X":98.998382579999998,"name":null,"kom":0,"kalae":0,"text_lanna":1,"total_detect":1}},{"type":"Feature","id":681,"geometry":{"type":"Point","coordinates":[98.997600530000057,18.805290170000035]},"properties":{"OBJECTID":681,"idx":3089,"POINT_Y":18.805290169999999,"POINT_X":98.99760053,"name":null,"kom":5,"kalae":0,"text_lanna":0,"total_detect":5}},{"type":"Feature","id":682,"geometry":{"type":"Point","coordinates":[98.999130480000076,18.805053550000025]},"properties":{"OBJECTID":682,"idx":3092,"POINT_Y":18.80505355,"POINT_X":98.999130480000005,"name":null,"kom":0,"kalae":1,"text_lanna":0,"total_detect":1}},{"type":"Feature","id":683,"geometry":{"type":"Point","coordinates":[98.999557770000081,18.804714230000059]},"properties":{"OBJECTID":683,"idx":3095,"POINT_Y":18.804714229999998,"POINT_X":98.999557769999996,"name":null,"kom":0,"kalae":0,"text_lanna":6,"total_detect":6}},{"type":"Feature","id":684,"geometry":{"type":"Point","coordinates":[99.002465570000084,18.803691950000029]},"properties":{"OBJECTID":684,"idx":3106,"POINT_Y":18.803691950000001,"POINT_X":99.002465569999998,"name":"ถนนวังสิงห์คำ ซอย2","kom":0,"kalae":1,"text_lanna":0,"total_detect":1}},{"type":"Feature","id":685,"geometry":{"type":"Point","coordinates":[99.002086440000085,18.803753110000059]},"properties":{"OBJECTID":685,"idx":3108,"POINT_Y":18.803753109999999,"POINT_X":99.002086439999999,"name":"ถนนวังสิงห์คำ ซอย2","kom":4,"kalae":0,"text_lanna":0,"total_detect":4}},{"type":"Feature","id":686,"geometry":{"type":"Point","coordinates":[99.002028690000031,18.803980780000074]},"properties":{"OBJECTID":686,"idx":3124,"POINT_Y":18.80398078,"POINT_X":99.002028690000003,"name":null,"kom":1,"kalae":0,"text_lanna":0,"total_detect":1}},{"type":"Feature","id":687,"geometry":{"type":"Point","coordinates":[99.002333990000068,18.803959830000053]},"properties":{"OBJECTID":687,"idx":3128,"POINT_Y":18.80395983,"POINT_X":99.002333989999997,"name":null,"kom":0,"kalae":6,"text_lanna":0,"total_detect":6}},{"type":"Feature","id":688,"geometry":{"type":"Point","coordinates":[99.017104910000057,18.798542370000064]},"properties":{"OBJECTID":688,"idx":3131,"POINT_Y":18.79854237,"POINT_X":99.01710491,"name":"ถนนทุ่งโฮเต็ล ซอย 5","kom":2,"kalae":0,"text_lanna":0,"total_detect":2}},{"type":"Feature","id":689,"geometry":{"type":"Point","coordinates":[99.016683760000035,18.798271560000046]},"properties":{"OBJECTID":689,"idx":3133,"POINT_Y":18.79827156,"POINT_X":99.016683760000006,"name":"ถนนทุ่งโฮเต็ล ซอย 5","kom":0,"kalae":1,"text_lanna":0,"total_detect":1}},{"type":"Feature","id":690,"geometry":{"type":"Point","coordinates":[99.00638624000004,18.78260363000004]},"properties":{"OBJECTID":690,"idx":3139,"POINT_Y":18.782603630000001,"POINT_X":99.006386239999998,"name":"ถนนท่าสะต๋อย","kom":0,"kalae":0,"text_lanna":1,"total_detect":1}},{"type":"Feature","id":691,"geometry":{"type":"Point","coordinates":[99.00736943000004,18.783078470000078]},"properties":{"OBJECTID":691,"idx":3144,"POINT_Y":18.78307847,"POINT_X":99.007369429999997,"name":"ถนนท่าสะต๋อย","kom":2,"kalae":2,"text_lanna":0,"total_detect":4}},{"type":"Feature","id":692,"geometry":{"type":"Point","coordinates":[99.007703930000048,18.783161840000048]},"properties":{"OBJECTID":692,"idx":3145,"POINT_Y":18.783161840000002,"POINT_X":99.007703930000005,"name":"ถนนท่าสะต๋อย","kom":1,"kalae":0,"text_lanna":0,"total_detect":1}},{"type":"Feature","id":693,"geometry":{"type":"Point","coordinates":[99.009980210000037,18.765799860000072]},"properties":{"OBJECTID":693,"idx":3150,"POINT_Y":18.765799860000001,"POINT_X":99.009980209999995,"name":"ถนนเชียงใหม่-ลำพูน ซอย9","kom":1,"kalae":0,"text_lanna":1,"total_detect":2}},{"type":"Feature","id":694,"geometry":{"type":"Point","coordinates":[98.993301500000086,18.793970040000033]},"properties":{"OBJECTID":694,"idx":3157,"POINT_Y":18.793970040000001,"POINT_X":98.993301500000001,"name":"ถนนมูลเมือง ซอย 9","kom":3,"kalae":0,"text_lanna":0,"total_detect":3}},{"type":"Feature","id":695,"geometry":{"type":"Point","coordinates":[98.993115010000054,18.794003570000029]},"properties":{"OBJECTID":695,"idx":3158,"POINT_Y":18.794003570000001,"POINT_X":98.993115009999997,"name":"ถนนมูลเมือง ซอย 9","kom":2,"kalae":0,"text_lanna":0,"total_detect":2}},{"type":"Feature","id":696,"geometry":{"type":"Point","coordinates":[98.992605430000083,18.794070560000023]},"properties":{"OBJECTID":696,"idx":3160,"POINT_Y":18.794070560000002,"POINT_X":98.992605429999998,"name":"ถนนมูลเมือง ซอย 9","kom":0,"kalae":2,"text_lanna":0,"total_detect":2}},{"type":"Feature","id":697,"geometry":{"type":"Point","coordinates":[98.99021877000007,18.794456030000049]},"properties":{"OBJECTID":697,"idx":3161,"POINT_Y":18.794456029999999,"POINT_X":98.990218769999998,"name":"ถนนมูลเมือง ซอย 9","kom":0,"kalae":1,"text_lanna":0,"total_detect":1}},{"type":"Feature","id":698,"geometry":{"type":"Point","coordinates":[98.990405930000065,18.794426060000035]},"properties":{"OBJECTID":698,"idx":3162,"POINT_Y":18.794426059999999,"POINT_X":98.990405929999994,"name":"ถนนมูลเมือง ซอย 9","kom":3,"kalae":0,"text_lanna":0,"total_detect":3}},{"type":"Feature","id":699,"geometry":{"type":"Point","coordinates":[98.991173740000079,18.794185670000047]},"properties":{"OBJECTID":699,"idx":3164,"POINT_Y":18.794185670000001,"POINT_X":98.991173739999994,"name":"ถนนมูลเมือง ซอย 9","kom":1,"kalae":0,"text_lanna":0,"total_detect":1}},{"type":"Feature","id":700,"geometry":{"type":"Point","coordinates":[98.991403260000084,18.794809210000039]},"properties":{"OBJECTID":700,"idx":3169,"POINT_Y":18.79480921,"POINT_X":98.991403259999998,"name":"ถนนศรีภูมิ ซอย 2","kom":0,"kalae":2,"text_lanna":0,"total_detect":2}},{"type":"Feature","id":701,"geometry":{"type":"Point","coordinates":[98.991011810000032,18.794285390000027]},"properties":{"OBJECTID":701,"idx":3170,"POINT_Y":18.794285389999999,"POINT_X":98.991011810000003,"name":"ถนนศรีภูมิ ซอย 2","kom":0,"kalae":1,"text_lanna":0,"total_detect":1}},{"type":"Feature","id":702,"geometry":{"type":"Point","coordinates":[98.998749580000037,18.790141560000052]},"properties":{"OBJECTID":702,"idx":3172,"POINT_Y":18.790141559999999,"POINT_X":98.998749579999995,"name":null,"kom":0,"kalae":0,"text_lanna":4,"total_detect":4}},{"type":"Feature","id":703,"geometry":{"type":"Point","coordinates":[98.998590970000066,18.791129750000039]},"properties":{"OBJECTID":703,"idx":3181,"POINT_Y":18.79112975,"POINT_X":98.998590969999995,"name":null,"kom":0,"kalae":1,"text_lanna":0,"total_detect":1}},{"type":"Feature","id":704,"geometry":{"type":"Point","coordinates":[98.999241430000041,18.790991150000025]},"properties":{"OBJECTID":704,"idx":3182,"POINT_Y":18.79099115,"POINT_X":98.999241429999998,"name":null,"kom":0,"kalae":2,"text_lanna":0,"total_detect":2}},{"type":"Feature","id":705,"geometry":{"type":"Point","coordinates":[98.984615380000037,18.794730700000059]},"properties":{"OBJECTID":705,"idx":3185,"POINT_Y":18.794730699999999,"POINT_X":98.984615379999994,"name":null,"kom":0,"kalae":1,"text_lanna":0,"total_detect":1}},{"type":"Feature","id":706,"geometry":{"type":"Point","coordinates":[98.987942710000084,18.797953160000077]},"properties":{"OBJECTID":706,"idx":3190,"POINT_Y":18.797953159999999,"POINT_X":98.987942709999999,"name":"ถนนสนามกีฬา ซอย2","kom":0,"kalae":0,"text_lanna":2,"total_detect":2}},{"type":"Feature","id":707,"geometry":{"type":"Point","coordinates":[98.988048710000044,18.797803230000056]},"properties":{"OBJECTID":707,"idx":3191,"POINT_Y":18.79780323,"POINT_X":98.988048710000001,"name":"ถนนสนามกีฬา ซอย2","kom":0,"kalae":1,"text_lanna":0,"total_detect":1}},{"type":"Feature","id":708,"geometry":{"type":"Point","coordinates":[98.979364330000067,18.800372450000054]},"properties":{"OBJECTID":708,"idx":3200,"POINT_Y":18.800372450000001,"POINT_X":98.979364329999996,"name":"ถนนสันติรักษ์","kom":0,"kalae":1,"text_lanna":0,"total_detect":1}},{"type":"Feature","id":709,"geometry":{"type":"Point","coordinates":[98.979212550000057,18.800480970000024]},"properties":{"OBJECTID":709,"idx":3201,"POINT_Y":18.800480969999999,"POINT_X":98.97921255,"name":"ถนนสันติรักษ์","kom":1,"kalae":0,"text_lanna":0,"total_detect":1}},{"type":"Feature","id":710,"geometry":{"type":"Point","coordinates":[98.978453620000039,18.801023590000057]},"properties":{"OBJECTID":710,"idx":3206,"POINT_Y":18.80102359,"POINT_X":98.978453619999996,"name":"ถนนสันติรักษ์","kom":1,"kalae":0,"text_lanna":0,"total_detect":1}},{"type":"Feature","id":711,"geometry":{"type":"Point","coordinates":[98.97659241000008,18.799701180000056]},"properties":{"OBJECTID":711,"idx":3208,"POINT_Y":18.79970118,"POINT_X":98.976592409999995,"name":null,"kom":0,"kalae":1,"text_lanna":0,"total_detect":1}},{"type":"Feature","id":712,"geometry":{"type":"Point","coordinates":[98.975975650000066,18.799485130000051]},"properties":{"OBJECTID":712,"idx":3210,"POINT_Y":18.799485130000001,"POINT_X":98.975975649999995,"name":null,"kom":0,"kalae":0,"text_lanna":2,"total_detect":2}},{"type":"Feature","id":713,"geometry":{"type":"Point","coordinates":[98.976788230000068,18.799742080000044]},"properties":{"OBJECTID":713,"idx":3214,"POINT_Y":18.799742080000001,"POINT_X":98.976788229999997,"name":null,"kom":1,"kalae":0,"text_lanna":0,"total_detect":1}},{"type":"Feature","id":714,"geometry":{"type":"Point","coordinates":[98.97578105000008,18.801156560000038]},"properties":{"OBJECTID":714,"idx":3222,"POINT_Y":18.801156559999999,"POINT_X":98.975781049999995,"name":"ถนนราชพฤกษ์","kom":0,"kalae":1,"text_lanna":0,"total_detect":1}},{"type":"Feature","id":715,"geometry":{"type":"Point","coordinates":[98.975718140000083,18.800960950000047]},"properties":{"OBJECTID":715,"idx":3223,"POINT_Y":18.80096095,"POINT_X":98.975718139999998,"name":"ถนนราชพฤกษ์","kom":6,"kalae":0,"text_lanna":0,"total_detect":6}},{"type":"Feature","id":716,"geometry":{"type":"Point","coordinates":[98.97544675000006,18.800079130000029]},"properties":{"OBJECTID":716,"idx":3227,"POINT_Y":18.80007913,"POINT_X":98.975446750000003,"name":"ถนนราชพฤกษ์","kom":4,"kalae":8,"text_lanna":0,"total_detect":12}},{"type":"Feature","id":717,"geometry":{"type":"Point","coordinates":[98.975235050000038,18.799384770000074]},"properties":{"OBJECTID":717,"idx":3231,"POINT_Y":18.79938477,"POINT_X":98.975235049999995,"name":"ถนนราชพฤกษ์","kom":1,"kalae":0,"text_lanna":0,"total_detect":1}},{"type":"Feature","id":718,"geometry":{"type":"Point","coordinates":[98.975068410000063,18.799035510000067]},"properties":{"OBJECTID":718,"idx":3233,"POINT_Y":18.79903551,"POINT_X":98.975068410000006,"name":"ถนนราชพฤกษ์","kom":0,"kalae":0,"text_lanna":1,"total_detect":1}},{"type":"Feature","id":719,"geometry":{"type":"Point","coordinates":[98.995125720000033,18.787415870000075]},"properties":{"OBJECTID":719,"idx":3246,"POINT_Y":18.78741587,"POINT_X":98.995125720000004,"name":"ถนน ท่าแพ ซอย 5","kom":0,"kalae":2,"text_lanna":0,"total_detect":2}},{"type":"Feature","id":720,"geometry":{"type":"Point","coordinates":[98.995159810000075,18.786882830000025]},"properties":{"OBJECTID":720,"idx":3248,"POINT_Y":18.78688283,"POINT_X":98.995159810000004,"name":"ถนน ท่าแพ ซอย 5","kom":1,"kalae":0,"text_lanna":0,"total_detect":1}},{"type":"Feature","id":721,"geometry":{"type":"Point","coordinates":[98.99511976000008,18.78614108000005]},"properties":{"OBJECTID":721,"idx":3251,"POINT_Y":18.78614108,"POINT_X":98.995119759999994,"name":"ถนน ท่าแพ ซอย 5","kom":0,"kalae":2,"text_lanna":0,"total_detect":2}},{"type":"Feature","id":722,"geometry":{"type":"Point","coordinates":[98.995088340000052,18.785396900000023]},"properties":{"OBJECTID":722,"idx":3258,"POINT_Y":18.785396899999999,"POINT_X":98.995088339999995,"name":"ถนนคชสาร ซอย 3","kom":4,"kalae":2,"text_lanna":0,"total_detect":6}},{"type":"Feature","id":723,"geometry":{"type":"Point","coordinates":[98.99830060000005,18.78662791000005]},"properties":{"OBJECTID":723,"idx":3260,"POINT_Y":18.78662791,"POINT_X":98.998300599999993,"name":"ถนน ท่าแพ ซอย 1ก","kom":2,"kalae":0,"text_lanna":0,"total_detect":2}},{"type":"Feature","id":724,"geometry":{"type":"Point","coordinates":[98.998021300000062,18.785235030000024]},"properties":{"OBJECTID":724,"idx":3267,"POINT_Y":18.785235029999999,"POINT_X":98.998021300000005,"name":"ถนนกำแพงดิน ซอย2","kom":8,"kalae":0,"text_lanna":0,"total_detect":8}},{"type":"Feature","id":725,"geometry":{"type":"Point","coordinates":[98.998099170000046,18.78934466000004]},"properties":{"OBJECTID":725,"idx":3281,"POINT_Y":18.789344660000001,"POINT_X":98.998099170000003,"name":null,"kom":1,"kalae":0,"text_lanna":0,"total_detect":1}},{"type":"Feature","id":726,"geometry":{"type":"Point","coordinates":[98.996261080000068,18.779333120000047]},"properties":{"OBJECTID":726,"idx":3286,"POINT_Y":18.77933312,"POINT_X":98.996261079999996,"name":"ถนน ระแกง 2","kom":0,"kalae":1,"text_lanna":0,"total_detect":1}},{"type":"Feature","id":727,"geometry":{"type":"Point","coordinates":[98.995761300000083,18.77955865000007]},"properties":{"OBJECTID":727,"idx":3288,"POINT_Y":18.779558649999998,"POINT_X":98.995761299999998,"name":"ถนน ระแกง 2","kom":4,"kalae":0,"text_lanna":0,"total_detect":4}},{"type":"Feature","id":728,"geometry":{"type":"Point","coordinates":[98.996289450000063,18.777235200000064]},"properties":{"OBJECTID":728,"idx":3291,"POINT_Y":18.7772352,"POINT_X":98.996289450000006,"name":null,"kom":2,"kalae":0,"text_lanna":0,"total_detect":2}},{"type":"Feature","id":729,"geometry":{"type":"Point","coordinates":[98.989279680000038,18.76945696000007]},"properties":{"OBJECTID":729,"idx":3297,"POINT_Y":18.769456959999999,"POINT_X":98.989279679999996,"name":null,"kom":0,"kalae":1,"text_lanna":1,"total_detect":2}},{"type":"Feature","id":730,"geometry":{"type":"Point","coordinates":[98.988273390000074,18.769433080000056]},"properties":{"OBJECTID":730,"idx":3301,"POINT_Y":18.769433079999999,"POINT_X":98.988273390000003,"name":null,"kom":3,"kalae":0,"text_lanna":0,"total_detect":3}},{"type":"Feature","id":731,"geometry":{"type":"Point","coordinates":[98.98765848000005,18.769685450000054]},"properties":{"OBJECTID":731,"idx":3311,"POINT_Y":18.769685450000001,"POINT_X":98.987658479999993,"name":null,"kom":0,"kalae":0,"text_lanna":1,"total_detect":1}},{"type":"Feature","id":732,"geometry":{"type":"Point","coordinates":[98.989582770000084,18.769887320000066]},"properties":{"OBJECTID":732,"idx":3313,"POINT_Y":18.769887319999999,"POINT_X":98.989582769999998,"name":null,"kom":0,"kalae":1,"text_lanna":0,"total_detect":1}},{"type":"Feature","id":733,"geometry":{"type":"Point","coordinates":[98.989393050000047,18.76988373000006]},"properties":{"OBJECTID":733,"idx":3314,"POINT_Y":18.76988373,"POINT_X":98.989393050000004,"name":null,"kom":1,"kalae":0,"text_lanna":0,"total_detect":1}},{"type":"Feature","id":734,"geometry":{"type":"Point","coordinates":[98.989203320000058,18.769880150000063]},"properties":{"OBJECTID":734,"idx":3315,"POINT_Y":18.769880149999999,"POINT_X":98.989203320000001,"name":null,"kom":0,"kalae":0,"text_lanna":2,"total_detect":2}},{"type":"Feature","id":735,"geometry":{"type":"Point","coordinates":[98.989022770000076,18.769695970000043]},"properties":{"OBJECTID":735,"idx":3323,"POINT_Y":18.769695970000001,"POINT_X":98.989022770000005,"name":null,"kom":1,"kalae":0,"text_lanna":0,"total_detect":1}},{"type":"Feature","id":736,"geometry":{"type":"Point","coordinates":[98.989776300000074,18.770020350000038]},"properties":{"OBJECTID":736,"idx":3329,"POINT_Y":18.770020349999999,"POINT_X":98.989776300000003,"name":null,"kom":0,"kalae":1,"text_lanna":0,"total_detect":1}},{"type":"Feature","id":737,"geometry":{"type":"Point","coordinates":[99.01241377000008,18.806895040000029]},"properties":{"OBJECTID":737,"idx":3330,"POINT_Y":18.806895040000001,"POINT_X":99.012413769999995,"name":null,"kom":0,"kalae":1,"text_lanna":0,"total_detect":1}},{"type":"Feature","id":738,"geometry":{"type":"Point","coordinates":[98.979923270000086,18.821519810000041]},"properties":{"OBJECTID":738,"idx":3339,"POINT_Y":18.821519810000002,"POINT_X":98.97992327,"name":null,"kom":0,"kalae":0,"text_lanna":2,"total_detect":2}},{"type":"Feature","id":739,"geometry":{"type":"Point","coordinates":[98.979395640000064,18.821723820000045]},"properties":{"OBJECTID":739,"idx":3342,"POINT_Y":18.821723819999999,"POINT_X":98.979395640000007,"name":null,"kom":0,"kalae":2,"text_lanna":0,"total_detect":2}},{"type":"Feature","id":740,"geometry":{"type":"Point","coordinates":[98.978340370000069,18.822131830000046]},"properties":{"OBJECTID":740,"idx":3348,"POINT_Y":18.82213183,"POINT_X":98.978340369999998,"name":null,"kom":0,"kalae":1,"text_lanna":0,"total_detect":1}},{"type":"Feature","id":741,"geometry":{"type":"Point","coordinates":[98.980498260000047,18.785773360000064]},"properties":{"OBJECTID":741,"idx":3355,"POINT_Y":18.78577336,"POINT_X":98.980498260000005,"name":"ถนนราชมรรคา","kom":1,"kalae":0,"text_lanna":0,"total_detect":1}},{"type":"Feature","id":742,"geometry":{"type":"Point","coordinates":[98.980723060000059,18.785769780000066]},"properties":{"OBJECTID":742,"idx":3356,"POINT_Y":18.785769779999999,"POINT_X":98.980723060000003,"name":"ถนนราชมรรคา","kom":0,"kalae":2,"text_lanna":0,"total_detect":2}},{"type":"Feature","id":743,"geometry":{"type":"Point","coordinates":[98.980912810000063,18.78576675000005]},"properties":{"OBJECTID":743,"idx":3357,"POINT_Y":18.785766750000001,"POINT_X":98.980912810000007,"name":"ถนนราชมรรคา","kom":11,"kalae":0,"text_lanna":0,"total_detect":11}},{"type":"Feature","id":744,"geometry":{"type":"Point","coordinates":[98.982627150000042,18.785747330000049]},"properties":{"OBJECTID":744,"idx":3365,"POINT_Y":18.78574733,"POINT_X":98.982627149999999,"name":"ถนนราชมรรคา","kom":0,"kalae":2,"text_lanna":0,"total_detect":2}},{"type":"Feature","id":745,"geometry":{"type":"Point","coordinates":[98.983534680000048,18.785748800000022]},"properties":{"OBJECTID":745,"idx":3369,"POINT_Y":18.7857488,"POINT_X":98.983534680000005,"name":"ถนนราชมรรคา","kom":0,"kalae":2,"text_lanna":0,"total_detect":2}},{"type":"Feature","id":746,"geometry":{"type":"Point","coordinates":[98.983981060000076,18.785749550000048]},"properties":{"OBJECTID":746,"idx":3371,"POINT_Y":18.785749549999998,"POINT_X":98.983981060000005,"name":"ถนนราชมรรคา","kom":0,"kalae":0,"text_lanna":2,"total_detect":2}},{"type":"Feature","id":747,"geometry":{"type":"Point","coordinates":[98.984568580000087,18.785750510000071]},"properties":{"OBJECTID":747,"idx":3373,"POINT_Y":18.78575051,"POINT_X":98.984568580000001,"name":"ถนนราชมรรคา","kom":0,"kalae":1,"text_lanna":0,"total_detect":1}},{"type":"Feature","id":748,"geometry":{"type":"Point","coordinates":[98.985800270000084,18.785748740000031]},"properties":{"OBJECTID":748,"idx":3378,"POINT_Y":18.785748739999999,"POINT_X":98.985800269999999,"name":"ถนนราชมรรคา","kom":0,"kalae":1,"text_lanna":0,"total_detect":1}},{"type":"Feature","id":749,"geometry":{"type":"Point","coordinates":[98.989780840000037,18.767747590000056]},"properties":{"OBJECTID":749,"idx":3389,"POINT_Y":18.767747589999999,"POINT_X":98.989780839999995,"name":null,"kom":0,"kalae":0,"text_lanna":1,"total_detect":1}},{"type":"Feature","id":750,"geometry":{"type":"Point","coordinates":[98.990050020000069,18.769842750000066]},"properties":{"OBJECTID":750,"idx":3398,"POINT_Y":18.769842749999999,"POINT_X":98.990050019999998,"name":null,"kom":0,"kalae":1,"text_lanna":0,"total_detect":1}},{"type":"Feature","id":751,"geometry":{"type":"Point","coordinates":[98.990055880000057,18.77002342000003]},"properties":{"OBJECTID":751,"idx":3399,"POINT_Y":18.770023420000001,"POINT_X":98.99005588,"name":null,"kom":0,"kalae":0,"text_lanna":1,"total_detect":1}},{"type":"Feature","id":752,"geometry":{"type":"Point","coordinates":[99.000268770000048,18.774631330000034]},"properties":{"OBJECTID":752,"idx":3408,"POINT_Y":18.774631329999998,"POINT_X":99.000268770000005,"name":"ถนนเจริญประเทศ 12","kom":2,"kalae":0,"text_lanna":0,"total_detect":2}},{"type":"Feature","id":753,"geometry":{"type":"Point","coordinates":[98.999995960000035,18.774771930000043]},"properties":{"OBJECTID":753,"idx":3409,"POINT_Y":18.77477193,"POINT_X":98.999995960000007,"name":"ถนนเจริญประเทศ 12","kom":0,"kalae":1,"text_lanna":0,"total_detect":1}},{"type":"Feature","id":754,"geometry":{"type":"Point","coordinates":[98.999827720000042,18.774855560000049]},"properties":{"OBJECTID":754,"idx":3410,"POINT_Y":18.774855559999999,"POINT_X":98.999827719999999,"name":"ถนนเจริญประเทศ 12","kom":0,"kalae":1,"text_lanna":0,"total_detect":1}},{"type":"Feature","id":755,"geometry":{"type":"Point","coordinates":[98.999659490000056,18.774939190000055]},"properties":{"OBJECTID":755,"idx":3411,"POINT_Y":18.774939190000001,"POINT_X":98.999659489999999,"name":"ถนนเจริญประเทศ 12","kom":0,"kalae":0,"text_lanna":10,"total_detect":10}},{"type":"Feature","id":756,"geometry":{"type":"Point","coordinates":[98.983067960000085,18.767471110000031]},"properties":{"OBJECTID":756,"idx":3415,"POINT_Y":18.767471109999999,"POINT_X":98.98306796,"name":null,"kom":0,"kalae":1,"text_lanna":0,"total_detect":1}},{"type":"Feature","id":757,"geometry":{"type":"Point","coordinates":[98.996064480000086,18.767107700000054]},"properties":{"OBJECTID":757,"idx":3440,"POINT_Y":18.7671077,"POINT_X":98.996064480000001,"name":"ถนน เชียงใหม่แลนด์","kom":0,"kalae":0,"text_lanna":1,"total_detect":1}},{"type":"Feature","id":758,"geometry":{"type":"Point","coordinates":[98.997160050000048,18.768007800000078]},"properties":{"OBJECTID":758,"idx":3447,"POINT_Y":18.768007799999999,"POINT_X":98.997160050000005,"name":"ถนน เชียงใหม่แลนด์","kom":2,"kalae":0,"text_lanna":0,"total_detect":2}},{"type":"Feature","id":759,"geometry":{"type":"Point","coordinates":[99.008816610000054,18.758316670000056]},"properties":{"OBJECTID":759,"idx":3467,"POINT_Y":18.758316669999999,"POINT_X":99.008816609999997,"name":"ถนนมหิดล","kom":0,"kalae":2,"text_lanna":0,"total_detect":2}},{"type":"Feature","id":760,"geometry":{"type":"Point","coordinates":[99.008629560000031,18.758286260000034]},"properties":{"OBJECTID":760,"idx":3468,"POINT_Y":18.758286259999998,"POINT_X":99.008629560000003,"name":"ถนนมหิดล","kom":2,"kalae":0,"text_lanna":0,"total_detect":2}},{"type":"Feature","id":761,"geometry":{"type":"Point","coordinates":[98.984499690000064,18.779014090000032]},"properties":{"OBJECTID":761,"idx":3474,"POINT_Y":18.77901409,"POINT_X":98.984499690000007,"name":"ถนนวัฒนธรรมวัดศรีสุพรรณ","kom":0,"kalae":1,"text_lanna":1,"total_detect":2}},{"type":"Feature","id":762,"geometry":{"type":"Point","coordinates":[98.984761400000082,18.779082030000041]},"properties":{"OBJECTID":762,"idx":3475,"POINT_Y":18.779082030000001,"POINT_X":98.984761399999996,"name":"ถนนวัฒนธรรมวัดศรีสุพรรณ","kom":0,"kalae":2,"text_lanna":0,"total_detect":2}},{"type":"Feature","id":763,"geometry":{"type":"Point","coordinates":[98.982245140000032,18.777308270000049]},"properties":{"OBJECTID":763,"idx":3483,"POINT_Y":18.777308269999999,"POINT_X":98.982245140000003,"name":"ถนนวัวลาย ซอย 6","kom":3,"kalae":0,"text_lanna":0,"total_detect":3}},{"type":"Feature","id":764,"geometry":{"type":"Point","coordinates":[98.981859020000059,18.777777810000032]},"properties":{"OBJECTID":764,"idx":3485,"POINT_Y":18.77777781,"POINT_X":98.981859020000002,"name":"ถนนวัวลาย ซอย 6","kom":0,"kalae":2,"text_lanna":0,"total_detect":2}},{"type":"Feature","id":765,"geometry":{"type":"Point","coordinates":[98.983033760000069,18.777860530000055]},"properties":{"OBJECTID":765,"idx":3490,"POINT_Y":18.777860530000002,"POINT_X":98.983033759999998,"name":"ถนนวัวลาย ซอย 2ก","kom":1,"kalae":0,"text_lanna":0,"total_detect":1}},{"type":"Feature","id":766,"geometry":{"type":"Point","coordinates":[98.982983730000058,18.777953440000033]},"properties":{"OBJECTID":766,"idx":3498,"POINT_Y":18.777953440000001,"POINT_X":98.982983730000001,"name":"ซอยสำราญ","kom":0,"kalae":2,"text_lanna":0,"total_detect":2}},{"type":"Feature","id":767,"geometry":{"type":"Point","coordinates":[98.985388780000051,18.776993520000076]},"properties":{"OBJECTID":767,"idx":3502,"POINT_Y":18.776993520000001,"POINT_X":98.985388779999994,"name":null,"kom":0,"kalae":1,"text_lanna":0,"total_detect":1}},{"type":"Feature","id":768,"geometry":{"type":"Point","coordinates":[98.983940680000046,18.777237010000022]},"properties":{"OBJECTID":768,"idx":3506,"POINT_Y":18.77723701,"POINT_X":98.983940680000003,"name":"ถนนวัวลาย ซอย 4","kom":5,"kalae":0,"text_lanna":0,"total_detect":5}},{"type":"Feature","id":769,"geometry":{"type":"Point","coordinates":[98.983759120000059,18.777172970000038]},"properties":{"OBJECTID":769,"idx":3507,"POINT_Y":18.777172969999999,"POINT_X":98.983759120000002,"name":"ถนนวัวลาย ซอย 4","kom":2,"kalae":0,"text_lanna":0,"total_detect":2}},{"type":"Feature","id":770,"geometry":{"type":"Point","coordinates":[98.983220350000067,18.780354310000064]},"properties":{"OBJECTID":770,"idx":3512,"POINT_Y":18.78035431,"POINT_X":98.983220349999996,"name":"ถนนวัวลาย ซอย 2ข","kom":2,"kalae":0,"text_lanna":0,"total_detect":2}},{"type":"Feature","id":771,"geometry":{"type":"Point","coordinates":[98.983226020000075,18.780953630000056]},"properties":{"OBJECTID":771,"idx":3514,"POINT_Y":18.780953629999999,"POINT_X":98.983226020000004,"name":"ถนนวัวลาย ซอย 2ข","kom":0,"kalae":8,"text_lanna":2,"total_detect":10}},{"type":"Feature","id":772,"geometry":{"type":"Point","coordinates":[98.986738410000044,18.777553260000047]},"properties":{"OBJECTID":772,"idx":3516,"POINT_Y":18.777553260000001,"POINT_X":98.986738410000001,"name":"ถนนนันทาราม ซอย 3","kom":4,"kalae":0,"text_lanna":1,"total_detect":5}},{"type":"Feature","id":773,"geometry":{"type":"Point","coordinates":[98.988188980000075,18.77811685000006]},"properties":{"OBJECTID":773,"idx":3520,"POINT_Y":18.77811685,"POINT_X":98.988188980000004,"name":"ถนนนันทาราม","kom":0,"kalae":3,"text_lanna":0,"total_detect":3}},{"type":"Feature","id":774,"geometry":{"type":"Point","coordinates":[98.988002230000063,18.778084660000047]},"properties":{"OBJECTID":774,"idx":3521,"POINT_Y":18.778084660000001,"POINT_X":98.988002230000006,"name":"ถนนนันทาราม","kom":0,"kalae":2,"text_lanna":0,"total_detect":2}},{"type":"Feature","id":775,"geometry":{"type":"Point","coordinates":[98.988653610000085,18.777936560000057]},"properties":{"OBJECTID":775,"idx":3525,"POINT_Y":18.777936560000001,"POINT_X":98.98865361,"name":"ถนนนันทาราม1","kom":1,"kalae":1,"text_lanna":0,"total_detect":2}},{"type":"Feature","id":776,"geometry":{"type":"Point","coordinates":[98.979988120000087,18.776530470000068]},"properties":{"OBJECTID":776,"idx":3535,"POINT_Y":18.776530470000001,"POINT_X":98.979988120000002,"name":null,"kom":2,"kalae":0,"text_lanna":0,"total_detect":2}},{"type":"Feature","id":777,"geometry":{"type":"Point","coordinates":[98.983951230000059,18.77592087000005]},"properties":{"OBJECTID":777,"idx":3552,"POINT_Y":18.77592087,"POINT_X":98.983951230000002,"name":"ถนนวัวลาย ซอย 5ก","kom":0,"kalae":2,"text_lanna":0,"total_detect":2}},{"type":"Feature","id":778,"geometry":{"type":"Point","coordinates":[98.984316260000071,18.775355710000042]},"properties":{"OBJECTID":778,"idx":3554,"POINT_Y":18.775355709999999,"POINT_X":98.98431626,"name":"ถนนวัวลาย ซอย 5","kom":3,"kalae":0,"text_lanna":0,"total_detect":3}},{"type":"Feature","id":779,"geometry":{"type":"Point","coordinates":[98.983412420000036,18.776445900000056]},"properties":{"OBJECTID":779,"idx":3560,"POINT_Y":18.776445899999999,"POINT_X":98.983412419999993,"name":"ถนนวัวลาย ซอย 5","kom":0,"kalae":0,"text_lanna":1,"total_detect":1}},{"type":"Feature","id":780,"geometry":{"type":"Point","coordinates":[98.983144250000066,18.776864770000032]},"properties":{"OBJECTID":780,"idx":3561,"POINT_Y":18.77686477,"POINT_X":98.983144249999995,"name":"ถนนวัวลาย ซอย 5","kom":2,"kalae":0,"text_lanna":0,"total_detect":2}},{"type":"Feature","id":781,"geometry":{"type":"Point","coordinates":[98.984279300000082,18.775832870000045]},"properties":{"OBJECTID":781,"idx":3562,"POINT_Y":18.775832869999999,"POINT_X":98.984279299999997,"name":"ถนนนันทาราม 4","kom":4,"kalae":0,"text_lanna":0,"total_detect":4}},{"type":"Feature","id":782,"geometry":{"type":"Point","coordinates":[98.985522060000051,18.776360380000028]},"properties":{"OBJECTID":782,"idx":3567,"POINT_Y":18.77636038,"POINT_X":98.985522059999994,"name":null,"kom":2,"kalae":0,"text_lanna":0,"total_detect":2}},{"type":"Feature","id":783,"geometry":{"type":"Point","coordinates":[98.985940440000036,18.77582411000003]},"properties":{"OBJECTID":783,"idx":3569,"POINT_Y":18.775824109999999,"POINT_X":98.985940439999993,"name":null,"kom":0,"kalae":2,"text_lanna":0,"total_detect":2}},{"type":"Feature","id":784,"geometry":{"type":"Point","coordinates":[98.988674280000055,18.775983100000076]},"properties":{"OBJECTID":784,"idx":3573,"POINT_Y":18.775983100000001,"POINT_X":98.988674279999998,"name":"ถนนสุริยวงศ์ ซอย3","kom":1,"kalae":2,"text_lanna":0,"total_detect":3}},{"type":"Feature","id":785,"geometry":{"type":"Point","coordinates":[98.988427320000085,18.77547308000004]},"properties":{"OBJECTID":785,"idx":3578,"POINT_Y":18.775473080000001,"POINT_X":98.98842732,"name":null,"kom":2,"kalae":0,"text_lanna":0,"total_detect":2}},{"type":"Feature","id":786,"geometry":{"type":"Point","coordinates":[98.987867620000031,18.775219030000073]},"properties":{"OBJECTID":786,"idx":3581,"POINT_Y":18.775219029999999,"POINT_X":98.987867620000003,"name":null,"kom":0,"kalae":2,"text_lanna":0,"total_detect":2}},{"type":"Feature","id":787,"geometry":{"type":"Point","coordinates":[98.988884640000038,18.780675850000023]},"properties":{"OBJECTID":787,"idx":3585,"POINT_Y":18.780675850000002,"POINT_X":98.988884639999995,"name":null,"kom":1,"kalae":0,"text_lanna":0,"total_detect":1}},{"type":"Feature","id":788,"geometry":{"type":"Point","coordinates":[98.98813111000004,18.780772650000074]},"properties":{"OBJECTID":788,"idx":3587,"POINT_Y":18.780772649999999,"POINT_X":98.988131109999998,"name":"ถนนนันทาราม","kom":0,"kalae":2,"text_lanna":0,"total_detect":2}},{"type":"Feature","id":789,"geometry":{"type":"Point","coordinates":[98.990858830000036,18.778865630000041]},"properties":{"OBJECTID":789,"idx":3629,"POINT_Y":18.778865629999999,"POINT_X":98.990858829999993,"name":"ถนนราชเชียงแสน ซอย 1ค","kom":6,"kalae":0,"text_lanna":1,"total_detect":7}},{"type":"Feature","id":790,"geometry":{"type":"Point","coordinates":[98.991372650000073,18.778937530000064]},"properties":{"OBJECTID":790,"idx":3630,"POINT_Y":18.77893753,"POINT_X":98.991372650000002,"name":"ถนนราชเชียงแสน ซอย 1ค","kom":0,"kalae":2,"text_lanna":0,"total_detect":2}},{"type":"Feature","id":791,"geometry":{"type":"Point","coordinates":[98.981608450000067,18.77316490000004]},"properties":{"OBJECTID":791,"idx":3648,"POINT_Y":18.773164900000001,"POINT_X":98.981608449999996,"name":"ถนนศรีปิงเมือง ซอย 1ก","kom":0,"kalae":0,"text_lanna":1,"total_detect":1}},{"type":"Feature","id":792,"geometry":{"type":"Point","coordinates":[98.981601870000077,18.772984250000036]},"properties":{"OBJECTID":792,"idx":3649,"POINT_Y":18.77298425,"POINT_X":98.981601870000006,"name":"ถนนศรีปิงเมือง ซอย 1ก","kom":2,"kalae":0,"text_lanna":0,"total_detect":2}},{"type":"Feature","id":793,"geometry":{"type":"Point","coordinates":[98.981595300000038,18.772803600000032]},"properties":{"OBJECTID":793,"idx":3650,"POINT_Y":18.7728036,"POINT_X":98.981595299999995,"name":"ถนนศรีปิงเมือง ซอย 1ก","kom":0,"kalae":1,"text_lanna":0,"total_detect":1}},{"type":"Feature","id":794,"geometry":{"type":"Point","coordinates":[98.98191496000004,18.772824410000055]},"properties":{"OBJECTID":794,"idx":3656,"POINT_Y":18.772824409999998,"POINT_X":98.981914959999997,"name":"ถนนศรีปิงเมือง ซอย 2","kom":0,"kalae":3,"text_lanna":0,"total_detect":3}},{"type":"Feature","id":795,"geometry":{"type":"Point","coordinates":[98.981894020000084,18.772101650000025]},"properties":{"OBJECTID":795,"idx":3660,"POINT_Y":18.77210165,"POINT_X":98.981894019999999,"name":"ถนนศรีปิงเมือง ซอย 2","kom":0,"kalae":1,"text_lanna":0,"total_detect":1}},{"type":"Feature","id":796,"geometry":{"type":"Point","coordinates":[98.982954490000054,18.771134490000065]},"properties":{"OBJECTID":796,"idx":3662,"POINT_Y":18.771134490000001,"POINT_X":98.982954489999997,"name":"ถนนศรีปิงเมือง 5","kom":0,"kalae":0,"text_lanna":2,"total_detect":2}},{"type":"Feature","id":797,"geometry":{"type":"Point","coordinates":[98.981644560000063,18.770726600000046]},"properties":{"OBJECTID":797,"idx":3668,"POINT_Y":18.7707266,"POINT_X":98.981644560000007,"name":null,"kom":1,"kalae":0,"text_lanna":0,"total_detect":1}},{"type":"Feature","id":798,"geometry":{"type":"Point","coordinates":[98.983749750000072,18.769833940000069]},"properties":{"OBJECTID":798,"idx":3672,"POINT_Y":18.769833940000002,"POINT_X":98.983749750000001,"name":null,"kom":2,"kalae":0,"text_lanna":0,"total_detect":2}},{"type":"Feature","id":799,"geometry":{"type":"Point","coordinates":[98.985053440000058,18.771328750000066]},"properties":{"OBJECTID":799,"idx":3681,"POINT_Y":18.771328749999999,"POINT_X":98.985053440000002,"name":null,"kom":0,"kalae":1,"text_lanna":0,"total_detect":1}},{"type":"Feature","id":800,"geometry":{"type":"Point","coordinates":[98.985481800000059,18.77005986000006]},"properties":{"OBJECTID":800,"idx":3687,"POINT_Y":18.77005986,"POINT_X":98.985481800000002,"name":null,"kom":0,"kalae":1,"text_lanna":1,"total_detect":2}},{"type":"Feature","id":801,"geometry":{"type":"Point","coordinates":[98.985680000000059,18.769861580000054]},"properties":{"OBJECTID":801,"idx":3690,"POINT_Y":18.769861580000001,"POINT_X":98.985680000000002,"name":null,"kom":0,"kalae":2,"text_lanna":0,"total_detect":2}},{"type":"Feature","id":802,"geometry":{"type":"Point","coordinates":[98.98549010000005,18.769873800000028]},"properties":{"OBJECTID":802,"idx":3692,"POINT_Y":18.769873799999999,"POINT_X":98.985490100000007,"name":null,"kom":0,"kalae":1,"text_lanna":0,"total_detect":1}},{"type":"Feature","id":803,"geometry":{"type":"Point","coordinates":[98.985050040000033,18.769355850000068]},"properties":{"OBJECTID":803,"idx":3701,"POINT_Y":18.76935585,"POINT_X":98.985050040000004,"name":null,"kom":0,"kalae":0,"text_lanna":1,"total_detect":1}},{"type":"Feature","id":804,"geometry":{"type":"Point","coordinates":[98.987440440000057,18.772628980000036]},"properties":{"OBJECTID":804,"idx":3705,"POINT_Y":18.77262898,"POINT_X":98.98744044,"name":null,"kom":0,"kalae":1,"text_lanna":0,"total_detect":1}},{"type":"Feature","id":805,"geometry":{"type":"Point","coordinates":[98.987183410000057,18.772606680000024]},"properties":{"OBJECTID":805,"idx":3706,"POINT_Y":18.772606679999999,"POINT_X":98.98718341,"name":null,"kom":0,"kalae":0,"text_lanna":2,"total_detect":2}},{"type":"Feature","id":806,"geometry":{"type":"Point","coordinates":[98.986994420000087,18.772590360000038]},"properties":{"OBJECTID":806,"idx":3707,"POINT_Y":18.772590359999999,"POINT_X":98.986994420000002,"name":null,"kom":0,"kalae":1,"text_lanna":0,"total_detect":1}},{"type":"Feature","id":807,"geometry":{"type":"Point","coordinates":[98.986587430000043,18.772572010000033]},"properties":{"OBJECTID":807,"idx":3709,"POINT_Y":18.772572010000001,"POINT_X":98.98658743,"name":null,"kom":0,"kalae":1,"text_lanna":0,"total_detect":1}},{"type":"Feature","id":808,"geometry":{"type":"Point","coordinates":[98.983817010000053,18.772135930000047]},"properties":{"OBJECTID":808,"idx":3715,"POINT_Y":18.772135930000001,"POINT_X":98.983817009999996,"name":"ถนนศรีปิงเมือง 3","kom":4,"kalae":0,"text_lanna":0,"total_detect":4}},{"type":"Feature","id":809,"geometry":{"type":"Point","coordinates":[98.984267990000035,18.772154470000032]},"properties":{"OBJECTID":809,"idx":3717,"POINT_Y":18.77215447,"POINT_X":98.984267990000006,"name":"ถนนศรีปิงเมือง 3","kom":0,"kalae":2,"text_lanna":0,"total_detect":2}},{"type":"Feature","id":810,"geometry":{"type":"Point","coordinates":[98.984790760000067,18.772247920000041]},"properties":{"OBJECTID":810,"idx":3718,"POINT_Y":18.772247920000002,"POINT_X":98.984790759999996,"name":"ถนนศรีปิงเมือง 3","kom":2,"kalae":0,"text_lanna":0,"total_detect":2}},{"type":"Feature","id":811,"geometry":{"type":"Point","coordinates":[98.984980520000079,18.772249530000067]},"properties":{"OBJECTID":811,"idx":3719,"POINT_Y":18.77224953,"POINT_X":98.984980519999993,"name":"ถนนศรีปิงเมือง 3","kom":0,"kalae":1,"text_lanna":0,"total_detect":1}},{"type":"Feature","id":812,"geometry":{"type":"Point","coordinates":[98.984617320000041,18.773939380000058]},"properties":{"OBJECTID":812,"idx":3736,"POINT_Y":18.773939380000002,"POINT_X":98.984617319999998,"name":null,"kom":0,"kalae":1,"text_lanna":0,"total_detect":1}},{"type":"Feature","id":813,"geometry":{"type":"Point","coordinates":[98.984237420000056,18.774788130000047]},"properties":{"OBJECTID":813,"idx":3739,"POINT_Y":18.774788130000001,"POINT_X":98.984237419999999,"name":null,"kom":1,"kalae":0,"text_lanna":0,"total_detect":1}},{"type":"Feature","id":814,"geometry":{"type":"Point","coordinates":[98.986069950000058,18.773888740000075]},"properties":{"OBJECTID":814,"idx":3742,"POINT_Y":18.77388874,"POINT_X":98.986069950000001,"name":null,"kom":0,"kalae":1,"text_lanna":0,"total_detect":1}},{"type":"Feature","id":815,"geometry":{"type":"Point","coordinates":[98.985483550000083,18.77389837000004]},"properties":{"OBJECTID":815,"idx":3745,"POINT_Y":18.773898370000001,"POINT_X":98.985483549999998,"name":null,"kom":0,"kalae":2,"text_lanna":0,"total_detect":2}},{"type":"Feature","id":816,"geometry":{"type":"Point","coordinates":[98.98121677000006,18.774475560000042]},"properties":{"OBJECTID":816,"idx":3747,"POINT_Y":18.774475559999999,"POINT_X":98.981216770000003,"name":null,"kom":6,"kalae":0,"text_lanna":0,"total_detect":6}},{"type":"Feature","id":817,"geometry":{"type":"Point","coordinates":[98.981391040000062,18.774404010000069]},"properties":{"OBJECTID":817,"idx":3748,"POINT_Y":18.774404010000001,"POINT_X":98.981391040000005,"name":null,"kom":0,"kalae":1,"text_lanna":0,"total_detect":1}},{"type":"Feature","id":818,"geometry":{"type":"Point","coordinates":[98.981576950000033,18.774297230000059]},"properties":{"OBJECTID":818,"idx":3749,"POINT_Y":18.774297229999998,"POINT_X":98.981576950000004,"name":null,"kom":0,"kalae":2,"text_lanna":0,"total_detect":2}},{"type":"Feature","id":819,"geometry":{"type":"Point","coordinates":[98.981954460000054,18.774109750000036]},"properties":{"OBJECTID":819,"idx":3751,"POINT_Y":18.774109750000001,"POINT_X":98.981954459999997,"name":null,"kom":0,"kalae":3,"text_lanna":0,"total_detect":3}},{"type":"Feature","id":820,"geometry":{"type":"Point","coordinates":[98.983300160000056,18.773693880000053]},"properties":{"OBJECTID":820,"idx":3758,"POINT_Y":18.77369388,"POINT_X":98.983300159999999,"name":null,"kom":0,"kalae":2,"text_lanna":0,"total_detect":2}},{"type":"Feature","id":821,"geometry":{"type":"Point","coordinates":[98.984008760000052,18.773381650000033]},"properties":{"OBJECTID":821,"idx":3761,"POINT_Y":18.773381650000001,"POINT_X":98.984008759999995,"name":null,"kom":0,"kalae":1,"text_lanna":0,"total_detect":1}},{"type":"Feature","id":822,"geometry":{"type":"Point","coordinates":[98.987776580000059,18.774446900000044]},"properties":{"OBJECTID":822,"idx":3762,"POINT_Y":18.774446900000001,"POINT_X":98.987776580000002,"name":"ถนนนันทาราม ซอย5","kom":0,"kalae":1,"text_lanna":0,"total_detect":1}},{"type":"Feature","id":823,"geometry":{"type":"Point","coordinates":[98.986525060000076,18.774594600000057]},"properties":{"OBJECTID":823,"idx":3771,"POINT_Y":18.7745946,"POINT_X":98.986525060000005,"name":null,"kom":0,"kalae":2,"text_lanna":0,"total_detect":2}},{"type":"Feature","id":824,"geometry":{"type":"Point","coordinates":[98.986725750000062,18.774564290000058]},"properties":{"OBJECTID":824,"idx":3772,"POINT_Y":18.774564290000001,"POINT_X":98.986725750000005,"name":null,"kom":2,"kalae":0,"text_lanna":0,"total_detect":2}},{"type":"Feature","id":825,"geometry":{"type":"Point","coordinates":[98.986909610000055,18.774609070000054]},"properties":{"OBJECTID":825,"idx":3773,"POINT_Y":18.77460907,"POINT_X":98.986909609999998,"name":null,"kom":0,"kalae":1,"text_lanna":0,"total_detect":1}},{"type":"Feature","id":826,"geometry":{"type":"Point","coordinates":[98.987271760000056,18.774697270000047]},"properties":{"OBJECTID":826,"idx":3774,"POINT_Y":18.774697270000001,"POINT_X":98.987271759999999,"name":null,"kom":2,"kalae":0,"text_lanna":0,"total_detect":2}},{"type":"Feature","id":827,"geometry":{"type":"Point","coordinates":[98.988529400000061,18.774210560000029]},"properties":{"OBJECTID":827,"idx":3781,"POINT_Y":18.77421056,"POINT_X":98.988529400000004,"name":null,"kom":0,"kalae":2,"text_lanna":0,"total_detect":2}},{"type":"Feature","id":828,"geometry":{"type":"Point","coordinates":[98.994045480000068,18.776486390000059]},"properties":{"OBJECTID":828,"idx":3784,"POINT_Y":18.776486389999999,"POINT_X":98.994045479999997,"name":"ถนนสุริยะางษ์","kom":0,"kalae":2,"text_lanna":0,"total_detect":2}},{"type":"Feature","id":829,"geometry":{"type":"Point","coordinates":[98.992862780000053,18.774902690000033]},"properties":{"OBJECTID":829,"idx":3795,"POINT_Y":18.774902690000001,"POINT_X":98.992862779999996,"name":"ถนนสุริยะางษ์","kom":0,"kalae":1,"text_lanna":0,"total_detect":1}},{"type":"Feature","id":830,"geometry":{"type":"Point","coordinates":[98.992722760000049,18.774780690000057]},"properties":{"OBJECTID":830,"idx":3796,"POINT_Y":18.77478069,"POINT_X":98.992722760000007,"name":"ถนนสุริยะางษ์","kom":0,"kalae":1,"text_lanna":0,"total_detect":1}},{"type":"Feature","id":831,"geometry":{"type":"Point","coordinates":[98.992582740000046,18.774658680000073]},"properties":{"OBJECTID":831,"idx":3797,"POINT_Y":18.774658680000002,"POINT_X":98.992582740000003,"name":"ถนนสุริยะางษ์","kom":0,"kalae":1,"text_lanna":0,"total_detect":1}},{"type":"Feature","id":832,"geometry":{"type":"Point","coordinates":[98.990170800000044,18.77332744000006]},"properties":{"OBJECTID":832,"idx":3807,"POINT_Y":18.773327439999999,"POINT_X":98.990170800000001,"name":"ถนนสุริยะางษ์","kom":0,"kalae":2,"text_lanna":0,"total_detect":2}},{"type":"Feature","id":833,"geometry":{"type":"Point","coordinates":[98.992402080000033,18.775021380000055]},"properties":{"OBJECTID":833,"idx":3810,"POINT_Y":18.775021379999998,"POINT_X":98.992402080000005,"name":"ถนน สุริยวงศ์ ซอย 6","kom":2,"kalae":0,"text_lanna":0,"total_detect":2}},{"type":"Feature","id":834,"geometry":{"type":"Point","coordinates":[98.991191910000055,18.774242100000038]},"properties":{"OBJECTID":834,"idx":3817,"POINT_Y":18.774242099999999,"POINT_X":98.991191909999998,"name":"ถนน สุริยวงศ์ ซอย 6","kom":0,"kalae":0,"text_lanna":1,"total_detect":1}},{"type":"Feature","id":835,"geometry":{"type":"Point","coordinates":[98.990864710000039,18.774058890000049]},"properties":{"OBJECTID":835,"idx":3819,"POINT_Y":18.774058889999999,"POINT_X":98.990864709999997,"name":"ถนน สุริยวงศ์ ซอย 6","kom":0,"kalae":1,"text_lanna":0,"total_detect":1}},{"type":"Feature","id":836,"geometry":{"type":"Point","coordinates":[98.990537520000032,18.773875690000068]},"properties":{"OBJECTID":836,"idx":3821,"POINT_Y":18.773875690000001,"POINT_X":98.990537520000004,"name":"ถนน สุริยวงศ์ ซอย 6","kom":0,"kalae":2,"text_lanna":0,"total_detect":2}},{"type":"Feature","id":837,"geometry":{"type":"Point","coordinates":[98.990128730000038,18.77375827000003]},"properties":{"OBJECTID":837,"idx":3823,"POINT_Y":18.773758269999998,"POINT_X":98.990128729999995,"name":"ถนน สุริยวงศ์ ซอย 6","kom":0,"kalae":0,"text_lanna":1,"total_detect":1}},{"type":"Feature","id":838,"geometry":{"type":"Point","coordinates":[98.991362600000059,18.769986820000042]},"properties":{"OBJECTID":838,"idx":3827,"POINT_Y":18.76998682,"POINT_X":98.991362600000002,"name":"ซอย 8","kom":1,"kalae":0,"text_lanna":0,"total_detect":1}},{"type":"Feature","id":839,"geometry":{"type":"Point","coordinates":[98.982777560000045,18.768927010000027]},"properties":{"OBJECTID":839,"idx":3836,"POINT_Y":18.768927009999999,"POINT_X":98.982777560000002,"name":null,"kom":0,"kalae":1,"text_lanna":0,"total_detect":1}},{"type":"Feature","id":840,"geometry":{"type":"Point","coordinates":[98.982791140000074,18.768746720000024]},"properties":{"OBJECTID":840,"idx":3837,"POINT_Y":18.768746719999999,"POINT_X":98.982791140000003,"name":null,"kom":0,"kalae":3,"text_lanna":0,"total_detect":3}},{"type":"Feature","id":841,"geometry":{"type":"Point","coordinates":[98.982811210000079,18.768456590000028]},"properties":{"OBJECTID":841,"idx":3838,"POINT_Y":18.76845659,"POINT_X":98.982811209999994,"name":null,"kom":0,"kalae":3,"text_lanna":0,"total_detect":3}},{"type":"Feature","id":842,"geometry":{"type":"Point","coordinates":[98.982823030000077,18.768276190000051]},"properties":{"OBJECTID":842,"idx":3839,"POINT_Y":18.768276190000002,"POINT_X":98.982823030000006,"name":null,"kom":0,"kalae":3,"text_lanna":0,"total_detect":3}},{"type":"Feature","id":843,"geometry":{"type":"Point","coordinates":[98.982834840000066,18.768095780000067]},"properties":{"OBJECTID":843,"idx":3840,"POINT_Y":18.768095779999999,"POINT_X":98.982834839999995,"name":null,"kom":1,"kalae":0,"text_lanna":0,"total_detect":1}},{"type":"Feature","id":844,"geometry":{"type":"Point","coordinates":[98.987489320000066,18.767981880000036]},"properties":{"OBJECTID":844,"idx":3849,"POINT_Y":18.767981880000001,"POINT_X":98.987489319999995,"name":null,"kom":0,"kalae":1,"text_lanna":0,"total_detect":1}},{"type":"Feature","id":845,"geometry":{"type":"Point","coordinates":[98.97913058000006,18.767793980000022]},"properties":{"OBJECTID":845,"idx":3857,"POINT_Y":18.76779398,"POINT_X":98.979130580000003,"name":null,"kom":2,"kalae":1,"text_lanna":0,"total_detect":3}},{"type":"Feature","id":846,"geometry":{"type":"Point","coordinates":[98.979209940000032,18.767491180000036]},"properties":{"OBJECTID":846,"idx":3858,"POINT_Y":18.76749118,"POINT_X":98.979209940000004,"name":null,"kom":0,"kalae":1,"text_lanna":0,"total_detect":1}},{"type":"Feature","id":847,"geometry":{"type":"Point","coordinates":[98.994399930000043,18.763883870000029]},"properties":{"OBJECTID":847,"idx":3868,"POINT_Y":18.763883870000001,"POINT_X":98.99439993,"name":null,"kom":0,"kalae":2,"text_lanna":0,"total_detect":2}},{"type":"Feature","id":848,"geometry":{"type":"Point","coordinates":[98.995258550000074,18.764577270000075]},"properties":{"OBJECTID":848,"idx":3873,"POINT_Y":18.76457727,"POINT_X":98.995258550000003,"name":null,"kom":2,"kalae":0,"text_lanna":0,"total_detect":2}},{"type":"Feature","id":849,"geometry":{"type":"Point","coordinates":[98.99598517000004,18.76515844000005]},"properties":{"OBJECTID":849,"idx":3878,"POINT_Y":18.76515844,"POINT_X":98.995985169999997,"name":null,"kom":0,"kalae":1,"text_lanna":0,"total_detect":1}},{"type":"Feature","id":850,"geometry":{"type":"Point","coordinates":[98.997206880000078,18.766155240000046]},"properties":{"OBJECTID":850,"idx":3886,"POINT_Y":18.76615524,"POINT_X":98.997206879999993,"name":null,"kom":4,"kalae":0,"text_lanna":0,"total_detect":4}},{"type":"Feature","id":851,"geometry":{"type":"Point","coordinates":[98.994719930000088,18.764618480000024]},"properties":{"OBJECTID":851,"idx":3888,"POINT_Y":18.764618479999999,"POINT_X":98.994719930000002,"name":"ถนน เชียงใหม่แลนด์ ซอย 7","kom":0,"kalae":2,"text_lanna":0,"total_detect":2}},{"type":"Feature","id":852,"geometry":{"type":"Point","coordinates":[98.994203220000031,18.764406640000061]},"properties":{"OBJECTID":852,"idx":3895,"POINT_Y":18.764406640000001,"POINT_X":98.994203220000003,"name":null,"kom":0,"kalae":1,"text_lanna":0,"total_detect":1}},{"type":"Feature","id":853,"geometry":{"type":"Point","coordinates":[98.994499090000033,18.764633060000051]},"properties":{"OBJECTID":853,"idx":3897,"POINT_Y":18.764633060000001,"POINT_X":98.994499090000005,"name":null,"kom":0,"kalae":0,"text_lanna":2,"total_detect":2}},{"type":"Feature","id":854,"geometry":{"type":"Point","coordinates":[98.992236950000063,18.767221050000046]},"properties":{"OBJECTID":854,"idx":3913,"POINT_Y":18.76722105,"POINT_X":98.992236950000006,"name":null,"kom":1,"kalae":0,"text_lanna":0,"total_detect":1}},{"type":"Feature","id":855,"geometry":{"type":"Point","coordinates":[98.991571040000053,18.767260990000068]},"properties":{"OBJECTID":855,"idx":3916,"POINT_Y":18.76726099,"POINT_X":98.991571039999997,"name":null,"kom":0,"kalae":1,"text_lanna":3,"total_detect":4}},{"type":"Feature","id":856,"geometry":{"type":"Point","coordinates":[98.991378110000085,18.767272530000071]},"properties":{"OBJECTID":856,"idx":3917,"POINT_Y":18.76727253,"POINT_X":98.991378109999999,"name":null,"kom":0,"kalae":0,"text_lanna":1,"total_detect":1}},{"type":"Feature","id":857,"geometry":{"type":"Point","coordinates":[98.992225330000053,18.76678000000004]},"properties":{"OBJECTID":857,"idx":3923,"POINT_Y":18.766780000000001,"POINT_X":98.992225329999997,"name":null,"kom":0,"kalae":1,"text_lanna":0,"total_detect":1}},{"type":"Feature","id":858,"geometry":{"type":"Point","coordinates":[98.991912960000036,18.766797250000025]},"properties":{"OBJECTID":858,"idx":3924,"POINT_Y":18.76679725,"POINT_X":98.991912959999993,"name":null,"kom":0,"kalae":0,"text_lanna":1,"total_detect":1}},{"type":"Feature","id":859,"geometry":{"type":"Point","coordinates":[98.991723510000043,18.766807690000064]},"properties":{"OBJECTID":859,"idx":3925,"POINT_Y":18.76680769,"POINT_X":98.99172351,"name":null,"kom":0,"kalae":2,"text_lanna":0,"total_detect":2}},{"type":"Feature","id":860,"geometry":{"type":"Point","coordinates":[98.99156940000006,18.76729019000004]},"properties":{"OBJECTID":860,"idx":3933,"POINT_Y":18.767290190000001,"POINT_X":98.991569400000003,"name":null,"kom":0,"kalae":1,"text_lanna":0,"total_detect":1}},{"type":"Feature","id":861,"geometry":{"type":"Point","coordinates":[98.991543810000053,18.766900390000046]},"properties":{"OBJECTID":861,"idx":3935,"POINT_Y":18.76690039,"POINT_X":98.991543809999996,"name":null,"kom":0,"kalae":2,"text_lanna":0,"total_detect":2}},{"type":"Feature","id":862,"geometry":{"type":"Point","coordinates":[99.024713800000086,18.784079750000046]},"properties":{"OBJECTID":862,"idx":3944,"POINT_Y":18.78407975,"POINT_X":99.024713800000001,"name":"ซอยเจริญยิ่ง","kom":0,"kalae":2,"text_lanna":0,"total_detect":2}},{"type":"Feature","id":863,"geometry":{"type":"Point","coordinates":[99.024704600000064,18.784260290000077]},"properties":{"OBJECTID":863,"idx":3945,"POINT_Y":18.784260289999999,"POINT_X":99.024704600000007,"name":"ซอยเจริญยิ่ง","kom":2,"kalae":0,"text_lanna":0,"total_detect":2}},{"type":"Feature","id":864,"geometry":{"type":"Point","coordinates":[99.024686210000084,18.784621380000033]},"properties":{"OBJECTID":864,"idx":3947,"POINT_Y":18.784621380000001,"POINT_X":99.024686209999999,"name":"ซอยเจริญยิ่ง","kom":0,"kalae":0,"text_lanna":2,"total_detect":2}},{"type":"Feature","id":865,"geometry":{"type":"Point","coordinates":[99.024649410000052,18.785343560000058]},"properties":{"OBJECTID":865,"idx":3951,"POINT_Y":18.785343560000001,"POINT_X":99.024649409999995,"name":"ซอยเจริญยิ่ง","kom":0,"kalae":1,"text_lanna":0,"total_detect":1}},{"type":"Feature","id":866,"geometry":{"type":"Point","coordinates":[99.024562070000059,18.786346260000073]},"properties":{"OBJECTID":866,"idx":3956,"POINT_Y":18.786346259999998,"POINT_X":99.024562070000002,"name":"ซอยเจริญยิ่ง","kom":0,"kalae":0,"text_lanna":1,"total_detect":1}},{"type":"Feature","id":867,"geometry":{"type":"Point","coordinates":[99.024491280000063,18.787055890000033]},"properties":{"OBJECTID":867,"idx":3959,"POINT_Y":18.787055890000001,"POINT_X":99.024491280000007,"name":"ซอยเจริญยิ่ง","kom":0,"kalae":1,"text_lanna":0,"total_detect":1}},{"type":"Feature","id":868,"geometry":{"type":"Point","coordinates":[99.022965340000042,18.786212120000073]},"properties":{"OBJECTID":868,"idx":3967,"POINT_Y":18.786212119999998,"POINT_X":99.022965339999999,"name":"ถนนหนองป่าครั่ง ซอย 2","kom":0,"kalae":2,"text_lanna":0,"total_detect":2}},{"type":"Feature","id":869,"geometry":{"type":"Point","coordinates":[99.022775680000052,18.786218500000075]},"properties":{"OBJECTID":869,"idx":3968,"POINT_Y":18.7862185,"POINT_X":99.022775679999995,"name":"ถนนหนองป่าครั่ง ซอย 2","kom":0,"kalae":3,"text_lanna":0,"total_detect":3}},{"type":"Feature","id":870,"geometry":{"type":"Point","coordinates":[99.020711490000053,18.786053350000032]},"properties":{"OBJECTID":870,"idx":3977,"POINT_Y":18.78605335,"POINT_X":99.020711489999997,"name":"ถนนหนองประทีป","kom":0,"kalae":2,"text_lanna":0,"total_detect":2}},{"type":"Feature","id":871,"geometry":{"type":"Point","coordinates":[99.024563840000042,18.781686600000057]},"properties":{"OBJECTID":871,"idx":3983,"POINT_Y":18.7816866,"POINT_X":99.024563839999999,"name":"ถนนเจริญเมือง ซอย 8","kom":0,"kalae":0,"text_lanna":1,"total_detect":1}},{"type":"Feature","id":872,"geometry":{"type":"Point","coordinates":[99.024181490000046,18.782543410000073]},"properties":{"OBJECTID":872,"idx":3987,"POINT_Y":18.782543409999999,"POINT_X":99.024181490000004,"name":"ถนนเจริญเมือง ซอย 8","kom":2,"kalae":0,"text_lanna":0,"total_detect":2}},{"type":"Feature","id":873,"geometry":{"type":"Point","coordinates":[99.023611190000054,18.783684040000026]},"properties":{"OBJECTID":873,"idx":3992,"POINT_Y":18.783684040000001,"POINT_X":99.023611189999997,"name":"ถนนเจริญเมือง ซอย 8","kom":2,"kalae":2,"text_lanna":0,"total_detect":4}},{"type":"Feature","id":874,"geometry":{"type":"Point","coordinates":[99.024966950000078,18.782260380000025]},"properties":{"OBJECTID":874,"idx":4000,"POINT_Y":18.78226038,"POINT_X":99.024966950000007,"name":"เจริญเมือง ซอย 8ก","kom":0,"kalae":0,"text_lanna":1,"total_detect":1}},{"type":"Feature","id":875,"geometry":{"type":"Point","coordinates":[99.025173300000063,18.78121297000007]},"properties":{"OBJECTID":875,"idx":4005,"POINT_Y":18.781212969999999,"POINT_X":99.025173300000006,"name":"เจริญเมือง ซอย 8ก","kom":2,"kalae":0,"text_lanna":0,"total_detect":2}},{"type":"Feature","id":876,"geometry":{"type":"Point","coordinates":[99.021089110000048,18.784422920000054]},"properties":{"OBJECTID":876,"idx":4010,"POINT_Y":18.784422920000001,"POINT_X":99.021089110000005,"name":"ถนนเจริญเมือง ซอย 6","kom":0,"kalae":1,"text_lanna":0,"total_detect":1}},{"type":"Feature","id":877,"geometry":{"type":"Point","coordinates":[99.021101990000034,18.783683600000074]},"properties":{"OBJECTID":877,"idx":4013,"POINT_Y":18.7836836,"POINT_X":99.021101990000005,"name":"ถนนเจริญเมือง ซอย 6","kom":4,"kalae":0,"text_lanna":0,"total_detect":4}},{"type":"Feature","id":878,"geometry":{"type":"Point","coordinates":[99.025450170000056,18.764480220000053]},"properties":{"OBJECTID":878,"idx":4031,"POINT_Y":18.764480219999999,"POINT_X":99.025450169999999,"name":null,"kom":0,"kalae":3,"text_lanna":0,"total_detect":3}},{"type":"Feature","id":879,"geometry":{"type":"Point","coordinates":[99.024680100000069,18.766366920000053]},"properties":{"OBJECTID":879,"idx":4035,"POINT_Y":18.766366919999999,"POINT_X":99.024680099999998,"name":null,"kom":0,"kalae":2,"text_lanna":0,"total_detect":2}},{"type":"Feature","id":880,"geometry":{"type":"Point","coordinates":[99.024974520000058,18.767577970000048]},"properties":{"OBJECTID":880,"idx":4037,"POINT_Y":18.767577970000001,"POINT_X":99.024974520000001,"name":"ซอยร่มเย็น","kom":0,"kalae":0,"text_lanna":1,"total_detect":1}},{"type":"Feature","id":881,"geometry":{"type":"Point","coordinates":[99.026159990000053,18.76680607000003]},"properties":{"OBJECTID":881,"idx":4048,"POINT_Y":18.766806070000001,"POINT_X":99.026159989999996,"name":"ถนนต้นขาม 2","kom":0,"kalae":2,"text_lanna":0,"total_detect":2}},{"type":"Feature","id":882,"geometry":{"type":"Point","coordinates":[99.026143000000047,18.766235960000074]},"properties":{"OBJECTID":882,"idx":4051,"POINT_Y":18.766235959999999,"POINT_X":99.026143000000005,"name":"ถนนต้นขาม 2","kom":0,"kalae":2,"text_lanna":0,"total_detect":2}},{"type":"Feature","id":883,"geometry":{"type":"Point","coordinates":[99.02675529000004,18.765336600000069]},"properties":{"OBJECTID":883,"idx":4055,"POINT_Y":18.765336600000001,"POINT_X":99.026755289999997,"name":"ถนนต้นขาม 2","kom":0,"kalae":0,"text_lanna":1,"total_detect":1}},{"type":"Feature","id":884,"geometry":{"type":"Point","coordinates":[99.027361920000033,18.765151690000039]},"properties":{"OBJECTID":884,"idx":4058,"POINT_Y":18.76515169,"POINT_X":99.027361920000004,"name":"ถนนต้นขาม 2","kom":0,"kalae":2,"text_lanna":0,"total_detect":2}},{"type":"Feature","id":885,"geometry":{"type":"Point","coordinates":[99.027542720000042,18.765096820000053]},"properties":{"OBJECTID":885,"idx":4059,"POINT_Y":18.76509682,"POINT_X":99.02754272,"name":"ถนนต้นขาม 2","kom":0,"kalae":2,"text_lanna":0,"total_detect":2}},{"type":"Feature","id":886,"geometry":{"type":"Point","coordinates":[99.028113390000044,18.764850790000025]},"properties":{"OBJECTID":886,"idx":4062,"POINT_Y":18.764850790000001,"POINT_X":99.028113390000001,"name":"ถนนต้นขาม 2","kom":0,"kalae":9,"text_lanna":0,"total_detect":9}},{"type":"Feature","id":887,"geometry":{"type":"Point","coordinates":[99.026928840000039,18.765721260000078]},"properties":{"OBJECTID":887,"idx":4067,"POINT_Y":18.765721259999999,"POINT_X":99.026928839999997,"name":"ซอยศรีปันกรัว","kom":1,"kalae":0,"text_lanna":0,"total_detect":1}},{"type":"Feature","id":888,"geometry":{"type":"Point","coordinates":[99.02531907000008,18.766299820000029]},"properties":{"OBJECTID":888,"idx":4077,"POINT_Y":18.76629982,"POINT_X":99.025319069999995,"name":"ซอยข้างเรงเรียนกาวิละ","kom":1,"kalae":0,"text_lanna":0,"total_detect":1}},{"type":"Feature","id":889,"geometry":{"type":"Point","coordinates":[99.025731530000087,18.766282840000031]},"properties":{"OBJECTID":889,"idx":4079,"POINT_Y":18.766282839999999,"POINT_X":99.025731530000002,"name":"ซอยข้างเรงเรียนกาวิละ","kom":6,"kalae":0,"text_lanna":0,"total_detect":6}},{"type":"Feature","id":890,"geometry":{"type":"Point","coordinates":[99.022446260000038,18.764659820000077]},"properties":{"OBJECTID":890,"idx":4084,"POINT_Y":18.764659819999999,"POINT_X":99.022446259999995,"name":"มงฟอร์ด วิลล่า 4","kom":0,"kalae":0,"text_lanna":1,"total_detect":1}},{"type":"Feature","id":891,"geometry":{"type":"Point","coordinates":[99.020224840000083,18.770373730000074]},"properties":{"OBJECTID":891,"idx":4086,"POINT_Y":18.770373729999999,"POINT_X":99.020224839999997,"name":null,"kom":0,"kalae":1,"text_lanna":0,"total_detect":1}},{"type":"Feature","id":892,"geometry":{"type":"Point","coordinates":[99.020175300000062,18.770026450000046]},"properties":{"OBJECTID":892,"idx":4087,"POINT_Y":18.77002645,"POINT_X":99.020175300000005,"name":null,"kom":0,"kalae":1,"text_lanna":0,"total_detect":1}},{"type":"Feature","id":893,"geometry":{"type":"Point","coordinates":[99.020268150000049,18.76941000000005]},"properties":{"OBJECTID":893,"idx":4090,"POINT_Y":18.769410000000001,"POINT_X":99.020268150000007,"name":null,"kom":0,"kalae":4,"text_lanna":0,"total_detect":4}},{"type":"Feature","id":894,"geometry":{"type":"Point","coordinates":[99.020303120000051,18.769218880000039]},"properties":{"OBJECTID":894,"idx":4091,"POINT_Y":18.76921888,"POINT_X":99.020303119999994,"name":null,"kom":0,"kalae":1,"text_lanna":2,"total_detect":3}},{"type":"Feature","id":895,"geometry":{"type":"Point","coordinates":[99.021750190000034,18.767498820000071]},"properties":{"OBJECTID":895,"idx":4098,"POINT_Y":18.76749882,"POINT_X":99.021750190000006,"name":null,"kom":0,"kalae":1,"text_lanna":0,"total_detect":1}},{"type":"Feature","id":896,"geometry":{"type":"Point","coordinates":[99.021715360000087,18.768040080000048]},"properties":{"OBJECTID":896,"idx":4101,"POINT_Y":18.768040079999999,"POINT_X":99.021715360000002,"name":null,"kom":0,"kalae":2,"text_lanna":0,"total_detect":2}},{"type":"Feature","id":897,"geometry":{"type":"Point","coordinates":[99.021703750000086,18.768220500000041]},"properties":{"OBJECTID":897,"idx":4102,"POINT_Y":18.768220500000002,"POINT_X":99.02170375,"name":null,"kom":0,"kalae":1,"text_lanna":0,"total_detect":1}},{"type":"Feature","id":898,"geometry":{"type":"Point","coordinates":[99.022000480000031,18.766703280000058]},"properties":{"OBJECTID":898,"idx":4104,"POINT_Y":18.766703280000002,"POINT_X":99.022000480000003,"name":"มงฟอร์ด วิลล่า 14","kom":0,"kalae":0,"text_lanna":4,"total_detect":4}},{"type":"Feature","id":899,"geometry":{"type":"Point","coordinates":[99.021810580000079,18.766631910000058]},"properties":{"OBJECTID":899,"idx":4105,"POINT_Y":18.766631910000001,"POINT_X":99.021810579999993,"name":"มงฟอร์ด วิลล่า 14","kom":0,"kalae":3,"text_lanna":0,"total_detect":3}},{"type":"Feature","id":900,"geometry":{"type":"Point","coordinates":[99.021633960000088,18.766565820000039]},"properties":{"OBJECTID":900,"idx":4106,"POINT_Y":18.76656582,"POINT_X":99.021633960000003,"name":"มงฟอร์ด วิลล่า 14","kom":26,"kalae":0,"text_lanna":0,"total_detect":26}},{"type":"Feature","id":901,"geometry":{"type":"Point","coordinates":[99.022130450000077,18.766374810000059]},"properties":{"OBJECTID":901,"idx":4110,"POINT_Y":18.766374809999999,"POINT_X":99.022130450000006,"name":"มงฟอร์ด วิลล่า 12","kom":0,"kalae":0,"text_lanna":2,"total_detect":2}},{"type":"Feature","id":902,"geometry":{"type":"Point","coordinates":[99.021954490000041,18.76630713000003]},"properties":{"OBJECTID":902,"idx":4111,"POINT_Y":18.766307130000001,"POINT_X":99.021954489999999,"name":"มงฟอร์ด วิลล่า 12","kom":0,"kalae":1,"text_lanna":2,"total_detect":3}},{"type":"Feature","id":903,"geometry":{"type":"Point","coordinates":[99.021250670000086,18.76603638000006]},"properties":{"OBJECTID":903,"idx":4115,"POINT_Y":18.766036379999999,"POINT_X":99.021250670000001,"name":"มงฟอร์ด วิลล่า 12","kom":0,"kalae":2,"text_lanna":0,"total_detect":2}},{"type":"Feature","id":904,"geometry":{"type":"Point","coordinates":[99.022051540000064,18.765948700000024]},"properties":{"OBJECTID":904,"idx":4118,"POINT_Y":18.765948699999999,"POINT_X":99.022051540000007,"name":"มงฟอร์ด วิลล่า 10","kom":0,"kalae":2,"text_lanna":0,"total_detect":2}},{"type":"Feature","id":905,"geometry":{"type":"Point","coordinates":[99.021874120000064,18.765884600000049]},"properties":{"OBJECTID":905,"idx":4119,"POINT_Y":18.7658846,"POINT_X":99.021874120000007,"name":"มงฟอร์ด วิลล่า 10","kom":1,"kalae":0,"text_lanna":0,"total_detect":1}},{"type":"Feature","id":906,"geometry":{"type":"Point","coordinates":[99.02134183000004,18.765692300000069]},"properties":{"OBJECTID":906,"idx":4122,"POINT_Y":18.765692300000001,"POINT_X":99.021341829999997,"name":"มงฟอร์ด วิลล่า 10","kom":1,"kalae":0,"text_lanna":1,"total_detect":2}},{"type":"Feature","id":907,"geometry":{"type":"Point","coordinates":[99.022747130000084,18.763481610000042]},"properties":{"OBJECTID":907,"idx":4130,"POINT_Y":18.763481609999999,"POINT_X":99.022747129999999,"name":null,"kom":2,"kalae":0,"text_lanna":0,"total_detect":2}},{"type":"Feature","id":908,"geometry":{"type":"Point","coordinates":[99.023212830000034,18.763077920000057]},"properties":{"OBJECTID":908,"idx":4139,"POINT_Y":18.763077920000001,"POINT_X":99.023212830000006,"name":null,"kom":0,"kalae":1,"text_lanna":0,"total_detect":1}},{"type":"Feature","id":909,"geometry":{"type":"Point","coordinates":[99.022609880000061,18.762856660000068]},"properties":{"OBJECTID":909,"idx":4142,"POINT_Y":18.762856660000001,"POINT_X":99.022609880000005,"name":null,"kom":0,"kalae":3,"text_lanna":1,"total_detect":4}},{"type":"Feature","id":910,"geometry":{"type":"Point","coordinates":[99.022144430000083,18.772097650000035]},"properties":{"OBJECTID":910,"idx":4145,"POINT_Y":18.772097649999999,"POINT_X":99.022144429999997,"name":"ตันขาม ซอย 2","kom":0,"kalae":2,"text_lanna":0,"total_detect":2}},{"type":"Feature","id":911,"geometry":{"type":"Point","coordinates":[99.023018730000047,18.771308950000048]},"properties":{"OBJECTID":911,"idx":4147,"POINT_Y":18.771308950000002,"POINT_X":99.023018730000004,"name":"ตันขาม ซอย 2","kom":0,"kalae":0,"text_lanna":1,"total_detect":1}},{"type":"Feature","id":912,"geometry":{"type":"Point","coordinates":[99.023573820000081,18.77109530000007]},"properties":{"OBJECTID":912,"idx":4148,"POINT_Y":18.771095299999999,"POINT_X":99.023573819999996,"name":"ตันขาม ซอย 2","kom":2,"kalae":0,"text_lanna":0,"total_detect":2}},{"type":"Feature","id":913,"geometry":{"type":"Point","coordinates":[99.024846580000087,18.770668650000061]},"properties":{"OBJECTID":913,"idx":4153,"POINT_Y":18.770668650000001,"POINT_X":99.024846580000002,"name":"ตันขาม ซอย 2","kom":0,"kalae":2,"text_lanna":0,"total_detect":2}},{"type":"Feature","id":914,"geometry":{"type":"Point","coordinates":[99.025116080000032,18.770629650000046]},"properties":{"OBJECTID":914,"idx":4154,"POINT_Y":18.77062965,"POINT_X":99.025116080000004,"name":"ตันขาม ซอย 2","kom":0,"kalae":1,"text_lanna":0,"total_detect":1}},{"type":"Feature","id":915,"geometry":{"type":"Point","coordinates":[99.025947110000061,18.770178970000075]},"properties":{"OBJECTID":915,"idx":4158,"POINT_Y":18.77017897,"POINT_X":99.025947110000004,"name":"ตันขาม ซอย 2","kom":0,"kalae":0,"text_lanna":1,"total_detect":1}},{"type":"Feature","id":916,"geometry":{"type":"Point","coordinates":[99.026232700000037,18.768794380000031]},"properties":{"OBJECTID":916,"idx":4162,"POINT_Y":18.768794379999999,"POINT_X":99.026232699999994,"name":"ตันขาม ซอย 2","kom":0,"kalae":1,"text_lanna":0,"total_detect":1}},{"type":"Feature","id":917,"geometry":{"type":"Point","coordinates":[99.023308610000072,18.770835050000073]},"properties":{"OBJECTID":917,"idx":4169,"POINT_Y":18.770835049999999,"POINT_X":99.023308610000001,"name":null,"kom":0,"kalae":0,"text_lanna":1,"total_detect":1}},{"type":"Feature","id":918,"geometry":{"type":"Point","coordinates":[99.023579500000039,18.770709730000078]},"properties":{"OBJECTID":918,"idx":4172,"POINT_Y":18.77070973,"POINT_X":99.023579499999997,"name":null,"kom":3,"kalae":0,"text_lanna":0,"total_detect":3}},{"type":"Feature","id":919,"geometry":{"type":"Point","coordinates":[99.02428615000008,18.77028131000003]},"properties":{"OBJECTID":919,"idx":4176,"POINT_Y":18.770281310000001,"POINT_X":99.024286149999995,"name":null,"kom":0,"kalae":0,"text_lanna":1,"total_detect":1}},{"type":"Feature","id":920,"geometry":{"type":"Point","coordinates":[99.024469420000059,18.769639660000053]},"properties":{"OBJECTID":920,"idx":4184,"POINT_Y":18.769639659999999,"POINT_X":99.024469420000003,"name":null,"kom":0,"kalae":0,"text_lanna":1,"total_detect":1}},{"type":"Feature","id":921,"geometry":{"type":"Point","coordinates":[99.025545670000042,18.763189730000022]},"properties":{"OBJECTID":921,"idx":4188,"POINT_Y":18.763189730000001,"POINT_X":99.02554567,"name":null,"kom":0,"kalae":2,"text_lanna":0,"total_detect":2}},{"type":"Feature","id":922,"geometry":{"type":"Point","coordinates":[99.023513970000067,18.792137700000069]},"properties":{"OBJECTID":922,"idx":4199,"POINT_Y":18.792137700000001,"POINT_X":99.023513969999996,"name":"ถนนซุปเปอร์ไฮเวย์","kom":2,"kalae":0,"text_lanna":0,"total_detect":2}},{"type":"Feature","id":923,"geometry":{"type":"Point","coordinates":[99.023880640000073,18.791504590000045]},"properties":{"OBJECTID":923,"idx":4203,"POINT_Y":18.791504589999999,"POINT_X":99.023880640000002,"name":"ถนนซุปเปอร์ไฮเวย์","kom":0,"kalae":1,"text_lanna":0,"total_detect":1}},{"type":"Feature","id":924,"geometry":{"type":"Point","coordinates":[99.024063970000043,18.791188040000065]},"properties":{"OBJECTID":924,"idx":4205,"POINT_Y":18.791188040000002,"POINT_X":99.02406397,"name":"ถนนซุปเปอร์ไฮเวย์","kom":0,"kalae":1,"text_lanna":0,"total_detect":1}},{"type":"Feature","id":925,"geometry":{"type":"Point","coordinates":[99.024155630000052,18.791029760000072]},"properties":{"OBJECTID":925,"idx":4206,"POINT_Y":18.791029760000001,"POINT_X":99.024155629999996,"name":"ถนนซุปเปอร์ไฮเวย์","kom":1,"kalae":0,"text_lanna":0,"total_detect":1}},{"type":"Feature","id":926,"geometry":{"type":"Point","coordinates":[99.02443063000004,18.79055494000005]},"properties":{"OBJECTID":926,"idx":4209,"POINT_Y":18.79055494,"POINT_X":99.024430629999998,"name":"ถนนซุปเปอร์ไฮเวย์","kom":2,"kalae":0,"text_lanna":0,"total_detect":2}},{"type":"Feature","id":927,"geometry":{"type":"Point","coordinates":[99.024996470000076,18.789572090000036]},"properties":{"OBJECTID":927,"idx":4215,"POINT_Y":18.78957209,"POINT_X":99.024996470000005,"name":"ถนนซุปเปอร์ไฮเวย์","kom":0,"kalae":2,"text_lanna":0,"total_detect":2}},{"type":"Feature","id":928,"geometry":{"type":"Point","coordinates":[99.025174610000079,18.789252860000033]},"properties":{"OBJECTID":928,"idx":4217,"POINT_Y":18.789252860000001,"POINT_X":99.025174609999993,"name":"ถนนซุปเปอร์ไฮเวย์","kom":1,"kalae":0,"text_lanna":0,"total_detect":1}},{"type":"Feature","id":929,"geometry":{"type":"Point","coordinates":[99.02526368000008,18.789093240000057]},"properties":{"OBJECTID":929,"idx":4218,"POINT_Y":18.78909324,"POINT_X":99.025263679999995,"name":"ถนนซุปเปอร์ไฮเวย์","kom":1,"kalae":0,"text_lanna":0,"total_detect":1}},{"type":"Feature","id":930,"geometry":{"type":"Point","coordinates":[99.004487230000052,18.809961570000041]},"properties":{"OBJECTID":930,"idx":4235,"POINT_Y":18.809961569999999,"POINT_X":99.004487229999995,"name":"ถนนซุปเปอร์ไฮเวย์","kom":0,"kalae":1,"text_lanna":0,"total_detect":1}},{"type":"Feature","id":931,"geometry":{"type":"Point","coordinates":[99.003919210000049,18.809999780000055]},"properties":{"OBJECTID":931,"idx":4238,"POINT_Y":18.809999779999998,"POINT_X":99.003919210000007,"name":"ถนนซุปเปอร์ไฮเวย์","kom":0,"kalae":2,"text_lanna":0,"total_detect":2}},{"type":"Feature","id":932,"geometry":{"type":"Point","coordinates":[99.002783180000051,18.810076200000026]},"properties":{"OBJECTID":932,"idx":4244,"POINT_Y":18.810076200000001,"POINT_X":99.002783179999994,"name":"ถนนซุปเปอร์ไฮเวย์","kom":13,"kalae":0,"text_lanna":0,"total_detect":13}},{"type":"Feature","id":933,"geometry":{"type":"Point","coordinates":[99.00345585000008,18.810176900000044]},"properties":{"OBJECTID":933,"idx":4252,"POINT_Y":18.810176899999998,"POINT_X":99.003455849999995,"name":"ถนนซุปเปอร์ไฮเวย์","kom":2,"kalae":0,"text_lanna":2,"total_detect":4}},{"type":"Feature","id":934,"geometry":{"type":"Point","coordinates":[99.005070480000086,18.810076000000038]},"properties":{"OBJECTID":934,"idx":4260,"POINT_Y":18.810075999999999,"POINT_X":99.005070480000001,"name":"ถนนซุปเปอร์ไฮเวย์","kom":0,"kalae":1,"text_lanna":0,"total_detect":1}},{"type":"Feature","id":935,"geometry":{"type":"Point","coordinates":[98.999533520000057,18.758273400000064]},"properties":{"OBJECTID":935,"idx":4274,"POINT_Y":18.7582734,"POINT_X":98.99953352,"name":"ถนนมหิดล","kom":2,"kalae":0,"text_lanna":0,"total_detect":2}},{"type":"Feature","id":936,"geometry":{"type":"Point","coordinates":[98.999820210000053,18.758000290000041]},"properties":{"OBJECTID":936,"idx":4276,"POINT_Y":18.758000289999998,"POINT_X":98.999820209999996,"name":"ถนนมหิดล","kom":0,"kalae":2,"text_lanna":0,"total_detect":2}},{"type":"Feature","id":937,"geometry":{"type":"Point","coordinates":[98.996720960000061,18.760731240000041]},"properties":{"OBJECTID":937,"idx":4283,"POINT_Y":18.760731239999998,"POINT_X":98.996720960000005,"name":"ถนนมหิดล","kom":0,"kalae":3,"text_lanna":2,"total_detect":5}},{"type":"Feature","id":938,"geometry":{"type":"Point","coordinates":[98.997149840000077,18.760374660000025]},"properties":{"OBJECTID":938,"idx":4286,"POINT_Y":18.76037466,"POINT_X":98.997149840000006,"name":"ถนนมหิดล","kom":1,"kalae":0,"text_lanna":0,"total_detect":1}},{"type":"Feature","id":939,"geometry":{"type":"Point","coordinates":[98.997721680000041,18.759899210000071]},"properties":{"OBJECTID":939,"idx":4290,"POINT_Y":18.75989921,"POINT_X":98.997721679999998,"name":"ถนนมหิดล","kom":0,"kalae":0,"text_lanna":1,"total_detect":1}},{"type":"Feature","id":940,"geometry":{"type":"Point","coordinates":[98.997312910000062,18.760053680000055]},"properties":{"OBJECTID":940,"idx":4295,"POINT_Y":18.760053679999999,"POINT_X":98.997312910000005,"name":"ถนนมหิดล","kom":0,"kalae":1,"text_lanna":0,"total_detect":1}},{"type":"Feature","id":941,"geometry":{"type":"Point","coordinates":[99.005475320000073,18.763032080000073]},"properties":{"OBJECTID":941,"idx":4307,"POINT_Y":18.763032079999999,"POINT_X":99.005475320000002,"name":"ถนน เกาะกลาง","kom":0,"kalae":0,"text_lanna":1,"total_detect":1}},{"type":"Feature","id":942,"geometry":{"type":"Point","coordinates":[99.003668320000031,18.760600540000041]},"properties":{"OBJECTID":942,"idx":4317,"POINT_Y":18.760600539999999,"POINT_X":99.003668320000003,"name":"ถนน เกาะกลาง","kom":0,"kalae":0,"text_lanna":1,"total_detect":1}},{"type":"Feature","id":943,"geometry":{"type":"Point","coordinates":[99.002906090000067,18.759625950000043]},"properties":{"OBJECTID":943,"idx":4320,"POINT_Y":18.75962595,"POINT_X":99.002906089999996,"name":"ถนน เกาะกลาง","kom":1,"kalae":0,"text_lanna":0,"total_detect":1}},{"type":"Feature","id":944,"geometry":{"type":"Point","coordinates":[99.002109430000075,18.758873010000059]},"properties":{"OBJECTID":944,"idx":4323,"POINT_Y":18.758873009999999,"POINT_X":99.002109430000004,"name":"ถนน เกาะกลาง","kom":0,"kalae":1,"text_lanna":0,"total_detect":1}},{"type":"Feature","id":945,"geometry":{"type":"Point","coordinates":[99.001899710000032,18.75872011000007]},"properties":{"OBJECTID":945,"idx":4324,"POINT_Y":18.758720109999999,"POINT_X":99.001899710000004,"name":"ถนน เกาะกลาง","kom":0,"kalae":1,"text_lanna":0,"total_detect":1}},{"type":"Feature","id":946,"geometry":{"type":"Point","coordinates":[99.001683580000076,18.75861290000006]},"properties":{"OBJECTID":946,"idx":4325,"POINT_Y":18.758612899999999,"POINT_X":99.001683580000005,"name":"ถนน เกาะกลาง","kom":0,"kalae":0,"text_lanna":2,"total_detect":2}},{"type":"Feature","id":947,"geometry":{"type":"Point","coordinates":[98.997296000000063,18.792880080000032]},"properties":{"OBJECTID":947,"idx":4331,"POINT_Y":18.79288008,"POINT_X":98.997296000000006,"name":"ถนนราชวงศ์","kom":0,"kalae":0,"text_lanna":1,"total_detect":1}},{"type":"Feature","id":948,"geometry":{"type":"Point","coordinates":[98.996966850000035,18.79364269000007]},"properties":{"OBJECTID":948,"idx":4333,"POINT_Y":18.793642689999999,"POINT_X":98.996966850000007,"name":"ถนนราชวงศ์","kom":16,"kalae":0,"text_lanna":0,"total_detect":16}},{"type":"Feature","id":949,"geometry":{"type":"Point","coordinates":[99.02051307000005,18.775210690000051]},"properties":{"OBJECTID":949,"idx":4341,"POINT_Y":18.775210690000002,"POINT_X":99.020513070000007,"name":null,"kom":0,"kalae":2,"text_lanna":0,"total_detect":2}},{"type":"Feature","id":950,"geometry":{"type":"Point","coordinates":[98.985586190000049,18.805377200000066]},"properties":{"OBJECTID":950,"idx":4344,"POINT_Y":18.805377199999999,"POINT_X":98.985586190000006,"name":"ถนนหมื่่นด้ามพร้าคต","kom":0,"kalae":0,"text_lanna":1,"total_detect":1}},{"type":"Feature","id":951,"geometry":{"type":"Point","coordinates":[98.985772980000036,18.805409300000065]},"properties":{"OBJECTID":951,"idx":4345,"POINT_Y":18.805409300000001,"POINT_X":98.985772979999993,"name":"ถนนหมื่่นด้ามพร้าคต","kom":2,"kalae":0,"text_lanna":0,"total_detect":2}},{"type":"Feature","id":952,"geometry":{"type":"Point","coordinates":[98.986146550000058,18.805473500000062]},"properties":{"OBJECTID":952,"idx":4347,"POINT_Y":18.805473500000002,"POINT_X":98.986146550000001,"name":"ถนนหมื่่นด้ามพร้าคต","kom":7,"kalae":2,"text_lanna":0,"total_detect":9}},{"type":"Feature","id":953,"geometry":{"type":"Point","coordinates":[98.987645740000062,18.80535438000004]},"properties":{"OBJECTID":953,"idx":4352,"POINT_Y":18.805354380000001,"POINT_X":98.987645740000005,"name":"ถนนหมื่่นด้ามพร้าคต","kom":0,"kalae":1,"text_lanna":0,"total_detect":1}},{"type":"Feature","id":954,"geometry":{"type":"Point","coordinates":[98.988010840000072,18.805255370000054]},"properties":{"OBJECTID":954,"idx":4354,"POINT_Y":18.805255370000001,"POINT_X":98.988010840000001,"name":"ถนนหมื่่นด้ามพร้าคต","kom":0,"kalae":2,"text_lanna":0,"total_detect":2}},{"type":"Feature","id":955,"geometry":{"type":"Point","coordinates":[98.997917880000045,18.81057966000003]},"properties":{"OBJECTID":955,"idx":4363,"POINT_Y":18.810579659999998,"POINT_X":98.997917880000003,"name":"ถนนซุปเปอร์ไฮเวย์","kom":4,"kalae":1,"text_lanna":0,"total_detect":5}},{"type":"Feature","id":956,"geometry":{"type":"Point","coordinates":[98.996336140000039,18.810845800000038]},"properties":{"OBJECTID":956,"idx":4371,"POINT_Y":18.810845799999999,"POINT_X":98.996336139999997,"name":"ถนนซุปเปอร์ไฮเวย์","kom":1,"kalae":0,"text_lanna":0,"total_detect":1}},{"type":"Feature","id":957,"geometry":{"type":"Point","coordinates":[98.984878590000051,18.812045890000036]},"properties":{"OBJECTID":957,"idx":4375,"POINT_Y":18.81204589,"POINT_X":98.984878589999994,"name":"ถนนซุปเปอร์ไฮเวย์","kom":0,"kalae":2,"text_lanna":0,"total_detect":2}},{"type":"Feature","id":958,"geometry":{"type":"Point","coordinates":[98.985768290000067,18.812140570000054]},"properties":{"OBJECTID":958,"idx":4379,"POINT_Y":18.81214057,"POINT_X":98.985768289999996,"name":"ถนนซุปเปอร์ไฮเวย์","kom":0,"kalae":2,"text_lanna":0,"total_detect":2}},{"type":"Feature","id":959,"geometry":{"type":"Point","coordinates":[98.985957290000044,18.812157330000048]},"properties":{"OBJECTID":959,"idx":4380,"POINT_Y":18.812157330000002,"POINT_X":98.985957290000002,"name":"ถนนซุปเปอร์ไฮเวย์","kom":0,"kalae":1,"text_lanna":1,"total_detect":2}},{"type":"Feature","id":960,"geometry":{"type":"Point","coordinates":[98.943804320000083,18.802822990000038]},"properties":{"OBJECTID":960,"idx":4390,"POINT_Y":18.802822989999999,"POINT_X":98.943804319999998,"name":null,"kom":2,"kalae":0,"text_lanna":0,"total_detect":2}},{"type":"Feature","id":961,"geometry":{"type":"Point","coordinates":[98.945050930000036,18.802589530000034]},"properties":{"OBJECTID":961,"idx":4395,"POINT_Y":18.802589529999999,"POINT_X":98.945050929999994,"name":null,"kom":2,"kalae":0,"text_lanna":0,"total_detect":2}},{"type":"Feature","id":962,"geometry":{"type":"Point","coordinates":[98.946059070000047,18.802993790000073]},"properties":{"OBJECTID":962,"idx":4399,"POINT_Y":18.802993789999999,"POINT_X":98.946059070000004,"name":null,"kom":0,"kalae":1,"text_lanna":0,"total_detect":1}},{"type":"Feature","id":963,"geometry":{"type":"Point","coordinates":[98.946413690000043,18.803184720000047]},"properties":{"OBJECTID":963,"idx":4402,"POINT_Y":18.803184720000001,"POINT_X":98.94641369,"name":null,"kom":2,"kalae":0,"text_lanna":0,"total_detect":2}},{"type":"Feature","id":964,"geometry":{"type":"Point","coordinates":[98.945797940000034,18.804681970000047]},"properties":{"OBJECTID":964,"idx":4405,"POINT_Y":18.804681970000001,"POINT_X":98.945797940000006,"name":null,"kom":0,"kalae":1,"text_lanna":0,"total_detect":1}},{"type":"Feature","id":965,"geometry":{"type":"Point","coordinates":[98.94615747000006,18.806055490000062]},"properties":{"OBJECTID":965,"idx":4408,"POINT_Y":18.806055489999999,"POINT_X":98.946157470000003,"name":null,"kom":0,"kalae":2,"text_lanna":0,"total_detect":2}},{"type":"Feature","id":966,"geometry":{"type":"Point","coordinates":[98.947081440000034,18.807643660000053]},"properties":{"OBJECTID":966,"idx":4412,"POINT_Y":18.80764366,"POINT_X":98.947081440000005,"name":null,"kom":0,"kalae":2,"text_lanna":0,"total_detect":2}},{"type":"Feature","id":967,"geometry":{"type":"Point","coordinates":[98.946962880000058,18.807784810000044]},"properties":{"OBJECTID":967,"idx":4413,"POINT_Y":18.807784810000001,"POINT_X":98.946962880000001,"name":null,"kom":3,"kalae":1,"text_lanna":0,"total_detect":4}},{"type":"Feature","id":968,"geometry":{"type":"Point","coordinates":[98.946844320000082,18.807925970000042]},"properties":{"OBJECTID":968,"idx":4414,"POINT_Y":18.807925969999999,"POINT_X":98.946844319999997,"name":null,"kom":0,"kalae":1,"text_lanna":0,"total_detect":1}},{"type":"Feature","id":969,"geometry":{"type":"Point","coordinates":[98.946504600000083,18.808714330000043]},"properties":{"OBJECTID":969,"idx":4417,"POINT_Y":18.808714330000001,"POINT_X":98.946504599999997,"name":null,"kom":0,"kalae":1,"text_lanna":0,"total_detect":1}},{"type":"Feature","id":970,"geometry":{"type":"Point","coordinates":[99.003977990000067,18.787609620000069]},"properties":{"OBJECTID":970,"idx":4418,"POINT_Y":18.787609620000001,"POINT_X":99.003977989999996,"name":"สะพานนวรัฐ","kom":0,"kalae":1,"text_lanna":0,"total_detect":1}},{"type":"Feature","id":971,"geometry":{"type":"Point","coordinates":[99.00435678000008,18.787632850000023]},"properties":{"OBJECTID":971,"idx":4420,"POINT_Y":18.787632850000001,"POINT_X":99.004356779999995,"name":"สะพานนวรัฐ","kom":0,"kalae":1,"text_lanna":0,"total_detect":1}},{"type":"Feature","id":972,"geometry":{"type":"Point","coordinates":[99.00575493000008,18.787565250000057]},"properties":{"OBJECTID":972,"idx":4426,"POINT_Y":18.78756525,"POINT_X":99.005754929999995,"name":"ถนนเจริญเมือง","kom":0,"kalae":2,"text_lanna":0,"total_detect":2}},{"type":"Feature","id":973,"geometry":{"type":"Point","coordinates":[99.007787520000079,18.787175360000049]},"properties":{"OBJECTID":973,"idx":4435,"POINT_Y":18.787175359999999,"POINT_X":99.007787519999994,"name":"ถนนเจริญเมือง","kom":3,"kalae":0,"text_lanna":0,"total_detect":3}},{"type":"Feature","id":974,"geometry":{"type":"Point","coordinates":[99.009215790000042,18.786900680000031]},"properties":{"OBJECTID":974,"idx":4442,"POINT_Y":18.786900679999999,"POINT_X":99.009215789999999,"name":"ถนนเจริญเมือง","kom":0,"kalae":0,"text_lanna":1,"total_detect":1}},{"type":"Feature","id":975,"geometry":{"type":"Point","coordinates":[99.010621580000077,18.786630760000037]},"properties":{"OBJECTID":975,"idx":4447,"POINT_Y":18.786630760000001,"POINT_X":99.010621580000006,"name":"ถนนเจริญเมือง","kom":1,"kalae":0,"text_lanna":0,"total_detect":1}},{"type":"Feature","id":976,"geometry":{"type":"Point","coordinates":[99.011179700000071,18.786523590000058]},"properties":{"OBJECTID":976,"idx":4450,"POINT_Y":18.786523590000002,"POINT_X":99.0111797,"name":"ถนนเจริญเมือง","kom":0,"kalae":1,"text_lanna":0,"total_detect":1}},{"type":"Feature","id":977,"geometry":{"type":"Point","coordinates":[99.011697930000082,18.786424030000035]},"properties":{"OBJECTID":977,"idx":4452,"POINT_Y":18.786424029999999,"POINT_X":99.011697929999997,"name":"ถนนเจริญเมือง","kom":0,"kalae":1,"text_lanna":0,"total_detect":1}},{"type":"Feature","id":978,"geometry":{"type":"Point","coordinates":[99.012757130000068,18.786220680000042]},"properties":{"OBJECTID":978,"idx":4457,"POINT_Y":18.78622068,"POINT_X":99.012757129999997,"name":"ถนนเจริญเมือง","kom":1,"kalae":0,"text_lanna":0,"total_detect":1}},{"type":"Feature","id":979,"geometry":{"type":"Point","coordinates":[99.015912750000041,18.785614690000045]},"properties":{"OBJECTID":979,"idx":4470,"POINT_Y":18.785614689999999,"POINT_X":99.015912749999998,"name":"ถนนเจริญเมือง","kom":3,"kalae":0,"text_lanna":0,"total_detect":3}},{"type":"Feature","id":980,"geometry":{"type":"Point","coordinates":[98.993792080000048,18.792266840000025]},"properties":{"OBJECTID":980,"idx":4473,"POINT_Y":18.79226684,"POINT_X":98.993792080000006,"name":"ถนนชัยภูมิ","kom":0,"kalae":0,"text_lanna":1,"total_detect":1}},{"type":"Feature","id":981,"geometry":{"type":"Point","coordinates":[98.993783270000051,18.792086280000035]},"properties":{"OBJECTID":981,"idx":4474,"POINT_Y":18.792086279999999,"POINT_X":98.993783269999994,"name":"ถนนชัยภูมิ","kom":0,"kalae":0,"text_lanna":1,"total_detect":1}},{"type":"Feature","id":982,"geometry":{"type":"Point","coordinates":[98.981710220000082,18.796056830000055]},"properties":{"OBJECTID":982,"idx":4483,"POINT_Y":18.796056830000001,"POINT_X":98.981710219999997,"name":null,"kom":0,"kalae":1,"text_lanna":1,"total_detect":2}},{"type":"Feature","id":983,"geometry":{"type":"Point","coordinates":[98.981759310000086,18.797353790000045]},"properties":{"OBJECTID":983,"idx":4489,"POINT_Y":18.797353789999999,"POINT_X":98.981759310000001,"name":null,"kom":0,"kalae":1,"text_lanna":0,"total_detect":1}},{"type":"Feature","id":984,"geometry":{"type":"Point","coordinates":[99.018467390000069,18.790729620000036]},"properties":{"OBJECTID":984,"idx":4496,"POINT_Y":18.79072962,"POINT_X":99.018467389999998,"name":null,"kom":2,"kalae":0,"text_lanna":0,"total_detect":2}},{"type":"Feature","id":985,"geometry":{"type":"Point","coordinates":[99.019036590000042,18.790742850000072]},"properties":{"OBJECTID":985,"idx":4499,"POINT_Y":18.790742850000001,"POINT_X":99.019036589999999,"name":null,"kom":0,"kalae":0,"text_lanna":1,"total_detect":1}},{"type":"Feature","id":986,"geometry":{"type":"Point","coordinates":[99.019663530000059,18.790757370000051]},"properties":{"OBJECTID":986,"idx":4502,"POINT_Y":18.790757370000001,"POINT_X":99.019663530000003,"name":null,"kom":0,"kalae":2,"text_lanna":0,"total_detect":2}},{"type":"Feature","id":987,"geometry":{"type":"Point","coordinates":[99.008270150000044,18.79680551000007]},"properties":{"OBJECTID":987,"idx":4505,"POINT_Y":18.796805509999999,"POINT_X":99.008270150000001,"name":"ถนน บำรุงราษฏร์","kom":0,"kalae":1,"text_lanna":0,"total_detect":1}},{"type":"Feature","id":988,"geometry":{"type":"Point","coordinates":[99.008338400000071,18.796122380000043]},"properties":{"OBJECTID":988,"idx":4508,"POINT_Y":18.79612238,"POINT_X":99.0083384,"name":"ถนน บำรุงราษฏร์","kom":0,"kalae":2,"text_lanna":0,"total_detect":2}},{"type":"Feature","id":989,"geometry":{"type":"Point","coordinates":[99.008483540000043,18.794688680000036]},"properties":{"OBJECTID":989,"idx":4511,"POINT_Y":18.79468868,"POINT_X":99.00848354,"name":"ถนน บำรุงราษฏร์","kom":4,"kalae":0,"text_lanna":0,"total_detect":4}},{"type":"Feature","id":990,"geometry":{"type":"Point","coordinates":[99.008577360000061,18.79376276000005]},"properties":{"OBJECTID":990,"idx":4515,"POINT_Y":18.79376276,"POINT_X":99.008577360000004,"name":"ถนน บำรุงราษฏร์","kom":0,"kalae":1,"text_lanna":0,"total_detect":1}},{"type":"Feature","id":991,"geometry":{"type":"Point","coordinates":[99.00867425000007,18.792805230000056]},"properties":{"OBJECTID":991,"idx":4519,"POINT_Y":18.792805229999999,"POINT_X":99.008674249999999,"name":"ถนน บำรุงราษฏร์","kom":0,"kalae":1,"text_lanna":0,"total_detect":1}},{"type":"Feature","id":992,"geometry":{"type":"Point","coordinates":[99.008709860000067,18.792453880000039]},"properties":{"OBJECTID":992,"idx":4520,"POINT_Y":18.79245388,"POINT_X":99.008709859999996,"name":"ถนน บำรุงราษฏร์","kom":0,"kalae":1,"text_lanna":0,"total_detect":1}},{"type":"Feature","id":993,"geometry":{"type":"Point","coordinates":[99.008785110000076,18.790741830000059]},"properties":{"OBJECTID":993,"idx":4527,"POINT_Y":18.790741830000002,"POINT_X":99.008785110000005,"name":"ถนน บำรุงราษฏร์","kom":0,"kalae":1,"text_lanna":0,"total_detect":1}},{"type":"Feature","id":994,"geometry":{"type":"Point","coordinates":[99.008701500000086,18.789177830000028]},"properties":{"OBJECTID":994,"idx":4535,"POINT_Y":18.78917783,"POINT_X":99.008701500000001,"name":"ถนน บำรุงราษฏร์","kom":3,"kalae":0,"text_lanna":0,"total_detect":3}},{"type":"Feature","id":995,"geometry":{"type":"Point","coordinates":[99.008698580000043,18.788285940000037]},"properties":{"OBJECTID":995,"idx":4539,"POINT_Y":18.788285940000002,"POINT_X":99.008698580000001,"name":"ถนน บำรุงราษฏร์","kom":6,"kalae":0,"text_lanna":0,"total_detect":6}},{"type":"Feature","id":996,"geometry":{"type":"Point","coordinates":[99.008713370000066,18.787723160000041]},"properties":{"OBJECTID":996,"idx":4541,"POINT_Y":18.787723159999999,"POINT_X":99.008713369999995,"name":"ถนน บำรุงราษฏร์","kom":0,"kalae":2,"text_lanna":0,"total_detect":2}},{"type":"Feature","id":997,"geometry":{"type":"Point","coordinates":[99.020472950000055,18.767259960000047]},"properties":{"OBJECTID":997,"idx":4551,"POINT_Y":18.767259960000001,"POINT_X":99.020472949999998,"name":null,"kom":2,"kalae":0,"text_lanna":0,"total_detect":2}},{"type":"Feature","id":998,"geometry":{"type":"Point","coordinates":[99.020545200000072,18.767092810000065]},"properties":{"OBJECTID":998,"idx":4552,"POINT_Y":18.767092810000001,"POINT_X":99.020545200000001,"name":null,"kom":0,"kalae":0,"text_lanna":2,"total_detect":2}},{"type":"Feature","id":999,"geometry":{"type":"Point","coordinates":[99.02061744000008,18.766925670000035]},"properties":{"OBJECTID":999,"idx":4553,"POINT_Y":18.766925669999999,"POINT_X":99.020617439999995,"name":null,"kom":0,"kalae":2,"text_lanna":0,"total_detect":2}},{"type":"Feature","id":1000,"geometry":{"type":"Point","coordinates":[99.021170740000059,18.765645230000075]},"properties":{"OBJECTID":1000,"idx":4558,"POINT_Y":18.765645230000001,"POINT_X":99.021170740000002,"name":null,"kom":1,"kalae":0,"text_lanna":0,"total_detect":1}},{"type":"Feature","id":1001,"geometry":{"type":"Point","coordinates":[99.021592690000034,18.764667230000043]},"properties":{"OBJECTID":1001,"idx":4560,"POINT_Y":18.764667230000001,"POINT_X":99.021592690000006,"name":null,"kom":0,"kalae":2,"text_lanna":0,"total_detect":2}},{"type":"Feature","id":1002,"geometry":{"type":"Point","coordinates":[98.976715370000079,18.796685860000025]},"properties":{"OBJECTID":1002,"idx":4595,"POINT_Y":18.79668586,"POINT_X":98.976715369999994,"name":"ถนนห้วยแก้ว","kom":1,"kalae":0,"text_lanna":0,"total_detect":1}},{"type":"Feature","id":1003,"geometry":{"type":"Point","coordinates":[98.980701800000077,18.781654480000043]},"properties":{"OBJECTID":1003,"idx":4606,"POINT_Y":18.78165448,"POINT_X":98.980701800000006,"name":"ถนนบำรุงบุรี","kom":0,"kalae":1,"text_lanna":0,"total_detect":1}},{"type":"Feature","id":1004,"geometry":{"type":"Point","coordinates":[98.990442730000041,18.792791890000046]},"properties":{"OBJECTID":1004,"idx":4613,"POINT_Y":18.79279189,"POINT_X":98.990442729999998,"name":"ถนนมูลเมือง ซอย 7","kom":0,"kalae":2,"text_lanna":0,"total_detect":2}},{"type":"Feature","id":1005,"geometry":{"type":"Point","coordinates":[99.016935730000057,18.801245270000038]},"properties":{"OBJECTID":1005,"idx":4622,"POINT_Y":18.801245269999999,"POINT_X":99.01693573,"name":null,"kom":0,"kalae":2,"text_lanna":0,"total_detect":2}},{"type":"Feature","id":1006,"geometry":{"type":"Point","coordinates":[98.98673959000007,18.783466240000052]},"properties":{"OBJECTID":1006,"idx":4631,"POINT_Y":18.783466239999999,"POINT_X":98.986739589999999,"name":"ถนนพระปกเกล้า ซอย 4ข","kom":2,"kalae":0,"text_lanna":0,"total_detect":2}},{"type":"Feature","id":1007,"geometry":{"type":"Point","coordinates":[98.984862230000033,18.784175340000047]},"properties":{"OBJECTID":1007,"idx":4647,"POINT_Y":18.784175340000001,"POINT_X":98.984862230000005,"name":"ถนนสามล้าน ซอย 7 ก","kom":2,"kalae":0,"text_lanna":0,"total_detect":2}},{"type":"Feature","id":1008,"geometry":{"type":"Point","coordinates":[98.982533970000077,18.781761610000046]},"properties":{"OBJECTID":1008,"idx":4654,"POINT_Y":18.78176161,"POINT_X":98.982533970000006,"name":"ถนนบำรุงบุรี ซอย1","kom":2,"kalae":1,"text_lanna":0,"total_detect":3}},{"type":"Feature","id":1009,"geometry":{"type":"Point","coordinates":[98.982625480000081,18.782011990000058]},"properties":{"OBJECTID":1009,"idx":4655,"POINT_Y":18.782011990000001,"POINT_X":98.982625479999996,"name":"ถนนบำรุงบุรี ซอย1","kom":0,"kalae":5,"text_lanna":0,"total_detect":5}},{"type":"Feature","id":1010,"geometry":{"type":"Point","coordinates":[98.99186018000006,18.785340160000032]},"properties":{"OBJECTID":1010,"idx":4658,"POINT_Y":18.785340160000001,"POINT_X":98.991860180000003,"name":"ถนนราชมรรคา ซอย 2","kom":0,"kalae":1,"text_lanna":0,"total_detect":1}},{"type":"Feature","id":1011,"geometry":{"type":"Point","coordinates":[98.990272970000035,18.782780090000074]},"properties":{"OBJECTID":1011,"idx":4663,"POINT_Y":18.782780089999999,"POINT_X":98.990272970000007,"name":"ถนนมิตรปราณี","kom":0,"kalae":0,"text_lanna":1,"total_detect":1}},{"type":"Feature","id":1012,"geometry":{"type":"Point","coordinates":[98.990665160000049,18.782651930000043]},"properties":{"OBJECTID":1012,"idx":4665,"POINT_Y":18.78265193,"POINT_X":98.990665160000006,"name":"ถนนมิตรปราณี","kom":0,"kalae":1,"text_lanna":0,"total_detect":1}},{"type":"Feature","id":1013,"geometry":{"type":"Point","coordinates":[98.988897830000042,18.784378940000067]},"properties":{"OBJECTID":1013,"idx":4668,"POINT_Y":18.78437894,"POINT_X":98.988897829999999,"name":"ถนนพระปกเกล้า ซอย 6","kom":0,"kalae":1,"text_lanna":0,"total_detect":1}},{"type":"Feature","id":1014,"geometry":{"type":"Point","coordinates":[98.989167420000058,18.784398460000034]},"properties":{"OBJECTID":1014,"idx":4669,"POINT_Y":18.784398459999998,"POINT_X":98.989167420000001,"name":"ถนนพระปกเกล้า ซอย 6","kom":16,"kalae":0,"text_lanna":0,"total_detect":16}},{"type":"Feature","id":1015,"geometry":{"type":"Point","coordinates":[98.990319000000056,18.78447914000003]},"properties":{"OBJECTID":1015,"idx":4674,"POINT_Y":18.784479139999998,"POINT_X":98.990319,"name":"ถนนพระปกเกล้า ซอย 6","kom":0,"kalae":0,"text_lanna":1,"total_detect":1}},{"type":"Feature","id":1016,"geometry":{"type":"Point","coordinates":[98.984849460000078,18.793743050000046]},"properties":{"OBJECTID":1016,"idx":4685,"POINT_Y":18.79374305,"POINT_X":98.984849460000007,"name":"ถนนสิงหราช ซอย 4","kom":8,"kalae":0,"text_lanna":0,"total_detect":8}},{"type":"Feature","id":1017,"geometry":{"type":"Point","coordinates":[98.983697880000079,18.793951010000058]},"properties":{"OBJECTID":1017,"idx":4690,"POINT_Y":18.793951010000001,"POINT_X":98.983697879999994,"name":"ถนนสิงหราช ซอย 4","kom":0,"kalae":0,"text_lanna":2,"total_detect":2}},{"type":"Feature","id":1018,"geometry":{"type":"Point","coordinates":[98.983502770000086,18.793977570000038]},"properties":{"OBJECTID":1018,"idx":4691,"POINT_Y":18.793977569999999,"POINT_X":98.983502770000001,"name":"ถนนสิงหราช ซอย 4","kom":0,"kalae":0,"text_lanna":2,"total_detect":2}},{"type":"Feature","id":1019,"geometry":{"type":"Point","coordinates":[98.98225307000007,18.793818790000046]},"properties":{"OBJECTID":1019,"idx":4696,"POINT_Y":18.79381879,"POINT_X":98.982253069999999,"name":"ถนนสิงหราช ซอย 4","kom":0,"kalae":0,"text_lanna":1,"total_detect":1}},{"type":"Feature","id":1020,"geometry":{"type":"Point","coordinates":[98.988034880000043,18.789736740000023]},"properties":{"OBJECTID":1020,"idx":4698,"POINT_Y":18.789736739999999,"POINT_X":98.988034880000001,"name":"ถนนพระปกเกล้า ซอย 12","kom":8,"kalae":0,"text_lanna":0,"total_detect":8}},{"type":"Feature","id":1021,"geometry":{"type":"Point","coordinates":[98.988224260000038,18.789724880000051]},"properties":{"OBJECTID":1021,"idx":4699,"POINT_Y":18.789724880000001,"POINT_X":98.988224259999996,"name":"ถนนพระปกเกล้า ซอย 12","kom":0,"kalae":1,"text_lanna":0,"total_detect":1}},{"type":"Feature","id":1022,"geometry":{"type":"Point","coordinates":[98.99003035000004,18.789232850000076]},"properties":{"OBJECTID":1022,"idx":4706,"POINT_Y":18.789232850000001,"POINT_X":98.990030349999998,"name":"ถนนพระปกเกล้า ซอย 12","kom":0,"kalae":2,"text_lanna":0,"total_detect":2}},{"type":"Feature","id":1023,"geometry":{"type":"Point","coordinates":[98.989945080000041,18.787116180000055]},"properties":{"OBJECTID":1023,"idx":4708,"POINT_Y":18.787116180000002,"POINT_X":98.989945079999998,"name":"ถนนพระปกเกล้า ซอย 9","kom":0,"kalae":1,"text_lanna":0,"total_detect":1}},{"type":"Feature","id":1024,"geometry":{"type":"Point","coordinates":[98.988508990000071,18.787576880000074]},"properties":{"OBJECTID":1024,"idx":4712,"POINT_Y":18.78757688,"POINT_X":98.98850899,"name":"ถนนพระปกเกล้า ซอย 9","kom":2,"kalae":0,"text_lanna":0,"total_detect":2}},{"type":"Feature","id":1025,"geometry":{"type":"Point","coordinates":[98.983552770000074,18.787082090000069]},"properties":{"OBJECTID":1025,"idx":4725,"POINT_Y":18.787082089999998,"POINT_X":98.983552770000003,"name":null,"kom":2,"kalae":0,"text_lanna":0,"total_detect":2}},{"type":"Feature","id":1026,"geometry":{"type":"Point","coordinates":[98.99172733000006,18.783762890000048]},"properties":{"OBJECTID":1026,"idx":4732,"POINT_Y":18.783762889999998,"POINT_X":98.991727330000003,"name":null,"kom":0,"kalae":12,"text_lanna":0,"total_detect":12}},{"type":"Feature","id":1027,"geometry":{"type":"Point","coordinates":[98.963688730000058,18.794901050000078]},"properties":{"OBJECTID":1027,"idx":4741,"POINT_Y":18.79490105,"POINT_X":98.963688730000001,"name":"ถนน ๒ เชียงราย","kom":0,"kalae":0,"text_lanna":2,"total_detect":2}},{"type":"Feature","id":1028,"geometry":{"type":"Point","coordinates":[98.964043840000045,18.794829100000072]},"properties":{"OBJECTID":1028,"idx":4742,"POINT_Y":18.794829100000001,"POINT_X":98.964043840000002,"name":"ถนน ๒ เชียงราย","kom":0,"kalae":1,"text_lanna":0,"total_detect":1}},{"type":"Feature","id":1029,"geometry":{"type":"Point","coordinates":[99.000933420000081,18.793915840000068]},"properties":{"OBJECTID":1029,"idx":4750,"POINT_Y":18.79391584,"POINT_X":99.000933419999996,"name":"ถนนแก้วนวรัฐ","kom":0,"kalae":0,"text_lanna":2,"total_detect":2}},{"type":"Feature","id":1030,"geometry":{"type":"Point","coordinates":[98.999965250000059,18.793393020000053]},"properties":{"OBJECTID":1030,"idx":4758,"POINT_Y":18.79339302,"POINT_X":98.999965250000002,"name":"สะพานนครพิงค์","kom":0,"kalae":0,"text_lanna":2,"total_detect":2}},{"type":"Feature","id":1031,"geometry":{"type":"Point","coordinates":[99.000458380000055,18.793664100000058]},"properties":{"OBJECTID":1031,"idx":4761,"POINT_Y":18.793664100000001,"POINT_X":99.000458379999998,"name":"สะพานนครพิงค์","kom":1,"kalae":1,"text_lanna":0,"total_detect":2}},{"type":"Feature","id":1032,"geometry":{"type":"Point","coordinates":[99.016361320000044,18.759873920000075]},"properties":{"OBJECTID":1032,"idx":4766,"POINT_Y":18.75987392,"POINT_X":99.016361320000001,"name":"ถนนมหิดล","kom":1,"kalae":0,"text_lanna":0,"total_detect":1}},{"type":"Feature","id":1033,"geometry":{"type":"Point","coordinates":[99.019686910000075,18.761097180000036]},"properties":{"OBJECTID":1033,"idx":4774,"POINT_Y":18.76109718,"POINT_X":99.019686910000004,"name":"ถนนมหิดล","kom":7,"kalae":0,"text_lanna":0,"total_detect":7}},{"type":"Feature","id":1034,"geometry":{"type":"Point","coordinates":[99.01950977000007,18.761032360000058]},"properties":{"OBJECTID":1034,"idx":4775,"POINT_Y":18.761032360000002,"POINT_X":99.019509769999999,"name":"ถนนมหิดล","kom":0,"kalae":2,"text_lanna":0,"total_detect":2}},{"type":"Feature","id":1035,"geometry":{"type":"Point","coordinates":[99.019726870000056,18.761202260000061]},"properties":{"OBJECTID":1035,"idx":4781,"POINT_Y":18.761202260000001,"POINT_X":99.01972687,"name":"ถนนมหิดล","kom":0,"kalae":4,"text_lanna":0,"total_detect":4}},{"type":"Feature","id":1036,"geometry":{"type":"Point","coordinates":[99.024063320000039,18.762788160000071]},"properties":{"OBJECTID":1036,"idx":4793,"POINT_Y":18.762788159999999,"POINT_X":99.024063319999996,"name":"ถนนมหิดล","kom":2,"kalae":0,"text_lanna":0,"total_detect":2}},{"type":"Feature","id":1037,"geometry":{"type":"Point","coordinates":[99.024716000000069,18.763027200000067]},"properties":{"OBJECTID":1037,"idx":4796,"POINT_Y":18.7630272,"POINT_X":99.024715999999998,"name":"ถนนมหิดล","kom":0,"kalae":1,"text_lanna":0,"total_detect":1}},{"type":"Feature","id":1038,"geometry":{"type":"Point","coordinates":[99.02489311000005,18.763092100000051]},"properties":{"OBJECTID":1038,"idx":4797,"POINT_Y":18.763092100000001,"POINT_X":99.024893109999994,"name":"ถนนมหิดล","kom":0,"kalae":1,"text_lanna":0,"total_detect":1}},{"type":"Feature","id":1039,"geometry":{"type":"Point","coordinates":[99.025610540000059,18.763354820000075]},"properties":{"OBJECTID":1039,"idx":4800,"POINT_Y":18.76335482,"POINT_X":99.025610540000002,"name":"ถนนมหิดล","kom":0,"kalae":1,"text_lanna":0,"total_detect":1}},{"type":"Feature","id":1040,"geometry":{"type":"Point","coordinates":[98.987252620000049,18.780663530000027]},"properties":{"OBJECTID":1040,"idx":4805,"POINT_Y":18.780663530000002,"POINT_X":98.987252620000007,"name":"ถนนวัวลาย","kom":0,"kalae":1,"text_lanna":0,"total_detect":1}},{"type":"Feature","id":1041,"geometry":{"type":"Point","coordinates":[98.98619382000004,18.780071830000054]},"properties":{"OBJECTID":1041,"idx":4808,"POINT_Y":18.780071830000001,"POINT_X":98.986193819999997,"name":"ถนนวัวลาย","kom":4,"kalae":0,"text_lanna":0,"total_detect":4}},{"type":"Feature","id":1042,"geometry":{"type":"Point","coordinates":[98.984755730000074,18.778755210000043]},"properties":{"OBJECTID":1042,"idx":4814,"POINT_Y":18.77875521,"POINT_X":98.984755730000003,"name":"ถนนวัวลาย","kom":0,"kalae":0,"text_lanna":1,"total_detect":1}},{"type":"Feature","id":1043,"geometry":{"type":"Point","coordinates":[99.002377600000045,18.766263000000038]},"properties":{"OBJECTID":1043,"idx":4826,"POINT_Y":18.766262999999999,"POINT_X":99.002377600000003,"name":"ถนนเจริญประเทศ","kom":0,"kalae":0,"text_lanna":1,"total_detect":1}},{"type":"Feature","id":1044,"geometry":{"type":"Point","coordinates":[99.002050310000072,18.766706690000035]},"properties":{"OBJECTID":1044,"idx":4829,"POINT_Y":18.766706689999999,"POINT_X":99.002050310000001,"name":"ถนนเจริญประเทศ","kom":1,"kalae":0,"text_lanna":0,"total_detect":1}},{"type":"Feature","id":1045,"geometry":{"type":"Point","coordinates":[99.001662810000084,18.767256240000052]},"properties":{"OBJECTID":1045,"idx":4831,"POINT_Y":18.767256239999998,"POINT_X":99.001662809999999,"name":"ถนนเจริญประเทศ","kom":0,"kalae":0,"text_lanna":1,"total_detect":1}},{"type":"Feature","id":1046,"geometry":{"type":"Point","coordinates":[99.001457210000069,18.767560120000041]},"properties":{"OBJECTID":1046,"idx":4833,"POINT_Y":18.767560119999999,"POINT_X":99.001457209999998,"name":"ถนนเจริญประเทศ","kom":3,"kalae":0,"text_lanna":0,"total_detect":3}},{"type":"Feature","id":1047,"geometry":{"type":"Point","coordinates":[99.001148830000034,18.768015940000055]},"properties":{"OBJECTID":1047,"idx":4836,"POINT_Y":18.768015940000002,"POINT_X":99.001148830000005,"name":"ถนนเจริญประเทศ","kom":0,"kalae":0,"text_lanna":1,"total_detect":1}},{"type":"Feature","id":1048,"geometry":{"type":"Point","coordinates":[99.000923810000074,18.768479640000066]},"properties":{"OBJECTID":1048,"idx":4838,"POINT_Y":18.768479639999999,"POINT_X":99.000923810000003,"name":"ถนนเจริญประเทศ","kom":8,"kalae":1,"text_lanna":0,"total_detect":9}},{"type":"Feature","id":1049,"geometry":{"type":"Point","coordinates":[98.999847180000074,18.771378920000075]},"properties":{"OBJECTID":1049,"idx":4850,"POINT_Y":18.77137892,"POINT_X":98.999847180000003,"name":"ถนนเจริญประเทศ","kom":0,"kalae":0,"text_lanna":1,"total_detect":1}},{"type":"Feature","id":1050,"geometry":{"type":"Point","coordinates":[98.979829590000065,18.768307540000023]},"properties":{"OBJECTID":1050,"idx":4865,"POINT_Y":18.768307539999999,"POINT_X":98.979829589999994,"name":"ถนนมหิดล","kom":2,"kalae":0,"text_lanna":0,"total_detect":2}},{"type":"Feature","id":1051,"geometry":{"type":"Point","coordinates":[98.980986620000067,18.768063120000022]},"properties":{"OBJECTID":1051,"idx":4868,"POINT_Y":18.768063120000001,"POINT_X":98.980986619999996,"name":"ถนนมหิดล","kom":0,"kalae":1,"text_lanna":0,"total_detect":1}},{"type":"Feature","id":1052,"geometry":{"type":"Point","coordinates":[98.999151100000063,18.794383140000036]},"properties":{"OBJECTID":1052,"idx":4875,"POINT_Y":18.794383140000001,"POINT_X":98.999151100000006,"name":"ถนนวิชยานนท์","kom":0,"kalae":2,"text_lanna":0,"total_detect":2}},{"type":"Feature","id":1053,"geometry":{"type":"Point","coordinates":[99.011071350000066,18.773426900000061]},"properties":{"OBJECTID":1053,"idx":4877,"POINT_Y":18.7734269,"POINT_X":99.011071349999995,"name":null,"kom":1,"kalae":0,"text_lanna":0,"total_detect":1}},{"type":"Feature","id":1054,"geometry":{"type":"Point","coordinates":[98.959171320000053,18.800432160000071]},"properties":{"OBJECTID":1054,"idx":4881,"POINT_Y":18.80043216,"POINT_X":98.959171319999996,"name":"ถนนห้วยแก้ว ซอย3","kom":0,"kalae":1,"text_lanna":0,"total_detect":1}},{"type":"Feature","id":1055,"geometry":{"type":"Point","coordinates":[98.972691810000072,18.784489710000059]},"properties":{"OBJECTID":1055,"idx":4897,"POINT_Y":18.784489709999999,"POINT_X":98.972691810000001,"name":null,"kom":0,"kalae":1,"text_lanna":0,"total_detect":1}},{"type":"Feature","id":1056,"geometry":{"type":"Point","coordinates":[98.972616350000067,18.78377026000004]},"properties":{"OBJECTID":1056,"idx":4901,"POINT_Y":18.783770260000001,"POINT_X":98.972616349999996,"name":null,"kom":0,"kalae":2,"text_lanna":0,"total_detect":2}},{"type":"Feature","id":1057,"geometry":{"type":"Point","coordinates":[98.990162950000069,18.775364970000055]},"properties":{"OBJECTID":1057,"idx":4913,"POINT_Y":18.775364969999998,"POINT_X":98.990162949999998,"name":null,"kom":0,"kalae":1,"text_lanna":0,"total_detect":1}},{"type":"Feature","id":1058,"geometry":{"type":"Point","coordinates":[99.005395700000065,18.768979130000048]},"properties":{"OBJECTID":1058,"idx":4919,"POINT_Y":18.768979130000002,"POINT_X":99.005395699999994,"name":"ถนนเชียงใหม่-ลำพูน ซอย 7","kom":0,"kalae":1,"text_lanna":0,"total_detect":1}},{"type":"Feature","id":1059,"geometry":{"type":"Point","coordinates":[99.004464440000049,18.769262860000026]},"properties":{"OBJECTID":1059,"idx":4922,"POINT_Y":18.769262860000001,"POINT_X":99.004464440000007,"name":"ถนนเชียงใหม่-ลำพูน ซอย 7","kom":0,"kalae":1,"text_lanna":0,"total_detect":1}},{"type":"Feature","id":1060,"geometry":{"type":"Point","coordinates":[99.003476490000082,18.769218950000038]},"properties":{"OBJECTID":1060,"idx":4926,"POINT_Y":18.769218949999999,"POINT_X":99.003476489999997,"name":"ถนนเชียงใหม่-ลำพูน ซอย 7","kom":0,"kalae":2,"text_lanna":0,"total_detect":2}},{"type":"Feature","id":1061,"geometry":{"type":"Point","coordinates":[99.003720280000039,18.769089920000056]},"properties":{"OBJECTID":1061,"idx":4930,"POINT_Y":18.769089919999999,"POINT_X":99.003720279999996,"name":"ถนนลำพูน ซอย 7","kom":4,"kalae":0,"text_lanna":0,"total_detect":4}},{"type":"Feature","id":1062,"geometry":{"type":"Point","coordinates":[99.00419805000007,18.767800090000037]},"properties":{"OBJECTID":1062,"idx":4937,"POINT_Y":18.767800090000001,"POINT_X":99.004198049999999,"name":"ถนนลำพูน ซอย 7","kom":2,"kalae":0,"text_lanna":0,"total_detect":2}},{"type":"Feature","id":1063,"geometry":{"type":"Point","coordinates":[99.008279660000085,18.766497250000043]},"properties":{"OBJECTID":1063,"idx":4942,"POINT_Y":18.76649725,"POINT_X":99.008279659999999,"name":"ถนนลำพูน ซอย9","kom":0,"kalae":2,"text_lanna":1,"total_detect":3}},{"type":"Feature","id":1064,"geometry":{"type":"Point","coordinates":[99.007018250000044,18.766699030000041]},"properties":{"OBJECTID":1064,"idx":4948,"POINT_Y":18.766699030000002,"POINT_X":99.007018250000002,"name":"ถนนลำพูน ซอย9","kom":8,"kalae":0,"text_lanna":0,"total_detect":8}},{"type":"Feature","id":1065,"geometry":{"type":"Point","coordinates":[98.999972920000062,18.768998540000041]},"properties":{"OBJECTID":1065,"idx":4958,"POINT_Y":18.768998539999998,"POINT_X":98.999972920000005,"name":"ถนนเจริญประเทศ ซอย 13","kom":1,"kalae":0,"text_lanna":0,"total_detect":1}},{"type":"Feature","id":1066,"geometry":{"type":"Point","coordinates":[99.002201170000035,18.77403503000005]},"properties":{"OBJECTID":1066,"idx":4963,"POINT_Y":18.77403503,"POINT_X":99.002201170000006,"name":"ถนนเจริญประเทศ 12 ก","kom":1,"kalae":1,"text_lanna":0,"total_detect":2}},{"type":"Feature","id":1067,"geometry":{"type":"Point","coordinates":[99.004972150000071,18.777720480000028]},"properties":{"OBJECTID":1067,"idx":4976,"POINT_Y":18.777720479999999,"POINT_X":99.00497215,"name":"ถนนเจริญประเทศ ซอย10","kom":1,"kalae":0,"text_lanna":0,"total_detect":1}},{"type":"Feature","id":1068,"geometry":{"type":"Point","coordinates":[99.025148520000073,18.780320680000045]},"properties":{"OBJECTID":1068,"idx":4986,"POINT_Y":18.780320679999999,"POINT_X":99.025148520000002,"name":"ถนนอนุวิถี","kom":1,"kalae":0,"text_lanna":0,"total_detect":1}},{"type":"Feature","id":1069,"geometry":{"type":"Point","coordinates":[98.978033680000067,18.771720060000064]},"properties":{"OBJECTID":1069,"idx":4996,"POINT_Y":18.77172006,"POINT_X":98.978033679999996,"name":null,"kom":1,"kalae":2,"text_lanna":0,"total_detect":3}},{"type":"Feature","id":1070,"geometry":{"type":"Point","coordinates":[99.018041120000078,18.794045480000023]},"properties":{"OBJECTID":1070,"idx":4997,"POINT_Y":18.794045480000001,"POINT_X":99.018041120000007,"name":"ถนนทุ่งโฮเต็ล ซอย 1","kom":0,"kalae":1,"text_lanna":1,"total_detect":2}},{"type":"Feature","id":1071,"geometry":{"type":"Point","coordinates":[99.018396370000062,18.794172850000052]},"properties":{"OBJECTID":1071,"idx":4999,"POINT_Y":18.794172849999999,"POINT_X":99.018396370000005,"name":"ถนนทุ่งโฮเต็ล ซอย 1","kom":1,"kalae":0,"text_lanna":0,"total_detect":1}},{"type":"Feature","id":1072,"geometry":{"type":"Point","coordinates":[99.018929240000034,18.794363890000056]},"properties":{"OBJECTID":1072,"idx":5002,"POINT_Y":18.79436389,"POINT_X":99.018929240000006,"name":"ถนนทุ่งโฮเต็ล ซอย 1","kom":0,"kalae":0,"text_lanna":1,"total_detect":1}},{"type":"Feature","id":1073,"geometry":{"type":"Point","coordinates":[99.019375040000057,18.79457756000005]},"properties":{"OBJECTID":1073,"idx":5003,"POINT_Y":18.79457756,"POINT_X":99.01937504,"name":"ถนนทุ่งโฮเต็ล ซอย 1","kom":3,"kalae":0,"text_lanna":0,"total_detect":3}},{"type":"Feature","id":1074,"geometry":{"type":"Point","coordinates":[99.01954008000007,18.794666810000024]},"properties":{"OBJECTID":1074,"idx":5004,"POINT_Y":18.794666809999999,"POINT_X":99.019540079999999,"name":"ถนนทุ่งโฮเต็ล ซอย 1","kom":0,"kalae":1,"text_lanna":0,"total_detect":1}},{"type":"Feature","id":1075,"geometry":{"type":"Point","coordinates":[98.97055572000005,18.797338840000066]},"properties":{"OBJECTID":1075,"idx":5023,"POINT_Y":18.797338839999998,"POINT_X":98.970555719999993,"name":"ถนนนิมมานเหมินท์ ซอย 9","kom":0,"kalae":2,"text_lanna":0,"total_detect":2}},{"type":"Feature","id":1076,"geometry":{"type":"Point","coordinates":[98.98234036000008,18.811604790000047]},"properties":{"OBJECTID":1076,"idx":5034,"POINT_Y":18.811604790000001,"POINT_X":98.982340359999995,"name":"ถนนซุปเปอร์ไฮเวย์","kom":0,"kalae":3,"text_lanna":0,"total_detect":3}},{"type":"Feature","id":1077,"geometry":{"type":"Point","coordinates":[99.00203152000006,18.784822850000069]},"properties":{"OBJECTID":1077,"idx":5068,"POINT_Y":18.784822850000001,"POINT_X":99.002031520000003,"name":"ถนนเจริญประเทศ ซอย 6","kom":1,"kalae":0,"text_lanna":0,"total_detect":1}},{"type":"Feature","id":1078,"geometry":{"type":"Point","coordinates":[99.025932350000062,18.785624100000064]},"properties":{"OBJECTID":1078,"idx":5083,"POINT_Y":18.7856241,"POINT_X":99.025932350000005,"name":"ซอย จินดาวงศ์","kom":1,"kalae":0,"text_lanna":0,"total_detect":1}},{"type":"Feature","id":1079,"geometry":{"type":"Point","coordinates":[98.980959460000065,18.822916130000067]},"properties":{"OBJECTID":1079,"idx":5096,"POINT_Y":18.822916129999999,"POINT_X":98.980959459999994,"name":"ถนนโชตนา ซอย12","kom":0,"kalae":2,"text_lanna":0,"total_detect":2}},{"type":"Feature","id":1080,"geometry":{"type":"Point","coordinates":[98.98133099000006,18.822990490000052]},"properties":{"OBJECTID":1080,"idx":5098,"POINT_Y":18.822990489999999,"POINT_X":98.981330990000004,"name":"ถนนโชตนา ซอย12","kom":0,"kalae":0,"text_lanna":1,"total_detect":1}},{"type":"Feature","id":1081,"geometry":{"type":"Point","coordinates":[98.981516750000083,18.823027670000045]},"properties":{"OBJECTID":1081,"idx":5099,"POINT_Y":18.823027669999998,"POINT_X":98.981516749999997,"name":"ถนนโชตนา ซอย12","kom":0,"kalae":2,"text_lanna":0,"total_detect":2}},{"type":"Feature","id":1082,"geometry":{"type":"Point","coordinates":[98.981702520000056,18.823064850000037]},"properties":{"OBJECTID":1082,"idx":5100,"POINT_Y":18.823064850000002,"POINT_X":98.981702519999999,"name":"ถนนโชตนา ซอย12","kom":2,"kalae":0,"text_lanna":0,"total_detect":2}},{"type":"Feature","id":1083,"geometry":{"type":"Point","coordinates":[98.982311210000034,18.823168920000057]},"properties":{"OBJECTID":1083,"idx":5102,"POINT_Y":18.823168920000001,"POINT_X":98.982311210000006,"name":"ถนนโชตนา ซอย12","kom":1,"kalae":0,"text_lanna":0,"total_detect":1}},{"type":"Feature","id":1084,"geometry":{"type":"Point","coordinates":[98.973047540000039,18.802884430000063]},"properties":{"OBJECTID":1084,"idx":5121,"POINT_Y":18.802884429999999,"POINT_X":98.973047539999996,"name":null,"kom":5,"kalae":0,"text_lanna":0,"total_detect":5}},{"type":"Feature","id":1085,"geometry":{"type":"Point","coordinates":[98.973131920000071,18.803111990000048]},"properties":{"OBJECTID":1085,"idx":5122,"POINT_Y":18.803111990000001,"POINT_X":98.97313192,"name":null,"kom":0,"kalae":1,"text_lanna":0,"total_detect":1}},{"type":"Feature","id":1086,"geometry":{"type":"Point","coordinates":[98.972472380000056,18.805083590000038]},"properties":{"OBJECTID":1086,"idx":5130,"POINT_Y":18.805083589999999,"POINT_X":98.972472379999999,"name":null,"kom":1,"kalae":0,"text_lanna":0,"total_detect":1}},{"type":"Feature","id":1087,"geometry":{"type":"Point","coordinates":[98.972506020000083,18.805261490000078]},"properties":{"OBJECTID":1087,"idx":5131,"POINT_Y":18.805261489999999,"POINT_X":98.972506019999997,"name":null,"kom":1,"kalae":0,"text_lanna":0,"total_detect":1}},{"type":"Feature","id":1088,"geometry":{"type":"Point","coordinates":[99.006453760000056,18.794535960000076]},"properties":{"OBJECTID":1088,"idx":5150,"POINT_Y":18.794535960000001,"POINT_X":99.006453759999999,"name":null,"kom":0,"kalae":1,"text_lanna":0,"total_detect":1}},{"type":"Feature","id":1089,"geometry":{"type":"Point","coordinates":[99.005260720000081,18.789637370000037]},"properties":{"OBJECTID":1089,"idx":5161,"POINT_Y":18.789637370000001,"POINT_X":99.005260719999995,"name":"ถนนเจริญเมือง ซอย 1","kom":0,"kalae":0,"text_lanna":1,"total_detect":1}},{"type":"Feature","id":1090,"geometry":{"type":"Point","coordinates":[99.005816320000065,18.788823960000059]},"properties":{"OBJECTID":1090,"idx":5164,"POINT_Y":18.788823959999998,"POINT_X":99.005816319999994,"name":"ถนนเจริญเมือง ซอย 1","kom":0,"kalae":0,"text_lanna":1,"total_detect":1}},{"type":"Feature","id":1091,"geometry":{"type":"Point","coordinates":[99.004692370000043,18.793860230000064]},"properties":{"OBJECTID":1091,"idx":5217,"POINT_Y":18.79386023,"POINT_X":99.004692370000001,"name":"ถนนแก้วนวรัฐ ซอย2","kom":1,"kalae":0,"text_lanna":0,"total_detect":1}},{"type":"Feature","id":1092,"geometry":{"type":"Point","coordinates":[99.005882890000066,18.79248817000007]},"properties":{"OBJECTID":1092,"idx":5237,"POINT_Y":18.792488169999999,"POINT_X":99.005882889999995,"name":"ถนนแก้วนวรัฐ ซอย3","kom":0,"kalae":0,"text_lanna":1,"total_detect":1}},{"type":"Feature","id":1093,"geometry":{"type":"Point","coordinates":[99.004169990000037,18.794167370000025]},"properties":{"OBJECTID":1093,"idx":5240,"POINT_Y":18.79416737,"POINT_X":99.004169989999994,"name":"ถนนแก้วนวรัฐ ซอย 2/1","kom":0,"kalae":1,"text_lanna":0,"total_detect":1}},{"type":"Feature","id":1094,"geometry":{"type":"Point","coordinates":[99.004960990000086,18.790724180000041]},"properties":{"OBJECTID":1094,"idx":5244,"POINT_Y":18.790724180000002,"POINT_X":99.004960990000001,"name":"บำรุงราษฏร์ ซอย 2","kom":0,"kalae":1,"text_lanna":0,"total_detect":1}},{"type":"Feature","id":1095,"geometry":{"type":"Point","coordinates":[99.006231040000046,18.790942720000032]},"properties":{"OBJECTID":1095,"idx":5249,"POINT_Y":18.79094272,"POINT_X":99.006231040000003,"name":"บำรุงราษฏร์ ซอย 2","kom":0,"kalae":2,"text_lanna":0,"total_detect":2}},{"type":"Feature","id":1096,"geometry":{"type":"Point","coordinates":[99.006420370000058,18.790930240000023]},"properties":{"OBJECTID":1096,"idx":5250,"POINT_Y":18.790930240000002,"POINT_X":99.006420370000001,"name":"บำรุงราษฏร์ ซอย 2","kom":0,"kalae":1,"text_lanna":0,"total_detect":1}},{"type":"Feature","id":1097,"geometry":{"type":"Point","coordinates":[99.014756440000042,18.787305340000046]},"properties":{"OBJECTID":1097,"idx":5278,"POINT_Y":18.78730534,"POINT_X":99.014756439999999,"name":null,"kom":1,"kalae":0,"text_lanna":0,"total_detect":1}},{"type":"Feature","id":1098,"geometry":{"type":"Point","coordinates":[99.014803950000044,18.788229350000051]},"properties":{"OBJECTID":1098,"idx":5282,"POINT_Y":18.788229350000002,"POINT_X":99.014803950000001,"name":null,"kom":0,"kalae":1,"text_lanna":0,"total_detect":1}},{"type":"Feature","id":1099,"geometry":{"type":"Point","coordinates":[99.011741090000044,18.791271700000038]},"properties":{"OBJECTID":1099,"idx":5290,"POINT_Y":18.791271699999999,"POINT_X":99.011741090000001,"name":null,"kom":0,"kalae":1,"text_lanna":0,"total_detect":1}},{"type":"Feature","id":1100,"geometry":{"type":"Point","coordinates":[99.012261030000047,18.79044145000006]},"properties":{"OBJECTID":1100,"idx":5308,"POINT_Y":18.790441449999999,"POINT_X":99.012261030000005,"name":null,"kom":3,"kalae":0,"text_lanna":0,"total_detect":3}},{"type":"Feature","id":1101,"geometry":{"type":"Point","coordinates":[99.012258030000055,18.790178250000054]},"properties":{"OBJECTID":1101,"idx":5309,"POINT_Y":18.79017825,"POINT_X":99.012258029999998,"name":null,"kom":0,"kalae":1,"text_lanna":0,"total_detect":1}},{"type":"Feature","id":1102,"geometry":{"type":"Point","coordinates":[99.013555560000043,18.790665190000027]},"properties":{"OBJECTID":1102,"idx":5312,"POINT_Y":18.790665189999999,"POINT_X":99.01355556,"name":null,"kom":0,"kalae":1,"text_lanna":0,"total_detect":1}},{"type":"Feature","id":1103,"geometry":{"type":"Point","coordinates":[99.010019960000079,18.791706020000049]},"properties":{"OBJECTID":1103,"idx":5320,"POINT_Y":18.791706019999999,"POINT_X":99.010019959999994,"name":null,"kom":0,"kalae":0,"text_lanna":1,"total_detect":1}},{"type":"Feature","id":1104,"geometry":{"type":"Point","coordinates":[99.012766730000067,18.787420100000077]},"properties":{"OBJECTID":1104,"idx":5331,"POINT_Y":18.787420099999999,"POINT_X":99.012766729999996,"name":"ถนนเทวีอุทิศ","kom":0,"kalae":1,"text_lanna":0,"total_detect":1}},{"type":"Feature","id":1105,"geometry":{"type":"Point","coordinates":[99.012733700000069,18.787598100000025]},"properties":{"OBJECTID":1105,"idx":5332,"POINT_Y":18.7875981,"POINT_X":99.012733699999998,"name":"ถนนเทวีอุทิศ","kom":0,"kalae":1,"text_lanna":0,"total_detect":1}},{"type":"Feature","id":1106,"geometry":{"type":"Point","coordinates":[99.01259366000005,18.788537090000034]},"properties":{"OBJECTID":1106,"idx":5336,"POINT_Y":18.788537089999998,"POINT_X":99.012593659999993,"name":"ถนนเทวีอุทิศ","kom":0,"kalae":0,"text_lanna":1,"total_detect":1}},{"type":"Feature","id":1107,"geometry":{"type":"Point","coordinates":[99.013420150000059,18.789727740000046]},"properties":{"OBJECTID":1107,"idx":5356,"POINT_Y":18.78972774,"POINT_X":99.013420150000002,"name":"ถนน มนตรี","kom":2,"kalae":0,"text_lanna":1,"total_detect":3}},{"type":"Feature","id":1108,"geometry":{"type":"Point","coordinates":[99.013477460000047,18.789153890000023]},"properties":{"OBJECTID":1108,"idx":5358,"POINT_Y":18.789153890000001,"POINT_X":99.013477460000004,"name":"ถนน มนตรี","kom":0,"kalae":2,"text_lanna":0,"total_detect":2}},{"type":"Feature","id":1109,"geometry":{"type":"Point","coordinates":[99.013525370000082,18.788795260000029]},"properties":{"OBJECTID":1109,"idx":5360,"POINT_Y":18.788795260000001,"POINT_X":99.013525369999996,"name":"ถนน มนตรี","kom":0,"kalae":0,"text_lanna":1,"total_detect":1}},{"type":"Feature","id":1110,"geometry":{"type":"Point","coordinates":[98.989973260000056,18.767242410000051]},"properties":{"OBJECTID":1110,"idx":5390,"POINT_Y":18.767242410000001,"POINT_X":98.989973259999999,"name":"ซอยทวีคูณ","kom":2,"kalae":0,"text_lanna":0,"total_detect":2}},{"type":"Feature","id":1111,"geometry":{"type":"Point","coordinates":[98.981879990000039,18.815760860000069]},"properties":{"OBJECTID":1111,"idx":5431,"POINT_Y":18.815760860000001,"POINT_X":98.981879989999996,"name":null,"kom":0,"kalae":1,"text_lanna":0,"total_detect":1}},{"type":"Feature","id":1112,"geometry":{"type":"Point","coordinates":[98.980338570000072,18.816483620000042]},"properties":{"OBJECTID":1112,"idx":5436,"POINT_Y":18.81648362,"POINT_X":98.980338570000001,"name":null,"kom":0,"kalae":1,"text_lanna":0,"total_detect":1}},{"type":"Feature","id":1113,"geometry":{"type":"Point","coordinates":[98.98149047000004,18.81604346000006]},"properties":{"OBJECTID":1113,"idx":5439,"POINT_Y":18.816043459999999,"POINT_X":98.981490469999997,"name":null,"kom":0,"kalae":0,"text_lanna":2,"total_detect":2}},{"type":"Feature","id":1114,"geometry":{"type":"Point","coordinates":[98.980947620000052,18.802200130000074]},"properties":{"OBJECTID":1114,"idx":5445,"POINT_Y":18.802200129999999,"POINT_X":98.980947619999995,"name":"ถนน หัสดิเสวี","kom":0,"kalae":1,"text_lanna":0,"total_detect":1}},{"type":"Feature","id":1115,"geometry":{"type":"Point","coordinates":[98.966139670000075,18.800346540000078]},"properties":{"OBJECTID":1115,"idx":5483,"POINT_Y":18.80034654,"POINT_X":98.966139670000004,"name":null,"kom":0,"kalae":8,"text_lanna":0,"total_detect":8}},{"type":"Feature","id":1116,"geometry":{"type":"Point","coordinates":[99.007608840000046,18.789897320000023]},"properties":{"OBJECTID":1116,"idx":5499,"POINT_Y":18.789897320000001,"POINT_X":99.007608840000003,"name":"บำรุงราษฏร์ ซอย 1","kom":10,"kalae":1,"text_lanna":0,"total_detect":11}},{"type":"Feature","id":1117,"geometry":{"type":"Point","coordinates":[99.009784420000074,18.758664760000045]},"properties":{"OBJECTID":1117,"idx":5528,"POINT_Y":18.758664759999998,"POINT_X":99.009784420000003,"name":"ถนนมหิดล","kom":1,"kalae":0,"text_lanna":0,"total_detect":1}},{"type":"Feature","id":1118,"geometry":{"type":"Point","coordinates":[99.006909370000074,18.757944420000058]},"properties":{"OBJECTID":1118,"idx":5550,"POINT_Y":18.757944420000001,"POINT_X":99.006909370000002,"name":"ถนนมหิดล","kom":0,"kalae":0,"text_lanna":1,"total_detect":1}},{"type":"Feature","id":1119,"geometry":{"type":"Point","coordinates":[99.003130920000046,18.757054430000039]},"properties":{"OBJECTID":1119,"idx":5564,"POINT_Y":18.75705443,"POINT_X":99.003130920000004,"name":"ถนนมหิดล","kom":0,"kalae":1,"text_lanna":0,"total_detect":1}},{"type":"Feature","id":1120,"geometry":{"type":"Point","coordinates":[99.012759460000041,18.759046140000066]},"properties":{"OBJECTID":1120,"idx":5608,"POINT_Y":18.759046139999999,"POINT_X":99.012759459999998,"name":"ถนนมหิดล","kom":4,"kalae":0,"text_lanna":0,"total_detect":4}},{"type":"Feature","id":1121,"geometry":{"type":"Point","coordinates":[98.957266980000043,18.797582090000049]},"properties":{"OBJECTID":1121,"idx":5648,"POINT_Y":18.797582089999999,"POINT_X":98.95726698,"name":null,"kom":3,"kalae":0,"text_lanna":0,"total_detect":3}},{"type":"Feature","id":1122,"geometry":{"type":"Point","coordinates":[98.982993960000044,18.804248290000032]},"properties":{"OBJECTID":1122,"idx":5677,"POINT_Y":18.80424829,"POINT_X":98.982993960000002,"name":"ถนนธานินท์","kom":1,"kalae":0,"text_lanna":1,"total_detect":2}},{"type":"Feature","id":1123,"geometry":{"type":"Point","coordinates":[98.977913820000083,18.833644610000022]},"properties":{"OBJECTID":1123,"idx":5735,"POINT_Y":18.83364461,"POINT_X":98.977913819999998,"name":"ถนนโชตนา ซอย 20","kom":0,"kalae":0,"text_lanna":1,"total_detect":1}},{"type":"Feature","id":1124,"geometry":{"type":"Point","coordinates":[99.001845960000082,18.788802030000056]},"properties":{"OBJECTID":1124,"idx":5745,"POINT_Y":18.788802029999999,"POINT_X":99.001845959999997,"name":null,"kom":0,"kalae":0,"text_lanna":1,"total_detect":1}},{"type":"Feature","id":1125,"geometry":{"type":"Point","coordinates":[98.963108930000033,18.801451170000064]},"properties":{"OBJECTID":1125,"idx":5807,"POINT_Y":18.80145117,"POINT_X":98.963108930000004,"name":null,"kom":0,"kalae":19,"text_lanna":0,"total_detect":19}},{"type":"Feature","id":1126,"geometry":{"type":"Point","coordinates":[98.962835320000067,18.801545010000041]},"properties":{"OBJECTID":1126,"idx":5808,"POINT_Y":18.801545010000002,"POINT_X":98.962835319999996,"name":null,"kom":0,"kalae":6,"text_lanna":0,"total_detect":6}},{"type":"Feature","id":1127,"geometry":{"type":"Point","coordinates":[98.962652740000067,18.801495630000034]},"properties":{"OBJECTID":1127,"idx":5809,"POINT_Y":18.801495630000002,"POINT_X":98.962652739999996,"name":null,"kom":0,"kalae":5,"text_lanna":0,"total_detect":5}},{"type":"Feature","id":1128,"geometry":{"type":"Point","coordinates":[98.95724720000004,18.804475230000037]},"properties":{"OBJECTID":1128,"idx":5823,"POINT_Y":18.804475230000001,"POINT_X":98.957247199999998,"name":"ถนน ห้วยแก้ว ซอย 3ข","kom":0,"kalae":0,"text_lanna":1,"total_detect":1}},{"type":"Feature","id":1129,"geometry":{"type":"Point","coordinates":[98.951378440000042,18.808099810000044]},"properties":{"OBJECTID":1129,"idx":5828,"POINT_Y":18.808099810000002,"POINT_X":98.951378439999999,"name":null,"kom":0,"kalae":1,"text_lanna":0,"total_detect":1}},{"type":"Feature","id":1130,"geometry":{"type":"Point","coordinates":[98.949059740000052,18.810392940000042]},"properties":{"OBJECTID":1130,"idx":5829,"POINT_Y":18.81039294,"POINT_X":98.949059739999996,"name":null,"kom":0,"kalae":1,"text_lanna":0,"total_detect":1}},{"type":"Feature","id":1131,"geometry":{"type":"Point","coordinates":[98.965943540000069,18.797810330000061]},"properties":{"OBJECTID":1131,"idx":5873,"POINT_Y":18.797810330000001,"POINT_X":98.965943539999998,"name":"ถนนนิมมานเหมินทร์ ซอย 6","kom":0,"kalae":1,"text_lanna":0,"total_detect":1}},{"type":"Feature","id":1132,"geometry":{"type":"Point","coordinates":[98.995926660000066,18.762788500000056]},"properties":{"OBJECTID":1132,"idx":5890,"POINT_Y":18.762788499999999,"POINT_X":98.995926659999995,"name":"ซอย 1","kom":1,"kalae":0,"text_lanna":0,"total_detect":1}},{"type":"Feature","id":1133,"geometry":{"type":"Point","coordinates":[98.99574111000004,18.762826370000028]},"properties":{"OBJECTID":1133,"idx":5891,"POINT_Y":18.762826369999999,"POINT_X":98.995741109999997,"name":"ซอย 1","kom":0,"kalae":1,"text_lanna":0,"total_detect":1}},{"type":"Feature","id":1134,"geometry":{"type":"Point","coordinates":[98.998342440000044,18.76200859000005]},"properties":{"OBJECTID":1134,"idx":5936,"POINT_Y":18.762008590000001,"POINT_X":98.998342440000002,"name":"ถนนป่าพร้าว 3","kom":0,"kalae":1,"text_lanna":0,"total_detect":1}},{"type":"Feature","id":1135,"geometry":{"type":"Point","coordinates":[99.020370830000047,18.776860330000034]},"properties":{"OBJECTID":1135,"idx":5947,"POINT_Y":18.776860330000002,"POINT_X":99.020370830000005,"name":"บ้านแพะ ซอย 3","kom":0,"kalae":1,"text_lanna":0,"total_detect":1}},{"type":"Feature","id":1136,"geometry":{"type":"Point","coordinates":[99.015022860000045,18.774524490000033]},"properties":{"OBJECTID":1136,"idx":5969,"POINT_Y":18.774524490000001,"POINT_X":99.015022860000002,"name":null,"kom":0,"kalae":2,"text_lanna":0,"total_detect":2}},{"type":"Feature","id":1137,"geometry":{"type":"Point","coordinates":[99.010113690000082,18.775481240000033]},"properties":{"OBJECTID":1137,"idx":5985,"POINT_Y":18.775481240000001,"POINT_X":99.010113689999997,"name":"ถนนราษฎร์อุทิศ ซอย 3","kom":0,"kalae":0,"text_lanna":1,"total_detect":1}},{"type":"Feature","id":1138,"geometry":{"type":"Point","coordinates":[99.009719990000065,18.774995240000067]},"properties":{"OBJECTID":1138,"idx":5990,"POINT_Y":18.774995239999999,"POINT_X":99.009719989999994,"name":"ถนนราษฎร์อุทิศ ซอย 3","kom":0,"kalae":0,"text_lanna":1,"total_detect":1}},{"type":"Feature","id":1139,"geometry":{"type":"Point","coordinates":[99.013812890000054,18.775283260000037]},"properties":{"OBJECTID":1139,"idx":5993,"POINT_Y":18.775283259999998,"POINT_X":99.013812889999997,"name":null,"kom":0,"kalae":1,"text_lanna":0,"total_detect":1}},{"type":"Feature","id":1140,"geometry":{"type":"Point","coordinates":[99.010425890000079,18.776511780000078]},"properties":{"OBJECTID":1140,"idx":6043,"POINT_Y":18.77651178,"POINT_X":99.010425889999993,"name":"ถนนราษฎร์อุทิศ ซอย 2","kom":0,"kalae":0,"text_lanna":1,"total_detect":1}},{"type":"Feature","id":1141,"geometry":{"type":"Point","coordinates":[99.00947737000007,18.776354630000071]},"properties":{"OBJECTID":1141,"idx":6046,"POINT_Y":18.77635463,"POINT_X":99.009477369999999,"name":"ถนนราษฎร์อุทิศ ซอย 2","kom":0,"kalae":0,"text_lanna":1,"total_detect":1}},{"type":"Feature","id":1142,"geometry":{"type":"Point","coordinates":[99.025199110000074,18.779988640000056]},"properties":{"OBJECTID":1142,"idx":6087,"POINT_Y":18.779988639999999,"POINT_X":99.025199110000003,"name":"อนุวิถี ซอย 2ก","kom":0,"kalae":0,"text_lanna":1,"total_detect":1}},{"type":"Feature","id":1143,"geometry":{"type":"Point","coordinates":[99.025274420000073,18.780154550000077]},"properties":{"OBJECTID":1143,"idx":6088,"POINT_Y":18.780154549999999,"POINT_X":99.025274420000002,"name":"อนุวิถี ซอย 2ก","kom":0,"kalae":1,"text_lanna":0,"total_detect":1}},{"type":"Feature","id":1144,"geometry":{"type":"Point","coordinates":[99.011259060000043,18.796517020000067]},"properties":{"OBJECTID":1144,"idx":6180,"POINT_Y":18.79651702,"POINT_X":99.01125906,"name":null,"kom":0,"kalae":0,"text_lanna":1,"total_detect":1}},{"type":"Feature","id":1145,"geometry":{"type":"Point","coordinates":[98.986466910000047,18.794930460000046]},"properties":{"OBJECTID":1145,"idx":6250,"POINT_Y":18.79493046,"POINT_X":98.986466910000004,"name":"ถนนศรีภูมิ ซอย 4","kom":0,"kalae":1,"text_lanna":0,"total_detect":1}},{"type":"Feature","id":1146,"geometry":{"type":"Point","coordinates":[98.992414820000079,18.776425760000052]},"properties":{"OBJECTID":1146,"idx":6260,"POINT_Y":18.776425759999999,"POINT_X":98.992414819999993,"name":"ถนน ราชเชียงแสน 2ก","kom":1,"kalae":0,"text_lanna":0,"total_detect":1}},{"type":"Feature","id":1147,"geometry":{"type":"Point","coordinates":[98.948621880000076,18.809606450000047]},"properties":{"OBJECTID":1147,"idx":6295,"POINT_Y":18.80960645,"POINT_X":98.948621880000005,"name":null,"kom":4,"kalae":0,"text_lanna":0,"total_detect":4}},{"type":"Feature","id":1148,"geometry":{"type":"Point","coordinates":[98.986967750000076,18.809594050000044]},"properties":{"OBJECTID":1148,"idx":6313,"POINT_Y":18.809594050000001,"POINT_X":98.986967750000005,"name":"ปราณี ซอย2","kom":1,"kalae":0,"text_lanna":0,"total_detect":1}},{"type":"Feature","id":1149,"geometry":{"type":"Point","coordinates":[98.993416740000043,18.798175240000035]},"properties":{"OBJECTID":1149,"idx":6317,"POINT_Y":18.798175239999999,"POINT_X":98.993416740000001,"name":"อุ่นอารี ซอย2","kom":0,"kalae":1,"text_lanna":0,"total_detect":1}},{"type":"Feature","id":1150,"geometry":{"type":"Point","coordinates":[98.994059490000041,18.797722220000026]},"properties":{"OBJECTID":1150,"idx":6327,"POINT_Y":18.797722220000001,"POINT_X":98.994059489999998,"name":"ชุมชนหมู่บ้านอุ่นอารี","kom":2,"kalae":0,"text_lanna":0,"total_detect":2}},{"type":"Feature","id":1151,"geometry":{"type":"Point","coordinates":[98.993223220000061,18.814596570000049]},"properties":{"OBJECTID":1151,"idx":6415,"POINT_Y":18.814596569999999,"POINT_X":98.993223220000004,"name":"ถนนคลองชลประทานป่าตันงาม","kom":1,"kalae":0,"text_lanna":0,"total_detect":1}},{"type":"Feature","id":1152,"geometry":{"type":"Point","coordinates":[98.991128920000051,18.809659920000058]},"properties":{"OBJECTID":1152,"idx":6471,"POINT_Y":18.809659920000001,"POINT_X":98.991128919999994,"name":null,"kom":0,"kalae":1,"text_lanna":0,"total_detect":1}},{"type":"Feature","id":1153,"geometry":{"type":"Point","coordinates":[98.991747480000072,18.806099630000062]},"properties":{"OBJECTID":1153,"idx":6474,"POINT_Y":18.806099629999999,"POINT_X":98.991747480000001,"name":"ถนนหมื่่นด้ามพร้าคต ซอย11","kom":0,"kalae":1,"text_lanna":0,"total_detect":1}},{"type":"Feature","id":1154,"geometry":{"type":"Point","coordinates":[98.989965110000071,18.808562400000028]},"properties":{"OBJECTID":1154,"idx":6485,"POINT_Y":18.8085624,"POINT_X":98.98996511,"name":"ถนนพัฒนาช้างเผือก","kom":3,"kalae":0,"text_lanna":0,"total_detect":3}},{"type":"Feature","id":1155,"geometry":{"type":"Point","coordinates":[98.99285991000005,18.806269130000032]},"properties":{"OBJECTID":1155,"idx":6536,"POINT_Y":18.80626913,"POINT_X":98.992859910000007,"name":"ถนนศรีมงคล","kom":0,"kalae":0,"text_lanna":1,"total_detect":1}},{"type":"Feature","id":1156,"geometry":{"type":"Point","coordinates":[98.994437110000035,18.806058320000034]},"properties":{"OBJECTID":1156,"idx":6575,"POINT_Y":18.806058320000002,"POINT_X":98.994437110000007,"name":"ถนนศรีมงคล ซอย3","kom":2,"kalae":1,"text_lanna":0,"total_detect":3}},{"type":"Feature","id":1157,"geometry":{"type":"Point","coordinates":[98.98842742000005,18.817938920000074]},"properties":{"OBJECTID":1157,"idx":6581,"POINT_Y":18.81793892,"POINT_X":98.988427419999994,"name":null,"kom":0,"kalae":0,"text_lanna":1,"total_detect":1}},{"type":"Feature","id":1158,"geometry":{"type":"Point","coordinates":[98.98837812000005,18.816515270000025]},"properties":{"OBJECTID":1158,"idx":6587,"POINT_Y":18.81651527,"POINT_X":98.988378119999993,"name":null,"kom":0,"kalae":0,"text_lanna":1,"total_detect":1}},{"type":"Feature","id":1159,"geometry":{"type":"Point","coordinates":[98.991736150000065,18.798591370000054]},"properties":{"OBJECTID":1159,"idx":6591,"POINT_Y":18.79859137,"POINT_X":98.991736149999994,"name":"ถนน อุ่นอารี ซอย6","kom":2,"kalae":0,"text_lanna":0,"total_detect":2}},{"type":"Feature","id":1160,"geometry":{"type":"Point","coordinates":[98.994283550000034,18.820271190000028]},"properties":{"OBJECTID":1160,"idx":6618,"POINT_Y":18.82027119,"POINT_X":98.994283550000006,"name":"สุขเกษม ซอย 18","kom":3,"kalae":0,"text_lanna":0,"total_detect":3}},{"type":"Feature","id":1161,"geometry":{"type":"Point","coordinates":[98.983898740000086,18.796714570000063]},"properties":{"OBJECTID":1161,"idx":6625,"POINT_Y":18.796714569999999,"POINT_X":98.983898740000001,"name":null,"kom":0,"kalae":1,"text_lanna":0,"total_detect":1}},{"type":"Feature","id":1162,"geometry":{"type":"Point","coordinates":[98.992787780000072,18.808818220000035]},"properties":{"OBJECTID":1162,"idx":6658,"POINT_Y":18.808818219999999,"POINT_X":98.99278778,"name":"ถนนพัฒนาช้างเผือก 1","kom":1,"kalae":0,"text_lanna":0,"total_detect":1}},{"type":"Feature","id":1163,"geometry":{"type":"Point","coordinates":[98.987588790000075,18.804411930000072]},"properties":{"OBJECTID":1163,"idx":6666,"POINT_Y":18.804411930000001,"POINT_X":98.987588790000004,"name":"ถนนกุลวงษ์อุทิศ","kom":0,"kalae":1,"text_lanna":0,"total_detect":1}},{"type":"Feature","id":1164,"geometry":{"type":"Point","coordinates":[98.993834040000081,18.808552970000051]},"properties":{"OBJECTID":1164,"idx":6675,"POINT_Y":18.808552970000001,"POINT_X":98.993834039999996,"name":null,"kom":0,"kalae":0,"text_lanna":1,"total_detect":1}},{"type":"Feature","id":1165,"geometry":{"type":"Point","coordinates":[98.993966110000088,18.808368450000046]},"properties":{"OBJECTID":1165,"idx":6676,"POINT_Y":18.80836845,"POINT_X":98.993966110000002,"name":null,"kom":0,"kalae":0,"text_lanna":1,"total_detect":1}},{"type":"Feature","id":1166,"geometry":{"type":"Point","coordinates":[98.990951690000031,18.806527080000023]},"properties":{"OBJECTID":1166,"idx":6690,"POINT_Y":18.806527079999999,"POINT_X":98.990951690000003,"name":"ถนนหมื่่นด้ามพร้าคต","kom":0,"kalae":1,"text_lanna":0,"total_detect":1}},{"type":"Feature","id":1167,"geometry":{"type":"Point","coordinates":[98.989666600000078,18.80688506000007]},"properties":{"OBJECTID":1167,"idx":6713,"POINT_Y":18.806885059999999,"POINT_X":98.989666600000007,"name":"ถนนหมื่่นด้ามพร้าคต ซอย3","kom":0,"kalae":0,"text_lanna":1,"total_detect":1}},{"type":"Feature","id":1168,"geometry":{"type":"Point","coordinates":[98.990972010000064,18.797692310000059]},"properties":{"OBJECTID":1168,"idx":6747,"POINT_Y":18.797692309999999,"POINT_X":98.990972009999993,"name":null,"kom":0,"kalae":1,"text_lanna":0,"total_detect":1}},{"type":"Feature","id":1169,"geometry":{"type":"Point","coordinates":[98.992214740000065,18.797917280000036]},"properties":{"OBJECTID":1169,"idx":6752,"POINT_Y":18.79791728,"POINT_X":98.992214739999994,"name":null,"kom":0,"kalae":0,"text_lanna":2,"total_detect":2}},{"type":"Feature","id":1170,"geometry":{"type":"Point","coordinates":[98.992096860000061,18.800866490000033]},"properties":{"OBJECTID":1170,"idx":6807,"POINT_Y":18.800866490000001,"POINT_X":98.992096860000004,"name":null,"kom":2,"kalae":0,"text_lanna":0,"total_detect":2}},{"type":"Feature","id":1171,"geometry":{"type":"Point","coordinates":[98.992262400000072,18.80095491000003]},"properties":{"OBJECTID":1171,"idx":6808,"POINT_Y":18.800954910000002,"POINT_X":98.992262400000001,"name":null,"kom":3,"kalae":0,"text_lanna":0,"total_detect":3}},{"type":"Feature","id":1172,"geometry":{"type":"Point","coordinates":[98.992495610000049,18.819026830000041]},"properties":{"OBJECTID":1172,"idx":6829,"POINT_Y":18.819026829999999,"POINT_X":98.992495610000006,"name":"สุขเกษม ซอย 12","kom":1,"kalae":0,"text_lanna":0,"total_detect":1}},{"type":"Feature","id":1173,"geometry":{"type":"Point","coordinates":[98.992306110000072,18.819037320000064]},"properties":{"OBJECTID":1173,"idx":6830,"POINT_Y":18.81903732,"POINT_X":98.992306110000001,"name":"สุขเกษม ซอย 12","kom":1,"kalae":1,"text_lanna":0,"total_detect":2}},{"type":"Feature","id":1174,"geometry":{"type":"Point","coordinates":[98.987324450000074,18.810973620000027]},"properties":{"OBJECTID":1174,"idx":6831,"POINT_Y":18.810973619999999,"POINT_X":98.987324450000003,"name":"ถนน ปราณี ซอย3","kom":1,"kalae":0,"text_lanna":0,"total_detect":1}},{"type":"Feature","id":1175,"geometry":{"type":"Point","coordinates":[98.987382180000054,18.810195160000035]},"properties":{"OBJECTID":1175,"idx":6834,"POINT_Y":18.810195159999999,"POINT_X":98.987382179999997,"name":"ถนน ปราณี ซอย3","kom":1,"kalae":0,"text_lanna":0,"total_detect":1}},{"type":"Feature","id":1176,"geometry":{"type":"Point","coordinates":[98.98747080000004,18.80928294000006]},"properties":{"OBJECTID":1176,"idx":6839,"POINT_Y":18.809282939999999,"POINT_X":98.987470799999997,"name":"ถนน ปราณี ซอย3","kom":0,"kalae":1,"text_lanna":0,"total_detect":1}},{"type":"Feature","id":1177,"geometry":{"type":"Point","coordinates":[98.987082650000048,18.81036763000003]},"properties":{"OBJECTID":1177,"idx":6866,"POINT_Y":18.810367629999998,"POINT_X":98.987082650000005,"name":"ถนนหลิ่งกอก","kom":3,"kalae":0,"text_lanna":0,"total_detect":3}},{"type":"Feature","id":1178,"geometry":{"type":"Point","coordinates":[98.995066190000045,18.817373670000052]},"properties":{"OBJECTID":1178,"idx":6880,"POINT_Y":18.817373669999998,"POINT_X":98.995066190000003,"name":null,"kom":0,"kalae":0,"text_lanna":1,"total_detect":1}},{"type":"Feature","id":1179,"geometry":{"type":"Point","coordinates":[98.994006810000087,18.777511870000069]},"properties":{"OBJECTID":1179,"idx":6887,"POINT_Y":18.777511870000001,"POINT_X":98.994006810000002,"name":null,"kom":0,"kalae":1,"text_lanna":0,"total_detect":1}},{"type":"Feature","id":1180,"geometry":{"type":"Point","coordinates":[98.985834100000034,18.838071980000052]},"properties":{"OBJECTID":1180,"idx":6903,"POINT_Y":18.838071979999999,"POINT_X":98.985834100000005,"name":null,"kom":0,"kalae":1,"text_lanna":0,"total_detect":1}},{"type":"Feature","id":1181,"geometry":{"type":"Point","coordinates":[98.985538840000061,18.838476840000055]},"properties":{"OBJECTID":1181,"idx":6905,"POINT_Y":18.838476839999998,"POINT_X":98.985538840000004,"name":null,"kom":1,"kalae":0,"text_lanna":0,"total_detect":1}},{"type":"Feature","id":1182,"geometry":{"type":"Point","coordinates":[98.994167460000085,18.785681960000034]},"properties":{"OBJECTID":1182,"idx":6920,"POINT_Y":18.785681960000002,"POINT_X":98.99416746,"name":"ถนนคชสาร ซอย 2","kom":0,"kalae":0,"text_lanna":1,"total_detect":1}},{"type":"Feature","id":1183,"geometry":{"type":"Point","coordinates":[98.994014500000048,18.786527290000038]},"properties":{"OBJECTID":1183,"idx":6921,"POINT_Y":18.786527289999999,"POINT_X":98.994014500000006,"name":"ถนน ท่าแพ ซอย 6","kom":1,"kalae":0,"text_lanna":1,"total_detect":2}},{"type":"Feature","id":1184,"geometry":{"type":"Point","coordinates":[98.998961830000042,18.778246170000045]},"properties":{"OBJECTID":1184,"idx":6933,"POINT_Y":18.778246169999999,"POINT_X":98.998961829999999,"name":null,"kom":3,"kalae":0,"text_lanna":0,"total_detect":3}},{"type":"Feature","id":1185,"geometry":{"type":"Point","coordinates":[98.999288850000084,18.778165270000045]},"properties":{"OBJECTID":1185,"idx":6934,"POINT_Y":18.778165269999999,"POINT_X":98.999288849999999,"name":null,"kom":0,"kalae":1,"text_lanna":0,"total_detect":1}},{"type":"Feature","id":1186,"geometry":{"type":"Point","coordinates":[98.998678450000057,18.777835720000041]},"properties":{"OBJECTID":1186,"idx":6936,"POINT_Y":18.777835719999999,"POINT_X":98.99867845,"name":null,"kom":0,"kalae":1,"text_lanna":0,"total_detect":1}},{"type":"Feature","id":1187,"geometry":{"type":"Point","coordinates":[99.000367370000049,18.777239780000059]},"properties":{"OBJECTID":1187,"idx":6943,"POINT_Y":18.777239779999999,"POINT_X":99.000367370000006,"name":null,"kom":1,"kalae":0,"text_lanna":0,"total_detect":1}},{"type":"Feature","id":1188,"geometry":{"type":"Point","coordinates":[98.999745720000078,18.776753270000029]},"properties":{"OBJECTID":1188,"idx":6950,"POINT_Y":18.77675327,"POINT_X":98.999745720000007,"name":null,"kom":0,"kalae":1,"text_lanna":0,"total_detect":1}},{"type":"Feature","id":1189,"geometry":{"type":"Point","coordinates":[98.993719290000058,18.779468990000055]},"properties":{"OBJECTID":1189,"idx":6951,"POINT_Y":18.779468990000002,"POINT_X":98.993719290000001,"name":"ถนนระแกง ซอย 3ก","kom":0,"kalae":0,"text_lanna":1,"total_detect":1}},{"type":"Feature","id":1190,"geometry":{"type":"Point","coordinates":[98.977172710000048,18.773803790000045]},"properties":{"OBJECTID":1190,"idx":6959,"POINT_Y":18.773803789999999,"POINT_X":98.977172710000005,"name":null,"kom":0,"kalae":0,"text_lanna":1,"total_detect":1}},{"type":"Feature","id":1191,"geometry":{"type":"Point","coordinates":[98.993849530000034,18.806530590000023]},"properties":{"OBJECTID":1191,"idx":6961,"POINT_Y":18.806530590000001,"POINT_X":98.993849530000006,"name":"ถนนศรีมงคล ซอย 1","kom":0,"kalae":1,"text_lanna":0,"total_detect":1}},{"type":"Feature","id":1192,"geometry":{"type":"Point","coordinates":[98.993954580000036,18.805997630000036]},"properties":{"OBJECTID":1192,"idx":6964,"POINT_Y":18.80599763,"POINT_X":98.993954579999993,"name":"ถนนศรีมงคล ซอย 1","kom":4,"kalae":0,"text_lanna":0,"total_detect":4}},{"type":"Feature","id":1193,"geometry":{"type":"Point","coordinates":[98.993187700000078,18.805351400000063]},"properties":{"OBJECTID":1193,"idx":6969,"POINT_Y":18.805351399999999,"POINT_X":98.993187699999993,"name":"ถนนศรีมงคล","kom":0,"kalae":5,"text_lanna":0,"total_detect":5}},{"type":"Feature","id":1194,"geometry":{"type":"Point","coordinates":[98.988558400000045,18.802987030000054]},"properties":{"OBJECTID":1194,"idx":6985,"POINT_Y":18.802987030000001,"POINT_X":98.988558400000002,"name":"ถนน กู่เต้า 1","kom":0,"kalae":2,"text_lanna":0,"total_detect":2}},{"type":"Feature","id":1195,"geometry":{"type":"Point","coordinates":[98.973908280000046,18.83795224000005]},"properties":{"OBJECTID":1195,"idx":7001,"POINT_Y":18.83795224,"POINT_X":98.973908280000003,"name":null,"kom":0,"kalae":0,"text_lanna":1,"total_detect":1}},{"type":"Feature","id":1196,"geometry":{"type":"Point","coordinates":[99.028909190000036,18.764400260000059]},"properties":{"OBJECTID":1196,"idx":7010,"POINT_Y":18.764400259999999,"POINT_X":99.028909189999993,"name":"ถนนมหิดล","kom":0,"kalae":0,"text_lanna":1,"total_detect":1}},{"type":"Feature","id":1197,"geometry":{"type":"Point","coordinates":[99.028729990000045,18.764340820000029]},"properties":{"OBJECTID":1197,"idx":7011,"POINT_Y":18.764340820000001,"POINT_X":99.028729990000002,"name":"ถนนมหิดล","kom":0,"kalae":0,"text_lanna":1,"total_detect":1}},{"type":"Feature","id":1198,"geometry":{"type":"Point","coordinates":[99.013033630000052,18.766191320000075]},"properties":{"OBJECTID":1198,"idx":7029,"POINT_Y":18.766191320000001,"POINT_X":99.013033629999995,"name":null,"kom":2,"kalae":0,"text_lanna":0,"total_detect":2}},{"type":"Feature","id":1199,"geometry":{"type":"Point","coordinates":[99.01409539000008,18.765466970000034]},"properties":{"OBJECTID":1199,"idx":7037,"POINT_Y":18.765466969999999,"POINT_X":99.014095389999994,"name":"ซอย ต๋าเหิน","kom":0,"kalae":0,"text_lanna":1,"total_detect":1}},{"type":"Feature","id":1200,"geometry":{"type":"Point","coordinates":[99.010512690000041,18.761152570000036]},"properties":{"OBJECTID":1200,"idx":7041,"POINT_Y":18.76115257,"POINT_X":99.010512689999999,"name":"การเคหะ ซอย 5","kom":0,"kalae":1,"text_lanna":0,"total_detect":1}},{"type":"Feature","id":1201,"geometry":{"type":"Point","coordinates":[99.010888260000058,18.761204520000035]},"properties":{"OBJECTID":1201,"idx":7043,"POINT_Y":18.76120452,"POINT_X":99.010888260000002,"name":"การเคหะ ซอย 5","kom":0,"kalae":1,"text_lanna":0,"total_detect":1}},{"type":"Feature","id":1202,"geometry":{"type":"Point","coordinates":[99.013576610000086,18.760124220000023]},"properties":{"OBJECTID":1202,"idx":7048,"POINT_Y":18.760124220000002,"POINT_X":99.013576610000001,"name":"ซอย 9","kom":1,"kalae":0,"text_lanna":0,"total_detect":1}},{"type":"Feature","id":1203,"geometry":{"type":"Point","coordinates":[99.011643220000053,18.760669050000047]},"properties":{"OBJECTID":1203,"idx":7061,"POINT_Y":18.760669050000001,"POINT_X":99.011643219999996,"name":null,"kom":3,"kalae":0,"text_lanna":0,"total_detect":3}},{"type":"Feature","id":1204,"geometry":{"type":"Point","coordinates":[99.012905810000063,18.761883080000075]},"properties":{"OBJECTID":1204,"idx":7076,"POINT_Y":18.76188308,"POINT_X":99.012905810000007,"name":null,"kom":2,"kalae":0,"text_lanna":0,"total_detect":2}},{"type":"Feature","id":1205,"geometry":{"type":"Point","coordinates":[98.986320840000076,18.803758820000041]},"properties":{"OBJECTID":1205,"idx":7090,"POINT_Y":18.803758819999999,"POINT_X":98.986320840000005,"name":"ถนน ช้างเผือก ซอย7","kom":1,"kalae":0,"text_lanna":0,"total_detect":1}},{"type":"Feature","id":1206,"geometry":{"type":"Point","coordinates":[98.961383470000044,18.787377860000049]},"properties":{"OBJECTID":1206,"idx":7107,"POINT_Y":18.787377859999999,"POINT_X":98.961383470000001,"name":"ซอย 1 77/1-27","kom":1,"kalae":0,"text_lanna":0,"total_detect":1}},{"type":"Feature","id":1207,"geometry":{"type":"Point","coordinates":[98.961952820000079,18.787378400000023]},"properties":{"OBJECTID":1207,"idx":7110,"POINT_Y":18.787378400000001,"POINT_X":98.961952819999993,"name":"ซอย 1 77/1-27","kom":0,"kalae":0,"text_lanna":1,"total_detect":1}},{"type":"Feature","id":1208,"geometry":{"type":"Point","coordinates":[98.965895050000086,18.784932730000037]},"properties":{"OBJECTID":1208,"idx":7126,"POINT_Y":18.784932730000001,"POINT_X":98.96589505,"name":null,"kom":0,"kalae":0,"text_lanna":2,"total_detect":2}},{"type":"Feature","id":1209,"geometry":{"type":"Point","coordinates":[98.976719260000039,18.786541580000062]},"properties":{"OBJECTID":1209,"idx":7134,"POINT_Y":18.786541580000002,"POINT_X":98.976719259999996,"name":null,"kom":2,"kalae":0,"text_lanna":0,"total_detect":2}},{"type":"Feature","id":1210,"geometry":{"type":"Point","coordinates":[98.976909020000051,18.786538440000072]},"properties":{"OBJECTID":1210,"idx":7135,"POINT_Y":18.786538440000001,"POINT_X":98.976909019999994,"name":null,"kom":0,"kalae":3,"text_lanna":0,"total_detect":3}},{"type":"Feature","id":1211,"geometry":{"type":"Point","coordinates":[98.971642570000085,18.784520600000064]},"properties":{"OBJECTID":1211,"idx":7164,"POINT_Y":18.7845206,"POINT_X":98.97164257,"name":null,"kom":0,"kalae":1,"text_lanna":0,"total_detect":1}},{"type":"Feature","id":1212,"geometry":{"type":"Point","coordinates":[98.971857680000085,18.785715740000057]},"properties":{"OBJECTID":1212,"idx":7172,"POINT_Y":18.785715740000001,"POINT_X":98.971857679999999,"name":null,"kom":0,"kalae":1,"text_lanna":0,"total_detect":1}},{"type":"Feature","id":1213,"geometry":{"type":"Point","coordinates":[98.965317110000058,18.788143510000054]},"properties":{"OBJECTID":1213,"idx":7183,"POINT_Y":18.788143510000001,"POINT_X":98.965317110000001,"name":"ถนนศรีวิชัย ซอย 3","kom":0,"kalae":1,"text_lanna":0,"total_detect":1}},{"type":"Feature","id":1214,"geometry":{"type":"Point","coordinates":[98.966768410000043,18.786385660000064]},"properties":{"OBJECTID":1214,"idx":7195,"POINT_Y":18.786385660000001,"POINT_X":98.96676841,"name":"ถนนศรีวิชัย ซอย 6","kom":0,"kalae":1,"text_lanna":0,"total_detect":1}},{"type":"Feature","id":1215,"geometry":{"type":"Point","coordinates":[98.966593510000052,18.786476470000025]},"properties":{"OBJECTID":1215,"idx":7196,"POINT_Y":18.78647647,"POINT_X":98.966593509999996,"name":"ถนนศรีวิชัย ซอย 6","kom":0,"kalae":1,"text_lanna":0,"total_detect":1}},{"type":"Feature","id":1216,"geometry":{"type":"Point","coordinates":[98.966367630000036,18.787489870000059]},"properties":{"OBJECTID":1216,"idx":7240,"POINT_Y":18.787489870000002,"POINT_X":98.966367629999993,"name":"ถนนศรีวิชัย ซอย 4","kom":0,"kalae":1,"text_lanna":0,"total_detect":1}},{"type":"Feature","id":1217,"geometry":{"type":"Point","coordinates":[98.978539540000043,18.778124150000053]},"properties":{"OBJECTID":1217,"idx":7246,"POINT_Y":18.77812415,"POINT_X":98.97853954,"name":null,"kom":0,"kalae":0,"text_lanna":1,"total_detect":1}},{"type":"Feature","id":1218,"geometry":{"type":"Point","coordinates":[98.978708150000045,18.779913360000023]},"properties":{"OBJECTID":1218,"idx":7253,"POINT_Y":18.779913359999998,"POINT_X":98.978708150000003,"name":null,"kom":0,"kalae":0,"text_lanna":1,"total_detect":1}},{"type":"Feature","id":1219,"geometry":{"type":"Point","coordinates":[98.977128220000054,18.787380650000046]},"properties":{"OBJECTID":1219,"idx":7286,"POINT_Y":18.787380649999999,"POINT_X":98.977128219999997,"name":null,"kom":0,"kalae":2,"text_lanna":0,"total_detect":2}},{"type":"Feature","id":1220,"geometry":{"type":"Point","coordinates":[98.968569450000075,18.785792810000032]},"properties":{"OBJECTID":1220,"idx":7302,"POINT_Y":18.78579281,"POINT_X":98.968569450000004,"name":"ถนนสวนดอก","kom":0,"kalae":0,"text_lanna":1,"total_detect":1}},{"type":"Feature","id":1221,"geometry":{"type":"Point","coordinates":[98.968571240000074,18.784063250000031]},"properties":{"OBJECTID":1221,"idx":7308,"POINT_Y":18.784063249999999,"POINT_X":98.968571240000003,"name":"ถนนสวนดอก","kom":0,"kalae":0,"text_lanna":1,"total_detect":1}},{"type":"Feature","id":1222,"geometry":{"type":"Point","coordinates":[98.969514430000061,18.784698180000078]},"properties":{"OBJECTID":1222,"idx":7317,"POINT_Y":18.784698179999999,"POINT_X":98.969514430000004,"name":"ถนนสวนดอก ซอย 5","kom":0,"kalae":1,"text_lanna":0,"total_detect":1}},{"type":"Feature","id":1223,"geometry":{"type":"Point","coordinates":[98.980042870000034,18.779632700000036]},"properties":{"OBJECTID":1223,"idx":7338,"POINT_Y":18.779632700000001,"POINT_X":98.980042870000005,"name":null,"kom":0,"kalae":1,"text_lanna":0,"total_detect":1}},{"type":"Feature","id":1224,"geometry":{"type":"Point","coordinates":[98.97990075000007,18.78008871000003]},"properties":{"OBJECTID":1224,"idx":7341,"POINT_Y":18.780088710000001,"POINT_X":98.979900749999999,"name":null,"kom":0,"kalae":1,"text_lanna":0,"total_detect":1}},{"type":"Feature","id":1225,"geometry":{"type":"Point","coordinates":[98.969142390000059,18.783814550000045]},"properties":{"OBJECTID":1225,"idx":7353,"POINT_Y":18.783814549999999,"POINT_X":98.969142390000002,"name":null,"kom":0,"kalae":1,"text_lanna":0,"total_detect":1}},{"type":"Feature","id":1226,"geometry":{"type":"Point","coordinates":[98.969332050000048,18.783820900000023]},"properties":{"OBJECTID":1226,"idx":7354,"POINT_Y":18.783820899999998,"POINT_X":98.969332050000006,"name":null,"kom":3,"kalae":0,"text_lanna":0,"total_detect":3}},{"type":"Feature","id":1227,"geometry":{"type":"Point","coordinates":[98.967521020000049,18.784746790000042]},"properties":{"OBJECTID":1227,"idx":7383,"POINT_Y":18.78474679,"POINT_X":98.967521020000007,"name":"ซอยไปรวยมารวย","kom":0,"kalae":0,"text_lanna":2,"total_detect":2}},{"type":"Feature","id":1228,"geometry":{"type":"Point","coordinates":[98.970594340000048,18.796719890000077]},"properties":{"OBJECTID":1228,"idx":7393,"POINT_Y":18.796719889999999,"POINT_X":98.970594340000005,"name":"ถนนนิมมานเหมินทร์ ซอย 11","kom":4,"kalae":0,"text_lanna":0,"total_detect":4}},{"type":"Feature","id":1229,"geometry":{"type":"Point","coordinates":[98.96402807000004,18.795861800000068]},"properties":{"OBJECTID":1229,"idx":7420,"POINT_Y":18.795861800000001,"POINT_X":98.964028069999998,"name":"ถนนนิมมานเหมินทร์ ซอย 12","kom":0,"kalae":1,"text_lanna":0,"total_detect":1}},{"type":"Feature","id":1230,"geometry":{"type":"Point","coordinates":[98.968335000000081,18.798180620000039]},"properties":{"OBJECTID":1230,"idx":7442,"POINT_Y":18.79818062,"POINT_X":98.968334999999996,"name":"ถนนนิมมานเหมินท์ ซอย 7","kom":0,"kalae":1,"text_lanna":0,"total_detect":1}},{"type":"Feature","id":1231,"geometry":{"type":"Point","coordinates":[98.968916040000067,18.798124040000062]},"properties":{"OBJECTID":1231,"idx":7445,"POINT_Y":18.798124040000001,"POINT_X":98.968916039999996,"name":"ถนนนิมมานเหมินท์ ซอย 7","kom":0,"kalae":0,"text_lanna":1,"total_detect":1}},{"type":"Feature","id":1232,"geometry":{"type":"Point","coordinates":[98.966599950000045,18.795130300000039]},"properties":{"OBJECTID":1232,"idx":7468,"POINT_Y":18.7951303,"POINT_X":98.966599950000003,"name":"ซอย จำปี","kom":0,"kalae":1,"text_lanna":0,"total_detect":1}},{"type":"Feature","id":1233,"geometry":{"type":"Point","coordinates":[98.96662230000004,18.795309800000041]},"properties":{"OBJECTID":1233,"idx":7469,"POINT_Y":18.795309799999998,"POINT_X":98.966622299999997,"name":"ซอย จำปี","kom":5,"kalae":1,"text_lanna":0,"total_detect":6}},{"type":"Feature","id":1234,"geometry":{"type":"Point","coordinates":[98.967037920000053,18.799592420000067]},"properties":{"OBJECTID":1234,"idx":7470,"POINT_Y":18.79959242,"POINT_X":98.967037919999996,"name":"ถนนนิมมานเหมินทร์ ซอย2","kom":0,"kalae":1,"text_lanna":0,"total_detect":1}},{"type":"Feature","id":1235,"geometry":{"type":"Point","coordinates":[98.966018810000037,18.799716260000025]},"properties":{"OBJECTID":1235,"idx":7474,"POINT_Y":18.79971626,"POINT_X":98.966018809999994,"name":"ถนนนิมมานเหมินทร์ ซอย2","kom":0,"kalae":2,"text_lanna":0,"total_detect":2}},{"type":"Feature","id":1236,"geometry":{"type":"Point","coordinates":[98.968438080000055,18.79667027000005]},"properties":{"OBJECTID":1236,"idx":7492,"POINT_Y":18.79667027,"POINT_X":98.968438079999999,"name":null,"kom":0,"kalae":1,"text_lanna":0,"total_detect":1}},{"type":"Feature","id":1237,"geometry":{"type":"Point","coordinates":[98.967206140000087,18.795243210000024]},"properties":{"OBJECTID":1237,"idx":7522,"POINT_Y":18.795243209999999,"POINT_X":98.967206140000002,"name":"ถนนนิมมานเหมินท์ ซอย 17","kom":0,"kalae":1,"text_lanna":0,"total_detect":1}},{"type":"Feature","id":1238,"geometry":{"type":"Point","coordinates":[98.967020520000062,18.795280870000056]},"properties":{"OBJECTID":1238,"idx":7523,"POINT_Y":18.795280869999999,"POINT_X":98.967020520000005,"name":"ถนนนิมมานเหมินท์ ซอย 17","kom":0,"kalae":0,"text_lanna":1,"total_detect":1}},{"type":"Feature","id":1239,"geometry":{"type":"Point","coordinates":[98.997766310000031,18.763630370000044]},"properties":{"OBJECTID":1239,"idx":7603,"POINT_Y":18.763630370000001,"POINT_X":98.997766310000003,"name":null,"kom":1,"kalae":0,"text_lanna":0,"total_detect":1}},{"type":"Feature","id":1240,"geometry":{"type":"Point","coordinates":[99.018305810000072,18.782701820000057]},"properties":{"OBJECTID":1240,"idx":7606,"POINT_Y":18.78270182,"POINT_X":99.018305810000001,"name":null,"kom":1,"kalae":0,"text_lanna":0,"total_detect":1}},{"type":"Feature","id":1241,"geometry":{"type":"Point","coordinates":[99.019287180000049,18.782054950000031]},"properties":{"OBJECTID":1241,"idx":7638,"POINT_Y":18.782054949999999,"POINT_X":99.019287180000006,"name":null,"kom":1,"kalae":0,"text_lanna":0,"total_detect":1}},{"type":"Feature","id":1242,"geometry":{"type":"Point","coordinates":[98.954188730000055,18.795326370000055]},"properties":{"OBJECTID":1242,"idx":7656,"POINT_Y":18.795326370000002,"POINT_X":98.954188729999998,"name":null,"kom":0,"kalae":1,"text_lanna":0,"total_detect":1}},{"type":"Feature","id":1243,"geometry":{"type":"Point","coordinates":[98.980301000000054,18.837559890000023]},"properties":{"OBJECTID":1243,"idx":7713,"POINT_Y":18.837559890000001,"POINT_X":98.980300999999997,"name":"ถนนร่มเย็น ซอย 3","kom":0,"kalae":1,"text_lanna":0,"total_detect":1}},{"type":"Feature","id":1244,"geometry":{"type":"Point","coordinates":[98.981496380000067,18.837566630000026]},"properties":{"OBJECTID":1244,"idx":7718,"POINT_Y":18.837566630000001,"POINT_X":98.981496379999996,"name":"ถนนร่มเย็น ซอย 3","kom":0,"kalae":1,"text_lanna":1,"total_detect":2}},{"type":"Feature","id":1245,"geometry":{"type":"Point","coordinates":[98.981954180000059,18.836604240000042]},"properties":{"OBJECTID":1245,"idx":7742,"POINT_Y":18.83660424,"POINT_X":98.981954180000002,"name":"ถนนร่มเย็น","kom":0,"kalae":0,"text_lanna":1,"total_detect":1}},{"type":"Feature","id":1246,"geometry":{"type":"Point","coordinates":[99.019791980000036,18.79024467000005]},"properties":{"OBJECTID":1246,"idx":7787,"POINT_Y":18.79024467,"POINT_X":99.019791979999994,"name":null,"kom":0,"kalae":1,"text_lanna":1,"total_detect":2}},{"type":"Feature","id":1247,"geometry":{"type":"Point","coordinates":[99.022328740000034,18.788115020000077]},"properties":{"OBJECTID":1247,"idx":7794,"POINT_Y":18.788115019999999,"POINT_X":99.022328740000006,"name":null,"kom":0,"kalae":1,"text_lanna":0,"total_detect":1}},{"type":"Feature","id":1248,"geometry":{"type":"Point","coordinates":[99.022676570000044,18.785405780000076]},"properties":{"OBJECTID":1248,"idx":7805,"POINT_Y":18.785405780000001,"POINT_X":99.022676570000002,"name":"ถนนวัดหนองป่าครั่ง","kom":1,"kalae":0,"text_lanna":0,"total_detect":1}},{"type":"Feature","id":1249,"geometry":{"type":"Point","coordinates":[98.989447100000064,18.829203220000068]},"properties":{"OBJECTID":1249,"idx":7865,"POINT_Y":18.82920322,"POINT_X":98.989447100000007,"name":"ถนน มหาโชค 15 ก","kom":0,"kalae":1,"text_lanna":0,"total_detect":1}},{"type":"Feature","id":1250,"geometry":{"type":"Point","coordinates":[98.981647230000078,18.823645750000026]},"properties":{"OBJECTID":1250,"idx":7894,"POINT_Y":18.823645750000001,"POINT_X":98.981647229999993,"name":null,"kom":0,"kalae":1,"text_lanna":0,"total_detect":1}},{"type":"Feature","id":1251,"geometry":{"type":"Point","coordinates":[98.975986510000041,18.840248990000077]},"properties":{"OBJECTID":1251,"idx":8019,"POINT_Y":18.840248989999999,"POINT_X":98.975986509999998,"name":"ถนนสมโภชเชียงใหม่ 700 ปี","kom":0,"kalae":1,"text_lanna":0,"total_detect":1}},{"type":"Feature","id":1252,"geometry":{"type":"Point","coordinates":[98.989936880000073,18.799047590000043]},"properties":{"OBJECTID":1252,"idx":8033,"POINT_Y":18.799047590000001,"POINT_X":98.989936880000002,"name":"ถนนสนามกีฬา","kom":0,"kalae":0,"text_lanna":1,"total_detect":1}},{"type":"Feature","id":1253,"geometry":{"type":"Point","coordinates":[98.978143040000077,18.800210560000039]},"properties":{"OBJECTID":1253,"idx":8049,"POINT_Y":18.80021056,"POINT_X":98.978143040000006,"name":"ถนนสันติธรรม","kom":0,"kalae":1,"text_lanna":0,"total_detect":1}},{"type":"Feature","id":1254,"geometry":{"type":"Point","coordinates":[98.980732100000068,18.825388280000027]},"properties":{"OBJECTID":1254,"idx":8131,"POINT_Y":18.825388279999999,"POINT_X":98.980732099999997,"name":"ถนนโชตนานิเวศน์ ซอย 2","kom":1,"kalae":0,"text_lanna":0,"total_detect":1}},{"type":"Feature","id":1255,"geometry":{"type":"Point","coordinates":[99.014688780000085,18.785665320000078]},"properties":{"OBJECTID":1255,"idx":8155,"POINT_Y":18.78566532,"POINT_X":99.01468878,"name":"ถนนเจริญเมือง ซอย4","kom":0,"kalae":1,"text_lanna":0,"total_detect":1}},{"type":"Feature","id":1256,"geometry":{"type":"Point","coordinates":[99.010578510000073,18.777548030000048]},"properties":{"OBJECTID":1256,"idx":8206,"POINT_Y":18.777548029999998,"POINT_X":99.010578510000002,"name":null,"kom":0,"kalae":0,"text_lanna":1,"total_detect":1}},{"type":"Feature","id":1257,"geometry":{"type":"Point","coordinates":[99.011778640000045,18.778324420000047]},"properties":{"OBJECTID":1257,"idx":8229,"POINT_Y":18.778324420000001,"POINT_X":99.011778640000003,"name":null,"kom":0,"kalae":0,"text_lanna":1,"total_detect":1}},{"type":"Feature","id":1258,"geometry":{"type":"Point","coordinates":[99.01253059000004,18.768409660000032]},"properties":{"OBJECTID":1258,"idx":8260,"POINT_Y":18.76840966,"POINT_X":99.012530589999997,"name":null,"kom":0,"kalae":1,"text_lanna":0,"total_detect":1}},{"type":"Feature","id":1259,"geometry":{"type":"Point","coordinates":[99.011649220000038,18.767533970000045]},"properties":{"OBJECTID":1259,"idx":8279,"POINT_Y":18.767533969999999,"POINT_X":99.011649219999995,"name":null,"kom":0,"kalae":1,"text_lanna":0,"total_detect":1}},{"type":"Feature","id":1260,"geometry":{"type":"Point","coordinates":[99.012137530000075,18.767526030000056]},"properties":{"OBJECTID":1260,"idx":8281,"POINT_Y":18.767526029999999,"POINT_X":99.012137530000004,"name":null,"kom":0,"kalae":1,"text_lanna":0,"total_detect":1}},{"type":"Feature","id":1261,"geometry":{"type":"Point","coordinates":[99.009152540000059,18.760494790000052]},"properties":{"OBJECTID":1261,"idx":8282,"POINT_Y":18.760494789999999,"POINT_X":99.009152540000002,"name":"การเคหะ ซอย 4","kom":1,"kalae":0,"text_lanna":0,"total_detect":1}},{"type":"Feature","id":1262,"geometry":{"type":"Point","coordinates":[99.00145475000005,18.75880667000007]},"properties":{"OBJECTID":1262,"idx":8359,"POINT_Y":18.758806669999998,"POINT_X":99.001454749999994,"name":"เกาะกลาง ซอย 6","kom":1,"kalae":0,"text_lanna":0,"total_detect":1}},{"type":"Feature","id":1263,"geometry":{"type":"Point","coordinates":[98.973549680000076,18.800397360000034]},"properties":{"OBJECTID":1263,"idx":8374,"POINT_Y":18.800397360000002,"POINT_X":98.973549680000005,"name":"ซอยพลับพลึง","kom":0,"kalae":0,"text_lanna":1,"total_detect":1}},{"type":"Feature","id":1264,"geometry":{"type":"Point","coordinates":[99.008964280000043,18.767343700000026]},"properties":{"OBJECTID":1264,"idx":8594,"POINT_Y":18.767343700000001,"POINT_X":99.008964280000001,"name":"ถนนลำพูน ซอย8","kom":0,"kalae":0,"text_lanna":1,"total_detect":1}},{"type":"Feature","id":1265,"geometry":{"type":"Point","coordinates":[99.00638747000005,18.773976090000076]},"properties":{"OBJECTID":1265,"idx":8630,"POINT_Y":18.773976090000001,"POINT_X":99.006387470000007,"name":null,"kom":0,"kalae":1,"text_lanna":0,"total_detect":1}},{"type":"Feature","id":1266,"geometry":{"type":"Point","coordinates":[99.006348460000083,18.774209220000046]},"properties":{"OBJECTID":1266,"idx":8639,"POINT_Y":18.774209219999999,"POINT_X":99.006348459999998,"name":"ถนน กฟภ.","kom":0,"kalae":1,"text_lanna":0,"total_detect":1}},{"type":"Feature","id":1267,"geometry":{"type":"Point","coordinates":[99.025299980000057,18.769393150000042]},"properties":{"OBJECTID":1267,"idx":8680,"POINT_Y":18.769393149999999,"POINT_X":99.02529998,"name":null,"kom":0,"kalae":1,"text_lanna":0,"total_detect":1}},{"type":"Feature","id":1268,"geometry":{"type":"Point","coordinates":[98.974316440000052,18.797884100000033]},"properties":{"OBJECTID":1268,"idx":8764,"POINT_Y":18.797884100000001,"POINT_X":98.974316439999996,"name":"ถนนห้วยแก้ว","kom":1,"kalae":0,"text_lanna":0,"total_detect":1}},{"type":"Feature","id":1269,"geometry":{"type":"Point","coordinates":[98.985096700000042,18.777861350000023]},"properties":{"OBJECTID":1269,"idx":8815,"POINT_Y":18.777861349999998,"POINT_X":98.9850967,"name":"ถนนวัวลาย ซอย 3","kom":0,"kalae":1,"text_lanna":0,"total_detect":1}},{"type":"Feature","id":1270,"geometry":{"type":"Point","coordinates":[98.980379250000055,18.78925361000006]},"properties":{"OBJECTID":1270,"idx":8841,"POINT_Y":18.789253609999999,"POINT_X":98.980379249999999,"name":"ถนนอินทวโรรส","kom":0,"kalae":1,"text_lanna":1,"total_detect":2}},{"type":"Feature","id":1271,"geometry":{"type":"Point","coordinates":[98.982667400000082,18.78949644000005]},"properties":{"OBJECTID":1271,"idx":8849,"POINT_Y":18.789496440000001,"POINT_X":98.982667399999997,"name":"ถนนอินทวโรรส","kom":1,"kalae":0,"text_lanna":0,"total_detect":1}},{"type":"Feature","id":1272,"geometry":{"type":"Point","coordinates":[98.985360060000062,18.789722510000047]},"properties":{"OBJECTID":1272,"idx":8859,"POINT_Y":18.789722510000001,"POINT_X":98.985360060000005,"name":"ถนนอินทวโรรส","kom":0,"kalae":1,"text_lanna":0,"total_detect":1}},{"type":"Feature","id":1273,"geometry":{"type":"Point","coordinates":[98.992033150000054,18.787316940000039]},"properties":{"OBJECTID":1273,"idx":8921,"POINT_Y":18.78731694,"POINT_X":98.992033149999997,"name":"ถนนราชดำเนิน ซอย 2","kom":1,"kalae":0,"text_lanna":0,"total_detect":1}},{"type":"Feature","id":1274,"geometry":{"type":"Point","coordinates":[98.992648200000076,18.786596270000075]},"properties":{"OBJECTID":1274,"idx":8924,"POINT_Y":18.78659627,"POINT_X":98.992648200000005,"name":"ถนนมูลเมือง ซอย 3","kom":3,"kalae":0,"text_lanna":0,"total_detect":3}},{"type":"Feature","id":1275,"geometry":{"type":"Point","coordinates":[98.992160430000069,18.786499960000071]},"properties":{"OBJECTID":1275,"idx":8926,"POINT_Y":18.78649996,"POINT_X":98.992160429999998,"name":"ถนนมูลเมือง ซอย 3","kom":6,"kalae":0,"text_lanna":0,"total_detect":6}},{"type":"Feature","id":1276,"geometry":{"type":"Point","coordinates":[98.981285820000039,18.787682300000029]},"properties":{"OBJECTID":1276,"idx":8935,"POINT_Y":18.7876823,"POINT_X":98.981285819999997,"name":"ถนนสามล้าน ซอย1","kom":0,"kalae":1,"text_lanna":0,"total_detect":1}},{"type":"Feature","id":1277,"geometry":{"type":"Point","coordinates":[98.980360120000057,18.787741940000046]},"properties":{"OBJECTID":1277,"idx":8939,"POINT_Y":18.78774194,"POINT_X":98.98036012,"name":"ถนนสามล้าน ซอย1","kom":0,"kalae":0,"text_lanna":1,"total_detect":1}},{"type":"Feature","id":1278,"geometry":{"type":"Point","coordinates":[98.980097680000085,18.787754120000045]},"properties":{"OBJECTID":1278,"idx":8940,"POINT_Y":18.787754119999999,"POINT_X":98.98009768,"name":"ถนนสามล้าน ซอย1","kom":0,"kalae":1,"text_lanna":0,"total_detect":1}},{"type":"Feature","id":1279,"geometry":{"type":"Point","coordinates":[99.001083350000044,18.808314630000041]},"properties":{"OBJECTID":1279,"idx":8961,"POINT_Y":18.808314630000002,"POINT_X":99.001083350000002,"name":null,"kom":10,"kalae":0,"text_lanna":0,"total_detect":10}},{"type":"Feature","id":1280,"geometry":{"type":"Point","coordinates":[99.024613570000042,18.773480690000042]},"properties":{"OBJECTID":1280,"idx":9006,"POINT_Y":18.77348069,"POINT_X":99.02461357,"name":null,"kom":0,"kalae":0,"text_lanna":1,"total_detect":1}}]
}