{
  "type" : "FeatureCollection",
  "features" : [{"type":"Feature","id":1,"geometry":{"type":"Point","coordinates":[99.003130920218425,18.757054429578691]},"properties":{"OBJECTID":1,"idx":5564,"POINT_Y":18.75705443,"POINT_X":99.003130920000004,"name":"ถนนมหิดล","kom":0,"kalae":1,"text_lanna":0,"total_detect":1}},{"type":"Feature","id":2,"geometry":{"type":"Point","coordinates":[99.006909370033114,18.757944419702515]},"properties":{"OBJECTID":2,"idx":5550,"POINT_Y":18.757944420000001,"POINT_X":99.006909370000002,"name":"ถนนมหิดล","kom":0,"kalae":0,"text_lanna":1,"total_detect":1}},{"type":"Feature","id":3,"geometry":{"type":"Point","coordinates":[98.999820209670347,18.758000290418909]},"properties":{"OBJECTID":3,"idx":4276,"POINT_Y":18.758000289999998,"POINT_X":98.999820209999996,"name":"ถนนมหิดล","kom":0,"kalae":2,"text_lanna":0,"total_detect":2}},{"type":"Feature","id":4,"geometry":{"type":"Point","coordinates":[98.999533520283364,18.758273399616517]},"properties":{"OBJECTID":4,"idx":4274,"POINT_Y":18.7582734,"POINT_X":98.99953352,"name":"ถนนมหิดล","kom":2,"kalae":0,"text_lanna":0,"total_detect":2}},{"type":"Feature","id":5,"geometry":{"type":"Point","coordinates":[99.008629560398006,18.75828626001217]},"properties":{"OBJECTID":5,"idx":3468,"POINT_Y":18.758286259999998,"POINT_X":99.008629560000003,"name":"ถนนมหิดล","kom":2,"kalae":0,"text_lanna":0,"total_detect":2}},{"type":"Feature","id":6,"geometry":{"type":"Point","coordinates":[99.008816609660201,18.758316670217095]},"properties":{"OBJECTID":6,"idx":3467,"POINT_Y":18.758316669999999,"POINT_X":99.008816609999997,"name":"ถนนมหิดล","kom":0,"kalae":2,"text_lanna":0,"total_detect":2}},{"type":"Feature","id":7,"geometry":{"type":"Point","coordinates":[99.001683580404404,18.758612900290299]},"properties":{"OBJECTID":7,"idx":4325,"POINT_Y":18.758612899999999,"POINT_X":99.001683580000005,"name":"ถนน เกาะกลาง","kom":0,"kalae":0,"text_lanna":2,"total_detect":2}},{"type":"Feature","id":8,"geometry":{"type":"Point","coordinates":[99.009784420206259,18.758664760065642]},"properties":{"OBJECTID":8,"idx":5528,"POINT_Y":18.758664759999998,"POINT_X":99.009784420000003,"name":"ถนนมหิดล","kom":1,"kalae":0,"text_lanna":0,"total_detect":1}},{"type":"Feature","id":9,"geometry":{"type":"Point","coordinates":[99.001899710092871,18.758720109643388]},"properties":{"OBJECTID":9,"idx":4324,"POINT_Y":18.758720109999999,"POINT_X":99.001899710000004,"name":"ถนน เกาะกลาง","kom":0,"kalae":1,"text_lanna":0,"total_detect":1}},{"type":"Feature","id":10,"geometry":{"type":"Point","coordinates":[99.001454749679667,18.758806669793579]},"properties":{"OBJECTID":10,"idx":8359,"POINT_Y":18.758806669999998,"POINT_X":99.001454749999994,"name":"เกาะกลาง ซอย 6","kom":1,"kalae":0,"text_lanna":0,"total_detect":1}},{"type":"Feature","id":11,"geometry":{"type":"Point","coordinates":[99.002109429842506,18.758873010022079]},"properties":{"OBJECTID":11,"idx":4323,"POINT_Y":18.758873009999999,"POINT_X":99.002109430000004,"name":"ถนน เกาะกลาง","kom":0,"kalae":1,"text_lanna":0,"total_detect":1}},{"type":"Feature","id":12,"geometry":{"type":"Point","coordinates":[99.012759459557628,18.759046140049268]},"properties":{"OBJECTID":12,"idx":5608,"POINT_Y":18.759046139999999,"POINT_X":99.012759459999998,"name":"ถนนมหิดล","kom":4,"kalae":0,"text_lanna":0,"total_detect":4}},{"type":"Feature","id":13,"geometry":{"type":"Point","coordinates":[99.002906090256928,18.759625950224535]},"properties":{"OBJECTID":13,"idx":4320,"POINT_Y":18.75962595,"POINT_X":99.002906089999996,"name":"ถนน เกาะกลาง","kom":1,"kalae":0,"text_lanna":0,"total_detect":1}},{"type":"Feature","id":14,"geometry":{"type":"Point","coordinates":[99.01636131960322,18.759873920111836]},"properties":{"OBJECTID":14,"idx":4766,"POINT_Y":18.75987392,"POINT_X":99.016361320000001,"name":"ถนนมหิดล","kom":1,"kalae":0,"text_lanna":0,"total_detect":1}},{"type":"Feature","id":15,"geometry":{"type":"Point","coordinates":[98.997721679679884,18.759899209562434]},"properties":{"OBJECTID":15,"idx":4290,"POINT_Y":18.75989921,"POINT_X":98.997721679999998,"name":"ถนนมหิดล","kom":0,"kalae":0,"text_lanna":1,"total_detect":1}},{"type":"Feature","id":16,"geometry":{"type":"Point","coordinates":[99.007480310086038,18.759953810193114]},"properties":{"OBJECTID":16,"idx":1440,"POINT_Y":18.759953809999999,"POINT_X":99.007480310000005,"name":null,"kom":0,"kalae":2,"text_lanna":0,"total_detect":2}},{"type":"Feature","id":17,"geometry":{"type":"Point","coordinates":[99.007852100336763,18.760026339615628]},"properties":{"OBJECTID":17,"idx":1438,"POINT_Y":18.76002634,"POINT_X":99.007852099999994,"name":null,"kom":0,"kalae":0,"text_lanna":2,"total_detect":2}},{"type":"Feature","id":18,"geometry":{"type":"Point","coordinates":[98.997312910355575,18.760053680244809]},"properties":{"OBJECTID":18,"idx":4295,"POINT_Y":18.760053679999999,"POINT_X":98.997312910000005,"name":"ถนนมหิดล","kom":0,"kalae":1,"text_lanna":0,"total_detect":1}},{"type":"Feature","id":19,"geometry":{"type":"Point","coordinates":[99.008257780455111,18.760089509847869]},"properties":{"OBJECTID":19,"idx":1436,"POINT_Y":18.76008951,"POINT_X":99.008257779999994,"name":null,"kom":2,"kalae":0,"text_lanna":0,"total_detect":2}},{"type":"Feature","id":20,"geometry":{"type":"Point","coordinates":[99.013576609589009,18.760124220395806]},"properties":{"OBJECTID":20,"idx":7048,"POINT_Y":18.760124220000002,"POINT_X":99.013576610000001,"name":"ซอย 9","kom":1,"kalae":0,"text_lanna":0,"total_detect":1}},{"type":"Feature","id":21,"geometry":{"type":"Point","coordinates":[98.997149840190644,18.76037466041387]},"properties":{"OBJECTID":21,"idx":4286,"POINT_Y":18.76037466,"POINT_X":98.997149840000006,"name":"ถนนมหิดล","kom":1,"kalae":0,"text_lanna":0,"total_detect":1}},{"type":"Feature","id":22,"geometry":{"type":"Point","coordinates":[99.009152540153067,18.760494789921044]},"properties":{"OBJECTID":22,"idx":8282,"POINT_Y":18.760494789999999,"POINT_X":99.009152540000002,"name":"การเคหะ ซอย 4","kom":1,"kalae":0,"text_lanna":0,"total_detect":1}},{"type":"Feature","id":23,"geometry":{"type":"Point","coordinates":[99.003668320285627,18.760600539886401]},"properties":{"OBJECTID":23,"idx":4317,"POINT_Y":18.760600539999999,"POINT_X":99.003668320000003,"name":"ถนน เกาะกลาง","kom":0,"kalae":0,"text_lanna":1,"total_detect":1}},{"type":"Feature","id":24,"geometry":{"type":"Point","coordinates":[99.011643219990049,18.760669049822312]},"properties":{"OBJECTID":24,"idx":7061,"POINT_Y":18.760669050000001,"POINT_X":99.011643219999996,"name":null,"kom":3,"kalae":0,"text_lanna":0,"total_detect":3}},{"type":"Feature","id":25,"geometry":{"type":"Point","coordinates":[98.996720959894333,18.760731239932632]},"properties":{"OBJECTID":25,"idx":4283,"POINT_Y":18.760731239999998,"POINT_X":98.996720960000005,"name":"ถนนมหิดล","kom":0,"kalae":3,"text_lanna":2,"total_detect":5}},{"type":"Feature","id":26,"geometry":{"type":"Point","coordinates":[99.01950977024724,18.761032359695001]},"properties":{"OBJECTID":26,"idx":4775,"POINT_Y":18.761032360000002,"POINT_X":99.019509769999999,"name":"ถนนมหิดล","kom":0,"kalae":2,"text_lanna":0,"total_detect":2}},{"type":"Feature","id":27,"geometry":{"type":"Point","coordinates":[99.019686909990639,18.761097180054325]},"properties":{"OBJECTID":27,"idx":4774,"POINT_Y":18.76109718,"POINT_X":99.019686910000004,"name":"ถนนมหิดล","kom":7,"kalae":0,"text_lanna":0,"total_detect":7}},{"type":"Feature","id":28,"geometry":{"type":"Point","coordinates":[99.010512689990136,18.761152570378403]},"properties":{"OBJECTID":28,"idx":7041,"POINT_Y":18.76115257,"POINT_X":99.010512689999999,"name":"การเคหะ ซอย 5","kom":0,"kalae":1,"text_lanna":0,"total_detect":1}},{"type":"Feature","id":29,"geometry":{"type":"Point","coordinates":[99.019726870330587,18.761202259707677]},"properties":{"OBJECTID":29,"idx":4781,"POINT_Y":18.761202260000001,"POINT_X":99.01972687,"name":"ถนนมหิดล","kom":0,"kalae":4,"text_lanna":0,"total_detect":4}},{"type":"Feature","id":30,"geometry":{"type":"Point","coordinates":[99.010888259912221,18.7612045196263]},"properties":{"OBJECTID":30,"idx":7043,"POINT_Y":18.76120452,"POINT_X":99.010888260000002,"name":"การเคหะ ซอย 5","kom":0,"kalae":1,"text_lanna":0,"total_detect":1}},{"type":"Feature","id":31,"geometry":{"type":"Point","coordinates":[99.006305859527814,18.761290150353236]},"properties":{"OBJECTID":31,"idx":945,"POINT_Y":18.761290150000001,"POINT_X":99.006305859999998,"name":"ถนนเชียงใหม่-ลำพูน","kom":0,"kalae":0,"text_lanna":1,"total_detect":1}},{"type":"Feature","id":32,"geometry":{"type":"Point","coordinates":[99.009376330162993,18.761468189693456]},"properties":{"OBJECTID":32,"idx":1447,"POINT_Y":18.761468189999999,"POINT_X":99.009376329999995,"name":null,"kom":0,"kalae":0,"text_lanna":1,"total_detect":1}},{"type":"Feature","id":33,"geometry":{"type":"Point","coordinates":[98.998634449916111,18.761764369980551]},"properties":{"OBJECTID":33,"idx":1168,"POINT_Y":18.761764370000002,"POINT_X":98.998634449999997,"name":"ถนนป่าพร้าว","kom":0,"kalae":8,"text_lanna":0,"total_detect":8}},{"type":"Feature","id":34,"geometry":{"type":"Point","coordinates":[99.012905810334217,18.761883080107939]},"properties":{"OBJECTID":34,"idx":7076,"POINT_Y":18.76188308,"POINT_X":99.012905810000007,"name":null,"kom":2,"kalae":0,"text_lanna":0,"total_detect":2}},{"type":"Feature","id":35,"geometry":{"type":"Point","coordinates":[98.99853136960148,18.761916130287265]},"properties":{"OBJECTID":35,"idx":1167,"POINT_Y":18.761916129999999,"POINT_X":98.998531369999995,"name":"ถนนป่าพร้าว","kom":4,"kalae":0,"text_lanna":0,"total_detect":4}},{"type":"Feature","id":36,"geometry":{"type":"Point","coordinates":[98.998342440329466,18.762008590213398]},"properties":{"OBJECTID":36,"idx":5936,"POINT_Y":18.762008590000001,"POINT_X":98.998342440000002,"name":"ถนนป่าพร้าว 3","kom":0,"kalae":1,"text_lanna":0,"total_detect":1}},{"type":"Feature","id":37,"geometry":{"type":"Point","coordinates":[98.998441889795117,18.762074379872768]},"properties":{"OBJECTID":37,"idx":1178,"POINT_Y":18.762074380000001,"POINT_X":98.998441889999995,"name":null,"kom":0,"kalae":1,"text_lanna":0,"total_detect":1}},{"type":"Feature","id":38,"geometry":{"type":"Point","coordinates":[98.99840059964643,18.76209749038124]},"properties":{"OBJECTID":38,"idx":1166,"POINT_Y":18.762097489999999,"POINT_X":98.998400599999997,"name":"ถนนป่าพร้าว","kom":0,"kalae":1,"text_lanna":0,"total_detect":1}},{"type":"Feature","id":39,"geometry":{"type":"Point","coordinates":[99.022759610428935,18.762203529663818]},"properties":{"OBJECTID":39,"idx":1375,"POINT_Y":18.762203530000001,"POINT_X":99.022759609999994,"name":"ถนนมหิดล","kom":2,"kalae":0,"text_lanna":0,"total_detect":2}},{"type":"Feature","id":40,"geometry":{"type":"Point","coordinates":[99.023088600395354,18.76232558977221]},"properties":{"OBJECTID":40,"idx":1374,"POINT_Y":18.76232559,"POINT_X":99.023088599999994,"name":"ถนนมหิดล","kom":0,"kalae":2,"text_lanna":0,"total_detect":2}},{"type":"Feature","id":41,"geometry":{"type":"Point","coordinates":[99.005989160061347,18.762411710228097]},"properties":{"OBJECTID":41,"idx":939,"POINT_Y":18.762411709999999,"POINT_X":99.005989159999999,"name":"ถนนเชียงใหม่-ลำพูน","kom":1,"kalae":0,"text_lanna":0,"total_detect":1}},{"type":"Feature","id":42,"geometry":{"type":"Point","coordinates":[98.997868780184263,18.76255637986765]},"properties":{"OBJECTID":42,"idx":1163,"POINT_Y":18.762556379999999,"POINT_X":98.997868780000005,"name":"ถนนป่าพร้าว","kom":0,"kalae":1,"text_lanna":0,"total_detect":1}},{"type":"Feature","id":43,"geometry":{"type":"Point","coordinates":[98.99948735954024,18.762625519620187]},"properties":{"OBJECTID":43,"idx":1172,"POINT_Y":18.76262552,"POINT_X":98.999487360000003,"name":null,"kom":0,"kalae":6,"text_lanna":0,"total_detect":6}},{"type":"Feature","id":44,"geometry":{"type":"Point","coordinates":[98.995926660353561,18.762788500083477]},"properties":{"OBJECTID":44,"idx":5890,"POINT_Y":18.762788499999999,"POINT_X":98.995926659999995,"name":"ซอย 1","kom":1,"kalae":0,"text_lanna":0,"total_detect":1}},{"type":"Feature","id":45,"geometry":{"type":"Point","coordinates":[99.024063319987974,18.762788160269753]},"properties":{"OBJECTID":45,"idx":4793,"POINT_Y":18.762788159999999,"POINT_X":99.024063319999996,"name":"ถนนมหิดล","kom":2,"kalae":0,"text_lanna":0,"total_detect":2}},{"type":"Feature","id":46,"geometry":{"type":"Point","coordinates":[99.024446169703808,18.762811130182545]},"properties":{"OBJECTID":46,"idx":1368,"POINT_Y":18.762811129999999,"POINT_X":99.024446170000004,"name":"ถนนมหิดล","kom":0,"kalae":0,"text_lanna":1,"total_detect":1}},{"type":"Feature","id":47,"geometry":{"type":"Point","coordinates":[98.995741109629719,18.762826370240784]},"properties":{"OBJECTID":47,"idx":5891,"POINT_Y":18.762826369999999,"POINT_X":98.995741109999997,"name":"ซอย 1","kom":0,"kalae":1,"text_lanna":0,"total_detect":1}},{"type":"Feature","id":48,"geometry":{"type":"Point","coordinates":[99.022609880339104,18.762856660160619]},"properties":{"OBJECTID":48,"idx":4142,"POINT_Y":18.762856660000001,"POINT_X":99.022609880000005,"name":null,"kom":0,"kalae":3,"text_lanna":1,"total_detect":4}},{"type":"Feature","id":49,"geometry":{"type":"Point","coordinates":[98.997724629912554,18.762903439573332]},"properties":{"OBJECTID":49,"idx":1187,"POINT_Y":18.762903439999999,"POINT_X":98.997724629999993,"name":null,"kom":0,"kalae":0,"text_lanna":1,"total_detect":1}},{"type":"Feature","id":50,"geometry":{"type":"Point","coordinates":[99.024716000085874,18.763027200306524]},"properties":{"OBJECTID":50,"idx":4796,"POINT_Y":18.7630272,"POINT_X":99.024715999999998,"name":"ถนนมหิดล","kom":0,"kalae":1,"text_lanna":0,"total_detect":1}},{"type":"Feature","id":51,"geometry":{"type":"Point","coordinates":[99.005475320134735,18.763032080410316]},"properties":{"OBJECTID":51,"idx":4307,"POINT_Y":18.763032079999999,"POINT_X":99.005475320000002,"name":"ถนน เกาะกลาง","kom":0,"kalae":0,"text_lanna":1,"total_detect":1}},{"type":"Feature","id":52,"geometry":{"type":"Point","coordinates":[99.023212830401576,18.763077920314085]},"properties":{"OBJECTID":52,"idx":4139,"POINT_Y":18.763077920000001,"POINT_X":99.023212830000006,"name":null,"kom":0,"kalae":1,"text_lanna":0,"total_detect":1}},{"type":"Feature","id":53,"geometry":{"type":"Point","coordinates":[99.024893109751687,18.76309209977331]},"properties":{"OBJECTID":53,"idx":4797,"POINT_Y":18.763092100000001,"POINT_X":99.024893109999994,"name":"ถนนมหิดล","kom":0,"kalae":1,"text_lanna":0,"total_detect":1}},{"type":"Feature","id":54,"geometry":{"type":"Point","coordinates":[99.025545670323837,18.763189729702574]},"properties":{"OBJECTID":54,"idx":4188,"POINT_Y":18.763189730000001,"POINT_X":99.02554567,"name":null,"kom":0,"kalae":2,"text_lanna":0,"total_detect":2}},{"type":"Feature","id":55,"geometry":{"type":"Point","coordinates":[98.998120780445603,18.76324707005362]},"properties":{"OBJECTID":55,"idx":1189,"POINT_Y":18.763247069999998,"POINT_X":98.998120779999994,"name":null,"kom":0,"kalae":1,"text_lanna":0,"total_detect":1}},{"type":"Feature","id":56,"geometry":{"type":"Point","coordinates":[99.005773609823308,18.763291869941252]},"properties":{"OBJECTID":56,"idx":934,"POINT_Y":18.76329187,"POINT_X":99.005773610000006,"name":"ถนนเชียงใหม่-ลำพูน","kom":0,"kalae":0,"text_lanna":1,"total_detect":1}},{"type":"Feature","id":57,"geometry":{"type":"Point","coordinates":[99.025610539991249,18.763354820036774]},"properties":{"OBJECTID":57,"idx":4800,"POINT_Y":18.76335482,"POINT_X":99.025610540000002,"name":"ถนนมหิดล","kom":0,"kalae":1,"text_lanna":0,"total_detect":1}},{"type":"Feature","id":58,"geometry":{"type":"Point","coordinates":[99.022747129781436,18.763481609928316]},"properties":{"OBJECTID":58,"idx":4130,"POINT_Y":18.763481609999999,"POINT_X":99.022747129999999,"name":null,"kom":2,"kalae":0,"text_lanna":0,"total_detect":2}},{"type":"Feature","id":59,"geometry":{"type":"Point","coordinates":[98.998395949740228,18.763496030134863]},"properties":{"OBJECTID":59,"idx":1191,"POINT_Y":18.763496029999999,"POINT_X":98.998395950000003,"name":null,"kom":0,"kalae":0,"text_lanna":1,"total_detect":1}},{"type":"Feature","id":60,"geometry":{"type":"Point","coordinates":[98.993049320251174,18.763548230132496]},"properties":{"OBJECTID":60,"idx":1408,"POINT_Y":18.763548230000001,"POINT_X":98.993049319999997,"name":"ถนนมหิดล","kom":3,"kalae":0,"text_lanna":0,"total_detect":3}},{"type":"Feature","id":61,"geometry":{"type":"Point","coordinates":[98.997766309913757,18.763630369574329]},"properties":{"OBJECTID":61,"idx":7603,"POINT_Y":18.763630370000001,"POINT_X":98.997766310000003,"name":null,"kom":1,"kalae":0,"text_lanna":0,"total_detect":1}},{"type":"Feature","id":62,"geometry":{"type":"Point","coordinates":[98.998591079676231,18.763672590094838]},"properties":{"OBJECTID":62,"idx":1192,"POINT_Y":18.763672589999999,"POINT_X":98.998591079999997,"name":null,"kom":8,"kalae":0,"text_lanna":0,"total_detect":8}},{"type":"Feature","id":63,"geometry":{"type":"Point","coordinates":[98.994399930201368,18.763883870421981]},"properties":{"OBJECTID":63,"idx":3868,"POINT_Y":18.763883870000001,"POINT_X":98.99439993,"name":null,"kom":0,"kalae":2,"text_lanna":0,"total_detect":2}},{"type":"Feature","id":64,"geometry":{"type":"Point","coordinates":[99.005668369708602,18.763951079722737]},"properties":{"OBJECTID":64,"idx":932,"POINT_Y":18.763951079999998,"POINT_X":99.005668369999995,"name":"ถนนเชียงใหม่-ลำพูน","kom":0,"kalae":2,"text_lanna":0,"total_detect":2}},{"type":"Feature","id":65,"geometry":{"type":"Point","coordinates":[98.992545789942767,18.763962420196023]},"properties":{"OBJECTID":65,"idx":1411,"POINT_Y":18.763962419999999,"POINT_X":98.992545789999994,"name":"ถนนมหิดล","kom":6,"kalae":0,"text_lanna":0,"total_detect":6}},{"type":"Feature","id":66,"geometry":{"type":"Point","coordinates":[99.000957400254791,18.763966870179907]},"properties":{"OBJECTID":66,"idx":903,"POINT_Y":18.763966870000001,"POINT_X":99.000957400000004,"name":"ถนนช้างคลาน","kom":0,"kalae":0,"text_lanna":1,"total_detect":1}},{"type":"Feature","id":67,"geometry":{"type":"Point","coordinates":[98.992723820123956,18.76398027980175]},"properties":{"OBJECTID":67,"idx":1357,"POINT_Y":18.763980279999998,"POINT_X":98.992723819999995,"name":"ถนนมหิดล","kom":0,"kalae":2,"text_lanna":0,"total_detect":2}},{"type":"Feature","id":68,"geometry":{"type":"Point","coordinates":[98.9989583603612,18.763985820429749]},"properties":{"OBJECTID":68,"idx":1194,"POINT_Y":18.763985819999998,"POINT_X":98.998958360000003,"name":null,"kom":2,"kalae":0,"text_lanna":0,"total_detect":2}},{"type":"Feature","id":69,"geometry":{"type":"Point","coordinates":[99.000360790028154,18.764108810025338]},"properties":{"OBJECTID":69,"idx":1183,"POINT_Y":18.76410881,"POINT_X":99.000360790000002,"name":null,"kom":1,"kalae":0,"text_lanna":0,"total_detect":1}},{"type":"Feature","id":70,"geometry":{"type":"Point","coordinates":[99.000882949569885,18.764133140163121]},"properties":{"OBJECTID":70,"idx":902,"POINT_Y":18.764133139999998,"POINT_X":99.000882950000005,"name":"ถนนช้างคลาน","kom":9,"kalae":0,"text_lanna":0,"total_detect":9}},{"type":"Feature","id":71,"geometry":{"type":"Point","coordinates":[98.992483779955222,18.764174850286711]},"properties":{"OBJECTID":71,"idx":1356,"POINT_Y":18.76417485,"POINT_X":98.992483780000001,"name":"ถนนมหิดล","kom":1,"kalae":0,"text_lanna":0,"total_detect":1}},{"type":"Feature","id":72,"geometry":{"type":"Point","coordinates":[99.028729989554051,18.764340819865065]},"properties":{"OBJECTID":72,"idx":7011,"POINT_Y":18.764340820000001,"POINT_X":99.028729990000002,"name":"ถนนมหิดล","kom":0,"kalae":0,"text_lanna":1,"total_detect":1}},{"type":"Feature","id":73,"geometry":{"type":"Point","coordinates":[99.028909190432969,18.764400259909646]},"properties":{"OBJECTID":73,"idx":7010,"POINT_Y":18.764400259999999,"POINT_X":99.028909189999993,"name":"ถนนมหิดล","kom":0,"kalae":0,"text_lanna":1,"total_detect":1}},{"type":"Feature","id":74,"geometry":{"type":"Point","coordinates":[98.994203219734814,18.764406640013146]},"properties":{"OBJECTID":74,"idx":3895,"POINT_Y":18.764406640000001,"POINT_X":98.994203220000003,"name":null,"kom":0,"kalae":1,"text_lanna":0,"total_detect":1}},{"type":"Feature","id":75,"geometry":{"type":"Point","coordinates":[98.99212192010252,18.764469520211108]},"properties":{"OBJECTID":75,"idx":1354,"POINT_Y":18.764469519999999,"POINT_X":98.992121920000002,"name":"ถนนมหิดล","kom":0,"kalae":1,"text_lanna":0,"total_detect":1}},{"type":"Feature","id":76,"geometry":{"type":"Point","coordinates":[99.025450170327304,18.764480220429576]},"properties":{"OBJECTID":76,"idx":4031,"POINT_Y":18.764480219999999,"POINT_X":99.025450169999999,"name":null,"kom":0,"kalae":3,"text_lanna":0,"total_detect":3}},{"type":"Feature","id":77,"geometry":{"type":"Point","coordinates":[99.000701730316365,18.764546329985631]},"properties":{"OBJECTID":77,"idx":900,"POINT_Y":18.764546330000002,"POINT_X":99.000701730000003,"name":"ถนนช้างคลาน","kom":0,"kalae":1,"text_lanna":0,"total_detect":1}},{"type":"Feature","id":78,"geometry":{"type":"Point","coordinates":[98.995258550157786,18.764577270328957]},"properties":{"OBJECTID":78,"idx":3873,"POINT_Y":18.76457727,"POINT_X":98.995258550000003,"name":null,"kom":2,"kalae":0,"text_lanna":0,"total_detect":2}},{"type":"Feature","id":79,"geometry":{"type":"Point","coordinates":[98.991976920074762,18.764586120313208]},"properties":{"OBJECTID":79,"idx":1353,"POINT_Y":18.764586120000001,"POINT_X":98.991976919999999,"name":"ถนนมหิดล","kom":0,"kalae":1,"text_lanna":0,"total_detect":1}},{"type":"Feature","id":80,"geometry":{"type":"Point","coordinates":[98.991774709975147,18.764594270052676]},"properties":{"OBJECTID":80,"idx":1415,"POINT_Y":18.76459427,"POINT_X":98.991774710000001,"name":"ถนนมหิดล","kom":6,"kalae":0,"text_lanna":0,"total_detect":6}},{"type":"Feature","id":81,"geometry":{"type":"Point","coordinates":[98.994719930249843,18.764618479629977]},"properties":{"OBJECTID":81,"idx":3888,"POINT_Y":18.764618479999999,"POINT_X":98.994719930000002,"name":"ถนน เชียงใหม่แลนด์ ซอย 7","kom":0,"kalae":2,"text_lanna":0,"total_detect":2}},{"type":"Feature","id":82,"geometry":{"type":"Point","coordinates":[98.994499090470299,18.764633059553343]},"properties":{"OBJECTID":82,"idx":3897,"POINT_Y":18.764633060000001,"POINT_X":98.994499090000005,"name":null,"kom":0,"kalae":0,"text_lanna":2,"total_detect":2}},{"type":"Feature","id":83,"geometry":{"type":"Point","coordinates":[99.022446260135453,18.764659819761622]},"properties":{"OBJECTID":83,"idx":4084,"POINT_Y":18.764659819999999,"POINT_X":99.022446259999995,"name":"มงฟอร์ด วิลล่า 4","kom":0,"kalae":0,"text_lanna":1,"total_detect":1}},{"type":"Feature","id":84,"geometry":{"type":"Point","coordinates":[99.021592690117615,18.764667230144855]},"properties":{"OBJECTID":84,"idx":4560,"POINT_Y":18.764667230000001,"POINT_X":99.021592690000006,"name":null,"kom":0,"kalae":2,"text_lanna":0,"total_detect":2}},{"type":"Feature","id":85,"geometry":{"type":"Point","coordinates":[98.991831910360261,18.764702710359241]},"properties":{"OBJECTID":85,"idx":1352,"POINT_Y":18.764702710000002,"POINT_X":98.991831910000002,"name":"ถนนมหิดล","kom":2,"kalae":0,"text_lanna":0,"total_detect":2}},{"type":"Feature","id":86,"geometry":{"type":"Point","coordinates":[98.991629420236293,18.764710539987028]},"properties":{"OBJECTID":86,"idx":1416,"POINT_Y":18.764710539999999,"POINT_X":98.991629419999995,"name":"ถนนมหิดล","kom":0,"kalae":1,"text_lanna":0,"total_detect":1}},{"type":"Feature","id":87,"geometry":{"type":"Point","coordinates":[99.000629469895529,18.76471346025885]},"properties":{"OBJECTID":87,"idx":899,"POINT_Y":18.764713459999999,"POINT_X":99.000629470000007,"name":"ถนนช้างคลาน","kom":0,"kalae":0,"text_lanna":1,"total_detect":1}},{"type":"Feature","id":88,"geometry":{"type":"Point","coordinates":[99.000326460372463,18.764831150040926]},"properties":{"OBJECTID":88,"idx":1201,"POINT_Y":18.764831149999999,"POINT_X":99.000326459999997,"name":null,"kom":0,"kalae":2,"text_lanna":0,"total_detect":2}},{"type":"Feature","id":89,"geometry":{"type":"Point","coordinates":[99.028113389627322,18.764850790190717]},"properties":{"OBJECTID":89,"idx":4062,"POINT_Y":18.764850790000001,"POINT_X":99.028113390000001,"name":"ถนนต้นขาม 2","kom":0,"kalae":9,"text_lanna":0,"total_detect":9}},{"type":"Feature","id":90,"geometry":{"type":"Point","coordinates":[98.996545720039052,18.764915480116567]},"properties":{"OBJECTID":90,"idx":1206,"POINT_Y":18.764915479999999,"POINT_X":98.99654572,"name":null,"kom":0,"kalae":1,"text_lanna":0,"total_detect":1}},{"type":"Feature","id":91,"geometry":{"type":"Point","coordinates":[99.000471470156413,18.765093060346025]},"properties":{"OBJECTID":91,"idx":897,"POINT_Y":18.765093060000002,"POINT_X":99.000471469999994,"name":"ถนนช้างคลาน","kom":0,"kalae":0,"text_lanna":2,"total_detect":2}},{"type":"Feature","id":92,"geometry":{"type":"Point","coordinates":[99.027542719983714,18.765096820239123]},"properties":{"OBJECTID":92,"idx":4059,"POINT_Y":18.76509682,"POINT_X":99.02754272,"name":"ถนนต้นขาม 2","kom":0,"kalae":2,"text_lanna":0,"total_detect":2}},{"type":"Feature","id":93,"geometry":{"type":"Point","coordinates":[99.027361919583967,18.765151689744602]},"properties":{"OBJECTID":93,"idx":4058,"POINT_Y":18.76515169,"POINT_X":99.027361920000004,"name":"ถนนต้นขาม 2","kom":0,"kalae":2,"text_lanna":0,"total_detect":2}},{"type":"Feature","id":94,"geometry":{"type":"Point","coordinates":[98.995985169828273,18.765158439680135]},"properties":{"OBJECTID":94,"idx":3878,"POINT_Y":18.76515844,"POINT_X":98.995985169999997,"name":null,"kom":0,"kalae":1,"text_lanna":0,"total_detect":1}},{"type":"Feature","id":95,"geometry":{"type":"Point","coordinates":[99.029399680407707,18.765300560228177]},"properties":{"OBJECTID":95,"idx":152,"POINT_Y":18.76530056,"POINT_X":99.029399679999997,"name":"ถนนซุปเปอร์ไฮเวย์","kom":0,"kalae":1,"text_lanna":0,"total_detect":1}},{"type":"Feature","id":96,"geometry":{"type":"Point","coordinates":[98.990725409962934,18.765303770402337]},"properties":{"OBJECTID":96,"idx":1420,"POINT_Y":18.765303769999999,"POINT_X":98.990725409999996,"name":"ถนนมหิดล","kom":0,"kalae":1,"text_lanna":0,"total_detect":1}},{"type":"Feature","id":97,"geometry":{"type":"Point","coordinates":[99.026755290142631,18.765336600142238]},"properties":{"OBJECTID":97,"idx":4055,"POINT_Y":18.765336600000001,"POINT_X":99.026755289999997,"name":"ถนนต้นขาม 2","kom":0,"kalae":0,"text_lanna":1,"total_detect":1}},{"type":"Feature","id":98,"geometry":{"type":"Point","coordinates":[99.014095390285775,18.765466970405516]},"properties":{"OBJECTID":98,"idx":7037,"POINT_Y":18.765466969999999,"POINT_X":99.014095389999994,"name":"ซอย ต๋าเหิน","kom":0,"kalae":0,"text_lanna":1,"total_detect":1}},{"type":"Feature","id":99,"geometry":{"type":"Point","coordinates":[99.000297179882125,18.76552499977188]},"properties":{"OBJECTID":99,"idx":895,"POINT_Y":18.765525,"POINT_X":99.000297180000004,"name":"ถนนช้างคลาน","kom":6,"kalae":0,"text_lanna":0,"total_detect":6}},{"type":"Feature","id":100,"geometry":{"type":"Point","coordinates":[99.021170740262491,18.765645230328747]},"properties":{"OBJECTID":100,"idx":4558,"POINT_Y":18.765645230000001,"POINT_X":99.021170740000002,"name":null,"kom":1,"kalae":0,"text_lanna":0,"total_detect":1}},{"type":"Feature","id":101,"geometry":{"type":"Point","coordinates":[99.029348719853047,18.765658800360118]},"properties":{"OBJECTID":101,"idx":150,"POINT_Y":18.765658800000001,"POINT_X":99.029348720000002,"name":"ถนนซุปเปอร์ไฮเวย์","kom":0,"kalae":2,"text_lanna":0,"total_detect":2}},{"type":"Feature","id":102,"geometry":{"type":"Point","coordinates":[98.997754530242332,18.765672979645309]},"properties":{"OBJECTID":102,"idx":1213,"POINT_Y":18.765672980000002,"POINT_X":98.997754529999995,"name":null,"kom":0,"kalae":4,"text_lanna":0,"total_detect":4}},{"type":"Feature","id":103,"geometry":{"type":"Point","coordinates":[99.021341829881706,18.765692300211768]},"properties":{"OBJECTID":103,"idx":4122,"POINT_Y":18.765692300000001,"POINT_X":99.021341829999997,"name":"มงฟอร์ด วิลล่า 10","kom":1,"kalae":0,"text_lanna":1,"total_detect":2}},{"type":"Feature","id":104,"geometry":{"type":"Point","coordinates":[99.026928839781021,18.765721260424357]},"properties":{"OBJECTID":104,"idx":4067,"POINT_Y":18.765721259999999,"POINT_X":99.026928839999997,"name":"ซอยศรีปันกรัว","kom":1,"kalae":0,"text_lanna":0,"total_detect":1}},{"type":"Feature","id":105,"geometry":{"type":"Point","coordinates":[99.00998021047171,18.765799860381826]},"properties":{"OBJECTID":105,"idx":3150,"POINT_Y":18.765799860000001,"POINT_X":99.009980209999995,"name":"ถนนเชียงใหม่-ลำพูน ซอย9","kom":1,"kalae":0,"text_lanna":1,"total_detect":2}},{"type":"Feature","id":106,"geometry":{"type":"Point","coordinates":[98.989735620203646,18.765844629664404]},"properties":{"OBJECTID":106,"idx":1343,"POINT_Y":18.76584463,"POINT_X":98.989735620000005,"name":"ถนนมหิดล","kom":4,"kalae":0,"text_lanna":0,"total_detect":4}},{"type":"Feature","id":107,"geometry":{"type":"Point","coordinates":[99.021874119854829,18.765884599823007]},"properties":{"OBJECTID":107,"idx":4119,"POINT_Y":18.7658846,"POINT_X":99.021874120000007,"name":"มงฟอร์ด วิลล่า 10","kom":1,"kalae":0,"text_lanna":0,"total_detect":1}},{"type":"Feature","id":108,"geometry":{"type":"Point","coordinates":[99.022051539677008,18.765948700260552]},"properties":{"OBJECTID":108,"idx":4118,"POINT_Y":18.765948699999999,"POINT_X":99.022051540000007,"name":"มงฟอร์ด วิลล่า 10","kom":0,"kalae":2,"text_lanna":0,"total_detect":2}},{"type":"Feature","id":109,"geometry":{"type":"Point","coordinates":[98.999957639817296,18.765989539707093]},"properties":{"OBJECTID":109,"idx":1218,"POINT_Y":18.76598954,"POINT_X":98.999957640000005,"name":null,"kom":0,"kalae":0,"text_lanna":1,"total_detect":1}},{"type":"Feature","id":110,"geometry":{"type":"Point","coordinates":[99.021250669621054,18.76603638031489]},"properties":{"OBJECTID":110,"idx":4115,"POINT_Y":18.766036379999999,"POINT_X":99.021250670000001,"name":"มงฟอร์ด วิลล่า 12","kom":0,"kalae":2,"text_lanna":0,"total_detect":2}},{"type":"Feature","id":111,"geometry":{"type":"Point","coordinates":[98.989019040291069,18.766083069649632]},"properties":{"OBJECTID":111,"idx":1339,"POINT_Y":18.766083070000001,"POINT_X":98.989019040000002,"name":"ถนนมหิดล","kom":0,"kalae":0,"text_lanna":1,"total_detect":1}},{"type":"Feature","id":112,"geometry":{"type":"Point","coordinates":[98.997206879960174,18.766155239828411]},"properties":{"OBJECTID":112,"idx":3886,"POINT_Y":18.76615524,"POINT_X":98.997206879999993,"name":null,"kom":4,"kalae":0,"text_lanna":0,"total_detect":4}},{"type":"Feature","id":113,"geometry":{"type":"Point","coordinates":[99.013033629566934,18.766191319571689]},"properties":{"OBJECTID":113,"idx":7029,"POINT_Y":18.766191320000001,"POINT_X":99.013033629999995,"name":null,"kom":2,"kalae":0,"text_lanna":0,"total_detect":2}},{"type":"Feature","id":114,"geometry":{"type":"Point","coordinates":[99.029272279568275,18.766196159602856]},"properties":{"OBJECTID":114,"idx":147,"POINT_Y":18.76619616,"POINT_X":99.029272280000001,"name":"ถนนซุปเปอร์ไฮเวย์","kom":0,"kalae":0,"text_lanna":2,"total_detect":2}},{"type":"Feature","id":115,"geometry":{"type":"Point","coordinates":[99.02614299982659,18.766235959951146]},"properties":{"OBJECTID":115,"idx":4051,"POINT_Y":18.766235959999999,"POINT_X":99.026143000000005,"name":"ถนนต้นขาม 2","kom":0,"kalae":2,"text_lanna":0,"total_detect":2}},{"type":"Feature","id":116,"geometry":{"type":"Point","coordinates":[99.002377600258114,18.766263000089712]},"properties":{"OBJECTID":116,"idx":4826,"POINT_Y":18.766262999999999,"POINT_X":99.002377600000003,"name":"ถนนเจริญประเทศ","kom":0,"kalae":0,"text_lanna":1,"total_detect":1}},{"type":"Feature","id":117,"geometry":{"type":"Point","coordinates":[99.025731530226551,18.766282839743319]},"properties":{"OBJECTID":117,"idx":4079,"POINT_Y":18.766282839999999,"POINT_X":99.025731530000002,"name":"ซอยข้างเรงเรียนกาวิละ","kom":6,"kalae":0,"text_lanna":0,"total_detect":6}},{"type":"Feature","id":118,"geometry":{"type":"Point","coordinates":[99.003654250190834,18.766292040001154]},"properties":{"OBJECTID":118,"idx":963,"POINT_Y":18.76629204,"POINT_X":99.003654249999997,"name":null,"kom":2,"kalae":1,"text_lanna":0,"total_detect":3}},{"type":"Feature","id":119,"geometry":{"type":"Point","coordinates":[99.02531907012937,18.766299820447323]},"properties":{"OBJECTID":119,"idx":4077,"POINT_Y":18.76629982,"POINT_X":99.025319069999995,"name":"ซอยข้างเรงเรียนกาวิละ","kom":1,"kalae":0,"text_lanna":0,"total_detect":1}},{"type":"Feature","id":120,"geometry":{"type":"Point","coordinates":[99.021954489560855,18.766307129980223]},"properties":{"OBJECTID":120,"idx":4111,"POINT_Y":18.766307130000001,"POINT_X":99.021954489999999,"name":"มงฟอร์ด วิลล่า 12","kom":0,"kalae":1,"text_lanna":2,"total_detect":3}},{"type":"Feature","id":121,"geometry":{"type":"Point","coordinates":[98.988296329814844,18.766324859563412]},"properties":{"OBJECTID":121,"idx":1335,"POINT_Y":18.766324860000001,"POINT_X":98.988296329999997,"name":"ถนนมหิดล","kom":0,"kalae":1,"text_lanna":0,"total_detect":1}},{"type":"Feature","id":122,"geometry":{"type":"Point","coordinates":[99.024680099998093,18.766366920194482]},"properties":{"OBJECTID":122,"idx":4035,"POINT_Y":18.766366919999999,"POINT_X":99.024680099999998,"name":null,"kom":0,"kalae":2,"text_lanna":0,"total_detect":2}},{"type":"Feature","id":123,"geometry":{"type":"Point","coordinates":[99.022130450113991,18.766374810427902]},"properties":{"OBJECTID":123,"idx":4110,"POINT_Y":18.766374809999999,"POINT_X":99.022130450000006,"name":"มงฟอร์ด วิลล่า 12","kom":0,"kalae":0,"text_lanna":2,"total_detect":2}},{"type":"Feature","id":124,"geometry":{"type":"Point","coordinates":[99.008279659574669,18.766497250026447]},"properties":{"OBJECTID":124,"idx":4942,"POINT_Y":18.76649725,"POINT_X":99.008279659999999,"name":"ถนนลำพูน ซอย9","kom":0,"kalae":2,"text_lanna":1,"total_detect":3}},{"type":"Feature","id":125,"geometry":{"type":"Point","coordinates":[99.00428408035242,18.766499970020355]},"properties":{"OBJECTID":125,"idx":958,"POINT_Y":18.766499970000002,"POINT_X":99.004284080000005,"name":null,"kom":0,"kalae":1,"text_lanna":0,"total_detect":1}},{"type":"Feature","id":126,"geometry":{"type":"Point","coordinates":[99.029221309940837,18.766554409609562]},"properties":{"OBJECTID":126,"idx":145,"POINT_Y":18.766554410000001,"POINT_X":99.029221309999997,"name":"ถนนซุปเปอร์ไฮเวย์","kom":0,"kalae":0,"text_lanna":1,"total_detect":1}},{"type":"Feature","id":127,"geometry":{"type":"Point","coordinates":[99.021633959961861,18.766565819734303]},"properties":{"OBJECTID":127,"idx":4106,"POINT_Y":18.76656582,"POINT_X":99.021633960000003,"name":"มงฟอร์ด วิลล่า 14","kom":26,"kalae":0,"text_lanna":0,"total_detect":26}},{"type":"Feature","id":128,"geometry":{"type":"Point","coordinates":[98.987020880441008,18.766620660356764]},"properties":{"OBJECTID":128,"idx":1379,"POINT_Y":18.766620660000001,"POINT_X":98.987020880000003,"name":"ถนนมหิดล","kom":1,"kalae":0,"text_lanna":0,"total_detect":1}},{"type":"Feature","id":129,"geometry":{"type":"Point","coordinates":[99.021810579870746,18.766631909732229]},"properties":{"OBJECTID":129,"idx":4105,"POINT_Y":18.766631910000001,"POINT_X":99.021810579999993,"name":"มงฟอร์ด วิลล่า 14","kom":0,"kalae":3,"text_lanna":0,"total_detect":3}},{"type":"Feature","id":130,"geometry":{"type":"Point","coordinates":[98.999821509845006,18.766660760097924]},"properties":{"OBJECTID":130,"idx":889,"POINT_Y":18.766660760000001,"POINT_X":98.999821510000004,"name":"ถนนช้างคลาน","kom":0,"kalae":0,"text_lanna":1,"total_detect":1}},{"type":"Feature","id":131,"geometry":{"type":"Point","coordinates":[99.007018249910246,18.76669902964408]},"properties":{"OBJECTID":131,"idx":4948,"POINT_Y":18.766699030000002,"POINT_X":99.007018250000002,"name":"ถนนลำพูน ซอย9","kom":8,"kalae":0,"text_lanna":0,"total_detect":8}},{"type":"Feature","id":132,"geometry":{"type":"Point","coordinates":[99.022000480079484,18.766703279756143]},"properties":{"OBJECTID":132,"idx":4104,"POINT_Y":18.766703280000002,"POINT_X":99.022000480000003,"name":"มงฟอร์ด วิลล่า 14","kom":0,"kalae":0,"text_lanna":4,"total_detect":4}},{"type":"Feature","id":133,"geometry":{"type":"Point","coordinates":[99.002050310392818,18.766706689553338]},"properties":{"OBJECTID":133,"idx":4829,"POINT_Y":18.766706689999999,"POINT_X":99.002050310000001,"name":"ถนนเจริญประเทศ","kom":1,"kalae":0,"text_lanna":0,"total_detect":1}},{"type":"Feature","id":134,"geometry":{"type":"Point","coordinates":[99.005086469905677,18.766757009832407]},"properties":{"OBJECTID":134,"idx":960,"POINT_Y":18.766757009999999,"POINT_X":99.005086469999995,"name":null,"kom":0,"kalae":0,"text_lanna":1,"total_detect":1}},{"type":"Feature","id":135,"geometry":{"type":"Point","coordinates":[98.986577200224886,18.766765980348641]},"properties":{"OBJECTID":135,"idx":1381,"POINT_Y":18.766765979999999,"POINT_X":98.986577199999999,"name":"ถนนมหิดล","kom":1,"kalae":0,"text_lanna":0,"total_detect":1}},{"type":"Feature","id":136,"geometry":{"type":"Point","coordinates":[98.992225330362544,18.766780000200523]},"properties":{"OBJECTID":136,"idx":3923,"POINT_Y":18.766780000000001,"POINT_X":98.992225329999997,"name":null,"kom":0,"kalae":1,"text_lanna":0,"total_detect":1}},{"type":"Feature","id":137,"geometry":{"type":"Point","coordinates":[98.991912959928953,18.766797250266119]},"properties":{"OBJECTID":137,"idx":3924,"POINT_Y":18.76679725,"POINT_X":98.991912959999993,"name":null,"kom":0,"kalae":0,"text_lanna":1,"total_detect":1}},{"type":"Feature","id":138,"geometry":{"type":"Point","coordinates":[98.991723510415412,18.766807689802061]},"properties":{"OBJECTID":138,"idx":3925,"POINT_Y":18.76680769,"POINT_X":98.99172351,"name":null,"kom":0,"kalae":2,"text_lanna":0,"total_detect":2}},{"type":"Feature","id":139,"geometry":{"type":"Point","coordinates":[99.026159989708276,18.766806069953262]},"properties":{"OBJECTID":139,"idx":4048,"POINT_Y":18.766806070000001,"POINT_X":99.026159989999996,"name":"ถนนต้นขาม 2","kom":0,"kalae":2,"text_lanna":0,"total_detect":2}},{"type":"Feature","id":140,"geometry":{"type":"Point","coordinates":[98.986397650201539,18.766824469776676]},"properties":{"OBJECTID":140,"idx":1382,"POINT_Y":18.76682447,"POINT_X":98.986397650000001,"name":"ถนนมหิดล","kom":1,"kalae":0,"text_lanna":0,"total_detect":1}},{"type":"Feature","id":141,"geometry":{"type":"Point","coordinates":[98.991543809554287,18.766900389951942]},"properties":{"OBJECTID":141,"idx":3935,"POINT_Y":18.76690039,"POINT_X":98.991543809999996,"name":null,"kom":0,"kalae":2,"text_lanna":0,"total_detect":2}},{"type":"Feature","id":142,"geometry":{"type":"Point","coordinates":[99.020617440355835,18.766925669694441]},"properties":{"OBJECTID":142,"idx":4553,"POINT_Y":18.766925669999999,"POINT_X":99.020617439999995,"name":null,"kom":0,"kalae":2,"text_lanna":0,"total_detect":2}},{"type":"Feature","id":143,"geometry":{"type":"Point","coordinates":[99.020545200445056,18.767092810323089]},"properties":{"OBJECTID":143,"idx":4552,"POINT_Y":18.767092810000001,"POINT_X":99.020545200000001,"name":null,"kom":0,"kalae":0,"text_lanna":2,"total_detect":2}},{"type":"Feature","id":144,"geometry":{"type":"Point","coordinates":[98.996064480064035,18.767107699554071]},"properties":{"OBJECTID":144,"idx":3440,"POINT_Y":18.7671077,"POINT_X":98.996064480000001,"name":"ถนน เชียงใหม่แลนด์","kom":0,"kalae":0,"text_lanna":1,"total_detect":1}},{"type":"Feature","id":145,"geometry":{"type":"Point","coordinates":[98.992236950128031,18.767221049885016]},"properties":{"OBJECTID":145,"idx":3913,"POINT_Y":18.76722105,"POINT_X":98.992236950000006,"name":null,"kom":1,"kalae":0,"text_lanna":0,"total_detect":1}},{"type":"Feature","id":146,"geometry":{"type":"Point","coordinates":[98.989973259549046,18.76724240993855]},"properties":{"OBJECTID":146,"idx":5390,"POINT_Y":18.767242410000001,"POINT_X":98.989973259999999,"name":"ซอยทวีคูณ","kom":2,"kalae":0,"text_lanna":0,"total_detect":2}},{"type":"Feature","id":147,"geometry":{"type":"Point","coordinates":[98.985091660465642,18.767246700067826]},"properties":{"OBJECTID":147,"idx":1388,"POINT_Y":18.767246700000001,"POINT_X":98.985091659999995,"name":"ถนนมหิดล","kom":1,"kalae":0,"text_lanna":0,"total_detect":1}},{"type":"Feature","id":148,"geometry":{"type":"Point","coordinates":[99.00166281040859,18.767256240030001]},"properties":{"OBJECTID":148,"idx":4831,"POINT_Y":18.767256239999998,"POINT_X":99.001662809999999,"name":"ถนนเจริญประเทศ","kom":0,"kalae":0,"text_lanna":1,"total_detect":1}},{"type":"Feature","id":149,"geometry":{"type":"Point","coordinates":[99.020472949956286,18.767259959960036]},"properties":{"OBJECTID":149,"idx":4551,"POINT_Y":18.767259960000001,"POINT_X":99.020472949999998,"name":null,"kom":2,"kalae":0,"text_lanna":0,"total_detect":2}},{"type":"Feature","id":150,"geometry":{"type":"Point","coordinates":[98.99157104040772,18.767260990309858]},"properties":{"OBJECTID":150,"idx":3916,"POINT_Y":18.76726099,"POINT_X":98.991571039999997,"name":null,"kom":0,"kalae":1,"text_lanna":3,"total_detect":4}},{"type":"Feature","id":151,"geometry":{"type":"Point","coordinates":[98.991378110070016,18.767272530155775]},"properties":{"OBJECTID":151,"idx":3917,"POINT_Y":18.76727253,"POINT_X":98.991378109999999,"name":null,"kom":0,"kalae":0,"text_lanna":1,"total_detect":1}},{"type":"Feature","id":152,"geometry":{"type":"Point","coordinates":[98.991569400364469,18.767290189921084]},"properties":{"OBJECTID":152,"idx":3933,"POINT_Y":18.767290190000001,"POINT_X":98.991569400000003,"name":null,"kom":0,"kalae":1,"text_lanna":0,"total_detect":1}},{"type":"Feature","id":153,"geometry":{"type":"Point","coordinates":[99.008964279764214,18.767343700260053]},"properties":{"OBJECTID":153,"idx":8594,"POINT_Y":18.767343700000001,"POINT_X":99.008964280000001,"name":"ถนนลำพูน ซอย8","kom":0,"kalae":0,"text_lanna":1,"total_detect":1}},{"type":"Feature","id":154,"geometry":{"type":"Point","coordinates":[98.984679549952546,18.767355870028879]},"properties":{"OBJECTID":154,"idx":1390,"POINT_Y":18.767355869999999,"POINT_X":98.984679549999996,"name":"ถนนมหิดล","kom":0,"kalae":6,"text_lanna":0,"total_detect":6}},{"type":"Feature","id":155,"geometry":{"type":"Point","coordinates":[98.984496419809702,18.767403249740056]},"properties":{"OBJECTID":155,"idx":1391,"POINT_Y":18.767403250000001,"POINT_X":98.984496419999999,"name":"ถนนมหิดล","kom":0,"kalae":1,"text_lanna":0,"total_detect":1}},{"type":"Feature","id":156,"geometry":{"type":"Point","coordinates":[99.029093910074494,18.767450009648627]},"properties":{"OBJECTID":156,"idx":140,"POINT_Y":18.767450010000001,"POINT_X":99.02909391,"name":"ถนนซุปเปอร์ไฮเวย์","kom":0,"kalae":2,"text_lanna":0,"total_detect":2}},{"type":"Feature","id":157,"geometry":{"type":"Point","coordinates":[98.984244620055904,18.767454659828445]},"properties":{"OBJECTID":157,"idx":1392,"POINT_Y":18.767454659999999,"POINT_X":98.984244619999998,"name":"ถนนมหิดล","kom":0,"kalae":0,"text_lanna":1,"total_detect":1}},{"type":"Feature","id":158,"geometry":{"type":"Point","coordinates":[98.983067959952081,18.767471109900555]},"properties":{"OBJECTID":158,"idx":3415,"POINT_Y":18.767471109999999,"POINT_X":98.98306796,"name":null,"kom":0,"kalae":1,"text_lanna":0,"total_detect":1}},{"type":"Feature","id":159,"geometry":{"type":"Point","coordinates":[98.979209940391854,18.767491179808317]},"properties":{"OBJECTID":159,"idx":3858,"POINT_Y":18.76749118,"POINT_X":98.979209940000004,"name":null,"kom":0,"kalae":1,"text_lanna":0,"total_detect":1}},{"type":"Feature","id":160,"geometry":{"type":"Point","coordinates":[99.021750189530067,18.767498819679737]},"properties":{"OBJECTID":160,"idx":4098,"POINT_Y":18.76749882,"POINT_X":99.021750190000006,"name":null,"kom":0,"kalae":1,"text_lanna":0,"total_detect":1}},{"type":"Feature","id":161,"geometry":{"type":"Point","coordinates":[99.012137529952383,18.767526030053176]},"properties":{"OBJECTID":161,"idx":8281,"POINT_Y":18.767526029999999,"POINT_X":99.012137530000004,"name":null,"kom":0,"kalae":1,"text_lanna":0,"total_detect":1}},{"type":"Feature","id":162,"geometry":{"type":"Point","coordinates":[99.011649219803061,18.767533970193451]},"properties":{"OBJECTID":162,"idx":8279,"POINT_Y":18.767533969999999,"POINT_X":99.011649219999995,"name":null,"kom":0,"kalae":1,"text_lanna":0,"total_detect":1}},{"type":"Feature","id":163,"geometry":{"type":"Point","coordinates":[99.001457210037955,18.767560119834382]},"properties":{"OBJECTID":163,"idx":4833,"POINT_Y":18.767560119999999,"POINT_X":99.001457209999998,"name":"ถนนเจริญประเทศ","kom":3,"kalae":0,"text_lanna":0,"total_detect":3}},{"type":"Feature","id":164,"geometry":{"type":"Point","coordinates":[99.02497452022827,18.767577970264774]},"properties":{"OBJECTID":164,"idx":4037,"POINT_Y":18.767577970000001,"POINT_X":99.024974520000001,"name":"ซอยร่มเย็น","kom":0,"kalae":0,"text_lanna":1,"total_detect":1}},{"type":"Feature","id":165,"geometry":{"type":"Point","coordinates":[99.012252389733163,18.767600749819707]},"properties":{"OBJECTID":165,"idx":1467,"POINT_Y":18.76760075,"POINT_X":99.01225239,"name":null,"kom":0,"kalae":1,"text_lanna":1,"total_detect":2}},{"type":"Feature","id":166,"geometry":{"type":"Point","coordinates":[98.98314323002603,18.767642339930237]},"properties":{"OBJECTID":166,"idx":1397,"POINT_Y":18.767642339999998,"POINT_X":98.983143229999996,"name":"ถนนมหิดล","kom":0,"kalae":3,"text_lanna":0,"total_detect":3}},{"type":"Feature","id":167,"geometry":{"type":"Point","coordinates":[98.982902810200954,18.767677829858759]},"properties":{"OBJECTID":167,"idx":1398,"POINT_Y":18.76767783,"POINT_X":98.982902809999999,"name":"ถนนมหิดล","kom":0,"kalae":2,"text_lanna":0,"total_detect":2}},{"type":"Feature","id":168,"geometry":{"type":"Point","coordinates":[98.982715210470303,18.767705070044599]},"properties":{"OBJECTID":168,"idx":1399,"POINT_Y":18.767705070000002,"POINT_X":98.982715209999995,"name":"ถนนมหิดล","kom":0,"kalae":0,"text_lanna":1,"total_detect":1}},{"type":"Feature","id":169,"geometry":{"type":"Point","coordinates":[98.989780840207843,18.767747589849915]},"properties":{"OBJECTID":169,"idx":3389,"POINT_Y":18.767747589999999,"POINT_X":98.989780839999995,"name":null,"kom":0,"kalae":0,"text_lanna":1,"total_detect":1}},{"type":"Feature","id":170,"geometry":{"type":"Point","coordinates":[98.979130579807233,18.767793979846772]},"properties":{"OBJECTID":170,"idx":3857,"POINT_Y":18.76779398,"POINT_X":98.979130580000003,"name":null,"kom":2,"kalae":1,"text_lanna":0,"total_detect":3}},{"type":"Feature","id":171,"geometry":{"type":"Point","coordinates":[99.004198050296765,18.76780009005925]},"properties":{"OBJECTID":171,"idx":4937,"POINT_Y":18.767800090000001,"POINT_X":99.004198049999999,"name":"ถนนลำพูน ซอย 7","kom":2,"kalae":0,"text_lanna":0,"total_detect":2}},{"type":"Feature","id":172,"geometry":{"type":"Point","coordinates":[98.982024920230302,18.767803379900005]},"properties":{"OBJECTID":172,"idx":1402,"POINT_Y":18.76780338,"POINT_X":98.982024920000001,"name":"ถนนมหิดล","kom":0,"kalae":1,"text_lanna":0,"total_detect":1}},{"type":"Feature","id":173,"geometry":{"type":"Point","coordinates":[98.987489319792317,18.767981880405873]},"properties":{"OBJECTID":173,"idx":3849,"POINT_Y":18.767981880000001,"POINT_X":98.987489319999995,"name":null,"kom":0,"kalae":1,"text_lanna":0,"total_detect":1}},{"type":"Feature","id":174,"geometry":{"type":"Point","coordinates":[98.997160050226029,18.768007799590968]},"properties":{"OBJECTID":174,"idx":3447,"POINT_Y":18.768007799999999,"POINT_X":98.997160050000005,"name":"ถนน เชียงใหม่แลนด์","kom":2,"kalae":0,"text_lanna":0,"total_detect":2}},{"type":"Feature","id":175,"geometry":{"type":"Point","coordinates":[99.001148829923622,18.768015940002229]},"properties":{"OBJECTID":175,"idx":4836,"POINT_Y":18.768015940000002,"POINT_X":99.001148830000005,"name":"ถนนเจริญประเทศ","kom":0,"kalae":0,"text_lanna":1,"total_detect":1}},{"type":"Feature","id":176,"geometry":{"type":"Point","coordinates":[99.021715359700153,18.768040079804109]},"properties":{"OBJECTID":176,"idx":4101,"POINT_Y":18.768040079999999,"POINT_X":99.021715360000002,"name":null,"kom":0,"kalae":2,"text_lanna":0,"total_detect":2}},{"type":"Feature","id":177,"geometry":{"type":"Point","coordinates":[98.980986620083186,18.768063119833865]},"properties":{"OBJECTID":177,"idx":4868,"POINT_Y":18.768063120000001,"POINT_X":98.980986619999996,"name":"ถนนมหิดล","kom":0,"kalae":1,"text_lanna":0,"total_detect":1}},{"type":"Feature","id":178,"geometry":{"type":"Point","coordinates":[98.982834839703969,18.768095780011723]},"properties":{"OBJECTID":178,"idx":3840,"POINT_Y":18.768095779999999,"POINT_X":98.982834839999995,"name":null,"kom":1,"kalae":0,"text_lanna":0,"total_detect":1}},{"type":"Feature","id":179,"geometry":{"type":"Point","coordinates":[98.979512889883537,18.768133199555379]},"properties":{"OBJECTID":179,"idx":3002,"POINT_Y":18.768133200000001,"POINT_X":98.979512889999995,"name":"ถนนมหิดล","kom":14,"kalae":0,"text_lanna":0,"total_detect":14}},{"type":"Feature","id":180,"geometry":{"type":"Point","coordinates":[99.021703750340507,18.768220500439671]},"properties":{"OBJECTID":180,"idx":4102,"POINT_Y":18.768220500000002,"POINT_X":99.02170375,"name":null,"kom":0,"kalae":1,"text_lanna":0,"total_detect":1}},{"type":"Feature","id":181,"geometry":{"type":"Point","coordinates":[99.012221370363406,18.768247239950913]},"properties":{"OBJECTID":181,"idx":1464,"POINT_Y":18.768247240000001,"POINT_X":99.012221370000006,"name":null,"kom":0,"kalae":0,"text_lanna":1,"total_detect":1}},{"type":"Feature","id":182,"geometry":{"type":"Point","coordinates":[98.982823029586982,18.768276190083121]},"properties":{"OBJECTID":182,"idx":3839,"POINT_Y":18.768276190000002,"POINT_X":98.982823030000006,"name":null,"kom":0,"kalae":3,"text_lanna":0,"total_detect":3}},{"type":"Feature","id":183,"geometry":{"type":"Point","coordinates":[98.979308320006524,18.768281399660562]},"properties":{"OBJECTID":183,"idx":1324,"POINT_Y":18.768281399999999,"POINT_X":98.979308320000001,"name":"ถนนมหิดล","kom":3,"kalae":0,"text_lanna":0,"total_detect":3}},{"type":"Feature","id":184,"geometry":{"type":"Point","coordinates":[98.979829589653903,18.768307540037036]},"properties":{"OBJECTID":184,"idx":4865,"POINT_Y":18.768307539999999,"POINT_X":98.979829589999994,"name":"ถนนมหิดล","kom":2,"kalae":0,"text_lanna":0,"total_detect":2}},{"type":"Feature","id":185,"geometry":{"type":"Point","coordinates":[98.979093949757115,18.768342529927626]},"properties":{"OBJECTID":185,"idx":1325,"POINT_Y":18.768342530000002,"POINT_X":98.979093950000006,"name":"ถนนมหิดล","kom":0,"kalae":2,"text_lanna":0,"total_detect":2}},{"type":"Feature","id":186,"geometry":{"type":"Point","coordinates":[99.028966500332388,18.768345620363831]},"properties":{"OBJECTID":186,"idx":135,"POINT_Y":18.768345620000002,"POINT_X":99.028966499999996,"name":"ถนนซุปเปอร์ไฮเวย์","kom":0,"kalae":1,"text_lanna":0,"total_detect":1}},{"type":"Feature","id":187,"geometry":{"type":"Point","coordinates":[98.979201710387741,18.768381359771688]},"properties":{"OBJECTID":187,"idx":37,"POINT_Y":18.768381359999999,"POINT_X":98.979201709999998,"name":"ถนนมหิดล","kom":0,"kalae":1,"text_lanna":0,"total_detect":1}},{"type":"Feature","id":188,"geometry":{"type":"Point","coordinates":[99.012530590376656,18.768409659655859]},"properties":{"OBJECTID":188,"idx":8260,"POINT_Y":18.76840966,"POINT_X":99.012530589999997,"name":null,"kom":0,"kalae":1,"text_lanna":0,"total_detect":1}},{"type":"Feature","id":189,"geometry":{"type":"Point","coordinates":[98.982811209957575,18.768456590207698]},"properties":{"OBJECTID":189,"idx":3838,"POINT_Y":18.76845659,"POINT_X":98.982811209999994,"name":null,"kom":0,"kalae":3,"text_lanna":0,"total_detect":3}},{"type":"Feature","id":190,"geometry":{"type":"Point","coordinates":[99.000923810147867,18.768479640304033]},"properties":{"OBJECTID":190,"idx":4838,"POINT_Y":18.768479639999999,"POINT_X":99.000923810000003,"name":"ถนนเจริญประเทศ","kom":8,"kalae":1,"text_lanna":0,"total_detect":9}},{"type":"Feature","id":191,"geometry":{"type":"Point","coordinates":[99.012215800210683,18.768568079812624]},"properties":{"OBJECTID":191,"idx":1463,"POINT_Y":18.768568080000001,"POINT_X":99.012215800000007,"name":null,"kom":0,"kalae":0,"text_lanna":1,"total_detect":1}},{"type":"Feature","id":192,"geometry":{"type":"Point","coordinates":[98.984673130014215,18.768661299920474]},"properties":{"OBJECTID":192,"idx":2133,"POINT_Y":18.768661300000002,"POINT_X":98.984673130000004,"name":"ถนนศรีปิงเมือง","kom":0,"kalae":1,"text_lanna":0,"total_detect":1}},{"type":"Feature","id":193,"geometry":{"type":"Point","coordinates":[98.982791139651852,18.768746719739102]},"properties":{"OBJECTID":193,"idx":3837,"POINT_Y":18.768746719999999,"POINT_X":98.982791140000003,"name":null,"kom":0,"kalae":3,"text_lanna":0,"total_detect":3}},{"type":"Feature","id":194,"geometry":{"type":"Point","coordinates":[98.977957389535732,18.76876691000928]},"properties":{"OBJECTID":194,"idx":31,"POINT_Y":18.76876691,"POINT_X":98.97795739,"name":"ถนนมหิดล","kom":8,"kalae":1,"text_lanna":0,"total_detect":9}},{"type":"Feature","id":195,"geometry":{"type":"Point","coordinates":[99.026232699604222,18.768794380199811]},"properties":{"OBJECTID":195,"idx":4162,"POINT_Y":18.768794379999999,"POINT_X":99.026232699999994,"name":"ตันขาม ซอย 2","kom":0,"kalae":1,"text_lanna":0,"total_detect":1}},{"type":"Feature","id":196,"geometry":{"type":"Point","coordinates":[98.998944960329197,18.768911250444631]},"properties":{"OBJECTID":196,"idx":880,"POINT_Y":18.768911249999999,"POINT_X":98.998944960000003,"name":"ถนนช้างคลาน","kom":0,"kalae":2,"text_lanna":0,"total_detect":2}},{"type":"Feature","id":197,"geometry":{"type":"Point","coordinates":[98.982777559909593,18.768927010331698]},"properties":{"OBJECTID":197,"idx":3836,"POINT_Y":18.768927009999999,"POINT_X":98.982777560000002,"name":null,"kom":0,"kalae":1,"text_lanna":0,"total_detect":1}},{"type":"Feature","id":198,"geometry":{"type":"Point","coordinates":[99.012217599585654,18.768929589776935]},"properties":{"OBJECTID":198,"idx":1461,"POINT_Y":18.768929589999999,"POINT_X":99.0122176,"name":null,"kom":0,"kalae":0,"text_lanna":1,"total_detect":1}},{"type":"Feature","id":199,"geometry":{"type":"Point","coordinates":[99.005395700347194,18.768979129794278]},"properties":{"OBJECTID":199,"idx":4919,"POINT_Y":18.768979130000002,"POINT_X":99.005395699999994,"name":"ถนนเชียงใหม่-ลำพูน ซอย 7","kom":0,"kalae":1,"text_lanna":0,"total_detect":1}},{"type":"Feature","id":200,"geometry":{"type":"Point","coordinates":[98.99997291978184,18.768998539748633]},"properties":{"OBJECTID":200,"idx":4958,"POINT_Y":18.768998539999998,"POINT_X":98.999972920000005,"name":"ถนนเจริญประเทศ ซอย 13","kom":1,"kalae":0,"text_lanna":0,"total_detect":1}},{"type":"Feature","id":201,"geometry":{"type":"Point","coordinates":[99.00372027992475,18.769089920289737]},"properties":{"OBJECTID":201,"idx":4930,"POINT_Y":18.769089919999999,"POINT_X":99.003720279999996,"name":"ถนนลำพูน ซอย 7","kom":4,"kalae":0,"text_lanna":0,"total_detect":4}},{"type":"Feature","id":202,"geometry":{"type":"Point","coordinates":[99.012218499750261,18.769110339782966]},"properties":{"OBJECTID":202,"idx":1460,"POINT_Y":18.769110340000001,"POINT_X":99.012218500000003,"name":null,"kom":1,"kalae":0,"text_lanna":0,"total_detect":1}},{"type":"Feature","id":203,"geometry":{"type":"Point","coordinates":[99.015600830120036,18.769186229797349]},"properties":{"OBJECTID":203,"idx":2717,"POINT_Y":18.769186229999999,"POINT_X":99.015600829999997,"name":null,"kom":0,"kalae":2,"text_lanna":0,"total_detect":2}},{"type":"Feature","id":204,"geometry":{"type":"Point","coordinates":[98.977009740390031,18.769203639615501]},"properties":{"OBJECTID":204,"idx":26,"POINT_Y":18.769203640000001,"POINT_X":98.97700974,"name":"ถนนมหิดล","kom":0,"kalae":0,"text_lanna":1,"total_detect":1}},{"type":"Feature","id":205,"geometry":{"type":"Point","coordinates":[99.003476490262386,18.769218950185042]},"properties":{"OBJECTID":205,"idx":4926,"POINT_Y":18.769218949999999,"POINT_X":99.003476489999997,"name":"ถนนเชียงใหม่-ลำพูน ซอย 7","kom":0,"kalae":2,"text_lanna":0,"total_detect":2}},{"type":"Feature","id":206,"geometry":{"type":"Point","coordinates":[99.020303120009416,18.769218879585519]},"properties":{"OBJECTID":206,"idx":4091,"POINT_Y":18.76921888,"POINT_X":99.020303119999994,"name":null,"kom":0,"kalae":1,"text_lanna":2,"total_detect":3}},{"type":"Feature","id":207,"geometry":{"type":"Point","coordinates":[99.015418870246009,18.769237519666625]},"properties":{"OBJECTID":207,"idx":2716,"POINT_Y":18.769237520000001,"POINT_X":99.015418870000005,"name":null,"kom":0,"kalae":1,"text_lanna":0,"total_detect":1}},{"type":"Feature","id":208,"geometry":{"type":"Point","coordinates":[99.004464440086338,18.769262859770645]},"properties":{"OBJECTID":208,"idx":4922,"POINT_Y":18.769262860000001,"POINT_X":99.004464440000007,"name":"ถนนเชียงใหม่-ลำพูน ซอย 7","kom":0,"kalae":1,"text_lanna":0,"total_detect":1}},{"type":"Feature","id":209,"geometry":{"type":"Point","coordinates":[98.985050040122644,18.769355850433545]},"properties":{"OBJECTID":209,"idx":3701,"POINT_Y":18.76935585,"POINT_X":98.985050040000004,"name":null,"kom":0,"kalae":0,"text_lanna":1,"total_detect":1}},{"type":"Feature","id":210,"geometry":{"type":"Point","coordinates":[99.015231460291119,18.769384459807092]},"properties":{"OBJECTID":210,"idx":2719,"POINT_Y":18.769384460000001,"POINT_X":99.015231459999995,"name":null,"kom":0,"kalae":0,"text_lanna":2,"total_detect":2}},{"type":"Feature","id":211,"geometry":{"type":"Point","coordinates":[99.025299980444274,18.769393150043182]},"properties":{"OBJECTID":211,"idx":8680,"POINT_Y":18.769393149999999,"POINT_X":99.02529998,"name":null,"kom":0,"kalae":1,"text_lanna":0,"total_detect":1}},{"type":"Feature","id":212,"geometry":{"type":"Point","coordinates":[99.020268150390464,18.769409999915631]},"properties":{"OBJECTID":212,"idx":4090,"POINT_Y":18.769410000000001,"POINT_X":99.020268150000007,"name":null,"kom":0,"kalae":4,"text_lanna":0,"total_detect":4}},{"type":"Feature","id":213,"geometry":{"type":"Point","coordinates":[99.028813609719293,18.769420339981686]},"properties":{"OBJECTID":213,"idx":129,"POINT_Y":18.76942034,"POINT_X":99.02881361,"name":"ถนนซุปเปอร์ไฮเวย์","kom":0,"kalae":0,"text_lanna":1,"total_detect":1}},{"type":"Feature","id":214,"geometry":{"type":"Point","coordinates":[98.988273390164338,18.769433079793497]},"properties":{"OBJECTID":214,"idx":3301,"POINT_Y":18.769433079999999,"POINT_X":98.988273390000003,"name":null,"kom":3,"kalae":0,"text_lanna":0,"total_detect":3}},{"type":"Feature","id":215,"geometry":{"type":"Point","coordinates":[98.979309239569531,18.769446840037737]},"properties":{"OBJECTID":215,"idx":2122,"POINT_Y":18.769446840000001,"POINT_X":98.979309240000006,"name":null,"kom":2,"kalae":0,"text_lanna":0,"total_detect":2}},{"type":"Feature","id":216,"geometry":{"type":"Point","coordinates":[98.989279680207204,18.769456959619127]},"properties":{"OBJECTID":216,"idx":3297,"POINT_Y":18.769456959999999,"POINT_X":98.989279679999996,"name":null,"kom":0,"kalae":1,"text_lanna":1,"total_detect":2}},{"type":"Feature","id":217,"geometry":{"type":"Point","coordinates":[99.024469419697127,18.769639660211578]},"properties":{"OBJECTID":217,"idx":4184,"POINT_Y":18.769639659999999,"POINT_X":99.024469420000003,"name":null,"kom":0,"kalae":0,"text_lanna":1,"total_detect":1}},{"type":"Feature","id":218,"geometry":{"type":"Point","coordinates":[98.993579180142774,18.769666389764012]},"properties":{"OBJECTID":218,"idx":2468,"POINT_Y":18.769666390000001,"POINT_X":98.993579179999998,"name":"ถนนศรีจันทร์ดร","kom":0,"kalae":1,"text_lanna":0,"total_detect":1}},{"type":"Feature","id":219,"geometry":{"type":"Point","coordinates":[98.987658480110781,18.769685450040281]},"properties":{"OBJECTID":219,"idx":3311,"POINT_Y":18.769685450000001,"POINT_X":98.987658479999993,"name":null,"kom":0,"kalae":0,"text_lanna":1,"total_detect":1}},{"type":"Feature","id":220,"geometry":{"type":"Point","coordinates":[98.989022769642915,18.769695970300866]},"properties":{"OBJECTID":220,"idx":3323,"POINT_Y":18.769695970000001,"POINT_X":98.989022770000005,"name":null,"kom":1,"kalae":0,"text_lanna":0,"total_detect":1}},{"type":"Feature","id":221,"geometry":{"type":"Point","coordinates":[99.028762640061998,18.769778589742231]},"properties":{"OBJECTID":221,"idx":127,"POINT_Y":18.769778590000001,"POINT_X":99.028762639999997,"name":"ถนนซุปเปอร์ไฮเวย์","kom":8,"kalae":0,"text_lanna":0,"total_detect":8}},{"type":"Feature","id":222,"geometry":{"type":"Point","coordinates":[98.983749750233912,18.769833940416639]},"properties":{"OBJECTID":222,"idx":3672,"POINT_Y":18.769833940000002,"POINT_X":98.983749750000001,"name":null,"kom":2,"kalae":0,"text_lanna":0,"total_detect":2}},{"type":"Feature","id":223,"geometry":{"type":"Point","coordinates":[98.995974120138996,18.769836220252962]},"properties":{"OBJECTID":223,"idx":2479,"POINT_Y":18.769836219999998,"POINT_X":98.99597412,"name":"ถนนศรีจันทร์ดร","kom":0,"kalae":1,"text_lanna":0,"total_detect":1}},{"type":"Feature","id":224,"geometry":{"type":"Point","coordinates":[98.990050020266395,18.7698427501225]},"properties":{"OBJECTID":224,"idx":3398,"POINT_Y":18.769842749999999,"POINT_X":98.990050019999998,"name":null,"kom":0,"kalae":1,"text_lanna":0,"total_detect":1}},{"type":"Feature","id":225,"geometry":{"type":"Point","coordinates":[98.985679999740896,18.769861579814972]},"properties":{"OBJECTID":225,"idx":3690,"POINT_Y":18.769861580000001,"POINT_X":98.985680000000002,"name":null,"kom":0,"kalae":2,"text_lanna":0,"total_detect":2}},{"type":"Feature","id":226,"geometry":{"type":"Point","coordinates":[98.985490100325364,18.769873799789146]},"properties":{"OBJECTID":226,"idx":3692,"POINT_Y":18.769873799999999,"POINT_X":98.985490100000007,"name":null,"kom":0,"kalae":1,"text_lanna":0,"total_detect":1}},{"type":"Feature","id":227,"geometry":{"type":"Point","coordinates":[98.989203319697339,18.769880149907543]},"properties":{"OBJECTID":227,"idx":3315,"POINT_Y":18.769880149999999,"POINT_X":98.989203320000001,"name":null,"kom":0,"kalae":0,"text_lanna":2,"total_detect":2}},{"type":"Feature","id":228,"geometry":{"type":"Point","coordinates":[98.989393049924871,18.769883729839549]},"properties":{"OBJECTID":228,"idx":3314,"POINT_Y":18.76988373,"POINT_X":98.989393050000004,"name":null,"kom":1,"kalae":0,"text_lanna":0,"total_detect":1}},{"type":"Feature","id":229,"geometry":{"type":"Point","coordinates":[98.989582769722801,18.769887320423898]},"properties":{"OBJECTID":229,"idx":3313,"POINT_Y":18.769887319999999,"POINT_X":98.989582769999998,"name":null,"kom":0,"kalae":1,"text_lanna":0,"total_detect":1}},{"type":"Feature","id":230,"geometry":{"type":"Point","coordinates":[98.99136260021325,18.769986819999776]},"properties":{"OBJECTID":230,"idx":3827,"POINT_Y":18.76998682,"POINT_X":98.991362600000002,"name":"ซอย 8","kom":1,"kalae":0,"text_lanna":0,"total_detect":1}},{"type":"Feature","id":231,"geometry":{"type":"Point","coordinates":[98.989776299790918,18.770020350150606]},"properties":{"OBJECTID":231,"idx":3329,"POINT_Y":18.770020349999999,"POINT_X":98.989776300000003,"name":null,"kom":0,"kalae":1,"text_lanna":0,"total_detect":1}},{"type":"Feature","id":232,"geometry":{"type":"Point","coordinates":[98.99005588004097,18.770023420045241]},"properties":{"OBJECTID":232,"idx":3399,"POINT_Y":18.770023420000001,"POINT_X":98.99005588,"name":null,"kom":0,"kalae":0,"text_lanna":1,"total_detect":1}},{"type":"Feature","id":233,"geometry":{"type":"Point","coordinates":[99.020175300042297,18.770026449580044]},"properties":{"OBJECTID":233,"idx":4087,"POINT_Y":18.77002645,"POINT_X":99.020175300000005,"name":null,"kom":0,"kalae":1,"text_lanna":0,"total_detect":1}},{"type":"Feature","id":234,"geometry":{"type":"Point","coordinates":[98.985481800225813,18.770059859865253]},"properties":{"OBJECTID":234,"idx":3687,"POINT_Y":18.77005986,"POINT_X":98.985481800000002,"name":null,"kom":0,"kalae":1,"text_lanna":1,"total_detect":2}},{"type":"Feature","id":235,"geometry":{"type":"Point","coordinates":[98.993219959826021,18.770073830431699]},"properties":{"OBJECTID":235,"idx":2510,"POINT_Y":18.770073830000001,"POINT_X":98.993219960000005,"name":null,"kom":0,"kalae":1,"text_lanna":0,"total_detect":1}},{"type":"Feature","id":236,"geometry":{"type":"Point","coordinates":[99.028711679677215,18.770136830436105]},"properties":{"OBJECTID":236,"idx":125,"POINT_Y":18.770136829999998,"POINT_X":99.028711680000001,"name":"ถนนซุปเปอร์ไฮเวย์","kom":0,"kalae":0,"text_lanna":1,"total_detect":1}},{"type":"Feature","id":237,"geometry":{"type":"Point","coordinates":[99.025947109729415,18.770178969860407]},"properties":{"OBJECTID":237,"idx":4158,"POINT_Y":18.77017897,"POINT_X":99.025947110000004,"name":"ตันขาม ซอย 2","kom":0,"kalae":0,"text_lanna":1,"total_detect":1}},{"type":"Feature","id":238,"geometry":{"type":"Point","coordinates":[98.9933020997385,18.77023677966115]},"properties":{"OBJECTID":238,"idx":2509,"POINT_Y":18.770236780000001,"POINT_X":98.993302099999994,"name":null,"kom":0,"kalae":2,"text_lanna":0,"total_detect":2}},{"type":"Feature","id":239,"geometry":{"type":"Point","coordinates":[99.024286149891211,18.770281309641579]},"properties":{"OBJECTID":239,"idx":4176,"POINT_Y":18.770281310000001,"POINT_X":99.024286149999995,"name":null,"kom":0,"kalae":0,"text_lanna":1,"total_detect":1}},{"type":"Feature","id":240,"geometry":{"type":"Point","coordinates":[99.020224839694393,18.77037373038085]},"properties":{"OBJECTID":240,"idx":4086,"POINT_Y":18.770373729999999,"POINT_X":99.020224839999997,"name":null,"kom":0,"kalae":1,"text_lanna":0,"total_detect":1}},{"type":"Feature","id":241,"geometry":{"type":"Point","coordinates":[99.015163880103273,18.77057852038892]},"properties":{"OBJECTID":241,"idx":2656,"POINT_Y":18.770578520000001,"POINT_X":99.015163880000003,"name":"ถนนราษฎร์อุทิศ ซอย 8","kom":0,"kalae":1,"text_lanna":0,"total_detect":1}},{"type":"Feature","id":242,"geometry":{"type":"Point","coordinates":[99.02511608007768,18.770629650194021]},"properties":{"OBJECTID":242,"idx":4154,"POINT_Y":18.77062965,"POINT_X":99.025116080000004,"name":"ตันขาม ซอย 2","kom":0,"kalae":1,"text_lanna":0,"total_detect":1}},{"type":"Feature","id":243,"geometry":{"type":"Point","coordinates":[99.024846579970216,18.770668650438129]},"properties":{"OBJECTID":243,"idx":4153,"POINT_Y":18.770668650000001,"POINT_X":99.024846580000002,"name":"ตันขาม ซอย 2","kom":0,"kalae":2,"text_lanna":0,"total_detect":2}},{"type":"Feature","id":244,"geometry":{"type":"Point","coordinates":[99.028635229684355,18.770674190071382]},"properties":{"OBJECTID":244,"idx":122,"POINT_Y":18.770674190000001,"POINT_X":99.028635230000006,"name":"ถนนซุปเปอร์ไฮเวย์","kom":2,"kalae":0,"text_lanna":0,"total_detect":2}},{"type":"Feature","id":245,"geometry":{"type":"Point","coordinates":[98.98107706979286,18.770705200035966]},"properties":{"OBJECTID":245,"idx":2081,"POINT_Y":18.770705199999998,"POINT_X":98.981077069999998,"name":null,"kom":0,"kalae":1,"text_lanna":0,"total_detect":1}},{"type":"Feature","id":246,"geometry":{"type":"Point","coordinates":[99.023579499745949,18.770709730074891]},"properties":{"OBJECTID":246,"idx":4172,"POINT_Y":18.77070973,"POINT_X":99.023579499999997,"name":null,"kom":3,"kalae":0,"text_lanna":0,"total_detect":3}},{"type":"Feature","id":247,"geometry":{"type":"Point","coordinates":[98.993548529911209,18.770725619886257]},"properties":{"OBJECTID":247,"idx":2506,"POINT_Y":18.77072562,"POINT_X":98.993548529999998,"name":null,"kom":1,"kalae":0,"text_lanna":0,"total_detect":1}},{"type":"Feature","id":248,"geometry":{"type":"Point","coordinates":[98.98164456033588,18.770726599641417]},"properties":{"OBJECTID":248,"idx":3668,"POINT_Y":18.7707266,"POINT_X":98.981644560000007,"name":null,"kom":1,"kalae":0,"text_lanna":0,"total_detect":1}},{"type":"Feature","id":249,"geometry":{"type":"Point","coordinates":[99.023308609599567,18.7708350502384]},"properties":{"OBJECTID":249,"idx":4169,"POINT_Y":18.770835049999999,"POINT_X":99.023308610000001,"name":null,"kom":0,"kalae":0,"text_lanna":1,"total_detect":1}},{"type":"Feature","id":250,"geometry":{"type":"Point","coordinates":[98.981063199627329,18.770885479589932]},"properties":{"OBJECTID":250,"idx":2080,"POINT_Y":18.77088548,"POINT_X":98.981063199999994,"name":null,"kom":0,"kalae":2,"text_lanna":0,"total_detect":2}},{"type":"Feature","id":251,"geometry":{"type":"Point","coordinates":[98.99363067045519,18.77088855992228]},"properties":{"OBJECTID":251,"idx":2505,"POINT_Y":18.77088856,"POINT_X":98.993630670000002,"name":null,"kom":1,"kalae":0,"text_lanna":0,"total_detect":1}},{"type":"Feature","id":252,"geometry":{"type":"Point","coordinates":[98.993712810207782,18.771051509861092]},"properties":{"OBJECTID":252,"idx":2504,"POINT_Y":18.771051509999999,"POINT_X":98.993712810000005,"name":null,"kom":0,"kalae":1,"text_lanna":0,"total_detect":1}},{"type":"Feature","id":253,"geometry":{"type":"Point","coordinates":[99.023573819571965,18.771095299682397]},"properties":{"OBJECTID":253,"idx":4148,"POINT_Y":18.771095299999999,"POINT_X":99.023573819999996,"name":"ตันขาม ซอย 2","kom":2,"kalae":0,"text_lanna":0,"total_detect":2}},{"type":"Feature","id":254,"geometry":{"type":"Point","coordinates":[98.982954489920729,18.771134489683071]},"properties":{"OBJECTID":254,"idx":3662,"POINT_Y":18.771134490000001,"POINT_X":98.982954489999997,"name":"ถนนศรีปิงเมือง 5","kom":0,"kalae":0,"text_lanna":2,"total_detect":2}},{"type":"Feature","id":255,"geometry":{"type":"Point","coordinates":[99.017050830276105,18.771229930407017]},"properties":{"OBJECTID":255,"idx":2691,"POINT_Y":18.771229930000001,"POINT_X":99.017050830000002,"name":null,"kom":0,"kalae":3,"text_lanna":0,"total_detect":3}},{"type":"Feature","id":256,"geometry":{"type":"Point","coordinates":[99.023018730005361,18.771308949978597]},"properties":{"OBJECTID":256,"idx":4147,"POINT_Y":18.771308950000002,"POINT_X":99.023018730000004,"name":"ตันขาม ซอย 2","kom":0,"kalae":0,"text_lanna":1,"total_detect":1}},{"type":"Feature","id":257,"geometry":{"type":"Point","coordinates":[98.985053440470722,18.771328750232332]},"properties":{"OBJECTID":257,"idx":3681,"POINT_Y":18.771328749999999,"POINT_X":98.985053440000002,"name":null,"kom":0,"kalae":1,"text_lanna":0,"total_detect":1}},{"type":"Feature","id":258,"geometry":{"type":"Point","coordinates":[98.999847180258953,18.771378919754095]},"properties":{"OBJECTID":258,"idx":4850,"POINT_Y":18.77137892,"POINT_X":98.999847180000003,"name":"ถนนเจริญประเทศ","kom":0,"kalae":0,"text_lanna":1,"total_detect":1}},{"type":"Feature","id":259,"geometry":{"type":"Point","coordinates":[99.011631320466648,18.771379990448288]},"properties":{"OBJECTID":259,"idx":1473,"POINT_Y":18.77137999,"POINT_X":99.011631320000006,"name":"ถนนราษฎร์อุทิศ ซอย 6","kom":0,"kalae":2,"text_lanna":0,"total_detect":2}},{"type":"Feature","id":260,"geometry":{"type":"Point","coordinates":[99.013511010391511,18.771449299567273]},"properties":{"OBJECTID":260,"idx":2703,"POINT_Y":18.7714493,"POINT_X":99.013511010000002,"name":"ถนนราษฎร์อุทิศ ซอย 8","kom":0,"kalae":2,"text_lanna":0,"total_detect":2}},{"type":"Feature","id":261,"geometry":{"type":"Point","coordinates":[98.976098990439979,18.771487700336252]},"properties":{"OBJECTID":261,"idx":1892,"POINT_Y":18.771487700000002,"POINT_X":98.976098989999997,"name":"ถนนมหิดล","kom":0,"kalae":1,"text_lanna":0,"total_detect":1}},{"type":"Feature","id":262,"geometry":{"type":"Point","coordinates":[99.028507819867301,18.771569800171161]},"properties":{"OBJECTID":262,"idx":117,"POINT_Y":18.771569800000002,"POINT_X":99.028507820000002,"name":"ถนนซุปเปอร์ไฮเวย์","kom":0,"kalae":1,"text_lanna":0,"total_detect":1}},{"type":"Feature","id":263,"geometry":{"type":"Point","coordinates":[98.976120129793927,18.771667329632393]},"properties":{"OBJECTID":263,"idx":1891,"POINT_Y":18.77166733,"POINT_X":98.976120129999998,"name":"ถนนมหิดล","kom":1,"kalae":0,"text_lanna":0,"total_detect":1}},{"type":"Feature","id":264,"geometry":{"type":"Point","coordinates":[98.978033680010924,18.771720060078046]},"properties":{"OBJECTID":264,"idx":4996,"POINT_Y":18.77172006,"POINT_X":98.978033679999996,"name":null,"kom":1,"kalae":2,"text_lanna":0,"total_detect":3}},{"type":"Feature","id":265,"geometry":{"type":"Point","coordinates":[98.998708470107857,18.771812790051907]},"properties":{"OBJECTID":265,"idx":869,"POINT_Y":18.771812789999998,"POINT_X":98.998708469999997,"name":"ถนนช้างคลาน","kom":0,"kalae":2,"text_lanna":0,"total_detect":2}},{"type":"Feature","id":266,"geometry":{"type":"Point","coordinates":[98.982628699699504,18.771837919790709]},"properties":{"OBJECTID":266,"idx":2142,"POINT_Y":18.771837919999999,"POINT_X":98.982628700000006,"name":"ถนนศรีปิงเมือง","kom":0,"kalae":1,"text_lanna":0,"total_detect":1}},{"type":"Feature","id":267,"geometry":{"type":"Point","coordinates":[98.996823939805608,18.771920350261087]},"properties":{"OBJECTID":267,"idx":2487,"POINT_Y":18.771920349999998,"POINT_X":98.996823939999999,"name":"ถนนศรีจันทร์ดร","kom":2,"kalae":0,"text_lanna":0,"total_detect":2}},{"type":"Feature","id":268,"geometry":{"type":"Point","coordinates":[99.017055290377712,18.771952949931837]},"properties":{"OBJECTID":268,"idx":2687,"POINT_Y":18.771952949999999,"POINT_X":99.017055290000002,"name":null,"kom":0,"kalae":1,"text_lanna":0,"total_detect":1}},{"type":"Feature","id":269,"geometry":{"type":"Point","coordinates":[98.998727540174741,18.772011899799868]},"properties":{"OBJECTID":269,"idx":868,"POINT_Y":18.772011899999999,"POINT_X":98.998727540000004,"name":"ถนนช้างคลาน","kom":0,"kalae":0,"text_lanna":1,"total_detect":1}},{"type":"Feature","id":270,"geometry":{"type":"Point","coordinates":[98.980833299742258,18.772057839942114]},"properties":{"OBJECTID":270,"idx":2075,"POINT_Y":18.772057839999999,"POINT_X":98.9808333,"name":null,"kom":0,"kalae":1,"text_lanna":0,"total_detect":1}},{"type":"Feature","id":271,"geometry":{"type":"Point","coordinates":[99.022144430194686,18.77209765003818]},"properties":{"OBJECTID":271,"idx":4145,"POINT_Y":18.772097649999999,"POINT_X":99.022144429999997,"name":"ตันขาม ซอย 2","kom":0,"kalae":2,"text_lanna":0,"total_detect":2}},{"type":"Feature","id":272,"geometry":{"type":"Point","coordinates":[98.981894019759622,18.772101650304581]},"properties":{"OBJECTID":272,"idx":3660,"POINT_Y":18.77210165,"POINT_X":98.981894019999999,"name":"ถนนศรีปิงเมือง ซอย 2","kom":0,"kalae":1,"text_lanna":0,"total_detect":1}},{"type":"Feature","id":273,"geometry":{"type":"Point","coordinates":[98.983817009913963,18.772135930321777]},"properties":{"OBJECTID":273,"idx":3715,"POINT_Y":18.772135930000001,"POINT_X":98.983817009999996,"name":"ถนนศรีปิงเมือง 3","kom":4,"kalae":0,"text_lanna":0,"total_detect":4}},{"type":"Feature","id":274,"geometry":{"type":"Point","coordinates":[98.984267989778004,18.772154470321603]},"properties":{"OBJECTID":274,"idx":3717,"POINT_Y":18.77215447,"POINT_X":98.984267990000006,"name":"ถนนศรีปิงเมือง 3","kom":0,"kalae":2,"text_lanna":0,"total_detect":2}},{"type":"Feature","id":275,"geometry":{"type":"Point","coordinates":[98.99416289018933,18.772242439592024]},"properties":{"OBJECTID":275,"idx":2511,"POINT_Y":18.772242439999999,"POINT_X":98.994162889999998,"name":null,"kom":0,"kalae":1,"text_lanna":0,"total_detect":1}},{"type":"Feature","id":276,"geometry":{"type":"Point","coordinates":[98.984790759535144,18.772247920356161]},"properties":{"OBJECTID":276,"idx":3718,"POINT_Y":18.772247920000002,"POINT_X":98.984790759999996,"name":"ถนนศรีปิงเมือง 3","kom":2,"kalae":0,"text_lanna":0,"total_detect":2}},{"type":"Feature","id":277,"geometry":{"type":"Point","coordinates":[98.984980520006417,18.772249529987146]},"properties":{"OBJECTID":277,"idx":3719,"POINT_Y":18.77224953,"POINT_X":98.984980519999993,"name":"ถนนศรีปิงเมือง 3","kom":0,"kalae":1,"text_lanna":0,"total_detect":1}},{"type":"Feature","id":278,"geometry":{"type":"Point","coordinates":[99.01214285003249,18.772258929646345]},"properties":{"OBJECTID":278,"idx":2708,"POINT_Y":18.77225893,"POINT_X":99.012142850000004,"name":"ถนนราษฎร์อุทิศ ซอย 8","kom":6,"kalae":0,"text_lanna":1,"total_detect":7}},{"type":"Feature","id":279,"geometry":{"type":"Point","coordinates":[99.028405879662358,18.772286280357172]},"properties":{"OBJECTID":279,"idx":113,"POINT_Y":18.772286279999999,"POINT_X":99.028405879999994,"name":"ถนนซุปเปอร์ไฮเวย์","kom":8,"kalae":0,"text_lanna":0,"total_detect":8}},{"type":"Feature","id":280,"geometry":{"type":"Point","coordinates":[98.982436699760129,18.772319540037358]},"properties":{"OBJECTID":280,"idx":2144,"POINT_Y":18.772319540000002,"POINT_X":98.982436699999994,"name":"ถนนศรีปิงเมือง","kom":0,"kalae":5,"text_lanna":0,"total_detect":5}},{"type":"Feature","id":281,"geometry":{"type":"Point","coordinates":[98.976068219570195,18.772363579818713]},"properties":{"OBJECTID":281,"idx":312,"POINT_Y":18.77236358,"POINT_X":98.976068220000002,"name":"ถนนมหิดล","kom":0,"kalae":0,"text_lanna":1,"total_detect":1}},{"type":"Feature","id":282,"geometry":{"type":"Point","coordinates":[98.978662989752578,18.772452770088076]},"properties":{"OBJECTID":282,"idx":2057,"POINT_Y":18.772452770000001,"POINT_X":98.978662990000004,"name":"ซอยบุญเมือง","kom":0,"kalae":1,"text_lanna":0,"total_detect":1}},{"type":"Feature","id":283,"geometry":{"type":"Point","coordinates":[98.982405890400258,18.772508560435263]},"properties":{"OBJECTID":283,"idx":2145,"POINT_Y":18.772508559999999,"POINT_X":98.982405889999995,"name":"ถนนศรีปิงเมือง","kom":0,"kalae":1,"text_lanna":0,"total_detect":1}},{"type":"Feature","id":284,"geometry":{"type":"Point","coordinates":[99.028362320425956,18.772597999828164]},"properties":{"OBJECTID":284,"idx":112,"POINT_Y":18.772597999999999,"POINT_X":99.028362319999999,"name":"ถนนซุปเปอร์ไฮเวย์","kom":0,"kalae":2,"text_lanna":0,"total_detect":2}},{"type":"Feature","id":285,"geometry":{"type":"Point","coordinates":[99.017071839792067,18.772630019581353]},"properties":{"OBJECTID":285,"idx":2684,"POINT_Y":18.772630020000001,"POINT_X":99.01707184,"name":null,"kom":0,"kalae":1,"text_lanna":2,"total_detect":3}},{"type":"Feature","id":286,"geometry":{"type":"Point","coordinates":[99.015697040213013,18.77265981967339]},"properties":{"OBJECTID":286,"idx":2666,"POINT_Y":18.772659820000001,"POINT_X":99.015697040000006,"name":"ถนนราษฎร์อุทิศ ซอย 8","kom":1,"kalae":2,"text_lanna":0,"total_detect":3}},{"type":"Feature","id":287,"geometry":{"type":"Point","coordinates":[98.976236470460833,18.772713640291709]},"properties":{"OBJECTID":287,"idx":1886,"POINT_Y":18.772713639999999,"POINT_X":98.976236470000003,"name":"ถนนมหิดล","kom":0,"kalae":1,"text_lanna":0,"total_detect":1}},{"type":"Feature","id":288,"geometry":{"type":"Point","coordinates":[99.028337879842042,18.772777249607302]},"properties":{"OBJECTID":288,"idx":111,"POINT_Y":18.772777250000001,"POINT_X":99.028337879999995,"name":"ถนนซุปเปอร์ไฮเวย์","kom":0,"kalae":2,"text_lanna":0,"total_detect":2}},{"type":"Feature","id":289,"geometry":{"type":"Point","coordinates":[98.981595300469891,18.772803599841332]},"properties":{"OBJECTID":289,"idx":3650,"POINT_Y":18.7728036,"POINT_X":98.981595299999995,"name":"ถนนศรีปิงเมือง ซอย 1ก","kom":0,"kalae":1,"text_lanna":0,"total_detect":1}},{"type":"Feature","id":290,"geometry":{"type":"Point","coordinates":[98.97761275984351,18.772817439734503]},"properties":{"OBJECTID":290,"idx":2047,"POINT_Y":18.772817440000001,"POINT_X":98.97761276,"name":null,"kom":0,"kalae":2,"text_lanna":0,"total_detect":2}},{"type":"Feature","id":291,"geometry":{"type":"Point","coordinates":[98.981914960338514,18.77282441009373]},"properties":{"OBJECTID":291,"idx":3656,"POINT_Y":18.772824409999998,"POINT_X":98.981914959999997,"name":"ถนนศรีปิงเมือง ซอย 2","kom":0,"kalae":3,"text_lanna":0,"total_detect":3}},{"type":"Feature","id":292,"geometry":{"type":"Point","coordinates":[98.997053470133352,18.772976459638837]},"properties":{"OBJECTID":292,"idx":2489,"POINT_Y":18.772976459999999,"POINT_X":98.997053469999997,"name":"ถนนศรีจันทร์ดร","kom":0,"kalae":2,"text_lanna":0,"total_detect":2}},{"type":"Feature","id":293,"geometry":{"type":"Point","coordinates":[98.981601869611922,18.772984250153176]},"properties":{"OBJECTID":293,"idx":3649,"POINT_Y":18.77298425,"POINT_X":98.981601870000006,"name":"ถนนศรีปิงเมือง ซอย 1ก","kom":2,"kalae":0,"text_lanna":0,"total_detect":2}},{"type":"Feature","id":294,"geometry":{"type":"Point","coordinates":[98.978590050195635,18.772990569576457]},"properties":{"OBJECTID":294,"idx":2060,"POINT_Y":18.772990570000001,"POINT_X":98.978590049999994,"name":"ซอยบุญเมือง","kom":5,"kalae":0,"text_lanna":0,"total_detect":5}},{"type":"Feature","id":295,"geometry":{"type":"Point","coordinates":[98.99715594993377,18.773128589974956]},"properties":{"OBJECTID":295,"idx":2490,"POINT_Y":18.773128589999999,"POINT_X":98.997155950000007,"name":"ถนนศรีจันทร์ดร","kom":0,"kalae":0,"text_lanna":1,"total_detect":1}},{"type":"Feature","id":296,"geometry":{"type":"Point","coordinates":[98.981608450153956,18.773164899558648]},"properties":{"OBJECTID":296,"idx":3648,"POINT_Y":18.773164900000001,"POINT_X":98.981608449999996,"name":"ถนนศรีปิงเมือง ซอย 1ก","kom":0,"kalae":0,"text_lanna":1,"total_detect":1}},{"type":"Feature","id":297,"geometry":{"type":"Point","coordinates":[98.998843290291745,18.773287410369594]},"properties":{"OBJECTID":297,"idx":863,"POINT_Y":18.773287409999998,"POINT_X":98.998843289999996,"name":"ถนนช้างคลาน","kom":0,"kalae":1,"text_lanna":0,"total_detect":1}},{"type":"Feature","id":298,"geometry":{"type":"Point","coordinates":[99.028264550192986,18.773315009752015]},"properties":{"OBJECTID":298,"idx":108,"POINT_Y":18.773315010000001,"POINT_X":99.028264550000003,"name":"ถนนซุปเปอร์ไฮเวย์","kom":0,"kalae":1,"text_lanna":0,"total_detect":1}},{"type":"Feature","id":299,"geometry":{"type":"Point","coordinates":[99.011071350359458,18.77342689974013]},"properties":{"OBJECTID":299,"idx":4877,"POINT_Y":18.7734269,"POINT_X":99.011071349999995,"name":null,"kom":1,"kalae":0,"text_lanna":0,"total_detect":1}},{"type":"Feature","id":300,"geometry":{"type":"Point","coordinates":[99.01087845020075,18.773435460021929]},"properties":{"OBJECTID":300,"idx":1482,"POINT_Y":18.773435460000002,"POINT_X":99.010878450000007,"name":"ถนนราษฎร์อุทิศ ซอย 6","kom":0,"kalae":2,"text_lanna":0,"total_detect":2}},{"type":"Feature","id":301,"geometry":{"type":"Point","coordinates":[99.02461356990527,18.773480690302197]},"properties":{"OBJECTID":301,"idx":9006,"POINT_Y":18.77348069,"POINT_X":99.02461357,"name":null,"kom":0,"kalae":0,"text_lanna":1,"total_detect":1}},{"type":"Feature","id":302,"geometry":{"type":"Point","coordinates":[99.010772369593127,18.773585339947733]},"properties":{"OBJECTID":302,"idx":1483,"POINT_Y":18.77358534,"POINT_X":99.010772369999998,"name":"ถนนราษฎร์อุทิศ ซอย 6","kom":0,"kalae":2,"text_lanna":0,"total_detect":2}},{"type":"Feature","id":303,"geometry":{"type":"Point","coordinates":[99.010654879677901,18.773762040446126]},"properties":{"OBJECTID":303,"idx":1484,"POINT_Y":18.773762040000001,"POINT_X":99.010654880000004,"name":"ถนนราษฎร์อุทิศ ซอย 6","kom":0,"kalae":1,"text_lanna":1,"total_detect":2}},{"type":"Feature","id":304,"geometry":{"type":"Point","coordinates":[98.99453368969769,18.773802970034641]},"properties":{"OBJECTID":304,"idx":2357,"POINT_Y":18.773802969999998,"POINT_X":98.994533689999997,"name":"ถนนเวียงพิงค์","kom":4,"kalae":0,"text_lanna":0,"total_detect":4}},{"type":"Feature","id":305,"geometry":{"type":"Point","coordinates":[98.977172710003472,18.773803789831618]},"properties":{"OBJECTID":305,"idx":6959,"POINT_Y":18.773803789999999,"POINT_X":98.977172710000005,"name":null,"kom":0,"kalae":0,"text_lanna":1,"total_detect":1}},{"type":"Feature","id":306,"geometry":{"type":"Point","coordinates":[98.978883460226442,18.773972630113843]},"properties":{"OBJECTID":306,"idx":2083,"POINT_Y":18.773972629999999,"POINT_X":98.978883460000006,"name":null,"kom":0,"kalae":3,"text_lanna":0,"total_detect":3}},{"type":"Feature","id":307,"geometry":{"type":"Point","coordinates":[99.006387469783292,18.77397608991873]},"properties":{"OBJECTID":307,"idx":8630,"POINT_Y":18.773976090000001,"POINT_X":99.006387470000007,"name":null,"kom":0,"kalae":1,"text_lanna":0,"total_detect":1}},{"type":"Feature","id":308,"geometry":{"type":"Point","coordinates":[99.002201169711512,18.774035030097721]},"properties":{"OBJECTID":308,"idx":4963,"POINT_Y":18.77403503,"POINT_X":99.002201170000006,"name":"ถนนเจริญประเทศ 12 ก","kom":1,"kalae":1,"text_lanna":0,"total_detect":2}},{"type":"Feature","id":309,"geometry":{"type":"Point","coordinates":[99.00634846006723,18.774209220396497]},"properties":{"OBJECTID":309,"idx":8639,"POINT_Y":18.774209219999999,"POINT_X":99.006348459999998,"name":"ถนน กฟภ.","kom":0,"kalae":1,"text_lanna":0,"total_detect":1}},{"type":"Feature","id":310,"geometry":{"type":"Point","coordinates":[99.017051879779828,18.77425058022536]},"properties":{"OBJECTID":310,"idx":2676,"POINT_Y":18.77425058,"POINT_X":99.017051879999997,"name":null,"kom":4,"kalae":0,"text_lanna":0,"total_detect":4}},{"type":"Feature","id":311,"geometry":{"type":"Point","coordinates":[98.995084340313014,18.774333429926635]},"properties":{"OBJECTID":311,"idx":2360,"POINT_Y":18.774333429999999,"POINT_X":98.995084340000005,"name":"ถนนเวียงพิงค์","kom":1,"kalae":0,"text_lanna":0,"total_detect":1}},{"type":"Feature","id":312,"geometry":{"type":"Point","coordinates":[99.015399390194332,18.774464089635234]},"properties":{"OBJECTID":312,"idx":2652,"POINT_Y":18.774464089999999,"POINT_X":99.015399389999999,"name":null,"kom":0,"kalae":1,"text_lanna":0,"total_detect":1}},{"type":"Feature","id":313,"geometry":{"type":"Point","coordinates":[99.015022860129136,18.774524489867272]},"properties":{"OBJECTID":313,"idx":5969,"POINT_Y":18.774524490000001,"POINT_X":99.015022860000002,"name":null,"kom":0,"kalae":2,"text_lanna":0,"total_detect":2}},{"type":"Feature","id":314,"geometry":{"type":"Point","coordinates":[99.028093450306713,18.774569779577455]},"properties":{"OBJECTID":314,"idx":101,"POINT_Y":18.77456978,"POINT_X":99.02809345,"name":"ถนนซุปเปอร์ไฮเวย์","kom":0,"kalae":0,"text_lanna":1,"total_detect":1}},{"type":"Feature","id":315,"geometry":{"type":"Point","coordinates":[99.000268770200321,18.774631330396588]},"properties":{"OBJECTID":315,"idx":3408,"POINT_Y":18.774631329999998,"POINT_X":99.000268770000005,"name":"ถนนเจริญประเทศ 12","kom":2,"kalae":0,"text_lanna":0,"total_detect":2}},{"type":"Feature","id":316,"geometry":{"type":"Point","coordinates":[99.015436619912478,18.774700989923772]},"properties":{"OBJECTID":316,"idx":2653,"POINT_Y":18.774700989999999,"POINT_X":99.015436620000003,"name":null,"kom":1,"kalae":0,"text_lanna":0,"total_detect":1}},{"type":"Feature","id":317,"geometry":{"type":"Point","coordinates":[99.028069010106378,18.774749030188055]},"properties":{"OBJECTID":317,"idx":100,"POINT_Y":18.774749029999999,"POINT_X":99.028069009999996,"name":"ถนนซุปเปอร์ไฮเวย์","kom":1,"kalae":0,"text_lanna":0,"total_detect":1}},{"type":"Feature","id":318,"geometry":{"type":"Point","coordinates":[98.998120529532954,18.774760740318801]},"properties":{"OBJECTID":318,"idx":909,"POINT_Y":18.774760740000001,"POINT_X":98.998120529999994,"name":"ถนนระแกง","kom":0,"kalae":1,"text_lanna":0,"total_detect":1}},{"type":"Feature","id":319,"geometry":{"type":"Point","coordinates":[98.999995959794873,18.774771929656879]},"properties":{"OBJECTID":319,"idx":3409,"POINT_Y":18.77477193,"POINT_X":98.999995960000007,"name":"ถนนเจริญประเทศ 12","kom":0,"kalae":1,"text_lanna":0,"total_detect":1}},{"type":"Feature","id":320,"geometry":{"type":"Point","coordinates":[98.995570640259245,18.774798780300387]},"properties":{"OBJECTID":320,"idx":2362,"POINT_Y":18.774798780000001,"POINT_X":98.995570639999997,"name":"ถนนเวียงพิงค์","kom":0,"kalae":1,"text_lanna":0,"total_detect":1}},{"type":"Feature","id":321,"geometry":{"type":"Point","coordinates":[98.999827719989497,18.774855560019404]},"properties":{"OBJECTID":321,"idx":3410,"POINT_Y":18.774855559999999,"POINT_X":98.999827719999999,"name":"ถนนเจริญประเทศ 12","kom":0,"kalae":1,"text_lanna":0,"total_detect":1}},{"type":"Feature","id":322,"geometry":{"type":"Point","coordinates":[98.999659490455528,18.774939190229734]},"properties":{"OBJECTID":322,"idx":3411,"POINT_Y":18.774939190000001,"POINT_X":98.999659489999999,"name":"ถนนเจริญประเทศ 12","kom":0,"kalae":0,"text_lanna":10,"total_detect":10}},{"type":"Feature","id":323,"geometry":{"type":"Point","coordinates":[99.009719990047174,18.774995240310712]},"properties":{"OBJECTID":323,"idx":5990,"POINT_Y":18.774995239999999,"POINT_X":99.009719989999994,"name":"ถนนราษฎร์อุทิศ ซอย 3","kom":0,"kalae":0,"text_lanna":1,"total_detect":1}},{"type":"Feature","id":324,"geometry":{"type":"Point","coordinates":[98.995796679586874,18.775014400094832]},"properties":{"OBJECTID":324,"idx":2363,"POINT_Y":18.7750144,"POINT_X":98.995796679999998,"name":"ถนนเวียงพิงค์","kom":0,"kalae":1,"text_lanna":0,"total_detect":1}},{"type":"Feature","id":325,"geometry":{"type":"Point","coordinates":[98.997781000272738,18.77514135980482]},"properties":{"OBJECTID":325,"idx":911,"POINT_Y":18.775141359999999,"POINT_X":98.997781000000003,"name":"ถนนระแกง","kom":0,"kalae":1,"text_lanna":0,"total_detect":1}},{"type":"Feature","id":326,"geometry":{"type":"Point","coordinates":[99.020513069835303,18.775210689563789]},"properties":{"OBJECTID":326,"idx":4341,"POINT_Y":18.775210690000002,"POINT_X":99.020513070000007,"name":null,"kom":0,"kalae":2,"text_lanna":0,"total_detect":2}},{"type":"Feature","id":327,"geometry":{"type":"Point","coordinates":[99.013812889892662,18.775283260135907]},"properties":{"OBJECTID":327,"idx":5993,"POINT_Y":18.775283259999998,"POINT_X":99.013812889999997,"name":null,"kom":0,"kalae":1,"text_lanna":0,"total_detect":1}},{"type":"Feature","id":328,"geometry":{"type":"Point","coordinates":[99.027995679709747,18.775286790116049]},"properties":{"OBJECTID":328,"idx":97,"POINT_Y":18.775286789999999,"POINT_X":99.027995680000004,"name":"ถนนซุปเปอร์ไฮเวย์","kom":0,"kalae":0,"text_lanna":1,"total_detect":1}},{"type":"Feature","id":329,"geometry":{"type":"Point","coordinates":[99.027971240252469,18.775466039796459]},"properties":{"OBJECTID":329,"idx":96,"POINT_Y":18.775466040000001,"POINT_X":99.027971239999999,"name":"ถนนซุปเปอร์ไฮเวย์","kom":2,"kalae":0,"text_lanna":0,"total_detect":2}},{"type":"Feature","id":330,"geometry":{"type":"Point","coordinates":[99.010113690000225,18.775481239938145]},"properties":{"OBJECTID":330,"idx":5985,"POINT_Y":18.775481240000001,"POINT_X":99.010113689999997,"name":"ถนนราษฎร์อุทิศ ซอย 3","kom":0,"kalae":0,"text_lanna":1,"total_detect":1}},{"type":"Feature","id":331,"geometry":{"type":"Point","coordinates":[99.027946790306544,18.775645290375678]},"properties":{"OBJECTID":331,"idx":95,"POINT_Y":18.77564529,"POINT_X":99.027946790000001,"name":"ถนนซุปเปอร์ไฮเวย์","kom":0,"kalae":2,"text_lanna":0,"total_detect":2}},{"type":"Feature","id":332,"geometry":{"type":"Point","coordinates":[98.996644939755015,18.77583171037967]},"properties":{"OBJECTID":332,"idx":2368,"POINT_Y":18.775831709999999,"POINT_X":98.996644939999996,"name":"ถนนเวียงพิงค์","kom":1,"kalae":2,"text_lanna":0,"total_detect":3}},{"type":"Feature","id":333,"geometry":{"type":"Point","coordinates":[98.996777160423576,18.775961380411299]},"properties":{"OBJECTID":333,"idx":2369,"POINT_Y":18.775961379999998,"POINT_X":98.996777159999994,"name":"ถนนเวียงพิงค์","kom":0,"kalae":0,"text_lanna":2,"total_detect":2}},{"type":"Feature","id":334,"geometry":{"type":"Point","coordinates":[99.009477369699042,18.776354630292975]},"properties":{"OBJECTID":334,"idx":6046,"POINT_Y":18.77635463,"POINT_X":99.009477369999999,"name":"ถนนราษฎร์อุทิศ ซอย 2","kom":0,"kalae":0,"text_lanna":1,"total_detect":1}},{"type":"Feature","id":335,"geometry":{"type":"Point","coordinates":[98.998176100458792,18.77647330975002]},"properties":{"OBJECTID":335,"idx":2327,"POINT_Y":18.77647331,"POINT_X":98.998176099999995,"name":"ถนนประชาสัมพันธ์ ซอย2","kom":0,"kalae":1,"text_lanna":0,"total_detect":1}},{"type":"Feature","id":336,"geometry":{"type":"Point","coordinates":[99.010425890403681,18.776511779642799]},"properties":{"OBJECTID":336,"idx":6043,"POINT_Y":18.77651178,"POINT_X":99.010425889999993,"name":"ถนนราษฎร์อุทิศ ซอย 2","kom":0,"kalae":0,"text_lanna":1,"total_detect":1}},{"type":"Feature","id":337,"geometry":{"type":"Point","coordinates":[99.027824579658784,18.776541550397621]},"properties":{"OBJECTID":337,"idx":90,"POINT_Y":18.776541550000001,"POINT_X":99.027824580000001,"name":"ถนนซุปเปอร์ไฮเวย์","kom":0,"kalae":1,"text_lanna":0,"total_detect":1}},{"type":"Feature","id":338,"geometry":{"type":"Point","coordinates":[98.998010849763105,18.776562179570643]},"properties":{"OBJECTID":338,"idx":2326,"POINT_Y":18.776562179999999,"POINT_X":98.99801085,"name":"ถนนประชาสัมพันธ์ ซอย2","kom":0,"kalae":4,"text_lanna":0,"total_detect":4}},{"type":"Feature","id":339,"geometry":{"type":"Point","coordinates":[99.027800130354663,18.776720809975192]},"properties":{"OBJECTID":339,"idx":89,"POINT_Y":18.77672081,"POINT_X":99.027800130000003,"name":"ถนนซุปเปอร์ไฮเวย์","kom":4,"kalae":0,"text_lanna":0,"total_detect":4}},{"type":"Feature","id":340,"geometry":{"type":"Point","coordinates":[98.997680349749615,18.776739929616433]},"properties":{"OBJECTID":340,"idx":2324,"POINT_Y":18.776739930000002,"POINT_X":98.997680349999996,"name":"ถนนประชาสัมพันธ์ ซอย2","kom":0,"kalae":0,"text_lanna":1,"total_detect":1}},{"type":"Feature","id":341,"geometry":{"type":"Point","coordinates":[98.999745720295749,18.776753270227257]},"properties":{"OBJECTID":341,"idx":6950,"POINT_Y":18.77675327,"POINT_X":98.999745720000007,"name":null,"kom":0,"kalae":1,"text_lanna":0,"total_detect":1}},{"type":"Feature","id":342,"geometry":{"type":"Point","coordinates":[99.020370830035517,18.776860330269212]},"properties":{"OBJECTID":342,"idx":5947,"POINT_Y":18.776860330000002,"POINT_X":99.020370830000005,"name":"บ้านแพะ ซอย 3","kom":0,"kalae":1,"text_lanna":0,"total_detect":1}},{"type":"Feature","id":343,"geometry":{"type":"Point","coordinates":[99.027775689537236,18.77690005960325]},"properties":{"OBJECTID":343,"idx":88,"POINT_Y":18.776900059999999,"POINT_X":99.027775689999999,"name":"ถนนซุปเปอร์ไฮเวย์","kom":0,"kalae":1,"text_lanna":0,"total_detect":1}},{"type":"Feature","id":344,"geometry":{"type":"Point","coordinates":[99.000367369869224,18.77723978032579]},"properties":{"OBJECTID":344,"idx":6943,"POINT_Y":18.777239779999999,"POINT_X":99.000367370000006,"name":null,"kom":1,"kalae":0,"text_lanna":0,"total_detect":1}},{"type":"Feature","id":345,"geometry":{"type":"Point","coordinates":[99.018840169895427,18.777394270240826]},"properties":{"OBJECTID":345,"idx":2746,"POINT_Y":18.777394269999998,"POINT_X":99.018840170000004,"name":null,"kom":0,"kalae":0,"text_lanna":2,"total_detect":2}},{"type":"Feature","id":346,"geometry":{"type":"Point","coordinates":[99.010578509947351,18.777548029824651]},"properties":{"OBJECTID":346,"idx":8206,"POINT_Y":18.777548029999998,"POINT_X":99.010578510000002,"name":null,"kom":0,"kalae":0,"text_lanna":1,"total_detect":1}},{"type":"Feature","id":347,"geometry":{"type":"Point","coordinates":[99.004972149994245,18.777720480310052]},"properties":{"OBJECTID":347,"idx":4976,"POINT_Y":18.777720479999999,"POINT_X":99.00497215,"name":"ถนนเจริญประเทศ ซอย10","kom":1,"kalae":0,"text_lanna":0,"total_detect":1}},{"type":"Feature","id":348,"geometry":{"type":"Point","coordinates":[99.02765347044793,18.777796320300201]},"properties":{"OBJECTID":348,"idx":83,"POINT_Y":18.77779632,"POINT_X":99.027653470000004,"name":"ถนนซุปเปอร์ไฮเวย์","kom":0,"kalae":0,"text_lanna":1,"total_detect":1}},{"type":"Feature","id":349,"geometry":{"type":"Point","coordinates":[98.998678450454619,18.777835719899777]},"properties":{"OBJECTID":349,"idx":6936,"POINT_Y":18.777835719999999,"POINT_X":98.99867845,"name":null,"kom":0,"kalae":1,"text_lanna":0,"total_detect":1}},{"type":"Feature","id":350,"geometry":{"type":"Point","coordinates":[99.027629030270873,18.777975569888735]},"properties":{"OBJECTID":350,"idx":82,"POINT_Y":18.777975569999999,"POINT_X":99.02762903,"name":"ถนนซุปเปอร์ไฮเวย์","kom":0,"kalae":0,"text_lanna":1,"total_detect":1}},{"type":"Feature","id":351,"geometry":{"type":"Point","coordinates":[99.016657810440023,18.77812652041462]},"properties":{"OBJECTID":351,"idx":2600,"POINT_Y":18.778126520000001,"POINT_X":99.016657809999998,"name":"ถนน สันนาลุง","kom":2,"kalae":0,"text_lanna":0,"total_detect":2}},{"type":"Feature","id":352,"geometry":{"type":"Point","coordinates":[98.999288849888757,18.77816527041216]},"properties":{"OBJECTID":352,"idx":6934,"POINT_Y":18.778165269999999,"POINT_X":98.999288849999999,"name":null,"kom":0,"kalae":1,"text_lanna":0,"total_detect":1}},{"type":"Feature","id":353,"geometry":{"type":"Point","coordinates":[98.998961830088447,18.778246169846863]},"properties":{"OBJECTID":353,"idx":6933,"POINT_Y":18.778246169999999,"POINT_X":98.998961829999999,"name":null,"kom":3,"kalae":0,"text_lanna":0,"total_detect":3}},{"type":"Feature","id":354,"geometry":{"type":"Point","coordinates":[99.011778640198244,18.778324420406889]},"properties":{"OBJECTID":354,"idx":8229,"POINT_Y":18.778324420000001,"POINT_X":99.011778640000003,"name":null,"kom":0,"kalae":0,"text_lanna":1,"total_detect":1}},{"type":"Feature","id":355,"geometry":{"type":"Point","coordinates":[99.016328989563689,18.778395060049945]},"properties":{"OBJECTID":355,"idx":2602,"POINT_Y":18.778395060000001,"POINT_X":99.016328990000005,"name":"ถนน สันนาลุง","kom":0,"kalae":1,"text_lanna":0,"total_detect":1}},{"type":"Feature","id":356,"geometry":{"type":"Point","coordinates":[99.027555699944344,18.778513330365573]},"properties":{"OBJECTID":356,"idx":79,"POINT_Y":18.778513329999999,"POINT_X":99.027555699999994,"name":"ถนนซุปเปอร์ไฮเวย์","kom":0,"kalae":2,"text_lanna":0,"total_detect":2}},{"type":"Feature","id":357,"geometry":{"type":"Point","coordinates":[99.016113330131859,18.778603600311087]},"properties":{"OBJECTID":357,"idx":2603,"POINT_Y":18.7786036,"POINT_X":99.016113329999996,"name":"ถนน สันนาลุง","kom":0,"kalae":1,"text_lanna":0,"total_detect":1}},{"type":"Feature","id":358,"geometry":{"type":"Point","coordinates":[98.998802029646953,18.77869397971244]},"properties":{"OBJECTID":358,"idx":2340,"POINT_Y":18.77869398,"POINT_X":98.998802029999993,"name":"ถนนประชาสัมพันธ์","kom":0,"kalae":1,"text_lanna":0,"total_detect":1}},{"type":"Feature","id":359,"geometry":{"type":"Point","coordinates":[99.027482370103726,18.779051089879406]},"properties":{"OBJECTID":359,"idx":76,"POINT_Y":18.779051089999999,"POINT_X":99.027482370000001,"name":"ถนนซุปเปอร์ไฮเวย์","kom":2,"kalae":0,"text_lanna":0,"total_detect":2}},{"type":"Feature","id":360,"geometry":{"type":"Point","coordinates":[98.99905023976811,18.779150430364268]},"properties":{"OBJECTID":360,"idx":2338,"POINT_Y":18.779150430000001,"POINT_X":98.999050240000003,"name":"ถนนประชาสัมพันธ์","kom":0,"kalae":1,"text_lanna":0,"total_detect":1}},{"type":"Feature","id":361,"geometry":{"type":"Point","coordinates":[99.0261246400093,18.779536850300687]},"properties":{"OBJECTID":361,"idx":2771,"POINT_Y":18.77953685,"POINT_X":99.026124640000006,"name":"อนุวิถี ซอย 1","kom":1,"kalae":0,"text_lanna":0,"total_detect":1}},{"type":"Feature","id":362,"geometry":{"type":"Point","coordinates":[99.027384589620269,18.779768099762158]},"properties":{"OBJECTID":362,"idx":72,"POINT_Y":18.779768099999998,"POINT_X":99.027384589999997,"name":"ถนนซุปเปอร์ไฮเวย์","kom":5,"kalae":0,"text_lanna":0,"total_detect":5}},{"type":"Feature","id":363,"geometry":{"type":"Point","coordinates":[99.025199109898566,18.779988640086351]},"properties":{"OBJECTID":363,"idx":6087,"POINT_Y":18.779988639999999,"POINT_X":99.025199110000003,"name":"อนุวิถี ซอย 2ก","kom":0,"kalae":0,"text_lanna":1,"total_detect":1}},{"type":"Feature","id":364,"geometry":{"type":"Point","coordinates":[99.02659133972999,18.780107080407436]},"properties":{"OBJECTID":364,"idx":2767,"POINT_Y":18.780107080000001,"POINT_X":99.026591339999996,"name":"อนุวิถี ซอย 1","kom":5,"kalae":0,"text_lanna":0,"total_detect":5}},{"type":"Feature","id":365,"geometry":{"type":"Point","coordinates":[99.025274419687861,18.780154550371147]},"properties":{"OBJECTID":365,"idx":6088,"POINT_Y":18.780154549999999,"POINT_X":99.025274420000002,"name":"อนุวิถี ซอย 2ก","kom":0,"kalae":1,"text_lanna":0,"total_detect":1}},{"type":"Feature","id":366,"geometry":{"type":"Point","coordinates":[99.025148520303787,18.780320680319342]},"properties":{"OBJECTID":366,"idx":4986,"POINT_Y":18.780320679999999,"POINT_X":99.025148520000002,"name":"ถนนอนุวิถี","kom":1,"kalae":0,"text_lanna":0,"total_detect":1}},{"type":"Feature","id":367,"geometry":{"type":"Point","coordinates":[99.027296369852294,18.780382770213606]},"properties":{"OBJECTID":367,"idx":69,"POINT_Y":18.780382769999999,"POINT_X":99.027296370000002,"name":"ถนนซุปเปอร์ไฮเวย์","kom":0,"kalae":0,"text_lanna":1,"total_detect":1}},{"type":"Feature","id":368,"geometry":{"type":"Point","coordinates":[99.018364050089446,18.78039699006538]},"properties":{"OBJECTID":368,"idx":2726,"POINT_Y":18.78039699,"POINT_X":99.018364050000002,"name":null,"kom":0,"kalae":2,"text_lanna":0,"total_detect":2}},{"type":"Feature","id":369,"geometry":{"type":"Point","coordinates":[99.018362009646353,18.780577740105102]},"properties":{"OBJECTID":369,"idx":2727,"POINT_Y":18.780577739999998,"POINT_X":99.018362010000004,"name":null,"kom":4,"kalae":0,"text_lanna":0,"total_detect":4}},{"type":"Feature","id":370,"geometry":{"type":"Point","coordinates":[99.027213989630852,18.780919329701817]},"properties":{"OBJECTID":370,"idx":66,"POINT_Y":18.78091933,"POINT_X":99.027213990000007,"name":"ถนนซุปเปอร์ไฮเวย์","kom":1,"kalae":0,"text_lanna":0,"total_detect":1}},{"type":"Feature","id":371,"geometry":{"type":"Point","coordinates":[99.022823559611595,18.781095429951495]},"properties":{"OBJECTID":371,"idx":2749,"POINT_Y":18.781095430000001,"POINT_X":99.022823560000006,"name":"ถนนเจริญเมือง ซอย 7","kom":2,"kalae":0,"text_lanna":0,"total_detect":2}},{"type":"Feature","id":372,"geometry":{"type":"Point","coordinates":[99.02517330000984,18.781212969679327]},"properties":{"OBJECTID":372,"idx":4005,"POINT_Y":18.781212969999999,"POINT_X":99.025173300000006,"name":"เจริญเมือง ซอย 8ก","kom":2,"kalae":0,"text_lanna":0,"total_detect":2}},{"type":"Feature","id":373,"geometry":{"type":"Point","coordinates":[99.022839419835776,18.781275549701189]},"properties":{"OBJECTID":373,"idx":2750,"POINT_Y":18.78127555,"POINT_X":99.022839419999997,"name":"ถนนเจริญเมือง ซอย 7","kom":2,"kalae":0,"text_lanna":0,"total_detect":2}},{"type":"Feature","id":374,"geometry":{"type":"Point","coordinates":[99.022855280095328,18.781455680291511]},"properties":{"OBJECTID":374,"idx":2751,"POINT_Y":18.781455680000001,"POINT_X":99.022855280000002,"name":"ถนนเจริญเมือง ซอย 7","kom":0,"kalae":0,"text_lanna":1,"total_detect":1}},{"type":"Feature","id":375,"geometry":{"type":"Point","coordinates":[99.002876609572894,18.781462489624751]},"properties":{"OBJECTID":375,"idx":849,"POINT_Y":18.781462489999999,"POINT_X":99.002876610000001,"name":"ถนนศรีดอนไชย","kom":1,"kalae":0,"text_lanna":0,"total_detect":1}},{"type":"Feature","id":376,"geometry":{"type":"Point","coordinates":[99.02456384007786,18.78168659956885]},"properties":{"OBJECTID":376,"idx":3983,"POINT_Y":18.7816866,"POINT_X":99.024563839999999,"name":"ถนนเจริญเมือง ซอย 8","kom":0,"kalae":0,"text_lanna":1,"total_detect":1}},{"type":"Feature","id":377,"geometry":{"type":"Point","coordinates":[99.001021569678031,18.781750789903526]},"properties":{"OBJECTID":377,"idx":860,"POINT_Y":18.78175079,"POINT_X":99.001021570000006,"name":null,"kom":1,"kalae":0,"text_lanna":0,"total_detect":1}},{"type":"Feature","id":378,"geometry":{"type":"Point","coordinates":[99.022931910471954,18.781835139674765]},"properties":{"OBJECTID":378,"idx":2753,"POINT_Y":18.781835139999998,"POINT_X":99.022931909999997,"name":"ถนนเจริญเมือง ซอย 7","kom":0,"kalae":1,"text_lanna":0,"total_detect":1}},{"type":"Feature","id":379,"geometry":{"type":"Point","coordinates":[99.020175770245103,18.782008010065983]},"properties":{"OBJECTID":379,"idx":2737,"POINT_Y":18.782008009999998,"POINT_X":99.020175769999994,"name":"ถนนเจริญเมือง ซอย 5","kom":0,"kalae":0,"text_lanna":2,"total_detect":2}},{"type":"Feature","id":380,"geometry":{"type":"Point","coordinates":[99.019287180076986,18.782054950041402]},"properties":{"OBJECTID":380,"idx":7638,"POINT_Y":18.782054949999999,"POINT_X":99.019287180000006,"name":null,"kom":1,"kalae":0,"text_lanna":0,"total_detect":1}},{"type":"Feature","id":381,"geometry":{"type":"Point","coordinates":[99.024966950040906,18.782260380287394]},"properties":{"OBJECTID":381,"idx":4000,"POINT_Y":18.78226038,"POINT_X":99.024966950000007,"name":"เจริญเมือง ซอย 8ก","kom":0,"kalae":0,"text_lanna":1,"total_detect":1}},{"type":"Feature","id":382,"geometry":{"type":"Point","coordinates":[99.015743569749063,18.782453020213932]},"properties":{"OBJECTID":382,"idx":2645,"POINT_Y":18.782453019999998,"POINT_X":99.015743569999998,"name":"กองทราย ซอย 1","kom":0,"kalae":1,"text_lanna":0,"total_detect":1}},{"type":"Feature","id":383,"geometry":{"type":"Point","coordinates":[99.013598279575731,18.782515579986562]},"properties":{"OBJECTID":383,"idx":2619,"POINT_Y":18.782515579999998,"POINT_X":99.013598279999997,"name":"ถนน สันนาลุง","kom":1,"kalae":0,"text_lanna":0,"total_detect":1}},{"type":"Feature","id":384,"geometry":{"type":"Point","coordinates":[99.024181489807745,18.782543410431714]},"properties":{"OBJECTID":384,"idx":3987,"POINT_Y":18.782543409999999,"POINT_X":99.024181490000004,"name":"ถนนเจริญเมือง ซอย 8","kom":2,"kalae":0,"text_lanna":0,"total_detect":2}},{"type":"Feature","id":385,"geometry":{"type":"Point","coordinates":[99.016301660241453,18.782549539568091]},"properties":{"OBJECTID":385,"idx":2638,"POINT_Y":18.782549540000002,"POINT_X":99.016301659999996,"name":"ถนนกองทราย","kom":1,"kalae":0,"text_lanna":0,"total_detect":1}},{"type":"Feature","id":386,"geometry":{"type":"Point","coordinates":[99.006386239613306,18.782603629693455]},"properties":{"OBJECTID":386,"idx":3139,"POINT_Y":18.782603630000001,"POINT_X":99.006386239999998,"name":"ถนนท่าสะต๋อย","kom":0,"kalae":0,"text_lanna":1,"total_detect":1}},{"type":"Feature","id":387,"geometry":{"type":"Point","coordinates":[99.015651939579257,18.782655500298954]},"properties":{"OBJECTID":387,"idx":2635,"POINT_Y":18.782655500000001,"POINT_X":99.015651939999998,"name":"ถนนกองทราย","kom":1,"kalae":0,"text_lanna":0,"total_detect":1}},{"type":"Feature","id":388,"geometry":{"type":"Point","coordinates":[99.018305809927028,18.782701819649592]},"properties":{"OBJECTID":388,"idx":7606,"POINT_Y":18.78270182,"POINT_X":99.018305810000001,"name":null,"kom":1,"kalae":0,"text_lanna":0,"total_detect":1}},{"type":"Feature","id":389,"geometry":{"type":"Point","coordinates":[99.015009340245868,18.782801339723878]},"properties":{"OBJECTID":389,"idx":2632,"POINT_Y":18.782801339999999,"POINT_X":99.015009340000006,"name":"ถนนกองทราย","kom":0,"kalae":2,"text_lanna":1,"total_detect":3}},{"type":"Feature","id":390,"geometry":{"type":"Point","coordinates":[99.014555139992424,18.782910549835879]},"properties":{"OBJECTID":390,"idx":2630,"POINT_Y":18.78291055,"POINT_X":99.014555139999999,"name":"ถนนกองทราย","kom":2,"kalae":5,"text_lanna":0,"total_detect":7}},{"type":"Feature","id":391,"geometry":{"type":"Point","coordinates":[99.014182120345467,18.782977319774357]},"properties":{"OBJECTID":391,"idx":2628,"POINT_Y":18.782977320000001,"POINT_X":99.014182120000001,"name":"ถนนกองทราย","kom":0,"kalae":0,"text_lanna":1,"total_detect":1}},{"type":"Feature","id":392,"geometry":{"type":"Point","coordinates":[99.013370729889303,18.782993909918055]},"properties":{"OBJECTID":392,"idx":2621,"POINT_Y":18.782993909999998,"POINT_X":99.013370730000005,"name":"ถนน สันนาลุง","kom":0,"kalae":1,"text_lanna":0,"total_detect":1}},{"type":"Feature","id":393,"geometry":{"type":"Point","coordinates":[99.007369429525795,18.783078469897756]},"properties":{"OBJECTID":393,"idx":3144,"POINT_Y":18.78307847,"POINT_X":99.007369429999997,"name":"ถนนท่าสะต๋อย","kom":2,"kalae":2,"text_lanna":0,"total_detect":4}},{"type":"Feature","id":394,"geometry":{"type":"Point","coordinates":[99.007703929915465,18.783161840036215]},"properties":{"OBJECTID":394,"idx":3145,"POINT_Y":18.783161840000002,"POINT_X":99.007703930000005,"name":"ถนนท่าสะต๋อย","kom":1,"kalae":0,"text_lanna":0,"total_detect":1}},{"type":"Feature","id":395,"geometry":{"type":"Point","coordinates":[98.999363359606733,18.783538159552858]},"properties":{"OBJECTID":395,"idx":1263,"POINT_Y":18.783538159999999,"POINT_X":98.999363360000004,"name":"ถนนลอยเคราะห์ 4","kom":4,"kalae":2,"text_lanna":0,"total_detect":6}},{"type":"Feature","id":396,"geometry":{"type":"Point","coordinates":[99.021101990083665,18.78368359969495]},"properties":{"OBJECTID":396,"idx":4013,"POINT_Y":18.7836836,"POINT_X":99.021101990000005,"name":"ถนนเจริญเมือง ซอย 6","kom":4,"kalae":0,"text_lanna":0,"total_detect":4}},{"type":"Feature","id":397,"geometry":{"type":"Point","coordinates":[99.023611189852232,18.783684039626092]},"properties":{"OBJECTID":397,"idx":3992,"POINT_Y":18.783684040000001,"POINT_X":99.023611189999997,"name":"ถนนเจริญเมือง ซอย 8","kom":2,"kalae":2,"text_lanna":0,"total_detect":4}},{"type":"Feature","id":398,"geometry":{"type":"Point","coordinates":[98.999379869799014,18.783718239686181]},"properties":{"OBJECTID":398,"idx":1264,"POINT_Y":18.783718239999999,"POINT_X":98.999379869999999,"name":"ถนนลอยเคราะห์ 4","kom":0,"kalae":2,"text_lanna":1,"total_detect":3}},{"type":"Feature","id":399,"geometry":{"type":"Point","coordinates":[98.972616350336196,18.783770259629939]},"properties":{"OBJECTID":399,"idx":4901,"POINT_Y":18.783770260000001,"POINT_X":98.972616349999996,"name":null,"kom":0,"kalae":2,"text_lanna":0,"total_detect":2}},{"type":"Feature","id":400,"geometry":{"type":"Point","coordinates":[98.969142390255001,18.78381454969881]},"properties":{"OBJECTID":400,"idx":7353,"POINT_Y":18.783814549999999,"POINT_X":98.969142390000002,"name":null,"kom":0,"kalae":1,"text_lanna":0,"total_detect":1}},{"type":"Feature","id":401,"geometry":{"type":"Point","coordinates":[98.96933204973088,18.783820900225241]},"properties":{"OBJECTID":401,"idx":7354,"POINT_Y":18.783820899999998,"POINT_X":98.969332050000006,"name":null,"kom":3,"kalae":0,"text_lanna":0,"total_detect":3}},{"type":"Feature","id":402,"geometry":{"type":"Point","coordinates":[99.005164190045733,18.783881579918699]},"properties":{"OBJECTID":402,"idx":980,"POINT_Y":18.783881579999999,"POINT_X":99.005164190000002,"name":"ถนนเชียงใหม่-ลำพูน","kom":0,"kalae":1,"text_lanna":0,"total_detect":1}},{"type":"Feature","id":403,"geometry":{"type":"Point","coordinates":[98.999396390464341,18.783898309872942]},"properties":{"OBJECTID":403,"idx":1265,"POINT_Y":18.783898310000001,"POINT_X":98.999396390000001,"name":"ถนนลอยเคราะห์ 4","kom":0,"kalae":0,"text_lanna":1,"total_detect":1}},{"type":"Feature","id":404,"geometry":{"type":"Point","coordinates":[99.004364490422361,18.784004869979665]},"properties":{"OBJECTID":404,"idx":1219,"POINT_Y":18.78400487,"POINT_X":99.00436449,"name":"ถนนลอยเคราะห์","kom":0,"kalae":0,"text_lanna":1,"total_detect":1}},{"type":"Feature","id":405,"geometry":{"type":"Point","coordinates":[99.004553779660867,18.784017850206162]},"properties":{"OBJECTID":405,"idx":1220,"POINT_Y":18.784017850000001,"POINT_X":99.004553779999995,"name":"ถนนลอยเคราะห์","kom":0,"kalae":16,"text_lanna":0,"total_detect":16}},{"type":"Feature","id":406,"geometry":{"type":"Point","coordinates":[98.968571239570082,18.7840632496499]},"properties":{"OBJECTID":406,"idx":7308,"POINT_Y":18.784063249999999,"POINT_X":98.968571240000003,"name":"ถนนสวนดอก","kom":0,"kalae":0,"text_lanna":1,"total_detect":1}},{"type":"Feature","id":407,"geometry":{"type":"Point","coordinates":[99.024713800369327,18.784079749594188]},"properties":{"OBJECTID":407,"idx":3944,"POINT_Y":18.78407975,"POINT_X":99.024713800000001,"name":"ซอยเจริญยิ่ง","kom":0,"kalae":2,"text_lanna":0,"total_detect":2}},{"type":"Feature","id":408,"geometry":{"type":"Point","coordinates":[99.024704599559385,18.784260289990193]},"properties":{"OBJECTID":408,"idx":3945,"POINT_Y":18.784260289999999,"POINT_X":99.024704600000007,"name":"ซอยเจริญยิ่ง","kom":2,"kalae":0,"text_lanna":0,"total_detect":2}},{"type":"Feature","id":409,"geometry":{"type":"Point","coordinates":[99.021089109666676,18.784422919948245]},"properties":{"OBJECTID":409,"idx":4010,"POINT_Y":18.784422920000001,"POINT_X":99.021089110000005,"name":"ถนนเจริญเมือง ซอย 6","kom":0,"kalae":1,"text_lanna":0,"total_detect":1}},{"type":"Feature","id":410,"geometry":{"type":"Point","coordinates":[98.972691809605948,18.784489709687911]},"properties":{"OBJECTID":410,"idx":4897,"POINT_Y":18.784489709999999,"POINT_X":98.972691810000001,"name":null,"kom":0,"kalae":1,"text_lanna":0,"total_detect":1}},{"type":"Feature","id":411,"geometry":{"type":"Point","coordinates":[98.971642570109097,18.784520600339491]},"properties":{"OBJECTID":411,"idx":7164,"POINT_Y":18.7845206,"POINT_X":98.97164257,"name":null,"kom":0,"kalae":1,"text_lanna":0,"total_detect":1}},{"type":"Feature","id":412,"geometry":{"type":"Point","coordinates":[99.002966619872566,18.784592189788334]},"properties":{"OBJECTID":412,"idx":1309,"POINT_Y":18.784592190000001,"POINT_X":99.002966619999995,"name":"ถนนเจริญประเทศ","kom":0,"kalae":1,"text_lanna":0,"total_detect":1}},{"type":"Feature","id":413,"geometry":{"type":"Point","coordinates":[99.024686210218505,18.784621379806708]},"properties":{"OBJECTID":413,"idx":3947,"POINT_Y":18.784621380000001,"POINT_X":99.024686209999999,"name":"ซอยเจริญยิ่ง","kom":0,"kalae":0,"text_lanna":2,"total_detect":2}},{"type":"Feature","id":414,"geometry":{"type":"Point","coordinates":[99.011069049829558,18.78462307970619]},"properties":{"OBJECTID":414,"idx":2577,"POINT_Y":18.784623079999999,"POINT_X":99.011069050000003,"name":"ถนน สันนาลุง","kom":3,"kalae":1,"text_lanna":0,"total_detect":4}},{"type":"Feature","id":415,"geometry":{"type":"Point","coordinates":[98.969514430105406,18.784698179735543]},"properties":{"OBJECTID":415,"idx":7317,"POINT_Y":18.784698179999999,"POINT_X":98.969514430000004,"name":"ถนนสวนดอก ซอย 5","kom":0,"kalae":1,"text_lanna":0,"total_detect":1}},{"type":"Feature","id":416,"geometry":{"type":"Point","coordinates":[98.967521020056864,18.784746790320185]},"properties":{"OBJECTID":416,"idx":7383,"POINT_Y":18.78474679,"POINT_X":98.967521020000007,"name":"ซอยไปรวยมารวย","kom":0,"kalae":0,"text_lanna":2,"total_detect":2}},{"type":"Feature","id":417,"geometry":{"type":"Point","coordinates":[99.002031520020267,18.784822850280495]},"properties":{"OBJECTID":417,"idx":5068,"POINT_Y":18.784822850000001,"POINT_X":99.002031520000003,"name":"ถนนเจริญประเทศ ซอย 6","kom":1,"kalae":0,"text_lanna":0,"total_detect":1}},{"type":"Feature","id":418,"geometry":{"type":"Point","coordinates":[98.965895050006353,18.784932729965817]},"properties":{"OBJECTID":418,"idx":7126,"POINT_Y":18.784932730000001,"POINT_X":98.96589505,"name":null,"kom":0,"kalae":0,"text_lanna":2,"total_detect":2}},{"type":"Feature","id":419,"geometry":{"type":"Point","coordinates":[99.002941220191659,18.785119910156201]},"properties":{"OBJECTID":419,"idx":1310,"POINT_Y":18.785119909999999,"POINT_X":99.002941219999997,"name":"ถนนเจริญประเทศ","kom":0,"kalae":0,"text_lanna":1,"total_detect":1}},{"type":"Feature","id":420,"geometry":{"type":"Point","coordinates":[98.971460979714536,18.785193280303012]},"properties":{"OBJECTID":420,"idx":2209,"POINT_Y":18.785193280000001,"POINT_X":98.971460980000003,"name":"สิโรรส ซอย 3","kom":0,"kalae":2,"text_lanna":0,"total_detect":2}},{"type":"Feature","id":421,"geometry":{"type":"Point","coordinates":[98.971127370270537,18.785230660378911]},"properties":{"OBJECTID":421,"idx":2208,"POINT_Y":18.78523066,"POINT_X":98.971127370000005,"name":"สิโรรส ซอย 3","kom":0,"kalae":1,"text_lanna":0,"total_detect":1}},{"type":"Feature","id":422,"geometry":{"type":"Point","coordinates":[99.024649410428694,18.785343560299332]},"properties":{"OBJECTID":422,"idx":3951,"POINT_Y":18.785343560000001,"POINT_X":99.024649409999995,"name":"ซอยเจริญยิ่ง","kom":0,"kalae":1,"text_lanna":0,"total_detect":1}},{"type":"Feature","id":423,"geometry":{"type":"Point","coordinates":[99.009671380262361,18.78538786982006]},"properties":{"OBJECTID":423,"idx":2585,"POINT_Y":18.785387870000001,"POINT_X":99.00967138,"name":"ถนน สันนาลุง","kom":4,"kalae":1,"text_lanna":0,"total_detect":5}},{"type":"Feature","id":424,"geometry":{"type":"Point","coordinates":[99.022676570349304,18.785405780326919]},"properties":{"OBJECTID":424,"idx":7805,"POINT_Y":18.785405780000001,"POINT_X":99.022676570000002,"name":"ถนนวัดหนองป่าครั่ง","kom":1,"kalae":0,"text_lanna":0,"total_detect":1}},{"type":"Feature","id":425,"geometry":{"type":"Point","coordinates":[99.017897449727911,18.785410820090206]},"properties":{"OBJECTID":425,"idx":1487,"POINT_Y":18.785410819999999,"POINT_X":99.017897450000007,"name":"ถนน ทุ่งโฮเต็ล","kom":0,"kalae":2,"text_lanna":0,"total_detect":2}},{"type":"Feature","id":426,"geometry":{"type":"Point","coordinates":[99.017901100297536,18.785591549599722]},"properties":{"OBJECTID":426,"idx":1488,"POINT_Y":18.785591549999999,"POINT_X":99.017901100000003,"name":"ถนน ทุ่งโฮเต็ล","kom":1,"kalae":0,"text_lanna":2,"total_detect":3}},{"type":"Feature","id":427,"geometry":{"type":"Point","coordinates":[99.01591274970302,18.785614690326423]},"properties":{"OBJECTID":427,"idx":4470,"POINT_Y":18.785614689999999,"POINT_X":99.015912749999998,"name":"ถนนเจริญเมือง","kom":3,"kalae":0,"text_lanna":0,"total_detect":3}},{"type":"Feature","id":428,"geometry":{"type":"Point","coordinates":[99.025932349626245,18.785624099964245]},"properties":{"OBJECTID":428,"idx":5083,"POINT_Y":18.7856241,"POINT_X":99.025932350000005,"name":"ซอย จินดาวงศ์","kom":1,"kalae":0,"text_lanna":0,"total_detect":1}},{"type":"Feature","id":429,"geometry":{"type":"Point","coordinates":[99.002903640340634,18.785660080379621]},"properties":{"OBJECTID":429,"idx":1312,"POINT_Y":18.78566008,"POINT_X":99.00290364,"name":"ถนนเจริญประเทศ","kom":0,"kalae":1,"text_lanna":0,"total_detect":1}},{"type":"Feature","id":430,"geometry":{"type":"Point","coordinates":[99.014688780240519,18.785665319635967]},"properties":{"OBJECTID":430,"idx":8155,"POINT_Y":18.78566532,"POINT_X":99.01468878,"name":"ถนนเจริญเมือง ซอย4","kom":0,"kalae":1,"text_lanna":0,"total_detect":1}},{"type":"Feature","id":431,"geometry":{"type":"Point","coordinates":[98.971857680059856,18.785715739760892]},"properties":{"OBJECTID":431,"idx":7172,"POINT_Y":18.785715740000001,"POINT_X":98.971857679999999,"name":null,"kom":0,"kalae":1,"text_lanna":0,"total_detect":1}},{"type":"Feature","id":432,"geometry":{"type":"Point","coordinates":[99.012769909726742,18.785779389643071]},"properties":{"OBJECTID":432,"idx":2598,"POINT_Y":18.785779389999998,"POINT_X":99.012769910000003,"name":"ถนนเจริญเมือง ซอย3","kom":0,"kalae":2,"text_lanna":0,"total_detect":2}},{"type":"Feature","id":433,"geometry":{"type":"Point","coordinates":[98.968569449896293,18.785792810271182]},"properties":{"OBJECTID":433,"idx":7302,"POINT_Y":18.78579281,"POINT_X":98.968569450000004,"name":"ถนนสวนดอก","kom":0,"kalae":0,"text_lanna":1,"total_detect":1}},{"type":"Feature","id":434,"geometry":{"type":"Point","coordinates":[98.999728030059742,18.786004710411355]},"properties":{"OBJECTID":434,"idx":1248,"POINT_Y":18.78600471,"POINT_X":98.99972803,"name":"ถนน ท่าแพ ซอย 1","kom":0,"kalae":2,"text_lanna":0,"total_detect":2}},{"type":"Feature","id":435,"geometry":{"type":"Point","coordinates":[99.020711490310148,18.786053350367197]},"properties":{"OBJECTID":435,"idx":3977,"POINT_Y":18.78605335,"POINT_X":99.020711489999997,"name":"ถนนหนองประทีป","kom":0,"kalae":2,"text_lanna":0,"total_detect":2}},{"type":"Feature","id":436,"geometry":{"type":"Point","coordinates":[99.000698469902559,18.78611126968481]},"properties":{"OBJECTID":436,"idx":839,"POINT_Y":18.786111269999999,"POINT_X":99.000698470000003,"name":"ถนนช้างคลาน","kom":0,"kalae":0,"text_lanna":1,"total_detect":1}},{"type":"Feature","id":437,"geometry":{"type":"Point","coordinates":[99.026272230464755,18.786118980150292]},"properties":{"OBJECTID":437,"idx":167,"POINT_Y":18.786118980000001,"POINT_X":99.026272230000004,"name":"ถนนซุปเปอร์ไฮเวย์","kom":0,"kalae":3,"text_lanna":0,"total_detect":3}},{"type":"Feature","id":438,"geometry":{"type":"Point","coordinates":[99.012830969684316,18.786134459895031]},"properties":{"OBJECTID":438,"idx":2599,"POINT_Y":18.78613446,"POINT_X":99.012830969999996,"name":"ถนนเจริญเมือง ซอย3","kom":0,"kalae":10,"text_lanna":0,"total_detect":10}},{"type":"Feature","id":439,"geometry":{"type":"Point","coordinates":[99.022965339911963,18.786212120351795]},"properties":{"OBJECTID":439,"idx":3967,"POINT_Y":18.786212119999998,"POINT_X":99.022965339999999,"name":"ถนนหนองป่าครั่ง ซอย 2","kom":0,"kalae":2,"text_lanna":0,"total_detect":2}},{"type":"Feature","id":440,"geometry":{"type":"Point","coordinates":[99.022775680298082,18.786218499922597]},"properties":{"OBJECTID":440,"idx":3968,"POINT_Y":18.7862185,"POINT_X":99.022775679999995,"name":"ถนนหนองป่าครั่ง ซอย 2","kom":0,"kalae":3,"text_lanna":0,"total_detect":3}},{"type":"Feature","id":441,"geometry":{"type":"Point","coordinates":[99.012757129788909,18.786220680128476]},"properties":{"OBJECTID":441,"idx":4457,"POINT_Y":18.78622068,"POINT_X":99.012757129999997,"name":"ถนนเจริญเมือง","kom":1,"kalae":0,"text_lanna":0,"total_detect":1}},{"type":"Feature","id":442,"geometry":{"type":"Point","coordinates":[99.024562070100188,18.786346260076993]},"properties":{"OBJECTID":442,"idx":3956,"POINT_Y":18.786346259999998,"POINT_X":99.024562070000002,"name":"ซอยเจริญยิ่ง","kom":0,"kalae":0,"text_lanna":1,"total_detect":1}},{"type":"Feature","id":443,"geometry":{"type":"Point","coordinates":[99.008724280137244,18.786349129893349]},"properties":{"OBJECTID":443,"idx":2563,"POINT_Y":18.786349130000001,"POINT_X":99.008724279999996,"name":"ถนนนายพล","kom":0,"kalae":2,"text_lanna":0,"total_detect":2}},{"type":"Feature","id":444,"geometry":{"type":"Point","coordinates":[98.966768409685002,18.786385659952447]},"properties":{"OBJECTID":444,"idx":7195,"POINT_Y":18.786385660000001,"POINT_X":98.96676841,"name":"ถนนศรีวิชัย ซอย 6","kom":0,"kalae":1,"text_lanna":0,"total_detect":1}},{"type":"Feature","id":445,"geometry":{"type":"Point","coordinates":[99.01169793035487,18.786424029756542]},"properties":{"OBJECTID":445,"idx":4452,"POINT_Y":18.786424029999999,"POINT_X":99.011697929999997,"name":"ถนนเจริญเมือง","kom":0,"kalae":1,"text_lanna":0,"total_detect":1}},{"type":"Feature","id":446,"geometry":{"type":"Point","coordinates":[98.966593509537404,18.786476470416343]},"properties":{"OBJECTID":446,"idx":7196,"POINT_Y":18.78647647,"POINT_X":98.966593509999996,"name":"ถนนศรีวิชัย ซอย 6","kom":0,"kalae":1,"text_lanna":0,"total_detect":1}},{"type":"Feature","id":447,"geometry":{"type":"Point","coordinates":[99.026178420291401,18.7864778301958]},"properties":{"OBJECTID":447,"idx":169,"POINT_Y":18.786477829999999,"POINT_X":99.026178419999994,"name":"ถนนซุปเปอร์ไฮเวย์","kom":4,"kalae":0,"text_lanna":0,"total_detect":4}},{"type":"Feature","id":448,"geometry":{"type":"Point","coordinates":[99.017919359904695,18.786495169979375]},"properties":{"OBJECTID":448,"idx":1493,"POINT_Y":18.786495169999998,"POINT_X":99.017919359999993,"name":"ถนน ทุ่งโฮเต็ล","kom":0,"kalae":1,"text_lanna":0,"total_detect":1}},{"type":"Feature","id":449,"geometry":{"type":"Point","coordinates":[99.001973389802373,18.786517370172863]},"properties":{"OBJECTID":449,"idx":2308,"POINT_Y":18.786517369999999,"POINT_X":99.001973390000003,"name":"ถนนเจริญประเทศ ซอย1","kom":1,"kalae":0,"text_lanna":0,"total_detect":1}},{"type":"Feature","id":450,"geometry":{"type":"Point","coordinates":[99.000776160304014,18.786519840002484]},"properties":{"OBJECTID":450,"idx":837,"POINT_Y":18.78651984,"POINT_X":99.000776160000001,"name":"ถนนช้างคลาน","kom":0,"kalae":2,"text_lanna":0,"total_detect":2}},{"type":"Feature","id":451,"geometry":{"type":"Point","coordinates":[99.01117969993237,18.78652359038524]},"properties":{"OBJECTID":451,"idx":4450,"POINT_Y":18.786523590000002,"POINT_X":99.0111797,"name":"ถนนเจริญเมือง","kom":0,"kalae":1,"text_lanna":0,"total_detect":1}},{"type":"Feature","id":452,"geometry":{"type":"Point","coordinates":[98.976909020157564,18.786538439672253]},"properties":{"OBJECTID":452,"idx":7135,"POINT_Y":18.786538440000001,"POINT_X":98.976909019999994,"name":null,"kom":0,"kalae":3,"text_lanna":0,"total_detect":3}},{"type":"Feature","id":453,"geometry":{"type":"Point","coordinates":[98.976719260202557,18.786541580284787]},"properties":{"OBJECTID":453,"idx":7134,"POINT_Y":18.786541580000002,"POINT_X":98.976719259999996,"name":null,"kom":2,"kalae":0,"text_lanna":0,"total_detect":2}},{"type":"Feature","id":454,"geometry":{"type":"Point","coordinates":[99.008722839965941,18.786594250276398]},"properties":{"OBJECTID":454,"idx":2564,"POINT_Y":18.78659425,"POINT_X":99.008722840000004,"name":"ถนนนายพล","kom":0,"kalae":1,"text_lanna":0,"total_detect":1}},{"type":"Feature","id":455,"geometry":{"type":"Point","coordinates":[99.010621579763495,18.786630759946195]},"properties":{"OBJECTID":455,"idx":4447,"POINT_Y":18.786630760000001,"POINT_X":99.010621580000006,"name":"ถนนเจริญเมือง","kom":1,"kalae":0,"text_lanna":0,"total_detect":1}},{"type":"Feature","id":456,"geometry":{"type":"Point","coordinates":[99.01791789960167,18.786845900006586]},"properties":{"OBJECTID":456,"idx":1494,"POINT_Y":18.786845899999999,"POINT_X":99.0179179,"name":"ถนน ทุ่งโฮเต็ล","kom":0,"kalae":1,"text_lanna":0,"total_detect":1}},{"type":"Feature","id":457,"geometry":{"type":"Point","coordinates":[99.009215790336341,18.786900679863628]},"properties":{"OBJECTID":457,"idx":4442,"POINT_Y":18.786900679999999,"POINT_X":99.009215789999999,"name":"ถนนเจริญเมือง","kom":0,"kalae":0,"text_lanna":1,"total_detect":1}},{"type":"Feature","id":458,"geometry":{"type":"Point","coordinates":[99.026047860444919,18.786919629660211]},"properties":{"OBJECTID":458,"idx":171,"POINT_Y":18.78691963,"POINT_X":99.026047860000006,"name":"ถนนซุปเปอร์ไฮเวย์","kom":0,"kalae":5,"text_lanna":0,"total_detect":5}},{"type":"Feature","id":459,"geometry":{"type":"Point","coordinates":[98.999926049813823,18.786974869687143]},"properties":{"OBJECTID":459,"idx":1251,"POINT_Y":18.786974870000002,"POINT_X":98.999926049999999,"name":"ถนน ท่าแพ ซอย 1","kom":0,"kalae":2,"text_lanna":0,"total_detect":2}},{"type":"Feature","id":460,"geometry":{"type":"Point","coordinates":[99.024491280163332,18.787055890336756]},"properties":{"OBJECTID":460,"idx":3959,"POINT_Y":18.787055890000001,"POINT_X":99.024491280000007,"name":"ซอยเจริญยิ่ง","kom":0,"kalae":1,"text_lanna":0,"total_detect":1}},{"type":"Feature","id":461,"geometry":{"type":"Point","coordinates":[99.007787519581129,18.787175360333443]},"properties":{"OBJECTID":461,"idx":4435,"POINT_Y":18.787175359999999,"POINT_X":99.007787519999994,"name":"ถนนเจริญเมือง","kom":3,"kalae":0,"text_lanna":0,"total_detect":3}},{"type":"Feature","id":462,"geometry":{"type":"Point","coordinates":[99.025947240228248,18.787193849690865]},"properties":{"OBJECTID":462,"idx":172,"POINT_Y":18.787193850000001,"POINT_X":99.025947239999994,"name":"ถนนซุปเปอร์ไฮเวย์","kom":0,"kalae":1,"text_lanna":0,"total_detect":1}},{"type":"Feature","id":463,"geometry":{"type":"Point","coordinates":[99.014756439999971,18.787305340308937]},"properties":{"OBJECTID":463,"idx":5278,"POINT_Y":18.78730534,"POINT_X":99.014756439999999,"name":null,"kom":1,"kalae":0,"text_lanna":0,"total_detect":1}},{"type":"Feature","id":464,"geometry":{"type":"Point","coordinates":[98.961383469816326,18.787377859670908]},"properties":{"OBJECTID":464,"idx":7107,"POINT_Y":18.787377859999999,"POINT_X":98.961383470000001,"name":"ซอย 1 77/1-27","kom":1,"kalae":0,"text_lanna":0,"total_detect":1}},{"type":"Feature","id":465,"geometry":{"type":"Point","coordinates":[98.961952820292311,18.787378400386753]},"properties":{"OBJECTID":465,"idx":7110,"POINT_Y":18.787378400000001,"POINT_X":98.961952819999993,"name":"ซอย 1 77/1-27","kom":0,"kalae":0,"text_lanna":1,"total_detect":1}},{"type":"Feature","id":466,"geometry":{"type":"Point","coordinates":[99.01276673017675,18.787420100025173]},"properties":{"OBJECTID":466,"idx":5331,"POINT_Y":18.787420099999999,"POINT_X":99.012766729999996,"name":"ถนนเทวีอุทิศ","kom":0,"kalae":1,"text_lanna":0,"total_detect":1}},{"type":"Feature","id":467,"geometry":{"type":"Point","coordinates":[98.966367629645433,18.787489870350342]},"properties":{"OBJECTID":467,"idx":7240,"POINT_Y":18.787489870000002,"POINT_X":98.966367629999993,"name":"ถนนศรีวิชัย ซอย 4","kom":0,"kalae":1,"text_lanna":0,"total_detect":1}},{"type":"Feature","id":468,"geometry":{"type":"Point","coordinates":[99.025812300256931,18.787531749966377]},"properties":{"OBJECTID":468,"idx":174,"POINT_Y":18.787531749999999,"POINT_X":99.025812299999998,"name":"ถนนซุปเปอร์ไฮเวย์","kom":0,"kalae":2,"text_lanna":0,"total_detect":2}},{"type":"Feature","id":469,"geometry":{"type":"Point","coordinates":[99.005754930361022,18.787565250061458]},"properties":{"OBJECTID":469,"idx":4426,"POINT_Y":18.78756525,"POINT_X":99.005754929999995,"name":"ถนนเจริญเมือง","kom":0,"kalae":2,"text_lanna":0,"total_detect":2}},{"type":"Feature","id":470,"geometry":{"type":"Point","coordinates":[99.012733700219044,18.787598099948994]},"properties":{"OBJECTID":470,"idx":5332,"POINT_Y":18.7875981,"POINT_X":99.012733699999998,"name":"ถนนเทวีอุทิศ","kom":0,"kalae":1,"text_lanna":0,"total_detect":1}},{"type":"Feature","id":471,"geometry":{"type":"Point","coordinates":[99.003977990425881,18.787609619987492]},"properties":{"OBJECTID":471,"idx":4418,"POINT_Y":18.787609620000001,"POINT_X":99.003977989999996,"name":"สะพานนวรัฐ","kom":0,"kalae":1,"text_lanna":0,"total_detect":1}},{"type":"Feature","id":472,"geometry":{"type":"Point","coordinates":[99.004356779925359,18.787632849764606]},"properties":{"OBJECTID":472,"idx":4420,"POINT_Y":18.787632850000001,"POINT_X":99.004356779999995,"name":"สะพานนวรัฐ","kom":0,"kalae":1,"text_lanna":0,"total_detect":1}},{"type":"Feature","id":473,"geometry":{"type":"Point","coordinates":[99.025744839560474,18.787700710003602]},"properties":{"OBJECTID":473,"idx":175,"POINT_Y":18.787700709999999,"POINT_X":99.025744840000002,"name":"ถนนซุปเปอร์ไฮเวย์","kom":4,"kalae":0,"text_lanna":0,"total_detect":4}},{"type":"Feature","id":474,"geometry":{"type":"Point","coordinates":[99.008713369945653,18.787723160314307]},"properties":{"OBJECTID":474,"idx":4541,"POINT_Y":18.787723159999999,"POINT_X":99.008713369999995,"name":"ถนน บำรุงราษฏร์","kom":0,"kalae":2,"text_lanna":0,"total_detect":2}},{"type":"Feature","id":475,"geometry":{"type":"Point","coordinates":[98.972420999693568,18.787790339965309]},"properties":{"OBJECTID":475,"idx":2201,"POINT_Y":18.787790340000001,"POINT_X":98.972420999999997,"name":"ซอย ทานตะวัน","kom":0,"kalae":2,"text_lanna":0,"total_detect":2}},{"type":"Feature","id":476,"geometry":{"type":"Point","coordinates":[99.025677370187836,18.787869660073081]},"properties":{"OBJECTID":476,"idx":176,"POINT_Y":18.787869659999998,"POINT_X":99.025677369999997,"name":"ถนนซุปเปอร์ไฮเวย์","kom":0,"kalae":1,"text_lanna":0,"total_detect":1}},{"type":"Feature","id":477,"geometry":{"type":"Point","coordinates":[98.972416320375444,18.788082880441628]},"properties":{"OBJECTID":477,"idx":2200,"POINT_Y":18.788082880000001,"POINT_X":98.972416319999994,"name":"ซอย ทานตะวัน","kom":0,"kalae":1,"text_lanna":1,"total_detect":2}},{"type":"Feature","id":478,"geometry":{"type":"Point","coordinates":[99.02232874004477,18.788115019956198]},"properties":{"OBJECTID":478,"idx":7794,"POINT_Y":18.788115019999999,"POINT_X":99.022328740000006,"name":null,"kom":0,"kalae":1,"text_lanna":0,"total_detect":1}},{"type":"Feature","id":479,"geometry":{"type":"Point","coordinates":[98.965317109984781,18.788143509981126]},"properties":{"OBJECTID":479,"idx":7183,"POINT_Y":18.788143510000001,"POINT_X":98.965317110000001,"name":"ถนนศรีวิชัย ซอย 3","kom":0,"kalae":1,"text_lanna":0,"total_detect":1}},{"type":"Feature","id":480,"geometry":{"type":"Point","coordinates":[99.014803949677727,18.788229349815936]},"properties":{"OBJECTID":480,"idx":5282,"POINT_Y":18.788229350000002,"POINT_X":99.014803950000001,"name":null,"kom":0,"kalae":1,"text_lanna":0,"total_detect":1}},{"type":"Feature","id":481,"geometry":{"type":"Point","coordinates":[99.00869858045715,18.788285939673543]},"properties":{"OBJECTID":481,"idx":4539,"POINT_Y":18.788285940000002,"POINT_X":99.008698580000001,"name":"ถนน บำรุงราษฏร์","kom":6,"kalae":0,"text_lanna":0,"total_detect":6}},{"type":"Feature","id":482,"geometry":{"type":"Point","coordinates":[99.006931209707673,18.788454829681207]},"properties":{"OBJECTID":482,"idx":1618,"POINT_Y":18.788454829999999,"POINT_X":99.006931210000005,"name":"ถนนเจริญเมือง ซอย 2","kom":0,"kalae":1,"text_lanna":0,"total_detect":1}},{"type":"Feature","id":483,"geometry":{"type":"Point","coordinates":[99.012593659748376,18.788537090338952]},"properties":{"OBJECTID":483,"idx":5336,"POINT_Y":18.788537089999998,"POINT_X":99.012593659999993,"name":"ถนนเทวีอุทิศ","kom":0,"kalae":0,"text_lanna":1,"total_detect":1}},{"type":"Feature","id":484,"geometry":{"type":"Point","coordinates":[99.025363970355841,18.788619270311049]},"properties":{"OBJECTID":484,"idx":180,"POINT_Y":18.788619270000002,"POINT_X":99.025363970000001,"name":"ถนนซุปเปอร์ไฮเวย์","kom":0,"kalae":1,"text_lanna":0,"total_detect":1}},{"type":"Feature","id":485,"geometry":{"type":"Point","coordinates":[98.97242320956812,18.788625109705265]},"properties":{"OBJECTID":485,"idx":2197,"POINT_Y":18.788625110000002,"POINT_X":98.972423210000002,"name":"ซอย ทานตะวัน","kom":0,"kalae":1,"text_lanna":0,"total_detect":1}},{"type":"Feature","id":486,"geometry":{"type":"Point","coordinates":[99.000184430018095,18.788782769738106]},"properties":{"OBJECTID":486,"idx":1576,"POINT_Y":18.788782770000001,"POINT_X":99.000184430000004,"name":"ถนนข่วงเมรุ","kom":2,"kalae":0,"text_lanna":0,"total_detect":2}},{"type":"Feature","id":487,"geometry":{"type":"Point","coordinates":[99.013525369608487,18.788795260333028]},"properties":{"OBJECTID":487,"idx":5360,"POINT_Y":18.788795260000001,"POINT_X":99.013525369999996,"name":"ถนน มนตรี","kom":0,"kalae":0,"text_lanna":1,"total_detect":1}},{"type":"Feature","id":488,"geometry":{"type":"Point","coordinates":[99.001845960067101,18.788802030394589]},"properties":{"OBJECTID":488,"idx":5745,"POINT_Y":18.788802029999999,"POINT_X":99.001845959999997,"name":null,"kom":0,"kalae":0,"text_lanna":1,"total_detect":1}},{"type":"Feature","id":489,"geometry":{"type":"Point","coordinates":[99.005816320430171,18.788823959835032]},"properties":{"OBJECTID":489,"idx":5164,"POINT_Y":18.788823959999998,"POINT_X":99.005816319999994,"name":"ถนนเจริญเมือง ซอย 1","kom":0,"kalae":0,"text_lanna":1,"total_detect":1}},{"type":"Feature","id":490,"geometry":{"type":"Point","coordinates":[98.967817229831212,18.788932699577938]},"properties":{"OBJECTID":490,"idx":1695,"POINT_Y":18.7889327,"POINT_X":98.967817229999994,"name":null,"kom":0,"kalae":1,"text_lanna":0,"total_detect":1}},{"type":"Feature","id":491,"geometry":{"type":"Point","coordinates":[99.025263679570656,18.789093239905682]},"properties":{"OBJECTID":491,"idx":4218,"POINT_Y":18.78909324,"POINT_X":99.025263679999995,"name":"ถนนซุปเปอร์ไฮเวย์","kom":1,"kalae":0,"text_lanna":0,"total_detect":1}},{"type":"Feature","id":492,"geometry":{"type":"Point","coordinates":[99.013477460145424,18.789153890007928]},"properties":{"OBJECTID":492,"idx":5358,"POINT_Y":18.789153890000001,"POINT_X":99.013477460000004,"name":"ถนน มนตรี","kom":0,"kalae":2,"text_lanna":0,"total_detect":2}},{"type":"Feature","id":493,"geometry":{"type":"Point","coordinates":[99.00870149961014,18.789177830252545]},"properties":{"OBJECTID":493,"idx":4535,"POINT_Y":18.78917783,"POINT_X":99.008701500000001,"name":"ถนน บำรุงราษฏร์","kom":3,"kalae":0,"text_lanna":0,"total_detect":3}},{"type":"Feature","id":494,"geometry":{"type":"Point","coordinates":[99.025174610098674,18.789252860164854]},"properties":{"OBJECTID":494,"idx":4217,"POINT_Y":18.789252860000001,"POINT_X":99.025174609999993,"name":"ถนนซุปเปอร์ไฮเวย์","kom":1,"kalae":0,"text_lanna":0,"total_detect":1}},{"type":"Feature","id":495,"geometry":{"type":"Point","coordinates":[99.024996469701108,18.789572089702837]},"properties":{"OBJECTID":495,"idx":4215,"POINT_Y":18.78957209,"POINT_X":99.024996470000005,"name":"ถนนซุปเปอร์ไฮเวย์","kom":0,"kalae":2,"text_lanna":0,"total_detect":2}},{"type":"Feature","id":496,"geometry":{"type":"Point","coordinates":[99.005260720185461,18.789637370192029]},"properties":{"OBJECTID":496,"idx":5161,"POINT_Y":18.789637370000001,"POINT_X":99.005260719999995,"name":"ถนนเจริญเมือง ซอย 1","kom":0,"kalae":0,"text_lanna":1,"total_detect":1}},{"type":"Feature","id":497,"geometry":{"type":"Point","coordinates":[99.000388639667463,18.789679039862168]},"properties":{"OBJECTID":497,"idx":1580,"POINT_Y":18.789679039999999,"POINT_X":99.000388639999997,"name":"ถนนข่วงเมรุ","kom":2,"kalae":0,"text_lanna":0,"total_detect":2}},{"type":"Feature","id":498,"geometry":{"type":"Point","coordinates":[99.013420150317444,18.78972773960739]},"properties":{"OBJECTID":498,"idx":5356,"POINT_Y":18.78972774,"POINT_X":99.013420150000002,"name":"ถนน มนตรี","kom":2,"kalae":0,"text_lanna":1,"total_detect":3}},{"type":"Feature","id":499,"geometry":{"type":"Point","coordinates":[99.024759190270416,18.789743449868258]},"properties":{"OBJECTID":499,"idx":186,"POINT_Y":18.78974345,"POINT_X":99.024759189999997,"name":"ถนนซุปเปอร์ไฮเวย์","kom":0,"kalae":1,"text_lanna":0,"total_detect":1}},{"type":"Feature","id":500,"geometry":{"type":"Point","coordinates":[99.004107550458343,18.789874760315943]},"properties":{"OBJECTID":500,"idx":1315,"POINT_Y":18.78987476,"POINT_X":99.004107550000001,"name":"ถนนเจริญราษฎร์","kom":2,"kalae":1,"text_lanna":0,"total_detect":3}},{"type":"Feature","id":501,"geometry":{"type":"Point","coordinates":[99.007608839695678,18.789897320233411]},"properties":{"OBJECTID":501,"idx":5499,"POINT_Y":18.789897320000001,"POINT_X":99.007608840000003,"name":"บำรุงราษฏร์ ซอย 1","kom":10,"kalae":1,"text_lanna":0,"total_detect":11}},{"type":"Feature","id":502,"geometry":{"type":"Point","coordinates":[99.000218319736888,18.790002120303956]},"properties":{"OBJECTID":502,"idx":1582,"POINT_Y":18.79000212,"POINT_X":99.000218320000002,"name":"ถนนข่วงเมรุ","kom":3,"kalae":2,"text_lanna":1,"total_detect":6}},{"type":"Feature","id":503,"geometry":{"type":"Point","coordinates":[99.01225802991874,18.790178249842906]},"properties":{"OBJECTID":503,"idx":5309,"POINT_Y":18.79017825,"POINT_X":99.012258029999998,"name":null,"kom":0,"kalae":1,"text_lanna":0,"total_detect":1}},{"type":"Feature","id":504,"geometry":{"type":"Point","coordinates":[99.02447883038576,18.790215420091986]},"properties":{"OBJECTID":504,"idx":189,"POINT_Y":18.790215419999999,"POINT_X":99.024478830000007,"name":"ถนนซุปเปอร์ไฮเวย์","kom":3,"kalae":0,"text_lanna":0,"total_detect":3}},{"type":"Feature","id":505,"geometry":{"type":"Point","coordinates":[99.019791979758892,18.790244669970729]},"properties":{"OBJECTID":505,"idx":7787,"POINT_Y":18.79024467,"POINT_X":99.019791979999994,"name":null,"kom":0,"kalae":1,"text_lanna":1,"total_detect":2}},{"type":"Feature","id":506,"geometry":{"type":"Point","coordinates":[99.012261029577218,18.790441450156653]},"properties":{"OBJECTID":506,"idx":5308,"POINT_Y":18.790441449999999,"POINT_X":99.012261030000005,"name":null,"kom":3,"kalae":0,"text_lanna":0,"total_detect":3}},{"type":"Feature","id":507,"geometry":{"type":"Point","coordinates":[98.976461930084028,18.790463539793194]},"properties":{"OBJECTID":507,"idx":1156,"POINT_Y":18.790463540000001,"POINT_X":98.976461929999999,"name":null,"kom":0,"kalae":2,"text_lanna":0,"total_detect":2}},{"type":"Feature","id":508,"geometry":{"type":"Point","coordinates":[99.024430629705009,18.790554940119321]},"properties":{"OBJECTID":508,"idx":4209,"POINT_Y":18.79055494,"POINT_X":99.024430629999998,"name":"ถนนซุปเปอร์ไฮเวย์","kom":2,"kalae":0,"text_lanna":0,"total_detect":2}},{"type":"Feature","id":509,"geometry":{"type":"Point","coordinates":[99.013555560413963,18.790665190334483]},"properties":{"OBJECTID":509,"idx":5312,"POINT_Y":18.790665189999999,"POINT_X":99.01355556,"name":null,"kom":0,"kalae":1,"text_lanna":0,"total_detect":1}},{"type":"Feature","id":510,"geometry":{"type":"Point","coordinates":[99.004960989564793,18.790724180104238]},"properties":{"OBJECTID":510,"idx":5244,"POINT_Y":18.790724180000002,"POINT_X":99.004960990000001,"name":"บำรุงราษฏร์ ซอย 2","kom":0,"kalae":1,"text_lanna":0,"total_detect":1}},{"type":"Feature","id":511,"geometry":{"type":"Point","coordinates":[99.003602940100706,18.790724929753065]},"properties":{"OBJECTID":511,"idx":1317,"POINT_Y":18.79072493,"POINT_X":99.003602939999993,"name":"ถนนเจริญราษฎร์","kom":0,"kalae":0,"text_lanna":1,"total_detect":1}},{"type":"Feature","id":512,"geometry":{"type":"Point","coordinates":[99.018467389625798,18.790729619700336]},"properties":{"OBJECTID":512,"idx":4496,"POINT_Y":18.79072962,"POINT_X":99.018467389999998,"name":null,"kom":2,"kalae":0,"text_lanna":0,"total_detect":2}},{"type":"Feature","id":513,"geometry":{"type":"Point","coordinates":[99.008785110366986,18.790741829552559]},"properties":{"OBJECTID":513,"idx":4527,"POINT_Y":18.790741830000002,"POINT_X":99.008785110000005,"name":"ถนน บำรุงราษฏร์","kom":0,"kalae":1,"text_lanna":0,"total_detect":1}},{"type":"Feature","id":514,"geometry":{"type":"Point","coordinates":[99.01903658983305,18.790742850053096]},"properties":{"OBJECTID":514,"idx":4499,"POINT_Y":18.790742850000001,"POINT_X":99.019036589999999,"name":null,"kom":0,"kalae":0,"text_lanna":1,"total_detect":1}},{"type":"Feature","id":515,"geometry":{"type":"Point","coordinates":[99.019663530421781,18.790757370441415]},"properties":{"OBJECTID":515,"idx":4502,"POINT_Y":18.790757370000001,"POINT_X":99.019663530000003,"name":null,"kom":0,"kalae":2,"text_lanna":0,"total_detect":2}},{"type":"Feature","id":516,"geometry":{"type":"Point","coordinates":[99.006420369891813,18.790930240176028]},"properties":{"OBJECTID":516,"idx":5250,"POINT_Y":18.790930240000002,"POINT_X":99.006420370000001,"name":"บำรุงราษฏร์ ซอย 2","kom":0,"kalae":1,"text_lanna":0,"total_detect":1}},{"type":"Feature","id":517,"geometry":{"type":"Point","coordinates":[99.006231039563033,18.790942719779281]},"properties":{"OBJECTID":517,"idx":5249,"POINT_Y":18.79094272,"POINT_X":99.006231040000003,"name":"บำรุงราษฏร์ ซอย 2","kom":0,"kalae":2,"text_lanna":0,"total_detect":2}},{"type":"Feature","id":518,"geometry":{"type":"Point","coordinates":[98.999241429664096,18.790991149584467]},"properties":{"OBJECTID":518,"idx":3182,"POINT_Y":18.79099115,"POINT_X":98.999241429999998,"name":null,"kom":0,"kalae":2,"text_lanna":0,"total_detect":2}},{"type":"Feature","id":519,"geometry":{"type":"Point","coordinates":[99.024155630438358,18.791029759667801]},"properties":{"OBJECTID":519,"idx":4206,"POINT_Y":18.791029760000001,"POINT_X":99.024155629999996,"name":"ถนนซุปเปอร์ไฮเวย์","kom":1,"kalae":0,"text_lanna":0,"total_detect":1}},{"type":"Feature","id":520,"geometry":{"type":"Point","coordinates":[98.998590970101134,18.791129749968785]},"properties":{"OBJECTID":520,"idx":3181,"POINT_Y":18.79112975,"POINT_X":98.998590969999995,"name":null,"kom":0,"kalae":1,"text_lanna":0,"total_detect":1}},{"type":"Feature","id":521,"geometry":{"type":"Point","coordinates":[99.02406397000118,18.791188040286432]},"properties":{"OBJECTID":521,"idx":4205,"POINT_Y":18.791188040000002,"POINT_X":99.02406397,"name":"ถนนซุปเปอร์ไฮเวย์","kom":0,"kalae":1,"text_lanna":0,"total_detect":1}},{"type":"Feature","id":522,"geometry":{"type":"Point","coordinates":[99.007233379741237,18.791219179777627]},"properties":{"OBJECTID":522,"idx":1624,"POINT_Y":18.791219179999999,"POINT_X":99.007233380000002,"name":"หน้าวัดเกตุซอย 1","kom":0,"kalae":1,"text_lanna":0,"total_detect":1}},{"type":"Feature","id":523,"geometry":{"type":"Point","coordinates":[99.011741089895821,18.79127170042268]},"properties":{"OBJECTID":523,"idx":5290,"POINT_Y":18.791271699999999,"POINT_X":99.011741090000001,"name":null,"kom":0,"kalae":1,"text_lanna":0,"total_detect":1}},{"type":"Feature","id":524,"geometry":{"type":"Point","coordinates":[99.023823070278439,18.791293950029509]},"properties":{"OBJECTID":524,"idx":195,"POINT_Y":18.79129395,"POINT_X":99.023823070000006,"name":"ถนนซุปเปอร์ไฮเวย์","kom":1,"kalae":2,"text_lanna":0,"total_detect":3}},{"type":"Feature","id":525,"geometry":{"type":"Point","coordinates":[99.003449160403378,18.791320189706383]},"properties":{"OBJECTID":525,"idx":1032,"POINT_Y":18.79132019,"POINT_X":99.003449160000002,"name":"ถนนหน้าวัดเกตุ","kom":8,"kalae":0,"text_lanna":0,"total_detect":8}},{"type":"Feature","id":526,"geometry":{"type":"Point","coordinates":[99.023727990085561,18.791450389897669]},"properties":{"OBJECTID":526,"idx":196,"POINT_Y":18.791450390000001,"POINT_X":99.023727989999998,"name":"ถนนซุปเปอร์ไฮเวย์","kom":5,"kalae":0,"text_lanna":0,"total_detect":5}},{"type":"Feature","id":527,"geometry":{"type":"Point","coordinates":[99.023880640071212,18.791504589633107]},"properties":{"OBJECTID":527,"idx":4203,"POINT_Y":18.791504589999999,"POINT_X":99.023880640000002,"name":"ถนนซุปเปอร์ไฮเวย์","kom":0,"kalae":1,"text_lanna":0,"total_detect":1}},{"type":"Feature","id":528,"geometry":{"type":"Point","coordinates":[99.003608170113921,18.791590529827989]},"properties":{"OBJECTID":528,"idx":1045,"POINT_Y":18.791590530000001,"POINT_X":99.003608170000007,"name":"ถนนหน้าวัดเกตุ","kom":0,"kalae":1,"text_lanna":0,"total_detect":1}},{"type":"Feature","id":529,"geometry":{"type":"Point","coordinates":[99.010019960161017,18.791706019712944]},"properties":{"OBJECTID":529,"idx":5320,"POINT_Y":18.791706019999999,"POINT_X":99.010019959999994,"name":null,"kom":0,"kalae":0,"text_lanna":1,"total_detect":1}},{"type":"Feature","id":530,"geometry":{"type":"Point","coordinates":[99.003558539875073,18.792021469937055]},"properties":{"OBJECTID":530,"idx":1043,"POINT_Y":18.792021470000002,"POINT_X":99.00355854,"name":"ถนนหน้าวัดเกตุ","kom":0,"kalae":0,"text_lanna":1,"total_detect":1}},{"type":"Feature","id":531,"geometry":{"type":"Point","coordinates":[99.023377290386222,18.792038439994332]},"properties":{"OBJECTID":531,"idx":199,"POINT_Y":18.792038439999999,"POINT_X":99.023377289999999,"name":"ถนนซุปเปอร์ไฮเวย์","kom":2,"kalae":1,"text_lanna":0,"total_detect":3}},{"type":"Feature","id":532,"geometry":{"type":"Point","coordinates":[99.023513969618577,18.792137700410787]},"properties":{"OBJECTID":532,"idx":4199,"POINT_Y":18.792137700000001,"POINT_X":99.023513969999996,"name":"ถนนซุปเปอร์ไฮเวย์","kom":2,"kalae":0,"text_lanna":0,"total_detect":2}},{"type":"Feature","id":533,"geometry":{"type":"Point","coordinates":[99.004324240014299,18.792226809951337]},"properties":{"OBJECTID":533,"idx":1636,"POINT_Y":18.792226809999999,"POINT_X":99.004324240000003,"name":"หน้าวัดเกตุซอย 1","kom":2,"kalae":0,"text_lanna":0,"total_detect":2}},{"type":"Feature","id":534,"geometry":{"type":"Point","coordinates":[99.004867509902837,18.792389099870523]},"properties":{"OBJECTID":534,"idx":1633,"POINT_Y":18.792389100000001,"POINT_X":99.004867509999997,"name":"หน้าวัดเกตุซอย 1","kom":0,"kalae":2,"text_lanna":0,"total_detect":2}},{"type":"Feature","id":535,"geometry":{"type":"Point","coordinates":[99.005535370326598,18.792433860386009]},"properties":{"OBJECTID":535,"idx":1631,"POINT_Y":18.792433859999999,"POINT_X":99.005535370000004,"name":"หน้าวัดเกตุซอย 1","kom":1,"kalae":0,"text_lanna":0,"total_detect":1}},{"type":"Feature","id":536,"geometry":{"type":"Point","coordinates":[99.008709860160806,18.792453880241446]},"properties":{"OBJECTID":536,"idx":4520,"POINT_Y":18.79245388,"POINT_X":99.008709859999996,"name":"ถนน บำรุงราษฏร์","kom":0,"kalae":1,"text_lanna":0,"total_detect":1}},{"type":"Feature","id":537,"geometry":{"type":"Point","coordinates":[99.005882889786463,18.792488170176597]},"properties":{"OBJECTID":537,"idx":5237,"POINT_Y":18.792488169999999,"POINT_X":99.005882889999995,"name":"ถนนแก้วนวรัฐ ซอย3","kom":0,"kalae":0,"text_lanna":1,"total_detect":1}},{"type":"Feature","id":538,"geometry":{"type":"Point","coordinates":[98.999890380048569,18.792702009745145]},"properties":{"OBJECTID":538,"idx":823,"POINT_Y":18.792702009999999,"POINT_X":98.999890379999997,"name":"ถนนวิชยานนท์","kom":4,"kalae":0,"text_lanna":0,"total_detect":4}},{"type":"Feature","id":539,"geometry":{"type":"Point","coordinates":[98.996026769714106,18.792733590173032]},"properties":{"OBJECTID":539,"idx":1744,"POINT_Y":18.792733590000001,"POINT_X":98.99602677,"name":"ถนนราชวงศ์ ซอย 3","kom":0,"kalae":1,"text_lanna":0,"total_detect":1}},{"type":"Feature","id":540,"geometry":{"type":"Point","coordinates":[99.00867424984672,18.792805229764479]},"properties":{"OBJECTID":540,"idx":4519,"POINT_Y":18.792805229999999,"POINT_X":99.008674249999999,"name":"ถนน บำรุงราษฏร์","kom":0,"kalae":1,"text_lanna":0,"total_detect":1}},{"type":"Feature","id":541,"geometry":{"type":"Point","coordinates":[98.997295999765655,18.792880079959225]},"properties":{"OBJECTID":541,"idx":4331,"POINT_Y":18.79288008,"POINT_X":98.997296000000006,"name":"ถนนราชวงศ์","kom":0,"kalae":0,"text_lanna":1,"total_detect":1}},{"type":"Feature","id":542,"geometry":{"type":"Point","coordinates":[98.999174470377341,18.792957999778373]},"properties":{"OBJECTID":542,"idx":2322,"POINT_Y":18.792957999999999,"POINT_X":98.99917447,"name":"ถนนท้ายวัง","kom":1,"kalae":0,"text_lanna":0,"total_detect":1}},{"type":"Feature","id":543,"geometry":{"type":"Point","coordinates":[98.972321660283811,18.793014659611124]},"properties":{"OBJECTID":543,"idx":2871,"POINT_Y":18.793014660000001,"POINT_X":98.972321660000006,"name":"ถนนศิริมังคลาจารย์ ซอย 13","kom":12,"kalae":0,"text_lanna":0,"total_detect":12}},{"type":"Feature","id":544,"geometry":{"type":"Point","coordinates":[98.999339289748349,18.793047610179453]},"properties":{"OBJECTID":544,"idx":2323,"POINT_Y":18.793047609999999,"POINT_X":98.999339289999995,"name":"ถนนท้ายวัง","kom":0,"kalae":1,"text_lanna":0,"total_detect":1}},{"type":"Feature","id":545,"geometry":{"type":"Point","coordinates":[98.972925620187382,18.793121239755646]},"properties":{"OBJECTID":545,"idx":2841,"POINT_Y":18.793121240000001,"POINT_X":98.972925619999998,"name":null,"kom":1,"kalae":0,"text_lanna":0,"total_detect":1}},{"type":"Feature","id":546,"geometry":{"type":"Point","coordinates":[98.968116640332028,18.793281659552562]},"properties":{"OBJECTID":546,"idx":2898,"POINT_Y":18.793281660000002,"POINT_X":98.968116640000005,"name":"ถนนสาย 26","kom":0,"kalae":1,"text_lanna":0,"total_detect":1}},{"type":"Feature","id":547,"geometry":{"type":"Point","coordinates":[98.9999652502283,18.793393020396252]},"properties":{"OBJECTID":547,"idx":4758,"POINT_Y":18.79339302,"POINT_X":98.999965250000002,"name":"สะพานนครพิงค์","kom":0,"kalae":0,"text_lanna":2,"total_detect":2}},{"type":"Feature","id":548,"geometry":{"type":"Point","coordinates":[98.971498049830018,18.793467999893284]},"properties":{"OBJECTID":548,"idx":2866,"POINT_Y":18.793468000000001,"POINT_X":98.971498049999994,"name":"ถนนศิริมังคลาจารย์ ซอย 13","kom":0,"kalae":0,"text_lanna":1,"total_detect":1}},{"type":"Feature","id":549,"geometry":{"type":"Point","coordinates":[98.972753179767423,18.793542970327461]},"properties":{"OBJECTID":549,"idx":2862,"POINT_Y":18.793542970000001,"POINT_X":98.972753179999998,"name":"ถนนศิริมังคลาจารย์ ซอย 11","kom":0,"kalae":1,"text_lanna":0,"total_detect":1}},{"type":"Feature","id":550,"geometry":{"type":"Point","coordinates":[98.966587469948891,18.793581860317463]},"properties":{"OBJECTID":550,"idx":2893,"POINT_Y":18.79358186,"POINT_X":98.966587469999993,"name":"ถนนสาย 26","kom":0,"kalae":1,"text_lanna":0,"total_detect":1}},{"type":"Feature","id":551,"geometry":{"type":"Point","coordinates":[98.972570609825368,18.793592350104689]},"properties":{"OBJECTID":551,"idx":2861,"POINT_Y":18.793592350000001,"POINT_X":98.972570610000005,"name":"ถนนศิริมังคลาจารย์ ซอย 11","kom":0,"kalae":2,"text_lanna":0,"total_detect":2}},{"type":"Feature","id":552,"geometry":{"type":"Point","coordinates":[98.996966849765272,18.793642689973492]},"properties":{"OBJECTID":552,"idx":4333,"POINT_Y":18.793642689999999,"POINT_X":98.996966850000007,"name":"ถนนราชวงศ์","kom":16,"kalae":0,"text_lanna":0,"total_detect":16}},{"type":"Feature","id":553,"geometry":{"type":"Point","coordinates":[98.973048020349822,18.793655489600667]},"properties":{"OBJECTID":553,"idx":2838,"POINT_Y":18.793655489999999,"POINT_X":98.973048019999993,"name":null,"kom":7,"kalae":0,"text_lanna":0,"total_detect":7}},{"type":"Feature","id":554,"geometry":{"type":"Point","coordinates":[98.995815440036793,18.7936631701665]},"properties":{"OBJECTID":554,"idx":1741,"POINT_Y":18.793663169999999,"POINT_X":98.995815440000001,"name":"ถนนราชวงศ์ ซอย 3","kom":0,"kalae":0,"text_lanna":1,"total_detect":1}},{"type":"Feature","id":555,"geometry":{"type":"Point","coordinates":[99.000458380009931,18.79366410039491]},"properties":{"OBJECTID":555,"idx":4761,"POINT_Y":18.793664100000001,"POINT_X":99.000458379999998,"name":"สะพานนครพิงค์","kom":1,"kalae":1,"text_lanna":0,"total_detect":2}},{"type":"Feature","id":556,"geometry":{"type":"Point","coordinates":[99.008577360102819,18.793762760364562]},"properties":{"OBJECTID":556,"idx":4515,"POINT_Y":18.79376276,"POINT_X":99.008577360000004,"name":"ถนน บำรุงราษฏร์","kom":0,"kalae":1,"text_lanna":0,"total_detect":1}},{"type":"Feature","id":557,"geometry":{"type":"Point","coordinates":[98.976013200240246,18.793765579615503]},"properties":{"OBJECTID":557,"idx":669,"POINT_Y":18.793765579999999,"POINT_X":98.976013199999997,"name":null,"kom":0,"kalae":0,"text_lanna":1,"total_detect":1}},{"type":"Feature","id":558,"geometry":{"type":"Point","coordinates":[99.004692369914338,18.793860230108521]},"properties":{"OBJECTID":558,"idx":5217,"POINT_Y":18.79386023,"POINT_X":99.004692370000001,"name":"ถนนแก้วนวรัฐ ซอย2","kom":1,"kalae":0,"text_lanna":0,"total_detect":1}},{"type":"Feature","id":559,"geometry":{"type":"Point","coordinates":[98.951436370139717,18.793871700155396]},"properties":{"OBJECTID":559,"idx":1705,"POINT_Y":18.7938717,"POINT_X":98.951436369999996,"name":"ถนนสุเทพ","kom":0,"kalae":1,"text_lanna":0,"total_detect":1}},{"type":"Feature","id":560,"geometry":{"type":"Point","coordinates":[98.971487339982687,18.793879179565852]},"properties":{"OBJECTID":560,"idx":2856,"POINT_Y":18.793879180000001,"POINT_X":98.971487339999996,"name":"ถนนศิริมังคลาจารย์ ซอย 11","kom":0,"kalae":4,"text_lanna":0,"total_detect":4}},{"type":"Feature","id":561,"geometry":{"type":"Point","coordinates":[99.000933420333311,18.793915839906173]},"properties":{"OBJECTID":561,"idx":4750,"POINT_Y":18.79391584,"POINT_X":99.000933419999996,"name":"ถนนแก้วนวรัฐ","kom":0,"kalae":0,"text_lanna":2,"total_detect":2}},{"type":"Feature","id":562,"geometry":{"type":"Point","coordinates":[98.995742460183521,18.794017939890573]},"properties":{"OBJECTID":562,"idx":1739,"POINT_Y":18.79401794,"POINT_X":98.995742460000002,"name":"ถนนราชวงศ์ ซอย 3","kom":0,"kalae":2,"text_lanna":0,"total_detect":2}},{"type":"Feature","id":563,"geometry":{"type":"Point","coordinates":[99.002924410204471,18.794021559894556]},"properties":{"OBJECTID":563,"idx":1037,"POINT_Y":18.794021560000001,"POINT_X":99.002924410000006,"name":"ถนนหน้าวัดเกตุ","kom":2,"kalae":0,"text_lanna":0,"total_detect":2}},{"type":"Feature","id":564,"geometry":{"type":"Point","coordinates":[98.95092652011283,18.79401600037443]},"properties":{"OBJECTID":564,"idx":1703,"POINT_Y":18.794015999999999,"POINT_X":98.950926519999996,"name":"ถนนสุเทพ","kom":1,"kalae":0,"text_lanna":0,"total_detect":1}},{"type":"Feature","id":565,"geometry":{"type":"Point","coordinates":[99.018041120345558,18.79404547960398]},"properties":{"OBJECTID":565,"idx":4997,"POINT_Y":18.794045480000001,"POINT_X":99.018041120000007,"name":"ถนนทุ่งโฮเต็ล ซอย 1","kom":0,"kalae":1,"text_lanna":1,"total_detect":2}},{"type":"Feature","id":566,"geometry":{"type":"Point","coordinates":[98.975844919942475,18.794110949751719]},"properties":{"OBJECTID":566,"idx":665,"POINT_Y":18.79411095,"POINT_X":98.97584492,"name":null,"kom":0,"kalae":1,"text_lanna":0,"total_detect":1}},{"type":"Feature","id":567,"geometry":{"type":"Point","coordinates":[98.950561059699481,18.794109070089387]},"properties":{"OBJECTID":567,"idx":1702,"POINT_Y":18.794109070000001,"POINT_X":98.950561059999998,"name":"ถนนสุเทพ","kom":0,"kalae":1,"text_lanna":0,"total_detect":1}},{"type":"Feature","id":568,"geometry":{"type":"Point","coordinates":[99.004169989766183,18.79416736975217]},"properties":{"OBJECTID":568,"idx":5240,"POINT_Y":18.79416737,"POINT_X":99.004169989999994,"name":"ถนนแก้วนวรัฐ ซอย 2/1","kom":0,"kalae":1,"text_lanna":0,"total_detect":1}},{"type":"Feature","id":569,"geometry":{"type":"Point","coordinates":[99.018396370077937,18.794172850208096]},"properties":{"OBJECTID":569,"idx":4999,"POINT_Y":18.794172849999999,"POINT_X":99.018396370000005,"name":"ถนนทุ่งโฮเต็ล ซอย 1","kom":1,"kalae":0,"text_lanna":0,"total_detect":1}},{"type":"Feature","id":570,"geometry":{"type":"Point","coordinates":[98.995705979631623,18.794195330159809]},"properties":{"OBJECTID":570,"idx":1738,"POINT_Y":18.794195330000001,"POINT_X":98.995705979999997,"name":"ถนนราชวงศ์ ซอย 3","kom":0,"kalae":0,"text_lanna":1,"total_detect":1}},{"type":"Feature","id":571,"geometry":{"type":"Point","coordinates":[98.950182259886972,18.794193930035004]},"properties":{"OBJECTID":571,"idx":1701,"POINT_Y":18.794193929999999,"POINT_X":98.950182260000005,"name":"ถนนสุเทพ","kom":0,"kalae":0,"text_lanna":1,"total_detect":1}},{"type":"Feature","id":572,"geometry":{"type":"Point","coordinates":[98.972242260304569,18.794243370048719]},"properties":{"OBJECTID":572,"idx":2883,"POINT_Y":18.79424337,"POINT_X":98.972242260000002,"name":null,"kom":0,"kalae":0,"text_lanna":1,"total_detect":1}},{"type":"Feature","id":573,"geometry":{"type":"Point","coordinates":[98.949559039931941,18.794307800023205]},"properties":{"OBJECTID":573,"idx":1698,"POINT_Y":18.794307799999999,"POINT_X":98.949559039999997,"name":"ถนนสุเทพ","kom":4,"kalae":0,"text_lanna":0,"total_detect":4}},{"type":"Feature","id":574,"geometry":{"type":"Point","coordinates":[98.971512269914655,18.794348229717542]},"properties":{"OBJECTID":574,"idx":2846,"POINT_Y":18.794348230000001,"POINT_X":98.971512270000005,"name":"ถนนศิริมังคลาจารย์ ซอย 9","kom":0,"kalae":0,"text_lanna":1,"total_detect":1}},{"type":"Feature","id":575,"geometry":{"type":"Point","coordinates":[99.018929240456345,18.794363890382829]},"properties":{"OBJECTID":575,"idx":5002,"POINT_Y":18.79436389,"POINT_X":99.018929240000006,"name":"ถนนทุ่งโฮเต็ล ซอย 1","kom":0,"kalae":0,"text_lanna":1,"total_detect":1}},{"type":"Feature","id":576,"geometry":{"type":"Point","coordinates":[98.999151100030588,18.794383139677407]},"properties":{"OBJECTID":576,"idx":4875,"POINT_Y":18.794383140000001,"POINT_X":98.999151100000006,"name":"ถนนวิชยานนท์","kom":0,"kalae":2,"text_lanna":0,"total_detect":2}},{"type":"Feature","id":577,"geometry":{"type":"Point","coordinates":[99.00645376005302,18.794535960140074]},"properties":{"OBJECTID":577,"idx":5150,"POINT_Y":18.794535960000001,"POINT_X":99.006453759999999,"name":null,"kom":0,"kalae":1,"text_lanna":0,"total_detect":1}},{"type":"Feature","id":578,"geometry":{"type":"Point","coordinates":[98.995630580106422,18.794562159918524]},"properties":{"OBJECTID":578,"idx":1736,"POINT_Y":18.794562160000002,"POINT_X":98.995630579999997,"name":"ถนนราชวงศ์ ซอย 3","kom":0,"kalae":0,"text_lanna":1,"total_detect":1}},{"type":"Feature","id":579,"geometry":{"type":"Point","coordinates":[99.019375039846793,18.794577559913073]},"properties":{"OBJECTID":579,"idx":5003,"POINT_Y":18.79457756,"POINT_X":99.01937504,"name":"ถนนทุ่งโฮเต็ล ซอย 1","kom":3,"kalae":0,"text_lanna":0,"total_detect":3}},{"type":"Feature","id":580,"geometry":{"type":"Point","coordinates":[99.019540080203654,18.794666809905173]},"properties":{"OBJECTID":580,"idx":5004,"POINT_Y":18.794666809999999,"POINT_X":99.019540079999999,"name":"ถนนทุ่งโฮเต็ล ซอย 1","kom":0,"kalae":1,"text_lanna":0,"total_detect":1}},{"type":"Feature","id":581,"geometry":{"type":"Point","coordinates":[99.008483540421793,18.79468867976987]},"properties":{"OBJECTID":581,"idx":4511,"POINT_Y":18.79468868,"POINT_X":99.00848354,"name":"ถนน บำรุงราษฏร์","kom":4,"kalae":0,"text_lanna":0,"total_detect":4}},{"type":"Feature","id":582,"geometry":{"type":"Point","coordinates":[98.964043839986488,18.794829100338095]},"properties":{"OBJECTID":582,"idx":4742,"POINT_Y":18.794829100000001,"POINT_X":98.964043840000002,"name":"ถนน ๒ เชียงราย","kom":0,"kalae":1,"text_lanna":0,"total_detect":1}},{"type":"Feature","id":583,"geometry":{"type":"Point","coordinates":[98.963688730354647,18.794901049996508]},"properties":{"OBJECTID":583,"idx":4741,"POINT_Y":18.79490105,"POINT_X":98.963688730000001,"name":"ถนน ๒ เชียงราย","kom":0,"kalae":0,"text_lanna":2,"total_detect":2}},{"type":"Feature","id":584,"geometry":{"type":"Point","coordinates":[98.971851170167938,18.795044330167141]},"properties":{"OBJECTID":584,"idx":2884,"POINT_Y":18.79504433,"POINT_X":98.971851169999994,"name":null,"kom":0,"kalae":1,"text_lanna":0,"total_detect":1}},{"type":"Feature","id":585,"geometry":{"type":"Point","coordinates":[99.003084740304075,18.795105580271567]},"properties":{"OBJECTID":585,"idx":1055,"POINT_Y":18.795105580000001,"POINT_X":99.003084740000006,"name":"ถนนแก้วนวรัฐ ซอย 1","kom":0,"kalae":0,"text_lanna":2,"total_detect":2}},{"type":"Feature","id":586,"geometry":{"type":"Point","coordinates":[98.966599949886103,18.795130299786717]},"properties":{"OBJECTID":586,"idx":7468,"POINT_Y":18.7951303,"POINT_X":98.966599950000003,"name":"ซอย จำปี","kom":0,"kalae":1,"text_lanna":0,"total_detect":1}},{"type":"Feature","id":587,"geometry":{"type":"Point","coordinates":[98.972239719788078,18.795159099872812]},"properties":{"OBJECTID":587,"idx":2791,"POINT_Y":18.795159099999999,"POINT_X":98.972239720000005,"name":"ถนนศิริมังคลาจารย์ ซอย 7","kom":0,"kalae":1,"text_lanna":0,"total_detect":1}},{"type":"Feature","id":588,"geometry":{"type":"Point","coordinates":[98.967206139700679,18.795243209963854]},"properties":{"OBJECTID":588,"idx":7522,"POINT_Y":18.795243209999999,"POINT_X":98.967206140000002,"name":"ถนนนิมมานเหมินท์ ซอย 17","kom":0,"kalae":1,"text_lanna":0,"total_detect":1}},{"type":"Feature","id":589,"geometry":{"type":"Point","coordinates":[98.970734509803805,18.795277159657353]},"properties":{"OBJECTID":589,"idx":2239,"POINT_Y":18.795277160000001,"POINT_X":98.97073451,"name":"ถนนศิริมังคลาจารย์","kom":1,"kalae":0,"text_lanna":0,"total_detect":1}},{"type":"Feature","id":590,"geometry":{"type":"Point","coordinates":[98.967020519572301,18.795280869764824]},"properties":{"OBJECTID":590,"idx":7523,"POINT_Y":18.795280869999999,"POINT_X":98.967020520000005,"name":"ถนนนิมมานเหมินท์ ซอย 17","kom":0,"kalae":0,"text_lanna":1,"total_detect":1}},{"type":"Feature","id":591,"geometry":{"type":"Point","coordinates":[99.003069699639155,18.795285769732654]},"properties":{"OBJECTID":591,"idx":1054,"POINT_Y":18.79528577,"POINT_X":99.003069699999998,"name":"ถนนแก้วนวรัฐ ซอย 1","kom":2,"kalae":0,"text_lanna":0,"total_detect":2}},{"type":"Feature","id":592,"geometry":{"type":"Point","coordinates":[98.966622299630401,18.795309799766041]},"properties":{"OBJECTID":592,"idx":7469,"POINT_Y":18.795309799999998,"POINT_X":98.966622299999997,"name":"ซอย จำปี","kom":5,"kalae":1,"text_lanna":0,"total_detect":6}},{"type":"Feature","id":593,"geometry":{"type":"Point","coordinates":[99.000927279729552,18.795320959976152]},"properties":{"OBJECTID":593,"idx":1080,"POINT_Y":18.795320960000002,"POINT_X":99.000927279999999,"name":null,"kom":1,"kalae":0,"text_lanna":0,"total_detect":1}},{"type":"Feature","id":594,"geometry":{"type":"Point","coordinates":[98.954188730461723,18.795326369632342]},"properties":{"OBJECTID":594,"idx":7656,"POINT_Y":18.795326370000002,"POINT_X":98.954188729999998,"name":null,"kom":0,"kalae":1,"text_lanna":0,"total_detect":1}},{"type":"Feature","id":595,"geometry":{"type":"Point","coordinates":[98.973662059933332,18.795342869858413]},"properties":{"OBJECTID":595,"idx":2813,"POINT_Y":18.795342869999999,"POINT_X":98.973662059999995,"name":"ถนนศิริมังคลาจารย์ ซอย 5","kom":0,"kalae":0,"text_lanna":2,"total_detect":2}},{"type":"Feature","id":596,"geometry":{"type":"Point","coordinates":[98.973329359689643,18.795400410221681]},"properties":{"OBJECTID":596,"idx":2814,"POINT_Y":18.795400409999999,"POINT_X":98.973329359999994,"name":"ถนนศิริมังคลาจารย์ ซอย 5","kom":0,"kalae":0,"text_lanna":1,"total_detect":1}},{"type":"Feature","id":597,"geometry":{"type":"Point","coordinates":[99.00305465040158,18.795465960092987]},"properties":{"OBJECTID":597,"idx":1053,"POINT_Y":18.795465960000001,"POINT_X":99.003054649999996,"name":"ถนนแก้วนวรัฐ ซอย 1","kom":2,"kalae":0,"text_lanna":0,"total_detect":2}},{"type":"Feature","id":598,"geometry":{"type":"Point","coordinates":[98.972339559983212,18.795568040069167]},"properties":{"OBJECTID":598,"idx":2819,"POINT_Y":18.795568039999999,"POINT_X":98.972339559999995,"name":"ถนนศิริมังคลาจารย์ ซอย 5","kom":0,"kalae":0,"text_lanna":2,"total_detect":2}},{"type":"Feature","id":599,"geometry":{"type":"Point","coordinates":[98.973298330452224,18.795658929931655]},"properties":{"OBJECTID":599,"idx":2828,"POINT_Y":18.795658929999998,"POINT_X":98.973298330000006,"name":null,"kom":2,"kalae":0,"text_lanna":0,"total_detect":2}},{"type":"Feature","id":600,"geometry":{"type":"Point","coordinates":[99.000698999908863,18.795664869648636]},"properties":{"OBJECTID":600,"idx":1015,"POINT_Y":18.79566487,"POINT_X":99.000698999999997,"name":"ถนนเจริญราษฎร์","kom":0,"kalae":1,"text_lanna":0,"total_detect":1}},{"type":"Feature","id":601,"geometry":{"type":"Point","coordinates":[98.97159208034553,18.795694469960985]},"properties":{"OBJECTID":601,"idx":2823,"POINT_Y":18.795694470000001,"POINT_X":98.971592079999994,"name":"ถนนศิริมังคลาจารย์ ซอย 5","kom":0,"kalae":1,"text_lanna":0,"total_detect":1}},{"type":"Feature","id":602,"geometry":{"type":"Point","coordinates":[98.970769410185142,18.79581982043894]},"properties":{"OBJECTID":602,"idx":2241,"POINT_Y":18.795819819999998,"POINT_X":98.970769410000003,"name":"ถนนศิริมังคลาจารย์","kom":12,"kalae":0,"text_lanna":0,"total_detect":12}},{"type":"Feature","id":603,"geometry":{"type":"Point","coordinates":[98.976528510214592,18.795861649832641]},"properties":{"OBJECTID":603,"idx":2775,"POINT_Y":18.795861649999999,"POINT_X":98.976528509999994,"name":null,"kom":0,"kalae":2,"text_lanna":0,"total_detect":2}},{"type":"Feature","id":604,"geometry":{"type":"Point","coordinates":[98.964028070001561,18.795861800185172]},"properties":{"OBJECTID":604,"idx":7420,"POINT_Y":18.795861800000001,"POINT_X":98.964028069999998,"name":"ถนนนิมมานเหมินทร์ ซอย 12","kom":0,"kalae":1,"text_lanna":0,"total_detect":1}},{"type":"Feature","id":605,"geometry":{"type":"Point","coordinates":[98.972792230126373,18.795930240108326]},"properties":{"OBJECTID":605,"idx":2802,"POINT_Y":18.795930240000001,"POINT_X":98.972792229999996,"name":"ถนนศิริมังคลาจารย์ ซอย 3","kom":2,"kalae":0,"text_lanna":0,"total_detect":2}},{"type":"Feature","id":606,"geometry":{"type":"Point","coordinates":[98.9726055503439,18.795962880241756]},"properties":{"OBJECTID":606,"idx":2803,"POINT_Y":18.795962880000001,"POINT_X":98.972605549999997,"name":"ถนนศิริมังคลาจารย์ ซอย 3","kom":0,"kalae":1,"text_lanna":0,"total_detect":1}},{"type":"Feature","id":607,"geometry":{"type":"Point","coordinates":[98.99652137959454,18.795990250285108]},"properties":{"OBJECTID":607,"idx":473,"POINT_Y":18.795990249999999,"POINT_X":98.996521380000004,"name":"ถนนเมืองสมุทร","kom":0,"kalae":1,"text_lanna":0,"total_detect":1}},{"type":"Feature","id":608,"geometry":{"type":"Point","coordinates":[98.970780470035621,18.796014499981354]},"properties":{"OBJECTID":608,"idx":2242,"POINT_Y":18.796014499999998,"POINT_X":98.970780469999994,"name":"ถนนศิริมังคลาจารย์","kom":0,"kalae":1,"text_lanna":0,"total_detect":1}},{"type":"Feature","id":609,"geometry":{"type":"Point","coordinates":[98.972232209541602,18.79602816989258]},"properties":{"OBJECTID":609,"idx":2805,"POINT_Y":18.79602817,"POINT_X":98.972232210000001,"name":"ถนนศิริมังคลาจารย์ ซอย 3","kom":0,"kalae":1,"text_lanna":0,"total_detect":1}},{"type":"Feature","id":610,"geometry":{"type":"Point","coordinates":[98.956544270120133,18.796040230379425]},"properties":{"OBJECTID":610,"idx":2919,"POINT_Y":18.796040229999999,"POINT_X":98.956544269999995,"name":"ซอยเชียงราย 2","kom":5,"kalae":1,"text_lanna":0,"total_detect":6}},{"type":"Feature","id":611,"geometry":{"type":"Point","coordinates":[98.956168239653408,18.796089569756838]},"properties":{"OBJECTID":611,"idx":2917,"POINT_Y":18.796089569999999,"POINT_X":98.956168239999997,"name":"ซอยเชียงราย 2","kom":2,"kalae":0,"text_lanna":0,"total_detect":2}},{"type":"Feature","id":612,"geometry":{"type":"Point","coordinates":[98.971858859913269,18.796093449756903]},"properties":{"OBJECTID":612,"idx":2807,"POINT_Y":18.796093450000001,"POINT_X":98.971858859999998,"name":"ถนนศิริมังคลาจารย์ ซอย 3","kom":0,"kalae":0,"text_lanna":2,"total_detect":2}},{"type":"Feature","id":613,"geometry":{"type":"Point","coordinates":[98.974410190115307,18.796097090374552]},"properties":{"OBJECTID":613,"idx":2779,"POINT_Y":18.79609709,"POINT_X":98.97441019,"name":null,"kom":0,"kalae":1,"text_lanna":0,"total_detect":1}},{"type":"Feature","id":614,"geometry":{"type":"Point","coordinates":[99.00833839990203,18.796122380392678]},"properties":{"OBJECTID":614,"idx":4508,"POINT_Y":18.79612238,"POINT_X":99.0083384,"name":"ถนน บำรุงราษฏร์","kom":0,"kalae":2,"text_lanna":0,"total_detect":2}},{"type":"Feature","id":615,"geometry":{"type":"Point","coordinates":[98.970790539732064,18.796195009771385]},"properties":{"OBJECTID":615,"idx":2243,"POINT_Y":18.796195010000002,"POINT_X":98.970790539999996,"name":"ถนนศิริมังคลาจารย์","kom":0,"kalae":2,"text_lanna":0,"total_detect":2}},{"type":"Feature","id":616,"geometry":{"type":"Point","coordinates":[98.948491080397744,18.796212830449512]},"properties":{"OBJECTID":616,"idx":1720,"POINT_Y":18.796212830000002,"POINT_X":98.948491079999997,"name":"ซอย ๑๐ เชิงดอย","kom":0,"kalae":1,"text_lanna":0,"total_detect":1}},{"type":"Feature","id":617,"geometry":{"type":"Point","coordinates":[98.955142779920507,18.796234280278263]},"properties":{"OBJECTID":617,"idx":2913,"POINT_Y":18.79623428,"POINT_X":98.955142780000003,"name":"ซอยเชียงราย 2","kom":0,"kalae":2,"text_lanna":0,"total_detect":2}},{"type":"Feature","id":618,"geometry":{"type":"Point","coordinates":[98.954739639777614,18.796299870313693]},"properties":{"OBJECTID":618,"idx":2912,"POINT_Y":18.796299869999999,"POINT_X":98.95473964,"name":"ซอยเชียงราย 2","kom":2,"kalae":0,"text_lanna":0,"total_detect":2}},{"type":"Feature","id":619,"geometry":{"type":"Point","coordinates":[98.998128410433353,18.796348999573116]},"properties":{"OBJECTID":619,"idx":2386,"POINT_Y":18.796348999999999,"POINT_X":98.998128410000007,"name":null,"kom":0,"kalae":1,"text_lanna":0,"total_detect":1}},{"type":"Feature","id":620,"geometry":{"type":"Point","coordinates":[98.996720739777118,18.796491909767038]},"properties":{"OBJECTID":620,"idx":475,"POINT_Y":18.79649191,"POINT_X":98.996720740000001,"name":"ถนนเมืองสมุทร","kom":0,"kalae":0,"text_lanna":1,"total_detect":1}},{"type":"Feature","id":621,"geometry":{"type":"Point","coordinates":[99.011259059621764,18.796517019949189]},"properties":{"OBJECTID":621,"idx":6180,"POINT_Y":18.79651702,"POINT_X":99.01125906,"name":null,"kom":0,"kalae":0,"text_lanna":1,"total_detect":1}},{"type":"Feature","id":622,"geometry":{"type":"Point","coordinates":[98.998369090263495,18.796562279615248]},"properties":{"OBJECTID":622,"idx":2396,"POINT_Y":18.79656228,"POINT_X":98.998369089999997,"name":null,"kom":2,"kalae":2,"text_lanna":0,"total_detect":4}},{"type":"Feature","id":623,"geometry":{"type":"Point","coordinates":[98.970813690249315,18.79656170017768]},"properties":{"OBJECTID":623,"idx":2244,"POINT_Y":18.796561700000002,"POINT_X":98.97081369,"name":"ถนนศิริมังคลาจารย์","kom":4,"kalae":0,"text_lanna":0,"total_detect":4}},{"type":"Feature","id":624,"geometry":{"type":"Point","coordinates":[98.949344379848611,18.796626300212239]},"properties":{"OBJECTID":624,"idx":2935,"POINT_Y":18.7966263,"POINT_X":98.949344379999999,"name":null,"kom":0,"kalae":0,"text_lanna":2,"total_detect":2}},{"type":"Feature","id":625,"geometry":{"type":"Point","coordinates":[98.971160129778099,18.79663916980132]},"properties":{"OBJECTID":625,"idx":6,"POINT_Y":18.796639169999999,"POINT_X":98.971160130000001,"name":"ถนนศิริมังคลาจารย์ ซอย1","kom":0,"kalae":1,"text_lanna":0,"total_detect":1}},{"type":"Feature","id":626,"geometry":{"type":"Point","coordinates":[98.996841850062353,18.796664660151926]},"properties":{"OBJECTID":626,"idx":2393,"POINT_Y":18.796664660000001,"POINT_X":98.996841849999996,"name":null,"kom":0,"kalae":4,"text_lanna":0,"total_detect":4}},{"type":"Feature","id":627,"geometry":{"type":"Point","coordinates":[98.968438080050049,18.796670269906311]},"properties":{"OBJECTID":627,"idx":7492,"POINT_Y":18.79667027,"POINT_X":98.968438079999999,"name":null,"kom":0,"kalae":1,"text_lanna":0,"total_detect":1}},{"type":"Feature","id":628,"geometry":{"type":"Point","coordinates":[98.976715370252876,18.796685860390461]},"properties":{"OBJECTID":628,"idx":4595,"POINT_Y":18.79668586,"POINT_X":98.976715369999994,"name":"ถนนห้วยแก้ว","kom":1,"kalae":0,"text_lanna":0,"total_detect":1}},{"type":"Feature","id":629,"geometry":{"type":"Point","coordinates":[99.002951879823542,18.796696719995513]},"properties":{"OBJECTID":629,"idx":1047,"POINT_Y":18.79669672,"POINT_X":99.002951879999998,"name":"ถนนแก้วนวรัฐ ซอย 1","kom":0,"kalae":2,"text_lanna":0,"total_detect":2}},{"type":"Feature","id":630,"geometry":{"type":"Point","coordinates":[98.983898739859825,18.796714570406543]},"properties":{"OBJECTID":630,"idx":6625,"POINT_Y":18.796714569999999,"POINT_X":98.983898740000001,"name":null,"kom":0,"kalae":1,"text_lanna":0,"total_detect":1}},{"type":"Feature","id":631,"geometry":{"type":"Point","coordinates":[98.970594340090344,18.796719890161445]},"properties":{"OBJECTID":631,"idx":7393,"POINT_Y":18.796719889999999,"POINT_X":98.970594340000005,"name":"ถนนนิมมานเหมินทร์ ซอย 11","kom":4,"kalae":0,"text_lanna":0,"total_detect":4}},{"type":"Feature","id":632,"geometry":{"type":"Point","coordinates":[98.954361980289193,18.796762860440513]},"properties":{"OBJECTID":632,"idx":2971,"POINT_Y":18.796762860000001,"POINT_X":98.954361980000002,"name":"ซอย ๑๐๘ สันป่ตอง","kom":0,"kalae":2,"text_lanna":0,"total_detect":2}},{"type":"Feature","id":633,"geometry":{"type":"Point","coordinates":[99.00827015012689,18.796805510046198]},"properties":{"OBJECTID":633,"idx":4505,"POINT_Y":18.796805509999999,"POINT_X":99.008270150000001,"name":"ถนน บำรุงราษฏร์","kom":0,"kalae":1,"text_lanna":0,"total_detect":1}},{"type":"Feature","id":634,"geometry":{"type":"Point","coordinates":[98.949288509557462,18.796799049555027]},"properties":{"OBJECTID":634,"idx":2936,"POINT_Y":18.796799050000001,"POINT_X":98.949288510000002,"name":null,"kom":10,"kalae":0,"text_lanna":0,"total_detect":10}},{"type":"Feature","id":635,"geometry":{"type":"Point","coordinates":[98.970839219820505,18.796879509552355]},"properties":{"OBJECTID":635,"idx":2245,"POINT_Y":18.79687951,"POINT_X":98.970839220000002,"name":"ถนนศิริมังคลาจารย์","kom":0,"kalae":0,"text_lanna":1,"total_detect":1}},{"type":"Feature","id":636,"geometry":{"type":"Point","coordinates":[98.978649889819096,18.796889219844783]},"properties":{"OBJECTID":636,"idx":2257,"POINT_Y":18.796889220000001,"POINT_X":98.97864989,"name":"ถนนห้วยแก้ว","kom":0,"kalae":2,"text_lanna":0,"total_detect":2}},{"type":"Feature","id":637,"geometry":{"type":"Point","coordinates":[98.955813839550117,18.796903630331919]},"properties":{"OBJECTID":637,"idx":2957,"POINT_Y":18.796903629999999,"POINT_X":98.955813840000005,"name":"ซอย ๔๐๑ วังเหนึอ","kom":20,"kalae":0,"text_lanna":0,"total_detect":20}},{"type":"Feature","id":638,"geometry":{"type":"Point","coordinates":[98.948232599914164,18.796901990446489]},"properties":{"OBJECTID":638,"idx":1717,"POINT_Y":18.796901989999999,"POINT_X":98.948232599999997,"name":"ซอย ๑๐ เชิงดอย","kom":0,"kalae":10,"text_lanna":1,"total_detect":11}},{"type":"Feature","id":639,"geometry":{"type":"Point","coordinates":[98.982868690403166,18.79703066997358]},"properties":{"OBJECTID":639,"idx":1086,"POINT_Y":18.797030670000002,"POINT_X":98.982868690000004,"name":"ถนนมณีนพรัตน์ ซอย 2","kom":0,"kalae":1,"text_lanna":0,"total_detect":1}},{"type":"Feature","id":640,"geometry":{"type":"Point","coordinates":[99.00275562033184,18.797077499858808]},"properties":{"OBJECTID":640,"idx":1058,"POINT_Y":18.7970775,"POINT_X":99.002755620000002,"name":"ถนน เชตุพน","kom":0,"kalae":0,"text_lanna":1,"total_detect":1}},{"type":"Feature","id":641,"geometry":{"type":"Point","coordinates":[99.002567380037519,18.797100599755908]},"properties":{"OBJECTID":641,"idx":1057,"POINT_Y":18.7971006,"POINT_X":99.002567380000002,"name":"ถนน เชตุพน","kom":2,"kalae":0,"text_lanna":0,"total_detect":2}},{"type":"Feature","id":642,"geometry":{"type":"Point","coordinates":[99.002379139691826,18.797123700366956]},"properties":{"OBJECTID":642,"idx":1056,"POINT_Y":18.7971237,"POINT_X":99.002379140000002,"name":"ถนน เชตุพน","kom":4,"kalae":1,"text_lanna":0,"total_detect":5}},{"type":"Feature","id":643,"geometry":{"type":"Point","coordinates":[98.970878049785711,18.797239130229695]},"properties":{"OBJECTID":643,"idx":2247,"POINT_Y":18.797239130000001,"POINT_X":98.970878049999996,"name":"ถนนศิริมังคลาจารย์","kom":0,"kalae":1,"text_lanna":0,"total_detect":1}},{"type":"Feature","id":644,"geometry":{"type":"Point","coordinates":[98.97055572029582,18.797338839815108]},"properties":{"OBJECTID":644,"idx":5023,"POINT_Y":18.797338839999998,"POINT_X":98.970555719999993,"name":"ถนนนิมมานเหมินท์ ซอย 9","kom":0,"kalae":2,"text_lanna":0,"total_detect":2}},{"type":"Feature","id":645,"geometry":{"type":"Point","coordinates":[98.981759310429055,18.797353790294828]},"properties":{"OBJECTID":645,"idx":4489,"POINT_Y":18.797353789999999,"POINT_X":98.981759310000001,"name":null,"kom":0,"kalae":1,"text_lanna":0,"total_detect":1}},{"type":"Feature","id":646,"geometry":{"type":"Point","coordinates":[98.954539469941579,18.797482819741546]},"properties":{"OBJECTID":646,"idx":2949,"POINT_Y":18.797482819999999,"POINT_X":98.95453947,"name":"ซอย ๔๐๑ วังเหนึอ","kom":2,"kalae":0,"text_lanna":0,"total_detect":2}},{"type":"Feature","id":647,"geometry":{"type":"Point","coordinates":[99.005017110324673,18.797531700387577]},"properties":{"OBJECTID":647,"idx":1067,"POINT_Y":18.7975317,"POINT_X":99.005017109999997,"name":"ถนน เชตุพน","kom":0,"kalae":0,"text_lanna":1,"total_detect":1}},{"type":"Feature","id":648,"geometry":{"type":"Point","coordinates":[98.978964979961873,18.797558859661201]},"properties":{"OBJECTID":648,"idx":2261,"POINT_Y":18.797558859999999,"POINT_X":98.978964980000001,"name":"ถนนห้วยแก้ว","kom":0,"kalae":4,"text_lanna":0,"total_detect":4}},{"type":"Feature","id":649,"geometry":{"type":"Point","coordinates":[98.95726697953998,18.797582089811037]},"properties":{"OBJECTID":649,"idx":5648,"POINT_Y":18.797582089999999,"POINT_X":98.95726698,"name":null,"kom":3,"kalae":0,"text_lanna":0,"total_detect":3}},{"type":"Feature","id":650,"geometry":{"type":"Point","coordinates":[98.99724734032101,18.79761218014113]},"properties":{"OBJECTID":650,"idx":480,"POINT_Y":18.797612180000002,"POINT_X":98.997247340000001,"name":"ถนนเมืองสมุทร","kom":0,"kalae":2,"text_lanna":0,"total_detect":2}},{"type":"Feature","id":651,"geometry":{"type":"Point","coordinates":[98.9909720100096,18.79769230995425]},"properties":{"OBJECTID":651,"idx":6747,"POINT_Y":18.797692309999999,"POINT_X":98.990972009999993,"name":null,"kom":0,"kalae":1,"text_lanna":0,"total_detect":1}},{"type":"Feature","id":652,"geometry":{"type":"Point","coordinates":[98.994059489562332,18.797722219869488]},"properties":{"OBJECTID":652,"idx":6327,"POINT_Y":18.797722220000001,"POINT_X":98.994059489999998,"name":"ชุมชนหมู่บ้านอุ่นอารี","kom":2,"kalae":0,"text_lanna":0,"total_detect":2}},{"type":"Feature","id":653,"geometry":{"type":"Point","coordinates":[99.0051092301034,18.797803169666839]},"properties":{"OBJECTID":653,"idx":1077,"POINT_Y":18.797803170000002,"POINT_X":99.005109230000002,"name":"เชตุพน ซอย 1","kom":0,"kalae":2,"text_lanna":0,"total_detect":2}},{"type":"Feature","id":654,"geometry":{"type":"Point","coordinates":[98.988048710109553,18.797803230322302]},"properties":{"OBJECTID":654,"idx":3191,"POINT_Y":18.79780323,"POINT_X":98.988048710000001,"name":"ถนนสนามกีฬา ซอย2","kom":0,"kalae":1,"text_lanna":0,"total_detect":1}},{"type":"Feature","id":655,"geometry":{"type":"Point","coordinates":[98.965943539977573,18.797810329970339]},"properties":{"OBJECTID":655,"idx":5873,"POINT_Y":18.797810330000001,"POINT_X":98.965943539999998,"name":"ถนนนิมมานเหมินทร์ ซอย 6","kom":0,"kalae":1,"text_lanna":0,"total_detect":1}},{"type":"Feature","id":656,"geometry":{"type":"Point","coordinates":[99.00256147026505,18.797820270162038]},"properties":{"OBJECTID":656,"idx":1021,"POINT_Y":18.797820269999999,"POINT_X":99.002561470000003,"name":"ถนนเจริญราษฎร์","kom":0,"kalae":2,"text_lanna":0,"total_detect":2}},{"type":"Feature","id":657,"geometry":{"type":"Point","coordinates":[98.955259719571274,18.797833010040264]},"properties":{"OBJECTID":657,"idx":2941,"POINT_Y":18.797833010000002,"POINT_X":98.955259720000001,"name":"ซอย ๔๐๑ วังเหนึอ","kom":1,"kalae":0,"text_lanna":2,"total_detect":3}},{"type":"Feature","id":658,"geometry":{"type":"Point","coordinates":[98.974316439885584,18.797884100022006]},"properties":{"OBJECTID":658,"idx":8764,"POINT_Y":18.797884100000001,"POINT_X":98.974316439999996,"name":"ถนนห้วยแก้ว","kom":1,"kalae":0,"text_lanna":0,"total_detect":1}},{"type":"Feature","id":659,"geometry":{"type":"Point","coordinates":[98.954356940376513,18.797889250251615]},"properties":{"OBJECTID":659,"idx":2966,"POINT_Y":18.797889250000001,"POINT_X":98.954356939999997,"name":"ซอย ๑๐๘ สันป่ตอง","kom":0,"kalae":1,"text_lanna":0,"total_detect":1}},{"type":"Feature","id":660,"geometry":{"type":"Point","coordinates":[98.992214739558136,18.797917279936286]},"properties":{"OBJECTID":660,"idx":6752,"POINT_Y":18.79791728,"POINT_X":98.992214739999994,"name":null,"kom":0,"kalae":0,"text_lanna":2,"total_detect":2}},{"type":"Feature","id":661,"geometry":{"type":"Point","coordinates":[98.98794270982529,18.797953160162713]},"properties":{"OBJECTID":661,"idx":3190,"POINT_Y":18.797953159999999,"POINT_X":98.987942709999999,"name":"ถนนสนามกีฬา ซอย2","kom":0,"kalae":0,"text_lanna":2,"total_detect":2}},{"type":"Feature","id":662,"geometry":{"type":"Point","coordinates":[98.95525927988534,18.798013770245909]},"properties":{"OBJECTID":662,"idx":2942,"POINT_Y":18.798013770000001,"POINT_X":98.955259280000007,"name":"ซอย ๔๐๑ วังเหนึอ","kom":1,"kalae":1,"text_lanna":0,"total_detect":2}},{"type":"Feature","id":663,"geometry":{"type":"Point","coordinates":[98.968916039579426,18.798124040026067]},"properties":{"OBJECTID":663,"idx":7445,"POINT_Y":18.798124040000001,"POINT_X":98.968916039999996,"name":"ถนนนิมมานเหมินท์ ซอย 7","kom":0,"kalae":0,"text_lanna":1,"total_detect":1}},{"type":"Feature","id":664,"geometry":{"type":"Point","coordinates":[98.993416739902784,18.798175240228492]},"properties":{"OBJECTID":664,"idx":6317,"POINT_Y":18.798175239999999,"POINT_X":98.993416740000001,"name":"อุ่นอารี ซอย2","kom":0,"kalae":1,"text_lanna":0,"total_detect":1}},{"type":"Feature","id":665,"geometry":{"type":"Point","coordinates":[98.968335000148045,18.798180619837773]},"properties":{"OBJECTID":665,"idx":7442,"POINT_Y":18.79818062,"POINT_X":98.968334999999996,"name":"ถนนนิมมานเหมินท์ ซอย 7","kom":0,"kalae":1,"text_lanna":0,"total_detect":1}},{"type":"Feature","id":666,"geometry":{"type":"Point","coordinates":[98.997546520064148,18.798260899995455]},"properties":{"OBJECTID":666,"idx":483,"POINT_Y":18.798260899999999,"POINT_X":98.99754652,"name":"ถนนเมืองสมุทร","kom":0,"kalae":0,"text_lanna":1,"total_detect":1}},{"type":"Feature","id":667,"geometry":{"type":"Point","coordinates":[99.016683760466989,18.798271560203581]},"properties":{"OBJECTID":667,"idx":3133,"POINT_Y":18.79827156,"POINT_X":99.016683760000006,"name":"ถนนทุ่งโฮเต็ล ซอย 5","kom":0,"kalae":1,"text_lanna":0,"total_detect":1}},{"type":"Feature","id":668,"geometry":{"type":"Point","coordinates":[99.000261929583729,18.798340519788344]},"properties":{"OBJECTID":668,"idx":1595,"POINT_Y":18.79834052,"POINT_X":99.000261929999994,"name":"ถนนวังสิงห์คำ ซอย 1","kom":0,"kalae":2,"text_lanna":0,"total_detect":2}},{"type":"Feature","id":669,"geometry":{"type":"Point","coordinates":[98.98585160017727,18.798378440055778]},"properties":{"OBJECTID":669,"idx":1091,"POINT_Y":18.79837844,"POINT_X":98.985851600000004,"name":"ถนน ช้างเผือก ซอย2","kom":8,"kalae":0,"text_lanna":0,"total_detect":8}},{"type":"Feature","id":670,"geometry":{"type":"Point","coordinates":[98.985323640352703,18.798400329718387]},"properties":{"OBJECTID":670,"idx":1093,"POINT_Y":18.79840033,"POINT_X":98.985323640000004,"name":"ถนน ช้างเผือก ซอย2","kom":0,"kalae":1,"text_lanna":0,"total_detect":1}},{"type":"Feature","id":671,"geometry":{"type":"Point","coordinates":[98.984675779870017,18.798425939826039]},"properties":{"OBJECTID":671,"idx":1096,"POINT_Y":18.798425940000001,"POINT_X":98.984675780000003,"name":"ถนน ช้างเผือก ซอย2","kom":0,"kalae":1,"text_lanna":0,"total_detect":1}},{"type":"Feature","id":672,"geometry":{"type":"Point","coordinates":[99.000116700242984,18.798456889893085]},"properties":{"OBJECTID":672,"idx":1594,"POINT_Y":18.798456890000001,"POINT_X":99.000116700000007,"name":"ถนนวังสิงห์คำ ซอย 1","kom":2,"kalae":2,"text_lanna":0,"total_detect":4}},{"type":"Feature","id":673,"geometry":{"type":"Point","coordinates":[98.983895379557964,18.798460729632254]},"properties":{"OBJECTID":673,"idx":1099,"POINT_Y":18.798460729999999,"POINT_X":98.983895380000007,"name":"ถนน ช้างเผือก ซอย2","kom":0,"kalae":0,"text_lanna":2,"total_detect":2}},{"type":"Feature","id":674,"geometry":{"type":"Point","coordinates":[99.017104909967514,18.798542370226901]},"properties":{"OBJECTID":674,"idx":3131,"POINT_Y":18.79854237,"POINT_X":99.01710491,"name":"ถนนทุ่งโฮเต็ล ซอย 5","kom":2,"kalae":0,"text_lanna":0,"total_detect":2}},{"type":"Feature","id":675,"geometry":{"type":"Point","coordinates":[98.999971469753632,18.798573259883383]},"properties":{"OBJECTID":675,"idx":1593,"POINT_Y":18.798573260000001,"POINT_X":98.999971470000006,"name":"ถนนวังสิงห์คำ ซอย 1","kom":0,"kalae":1,"text_lanna":0,"total_detect":1}},{"type":"Feature","id":676,"geometry":{"type":"Point","coordinates":[98.9772453600727,18.798587570193259]},"properties":{"OBJECTID":676,"idx":426,"POINT_Y":18.798587569999999,"POINT_X":98.977245359999998,"name":"ถนนเสริมสุข","kom":20,"kalae":0,"text_lanna":0,"total_detect":20}},{"type":"Feature","id":677,"geometry":{"type":"Point","coordinates":[98.991736150267755,18.798591369662422]},"properties":{"OBJECTID":677,"idx":6591,"POINT_Y":18.79859137,"POINT_X":98.991736149999994,"name":"ถนน อุ่นอารี ซอย6","kom":2,"kalae":0,"text_lanna":0,"total_detect":2}},{"type":"Feature","id":678,"geometry":{"type":"Point","coordinates":[98.997706889526981,18.798607449665472]},"properties":{"OBJECTID":678,"idx":485,"POINT_Y":18.798607449999999,"POINT_X":98.997706890000003,"name":"ถนนเมืองสมุทร","kom":16,"kalae":0,"text_lanna":0,"total_detect":16}},{"type":"Feature","id":679,"geometry":{"type":"Point","coordinates":[99.007881809571856,18.798628769571195]},"properties":{"OBJECTID":679,"idx":1122,"POINT_Y":18.798628770000001,"POINT_X":99.007881810000001,"name":"ถนน บำรุงราษฏร์","kom":0,"kalae":1,"text_lanna":0,"total_detect":1}},{"type":"Feature","id":680,"geometry":{"type":"Point","coordinates":[98.977071630206225,18.798660340030963]},"properties":{"OBJECTID":680,"idx":427,"POINT_Y":18.798660340000001,"POINT_X":98.977071629999998,"name":"ถนนเสริมสุข","kom":0,"kalae":2,"text_lanna":0,"total_detect":2}},{"type":"Feature","id":681,"geometry":{"type":"Point","coordinates":[99.00336582023165,18.798664250049846]},"properties":{"OBJECTID":681,"idx":1026,"POINT_Y":18.798664250000002,"POINT_X":99.003365819999999,"name":"ถนนเจริญราษฎร์","kom":0,"kalae":1,"text_lanna":0,"total_detect":1}},{"type":"Feature","id":682,"geometry":{"type":"Point","coordinates":[98.999826229574836,18.798689629759266]},"properties":{"OBJECTID":682,"idx":1592,"POINT_Y":18.798689629999998,"POINT_X":98.999826229999996,"name":"ถนนวังสิงห์คำ ซอย 1","kom":0,"kalae":2,"text_lanna":0,"total_detect":2}},{"type":"Feature","id":683,"geometry":{"type":"Point","coordinates":[99.003501339693429,18.798790810433271]},"properties":{"OBJECTID":683,"idx":1027,"POINT_Y":18.79879081,"POINT_X":99.00350134,"name":"ถนนเจริญราษฎร์","kom":0,"kalae":2,"text_lanna":0,"total_detect":2}},{"type":"Feature","id":684,"geometry":{"type":"Point","coordinates":[98.976623010221729,18.798860189665454]},"properties":{"OBJECTID":684,"idx":429,"POINT_Y":18.798860189999999,"POINT_X":98.976623009999997,"name":"ถนนเสริมสุข","kom":0,"kalae":1,"text_lanna":0,"total_detect":1}},{"type":"Feature","id":685,"geometry":{"type":"Point","coordinates":[98.999339509671202,18.798947609571197]},"properties":{"OBJECTID":685,"idx":1590,"POINT_Y":18.798947609999999,"POINT_X":98.999339509999999,"name":"ถนนวังสิงห์คำ ซอย 1","kom":0,"kalae":2,"text_lanna":0,"total_detect":2}},{"type":"Feature","id":686,"geometry":{"type":"Point","coordinates":[99.003696990444794,18.798984190206188]},"properties":{"OBJECTID":686,"idx":1028,"POINT_Y":18.798984189999999,"POINT_X":99.003696989999995,"name":"ถนนเจริญราษฎร์","kom":1,"kalae":3,"text_lanna":0,"total_detect":4}},{"type":"Feature","id":687,"geometry":{"type":"Point","coordinates":[98.999034340108707,18.799017610246818]},"properties":{"OBJECTID":687,"idx":1589,"POINT_Y":18.79901761,"POINT_X":98.999034339999994,"name":"ถนนวังสิงห์คำ ซอย 1","kom":0,"kalae":4,"text_lanna":0,"total_detect":4}},{"type":"Feature","id":688,"geometry":{"type":"Point","coordinates":[98.975068409908246,18.799035509593274]},"properties":{"OBJECTID":688,"idx":3233,"POINT_Y":18.79903551,"POINT_X":98.975068410000006,"name":"ถนนราชพฤกษ์","kom":0,"kalae":0,"text_lanna":1,"total_detect":1}},{"type":"Feature","id":689,"geometry":{"type":"Point","coordinates":[98.989936880228242,18.799047590414503]},"properties":{"OBJECTID":689,"idx":8033,"POINT_Y":18.799047590000001,"POINT_X":98.989936880000002,"name":"ถนนสนามกีฬา","kom":0,"kalae":0,"text_lanna":1,"total_detect":1}},{"type":"Feature","id":690,"geometry":{"type":"Point","coordinates":[98.955249219757235,18.799087410062199]},"properties":{"OBJECTID":690,"idx":2946,"POINT_Y":18.799087409999998,"POINT_X":98.955249219999999,"name":"ซอย ๔๐๑ วังเหนึอ","kom":1,"kalae":0,"text_lanna":0,"total_detect":1}},{"type":"Feature","id":691,"geometry":{"type":"Point","coordinates":[98.976769539574846,18.799362709589353]},"properties":{"OBJECTID":691,"idx":438,"POINT_Y":18.79936271,"POINT_X":98.976769540000006,"name":"ถนนเม็งรายรัศมี","kom":0,"kalae":1,"text_lanna":0,"total_detect":1}},{"type":"Feature","id":692,"geometry":{"type":"Point","coordinates":[98.975235050157664,18.799384769926821]},"properties":{"OBJECTID":692,"idx":3231,"POINT_Y":18.79938477,"POINT_X":98.975235049999995,"name":"ถนนราชพฤกษ์","kom":1,"kalae":0,"text_lanna":0,"total_detect":1}},{"type":"Feature","id":693,"geometry":{"type":"Point","coordinates":[98.975975650028815,18.799485130231801]},"properties":{"OBJECTID":693,"idx":3210,"POINT_Y":18.799485130000001,"POINT_X":98.975975649999995,"name":null,"kom":0,"kalae":0,"text_lanna":2,"total_detect":2}},{"type":"Feature","id":694,"geometry":{"type":"Point","coordinates":[98.977322389895733,18.799523930197729]},"properties":{"OBJECTID":694,"idx":436,"POINT_Y":18.799523929999999,"POINT_X":98.977322389999998,"name":"ถนนเม็งรายรัศมี","kom":3,"kalae":1,"text_lanna":0,"total_detect":4}},{"type":"Feature","id":695,"geometry":{"type":"Point","coordinates":[98.97757007985858,18.799559430185418]},"properties":{"OBJECTID":695,"idx":435,"POINT_Y":18.799559429999999,"POINT_X":98.977570080000007,"name":"ถนนเม็งรายรัศมี","kom":1,"kalae":0,"text_lanna":0,"total_detect":1}},{"type":"Feature","id":696,"geometry":{"type":"Point","coordinates":[98.967037920429988,18.799592420397033]},"properties":{"OBJECTID":696,"idx":7470,"POINT_Y":18.79959242,"POINT_X":98.967037919999996,"name":"ถนนนิมมานเหมินทร์ ซอย2","kom":0,"kalae":1,"text_lanna":0,"total_detect":1}},{"type":"Feature","id":697,"geometry":{"type":"Point","coordinates":[99.005400920308148,18.799604369644268]},"properties":{"OBJECTID":697,"idx":1069,"POINT_Y":18.799604370000001,"POINT_X":99.00540092,"name":"เชตุพน ซอย 1","kom":0,"kalae":1,"text_lanna":0,"total_detect":1}},{"type":"Feature","id":698,"geometry":{"type":"Point","coordinates":[98.976592409712168,18.799701179569617]},"properties":{"OBJECTID":698,"idx":3208,"POINT_Y":18.79970118,"POINT_X":98.976592409999995,"name":null,"kom":0,"kalae":1,"text_lanna":0,"total_detect":1}},{"type":"Feature","id":699,"geometry":{"type":"Point","coordinates":[98.966018810135722,18.799716259975035]},"properties":{"OBJECTID":699,"idx":7474,"POINT_Y":18.79971626,"POINT_X":98.966018809999994,"name":"ถนนนิมมานเหมินทร์ ซอย2","kom":0,"kalae":2,"text_lanna":0,"total_detect":2}},{"type":"Feature","id":700,"geometry":{"type":"Point","coordinates":[98.976788230084125,18.799742079639103]},"properties":{"OBJECTID":700,"idx":3214,"POINT_Y":18.799742080000001,"POINT_X":98.976788229999997,"name":null,"kom":1,"kalae":0,"text_lanna":0,"total_detect":1}},{"type":"Feature","id":701,"geometry":{"type":"Point","coordinates":[98.98815426978301,18.799865890302154]},"properties":{"OBJECTID":701,"idx":445,"POINT_Y":18.79986589,"POINT_X":98.988154269999995,"name":"ถนนสนามกีฬา","kom":1,"kalae":0,"text_lanna":0,"total_detect":1}},{"type":"Feature","id":702,"geometry":{"type":"Point","coordinates":[98.988017980087733,18.799991689798919]},"properties":{"OBJECTID":702,"idx":444,"POINT_Y":18.799991689999999,"POINT_X":98.988017979999995,"name":"ถนนสนามกีฬา","kom":1,"kalae":0,"text_lanna":0,"total_detect":1}},{"type":"Feature","id":703,"geometry":{"type":"Point","coordinates":[98.975446750349079,18.800079130291667]},"properties":{"OBJECTID":703,"idx":3227,"POINT_Y":18.80007913,"POINT_X":98.975446750000003,"name":"ถนนราชพฤกษ์","kom":4,"kalae":8,"text_lanna":0,"total_detect":12}},{"type":"Feature","id":704,"geometry":{"type":"Point","coordinates":[99.004650599879099,18.800157509923316]},"properties":{"OBJECTID":704,"idx":787,"POINT_Y":18.800157509999998,"POINT_X":99.004650600000005,"name":"ถนนเจริญราษฎร์","kom":4,"kalae":1,"text_lanna":0,"total_detect":5}},{"type":"Feature","id":705,"geometry":{"type":"Point","coordinates":[98.97814304007963,18.800210559890143]},"properties":{"OBJECTID":705,"idx":8049,"POINT_Y":18.80021056,"POINT_X":98.978143040000006,"name":"ถนนสันติธรรม","kom":0,"kalae":1,"text_lanna":0,"total_detect":1}},{"type":"Feature","id":706,"geometry":{"type":"Point","coordinates":[98.985776709595825,18.800318329572132]},"properties":{"OBJECTID":706,"idx":466,"POINT_Y":18.80031833,"POINT_X":98.985776709999996,"name":"ถนนช้างเผือก ซอย 4","kom":0,"kalae":0,"text_lanna":1,"total_detect":1}},{"type":"Feature","id":707,"geometry":{"type":"Point","coordinates":[98.966139669879027,18.800346540226805]},"properties":{"OBJECTID":707,"idx":5483,"POINT_Y":18.80034654,"POINT_X":98.966139670000004,"name":null,"kom":0,"kalae":8,"text_lanna":0,"total_detect":8}},{"type":"Feature","id":708,"geometry":{"type":"Point","coordinates":[98.979364329528693,18.800372449814077]},"properties":{"OBJECTID":708,"idx":3200,"POINT_Y":18.800372450000001,"POINT_X":98.979364329999996,"name":"ถนนสันติรักษ์","kom":0,"kalae":1,"text_lanna":0,"total_detect":1}},{"type":"Feature","id":709,"geometry":{"type":"Point","coordinates":[98.973549679707702,18.800397359677216]},"properties":{"OBJECTID":709,"idx":8374,"POINT_Y":18.800397360000002,"POINT_X":98.973549680000005,"name":"ซอยพลับพลึง","kom":0,"kalae":0,"text_lanna":1,"total_detect":1}},{"type":"Feature","id":710,"geometry":{"type":"Point","coordinates":[98.959171320044149,18.800432160216221]},"properties":{"OBJECTID":710,"idx":4881,"POINT_Y":18.80043216,"POINT_X":98.959171319999996,"name":"ถนนห้วยแก้ว ซอย3","kom":0,"kalae":1,"text_lanna":0,"total_detect":1}},{"type":"Feature","id":711,"geometry":{"type":"Point","coordinates":[98.987203109680365,18.800478099597367]},"properties":{"OBJECTID":711,"idx":441,"POINT_Y":18.800478099999999,"POINT_X":98.987203109999996,"name":"ถนนสนามกีฬา","kom":4,"kalae":0,"text_lanna":0,"total_detect":4}},{"type":"Feature","id":712,"geometry":{"type":"Point","coordinates":[98.97921255027839,18.800480969770756]},"properties":{"OBJECTID":712,"idx":3201,"POINT_Y":18.800480969999999,"POINT_X":98.97921255,"name":"ถนนสันติรักษ์","kom":1,"kalae":0,"text_lanna":0,"total_detect":1}},{"type":"Feature","id":713,"geometry":{"type":"Point","coordinates":[98.984749889544588,18.800524930357806]},"properties":{"OBJECTID":713,"idx":462,"POINT_Y":18.800524930000002,"POINT_X":98.984749890000003,"name":"ถนนช้างเผือก ซอย 4","kom":0,"kalae":1,"text_lanna":0,"total_detect":1}},{"type":"Feature","id":714,"geometry":{"type":"Point","coordinates":[98.997498040083784,18.800656720415184]},"properties":{"OBJECTID":714,"idx":675,"POINT_Y":18.800656719999999,"POINT_X":98.997498039999996,"name":"ถนนรัตนโกสินทร์","kom":2,"kalae":0,"text_lanna":0,"total_detect":2}},{"type":"Feature","id":715,"geometry":{"type":"Point","coordinates":[98.979816920344007,18.800718440389559]},"properties":{"OBJECTID":715,"idx":405,"POINT_Y":18.800718440000001,"POINT_X":98.979816920000005,"name":"ถนนเจริญสุข","kom":0,"kalae":2,"text_lanna":0,"total_detect":2}},{"type":"Feature","id":716,"geometry":{"type":"Point","coordinates":[98.997745479709337,18.800764289697746]},"properties":{"OBJECTID":716,"idx":674,"POINT_Y":18.80076429,"POINT_X":98.997745480000006,"name":"ถนนรัตนโกสินทร์","kom":0,"kalae":2,"text_lanna":0,"total_detect":2}},{"type":"Feature","id":717,"geometry":{"type":"Point","coordinates":[98.979659590334975,18.800819549948503]},"properties":{"OBJECTID":717,"idx":406,"POINT_Y":18.80081955,"POINT_X":98.979659589999997,"name":"ถนนเจริญสุข","kom":5,"kalae":0,"text_lanna":0,"total_detect":5}},{"type":"Feature","id":718,"geometry":{"type":"Point","coordinates":[99.002521790088437,18.80084548981727]},"properties":{"OBJECTID":718,"idx":539,"POINT_Y":18.80084549,"POINT_X":99.002521790000003,"name":"ถนนวังสิงห์คำ","kom":2,"kalae":0,"text_lanna":0,"total_detect":2}},{"type":"Feature","id":719,"geometry":{"type":"Point","coordinates":[99.013378260458168,18.800863130340769]},"properties":{"OBJECTID":719,"idx":1496,"POINT_Y":18.80086313,"POINT_X":99.013378259999996,"name":"ถนน รัตนโกสินทร์","kom":1,"kalae":0,"text_lanna":0,"total_detect":1}},{"type":"Feature","id":720,"geometry":{"type":"Point","coordinates":[98.992096860058609,18.800866490001233]},"properties":{"OBJECTID":720,"idx":6807,"POINT_Y":18.800866490000001,"POINT_X":98.992096860000004,"name":null,"kom":2,"kalae":0,"text_lanna":0,"total_detect":2}},{"type":"Feature","id":721,"geometry":{"type":"Point","coordinates":[99.004949670329907,18.80087788992893]},"properties":{"OBJECTID":721,"idx":789,"POINT_Y":18.800877889999999,"POINT_X":99.004949670000002,"name":"ถนนเจริญราษฎร์","kom":5,"kalae":0,"text_lanna":0,"total_detect":5}},{"type":"Feature","id":722,"geometry":{"type":"Point","coordinates":[98.998161740321919,18.80088363042012]},"properties":{"OBJECTID":722,"idx":672,"POINT_Y":18.800883630000001,"POINT_X":98.99816174,"name":"ถนนรัตนโกสินทร์","kom":0,"kalae":0,"text_lanna":1,"total_detect":1}},{"type":"Feature","id":723,"geometry":{"type":"Point","coordinates":[98.97950226013802,18.800920660277377]},"properties":{"OBJECTID":723,"idx":407,"POINT_Y":18.800920659999999,"POINT_X":98.979502260000004,"name":"ถนนเจริญสุข","kom":0,"kalae":1,"text_lanna":0,"total_detect":1}},{"type":"Feature","id":724,"geometry":{"type":"Point","coordinates":[98.99226239992656,18.800954909989709]},"properties":{"OBJECTID":724,"idx":6808,"POINT_Y":18.800954910000002,"POINT_X":98.992262400000001,"name":null,"kom":3,"kalae":0,"text_lanna":0,"total_detect":3}},{"type":"Feature","id":725,"geometry":{"type":"Point","coordinates":[98.975718140012063,18.80096095007071]},"properties":{"OBJECTID":725,"idx":3223,"POINT_Y":18.80096095,"POINT_X":98.975718139999998,"name":"ถนนราชพฤกษ์","kom":6,"kalae":0,"text_lanna":0,"total_detect":6}},{"type":"Feature","id":726,"geometry":{"type":"Point","coordinates":[98.979344940192277,18.801021769569736]},"properties":{"OBJECTID":726,"idx":408,"POINT_Y":18.801021769999998,"POINT_X":98.979344940000004,"name":"ถนนเจริญสุข","kom":0,"kalae":0,"text_lanna":2,"total_detect":2}},{"type":"Feature","id":727,"geometry":{"type":"Point","coordinates":[98.978453619789619,18.801023590272333]},"properties":{"OBJECTID":727,"idx":3206,"POINT_Y":18.80102359,"POINT_X":98.978453619999996,"name":"ถนนสันติรักษ์","kom":1,"kalae":0,"text_lanna":0,"total_detect":1}},{"type":"Feature","id":728,"geometry":{"type":"Point","coordinates":[99.009802950378145,18.801030300033954]},"properties":{"OBJECTID":728,"idx":494,"POINT_Y":18.801030300000001,"POINT_X":99.009802949999994,"name":"ถนนรัตนโกสินทร์","kom":1,"kalae":0,"text_lanna":0,"total_detect":1}},{"type":"Feature","id":729,"geometry":{"type":"Point","coordinates":[99.013150180394092,18.801117959604429]},"properties":{"OBJECTID":729,"idx":1497,"POINT_Y":18.801117959999999,"POINT_X":99.013150179999997,"name":"ถนน รัตนโกสินทร์","kom":0,"kalae":1,"text_lanna":0,"total_detect":1}},{"type":"Feature","id":730,"geometry":{"type":"Point","coordinates":[99.002870339572354,18.801135449773266]},"properties":{"OBJECTID":730,"idx":538,"POINT_Y":18.80113545,"POINT_X":99.002870340000001,"name":"ถนนวังสิงห์คำ","kom":0,"kalae":1,"text_lanna":0,"total_detect":1}},{"type":"Feature","id":731,"geometry":{"type":"Point","coordinates":[98.975781050463226,18.801156559624989]},"properties":{"OBJECTID":731,"idx":3222,"POINT_Y":18.801156559999999,"POINT_X":98.975781049999995,"name":"ถนนราชพฤกษ์","kom":0,"kalae":1,"text_lanna":0,"total_detect":1}},{"type":"Feature","id":732,"geometry":{"type":"Point","coordinates":[99.010126239926535,18.80120940992305]},"properties":{"OBJECTID":732,"idx":493,"POINT_Y":18.801209409999998,"POINT_X":99.010126240000005,"name":"ถนนรัตนโกสินทร์","kom":1,"kalae":0,"text_lanna":0,"total_detect":1}},{"type":"Feature","id":733,"geometry":{"type":"Point","coordinates":[99.016935729815501,18.801245270299614]},"properties":{"OBJECTID":733,"idx":4622,"POINT_Y":18.801245269999999,"POINT_X":99.01693573,"name":null,"kom":0,"kalae":2,"text_lanna":0,"total_detect":2}},{"type":"Feature","id":734,"geometry":{"type":"Point","coordinates":[99.002880970472816,18.801315929726179]},"properties":{"OBJECTID":734,"idx":537,"POINT_Y":18.801315930000001,"POINT_X":99.002880970000007,"name":"ถนนวังสิงห์คำ","kom":0,"kalae":3,"text_lanna":0,"total_detect":3}},{"type":"Feature","id":735,"geometry":{"type":"Point","coordinates":[98.978838370345173,18.801354150406336]},"properties":{"OBJECTID":735,"idx":411,"POINT_Y":18.801354150000002,"POINT_X":98.978838370000005,"name":"ถนนเจริญสุข","kom":0,"kalae":2,"text_lanna":1,"total_detect":3}},{"type":"Feature","id":736,"geometry":{"type":"Point","coordinates":[99.010556339540017,18.801441220339832]},"properties":{"OBJECTID":736,"idx":492,"POINT_Y":18.801441220000001,"POINT_X":99.010556339999994,"name":"ถนนรัตนโกสินทร์","kom":2,"kalae":2,"text_lanna":0,"total_detect":4}},{"type":"Feature","id":737,"geometry":{"type":"Point","coordinates":[98.963108930410854,18.801451170022137]},"properties":{"OBJECTID":737,"idx":5807,"POINT_Y":18.80145117,"POINT_X":98.963108930000004,"name":null,"kom":0,"kalae":19,"text_lanna":0,"total_detect":19}},{"type":"Feature","id":738,"geometry":{"type":"Point","coordinates":[98.981454180344016,18.801476870176632]},"properties":{"OBJECTID":738,"idx":451,"POINT_Y":18.801476869999998,"POINT_X":98.98145418,"name":"ถนนช้างเผือก ซอย 4","kom":1,"kalae":0,"text_lanna":0,"total_detect":1}},{"type":"Feature","id":739,"geometry":{"type":"Point","coordinates":[98.962652740251301,18.801495629717564]},"properties":{"OBJECTID":739,"idx":5809,"POINT_Y":18.801495630000002,"POINT_X":98.962652739999996,"name":null,"kom":0,"kalae":5,"text_lanna":0,"total_detect":5}},{"type":"Feature","id":740,"geometry":{"type":"Point","coordinates":[98.999013299838438,18.801511330213955]},"properties":{"OBJECTID":740,"idx":3014,"POINT_Y":18.80151133,"POINT_X":98.999013300000001,"name":"ถนนเมืองสมุทร","kom":0,"kalae":2,"text_lanna":0,"total_detect":2}},{"type":"Feature","id":741,"geometry":{"type":"Point","coordinates":[99.010723680175019,18.801526520241627]},"properties":{"OBJECTID":741,"idx":491,"POINT_Y":18.801526519999999,"POINT_X":99.010723679999998,"name":"ถนนรัตนโกสินทร์","kom":8,"kalae":0,"text_lanna":0,"total_detect":8}},{"type":"Feature","id":742,"geometry":{"type":"Point","coordinates":[98.981251180299935,18.801540600380427]},"properties":{"OBJECTID":742,"idx":450,"POINT_Y":18.801540599999999,"POINT_X":98.981251180000001,"name":"ถนนช้างเผือก ซอย 4","kom":0,"kalae":0,"text_lanna":1,"total_detect":1}},{"type":"Feature","id":743,"geometry":{"type":"Point","coordinates":[98.962835319845738,18.801545010255193]},"properties":{"OBJECTID":743,"idx":5808,"POINT_Y":18.801545010000002,"POINT_X":98.962835319999996,"name":null,"kom":0,"kalae":6,"text_lanna":0,"total_detect":6}},{"type":"Feature","id":744,"geometry":{"type":"Point","coordinates":[98.954717540405269,18.801582910095618]},"properties":{"OBJECTID":744,"idx":1735,"POINT_Y":18.80158291,"POINT_X":98.954717540000004,"name":null,"kom":0,"kalae":1,"text_lanna":0,"total_detect":1}},{"type":"Feature","id":745,"geometry":{"type":"Point","coordinates":[98.999088100086851,18.801677460360381]},"properties":{"OBJECTID":745,"idx":3015,"POINT_Y":18.801677460000001,"POINT_X":98.999088099999994,"name":"ถนนเมืองสมุทร","kom":0,"kalae":1,"text_lanna":0,"total_detect":1}},{"type":"Feature","id":746,"geometry":{"type":"Point","coordinates":[99.011058360052033,18.801697109651002]},"properties":{"OBJECTID":746,"idx":489,"POINT_Y":18.801697109999999,"POINT_X":99.011058360000007,"name":"ถนนรัตนโกสินทร์","kom":8,"kalae":0,"text_lanna":0,"total_detect":8}},{"type":"Feature","id":747,"geometry":{"type":"Point","coordinates":[98.978272950263204,18.801765840335168]},"properties":{"OBJECTID":747,"idx":413,"POINT_Y":18.801765840000002,"POINT_X":98.978272950000004,"name":"ถนนเจริญสุข","kom":0,"kalae":1,"text_lanna":0,"total_detect":1}},{"type":"Feature","id":748,"geometry":{"type":"Point","coordinates":[98.984363080358904,18.801829100415322]},"properties":{"OBJECTID":748,"idx":2275,"POINT_Y":18.801829099999999,"POINT_X":98.984363079999994,"name":null,"kom":0,"kalae":0,"text_lanna":1,"total_detect":1}},{"type":"Feature","id":749,"geometry":{"type":"Point","coordinates":[99.009685419607791,18.801838269928449]},"properties":{"OBJECTID":749,"idx":1514,"POINT_Y":18.801838270000001,"POINT_X":99.009685419999997,"name":"ถนนรัตนโกสินทร์ ซอย1","kom":14,"kalae":0,"text_lanna":0,"total_detect":14}},{"type":"Feature","id":750,"geometry":{"type":"Point","coordinates":[98.98485295962972,18.80186397008012]},"properties":{"OBJECTID":750,"idx":2276,"POINT_Y":18.801863969999999,"POINT_X":98.984852959999998,"name":null,"kom":2,"kalae":0,"text_lanna":0,"total_detect":2}},{"type":"Feature","id":751,"geometry":{"type":"Point","coordinates":[99.002933829815518,18.80186899013599]},"properties":{"OBJECTID":751,"idx":534,"POINT_Y":18.801868989999999,"POINT_X":99.002933830000003,"name":"ถนนวังสิงห์คำ","kom":0,"kalae":1,"text_lanna":0,"total_detect":1}},{"type":"Feature","id":752,"geometry":{"type":"Point","coordinates":[99.011696989546479,18.802027950158777]},"properties":{"OBJECTID":752,"idx":486,"POINT_Y":18.802027949999999,"POINT_X":99.011696990000004,"name":"ถนนรัตนโกสินทร์","kom":0,"kalae":2,"text_lanna":0,"total_detect":2}},{"type":"Feature","id":753,"geometry":{"type":"Point","coordinates":[98.980947619579737,18.802200129576075]},"properties":{"OBJECTID":753,"idx":5445,"POINT_Y":18.802200129999999,"POINT_X":98.980947619999995,"name":"ถนน หัสดิเสวี","kom":0,"kalae":1,"text_lanna":0,"total_detect":1}},{"type":"Feature","id":754,"geometry":{"type":"Point","coordinates":[98.945050930182276,18.802589530066395]},"properties":{"OBJECTID":754,"idx":4395,"POINT_Y":18.802589529999999,"POINT_X":98.945050929999994,"name":null,"kom":2,"kalae":0,"text_lanna":0,"total_detect":2}},{"type":"Feature","id":755,"geometry":{"type":"Point","coordinates":[99.015537390432968,18.802617349946207]},"properties":{"OBJECTID":755,"idx":1520,"POINT_Y":18.802617349999998,"POINT_X":99.015537390000006,"name":"แก้วนวรัฐ ซอย 6","kom":1,"kalae":0,"text_lanna":0,"total_detect":1}},{"type":"Feature","id":756,"geometry":{"type":"Point","coordinates":[98.987689390260854,18.802700540287773]},"properties":{"OBJECTID":756,"idx":1104,"POINT_Y":18.80270054,"POINT_X":98.98768939,"name":"ถนนช้างเผือก ซอย6","kom":3,"kalae":1,"text_lanna":0,"total_detect":4}},{"type":"Feature","id":757,"geometry":{"type":"Point","coordinates":[99.005575909634302,18.802757740131558]},"properties":{"OBJECTID":757,"idx":795,"POINT_Y":18.802757740000001,"POINT_X":99.005575910000005,"name":"ถนนเจริญราษฎร์","kom":4,"kalae":0,"text_lanna":2,"total_detect":6}},{"type":"Feature","id":758,"geometry":{"type":"Point","coordinates":[98.943804320194033,18.802822990421287]},"properties":{"OBJECTID":758,"idx":4390,"POINT_Y":18.802822989999999,"POINT_X":98.943804319999998,"name":null,"kom":2,"kalae":0,"text_lanna":0,"total_detect":2}},{"type":"Feature","id":759,"geometry":{"type":"Point","coordinates":[98.973047540294388,18.802884429577137]},"properties":{"OBJECTID":759,"idx":5121,"POINT_Y":18.802884429999999,"POINT_X":98.973047539999996,"name":null,"kom":5,"kalae":0,"text_lanna":0,"total_detect":5}},{"type":"Feature","id":760,"geometry":{"type":"Point","coordinates":[98.951650360216505,18.802904550138198]},"properties":{"OBJECTID":760,"idx":2990,"POINT_Y":18.802904550000001,"POINT_X":98.951650360000002,"name":"ถนน ๖ พิษณุโลก","kom":1,"kalae":0,"text_lanna":0,"total_detect":1}},{"type":"Feature","id":761,"geometry":{"type":"Point","coordinates":[98.988558400178249,18.80298703031109]},"properties":{"OBJECTID":761,"idx":6985,"POINT_Y":18.802987030000001,"POINT_X":98.988558400000002,"name":"ถนน กู่เต้า 1","kom":0,"kalae":2,"text_lanna":0,"total_detect":2}},{"type":"Feature","id":762,"geometry":{"type":"Point","coordinates":[98.946059069829204,18.802993789985802]},"properties":{"OBJECTID":762,"idx":4399,"POINT_Y":18.802993789999999,"POINT_X":98.946059070000004,"name":null,"kom":0,"kalae":1,"text_lanna":0,"total_detect":1}},{"type":"Feature","id":763,"geometry":{"type":"Point","coordinates":[98.973131920320014,18.803111990165803]},"properties":{"OBJECTID":763,"idx":5122,"POINT_Y":18.803111990000001,"POINT_X":98.97313192,"name":null,"kom":0,"kalae":1,"text_lanna":0,"total_detect":1}},{"type":"Feature","id":764,"geometry":{"type":"Point","coordinates":[98.946413689804444,18.80318471960814]},"properties":{"OBJECTID":764,"idx":4402,"POINT_Y":18.803184720000001,"POINT_X":98.94641369,"name":null,"kom":2,"kalae":0,"text_lanna":0,"total_detect":2}},{"type":"Feature","id":765,"geometry":{"type":"Point","coordinates":[99.014424190303984,18.803391259608752]},"properties":{"OBJECTID":765,"idx":1525,"POINT_Y":18.803391260000001,"POINT_X":99.01442419,"name":"แก้วนวรัฐ ซอย 6","kom":4,"kalae":0,"text_lanna":0,"total_detect":4}},{"type":"Feature","id":766,"geometry":{"type":"Point","coordinates":[99.002465570287683,18.80369195035216]},"properties":{"OBJECTID":766,"idx":3106,"POINT_Y":18.803691950000001,"POINT_X":99.002465569999998,"name":"ถนนวังสิงห์คำ ซอย2","kom":0,"kalae":1,"text_lanna":0,"total_detect":1}},{"type":"Feature","id":767,"geometry":{"type":"Point","coordinates":[99.002086439637267,18.803753109767023]},"properties":{"OBJECTID":767,"idx":3108,"POINT_Y":18.803753109999999,"POINT_X":99.002086439999999,"name":"ถนนวังสิงห์คำ ซอย2","kom":4,"kalae":0,"text_lanna":0,"total_detect":4}},{"type":"Feature","id":768,"geometry":{"type":"Point","coordinates":[98.986320839751556,18.803758820157157]},"properties":{"OBJECTID":768,"idx":7090,"POINT_Y":18.803758819999999,"POINT_X":98.986320840000005,"name":"ถนน ช้างเผือก ซอย7","kom":1,"kalae":0,"text_lanna":0,"total_detect":1}},{"type":"Feature","id":769,"geometry":{"type":"Point","coordinates":[99.011184690022446,18.803763760108058]},"properties":{"OBJECTID":769,"idx":1507,"POINT_Y":18.803763759999999,"POINT_X":99.011184689999993,"name":"ถนนรัตนโกสินทร์ ซอย1","kom":2,"kalae":0,"text_lanna":0,"total_detect":2}},{"type":"Feature","id":770,"geometry":{"type":"Point","coordinates":[98.975797029954549,18.803836569724886]},"properties":{"OBJECTID":770,"idx":363,"POINT_Y":18.803836570000001,"POINT_X":98.975797029999995,"name":"ถนน เทพารักษ์","kom":0,"kalae":0,"text_lanna":1,"total_detect":1}},{"type":"Feature","id":771,"geometry":{"type":"Point","coordinates":[98.975608560458042,18.803857929708816]},"properties":{"OBJECTID":771,"idx":364,"POINT_Y":18.803857929999999,"POINT_X":98.975608559999998,"name":"ถนน เทพารักษ์","kom":2,"kalae":0,"text_lanna":0,"total_detect":2}},{"type":"Feature","id":772,"geometry":{"type":"Point","coordinates":[99.002333989615252,18.803959830183416]},"properties":{"OBJECTID":772,"idx":3128,"POINT_Y":18.80395983,"POINT_X":99.002333989999997,"name":null,"kom":0,"kalae":6,"text_lanna":0,"total_detect":6}},{"type":"Feature","id":773,"geometry":{"type":"Point","coordinates":[99.002028690194948,18.803980779933582]},"properties":{"OBJECTID":773,"idx":3124,"POINT_Y":18.80398078,"POINT_X":99.002028690000003,"name":null,"kom":1,"kalae":0,"text_lanna":0,"total_detect":1}},{"type":"Feature","id":774,"geometry":{"type":"Point","coordinates":[98.978748710398804,18.804018470231988]},"properties":{"OBJECTID":774,"idx":401,"POINT_Y":18.804018469999999,"POINT_X":98.978748710000005,"name":"ถนนโสตศึกษา","kom":0,"kalae":2,"text_lanna":0,"total_detect":2}},{"type":"Feature","id":775,"geometry":{"type":"Point","coordinates":[98.976850169950382,18.804022670261812]},"properties":{"OBJECTID":775,"idx":358,"POINT_Y":18.804022669999998,"POINT_X":98.976850170000006,"name":"ถนน เทพารักษ์","kom":0,"kalae":1,"text_lanna":0,"total_detect":1}},{"type":"Feature","id":776,"geometry":{"type":"Point","coordinates":[98.973966889874546,18.804043479681354]},"properties":{"OBJECTID":776,"idx":372,"POINT_Y":18.804043480000001,"POINT_X":98.97396689,"name":"ถนน เทพารักษ์","kom":0,"kalae":1,"text_lanna":0,"total_detect":1}},{"type":"Feature","id":777,"geometry":{"type":"Point","coordinates":[98.978316370399625,18.80406648031439]},"properties":{"OBJECTID":777,"idx":352,"POINT_Y":18.804066479999999,"POINT_X":98.978316370000002,"name":"ถนน เทพารักษ์","kom":1,"kalae":2,"text_lanna":0,"total_detect":3}},{"type":"Feature","id":778,"geometry":{"type":"Point","coordinates":[98.977101540432514,18.804083249614035]},"properties":{"OBJECTID":778,"idx":357,"POINT_Y":18.804083250000001,"POINT_X":98.977101540000007,"name":"ถนน เทพารักษ์","kom":0,"kalae":1,"text_lanna":0,"total_detect":1}},{"type":"Feature","id":779,"geometry":{"type":"Point","coordinates":[98.977940119780826,18.804114430055996]},"properties":{"OBJECTID":779,"idx":354,"POINT_Y":18.804114429999998,"POINT_X":98.97794012,"name":"ถนน เทพารักษ์","kom":0,"kalae":2,"text_lanna":0,"total_detect":2}},{"type":"Feature","id":780,"geometry":{"type":"Point","coordinates":[98.973212859992586,18.80412785001047]},"properties":{"OBJECTID":780,"idx":376,"POINT_Y":18.80412785,"POINT_X":98.973212860000004,"name":"ถนน เทพารักษ์","kom":0,"kalae":1,"text_lanna":0,"total_detect":1}},{"type":"Feature","id":781,"geometry":{"type":"Point","coordinates":[98.973024360473858,18.804148929916558]},"properties":{"OBJECTID":781,"idx":377,"POINT_Y":18.80414893,"POINT_X":98.973024359999997,"name":"ถนน เทพารักษ์","kom":0,"kalae":1,"text_lanna":0,"total_detect":1}},{"type":"Feature","id":782,"geometry":{"type":"Point","coordinates":[98.972647340414667,18.804191109941357]},"properties":{"OBJECTID":782,"idx":379,"POINT_Y":18.804191110000001,"POINT_X":98.972647339999995,"name":"ถนน เทพารักษ์","kom":1,"kalae":0,"text_lanna":0,"total_detect":1}},{"type":"Feature","id":783,"geometry":{"type":"Point","coordinates":[98.972458830314949,18.804212200119903]},"properties":{"OBJECTID":783,"idx":380,"POINT_Y":18.804212199999998,"POINT_X":98.972458829999994,"name":"ถนน เทพารักษ์","kom":0,"kalae":2,"text_lanna":0,"total_detect":2}},{"type":"Feature","id":784,"geometry":{"type":"Point","coordinates":[99.012000120413504,18.804227969797239]},"properties":{"OBJECTID":784,"idx":1136,"POINT_Y":18.804227969999999,"POINT_X":99.012000119999996,"name":"ถนน ตรัสวงศ์","kom":0,"kalae":1,"text_lanna":0,"total_detect":1}},{"type":"Feature","id":785,"geometry":{"type":"Point","coordinates":[98.982993959947805,18.804248290209735]},"properties":{"OBJECTID":785,"idx":5677,"POINT_Y":18.80424829,"POINT_X":98.982993960000002,"name":"ถนนธานินท์","kom":1,"kalae":0,"text_lanna":1,"total_detect":2}},{"type":"Feature","id":786,"geometry":{"type":"Point","coordinates":[99.003160570179602,18.804259040406681]},"properties":{"OBJECTID":786,"idx":522,"POINT_Y":18.804259040000002,"POINT_X":99.003160570000006,"name":"ถนนวังสิงห์คำ","kom":1,"kalae":0,"text_lanna":0,"total_detect":1}},{"type":"Feature","id":787,"geometry":{"type":"Point","coordinates":[98.979669250409898,18.804270930145069]},"properties":{"OBJECTID":787,"idx":396,"POINT_Y":18.804270930000001,"POINT_X":98.979669250000001,"name":"ถนนโสตศึกษา","kom":0,"kalae":0,"text_lanna":2,"total_detect":2}},{"type":"Feature","id":788,"geometry":{"type":"Point","coordinates":[98.987775380390815,18.804360970166382]},"properties":{"OBJECTID":788,"idx":2301,"POINT_Y":18.804360970000001,"POINT_X":98.987775380000002,"name":"ถนน กู่เต้า","kom":0,"kalae":10,"text_lanna":0,"total_detect":10}},{"type":"Feature","id":789,"geometry":{"type":"Point","coordinates":[98.987588789642828,18.804411929663825]},"properties":{"OBJECTID":789,"idx":6666,"POINT_Y":18.804411930000001,"POINT_X":98.987588790000004,"name":"ถนนกุลวงษ์อุทิศ","kom":0,"kalae":1,"text_lanna":0,"total_detect":1}},{"type":"Feature","id":790,"geometry":{"type":"Point","coordinates":[98.957247199871034,18.804475229915344]},"properties":{"OBJECTID":790,"idx":5823,"POINT_Y":18.804475230000001,"POINT_X":98.957247199999998,"name":"ถนน ห้วยแก้ว ซอย 3ข","kom":0,"kalae":0,"text_lanna":1,"total_detect":1}},{"type":"Feature","id":791,"geometry":{"type":"Point","coordinates":[98.945797940207029,18.804681970081774]},"properties":{"OBJECTID":791,"idx":4405,"POINT_Y":18.804681970000001,"POINT_X":98.945797940000006,"name":null,"kom":0,"kalae":1,"text_lanna":0,"total_detect":1}},{"type":"Feature","id":792,"geometry":{"type":"Point","coordinates":[98.999557769886266,18.804714230337545]},"properties":{"OBJECTID":792,"idx":3095,"POINT_Y":18.804714229999998,"POINT_X":98.999557769999996,"name":null,"kom":0,"kalae":0,"text_lanna":6,"total_detect":6}},{"type":"Feature","id":793,"geometry":{"type":"Point","coordinates":[98.979711909608241,18.804904410310979]},"properties":{"OBJECTID":793,"idx":393,"POINT_Y":18.804904409999999,"POINT_X":98.979711910000006,"name":"ถนนโสตศึกษา","kom":0,"kalae":0,"text_lanna":2,"total_detect":2}},{"type":"Feature","id":794,"geometry":{"type":"Point","coordinates":[98.987913900181482,18.804926270283936]},"properties":{"OBJECTID":794,"idx":2303,"POINT_Y":18.804926269999999,"POINT_X":98.987913899999995,"name":"ถนน กู่เต้า","kom":4,"kalae":0,"text_lanna":0,"total_detect":4}},{"type":"Feature","id":795,"geometry":{"type":"Point","coordinates":[99.015204239613794,18.805013229797005]},"properties":{"OBJECTID":795,"idx":1541,"POINT_Y":18.80501323,"POINT_X":99.015204240000003,"name":null,"kom":0,"kalae":1,"text_lanna":0,"total_detect":1}},{"type":"Feature","id":796,"geometry":{"type":"Point","coordinates":[98.99913048032009,18.805053550447003]},"properties":{"OBJECTID":796,"idx":3092,"POINT_Y":18.80505355,"POINT_X":98.999130480000005,"name":null,"kom":0,"kalae":1,"text_lanna":0,"total_detect":1}},{"type":"Feature","id":797,"geometry":{"type":"Point","coordinates":[98.972472380053475,18.805083589725768]},"properties":{"OBJECTID":797,"idx":5130,"POINT_Y":18.805083589999999,"POINT_X":98.972472379999999,"name":null,"kom":1,"kalae":0,"text_lanna":0,"total_detect":1}},{"type":"Feature","id":798,"geometry":{"type":"Point","coordinates":[98.998214390306899,18.805235580294092]},"properties":{"OBJECTID":798,"idx":3073,"POINT_Y":18.805235580000002,"POINT_X":98.998214390000001,"name":null,"kom":0,"kalae":2,"text_lanna":0,"total_detect":2}},{"type":"Feature","id":799,"geometry":{"type":"Point","coordinates":[98.988010840072818,18.805255369970496]},"properties":{"OBJECTID":799,"idx":4354,"POINT_Y":18.805255370000001,"POINT_X":98.988010840000001,"name":"ถนนหมื่่นด้ามพร้าคต","kom":0,"kalae":2,"text_lanna":0,"total_detect":2}},{"type":"Feature","id":800,"geometry":{"type":"Point","coordinates":[98.972506019544767,18.805261489876234]},"properties":{"OBJECTID":800,"idx":5131,"POINT_Y":18.805261489999999,"POINT_X":98.972506019999997,"name":null,"kom":1,"kalae":0,"text_lanna":0,"total_detect":1}},{"type":"Feature","id":801,"geometry":{"type":"Point","coordinates":[98.997600530446348,18.805290170311213]},"properties":{"OBJECTID":801,"idx":3089,"POINT_Y":18.805290169999999,"POINT_X":98.99760053,"name":null,"kom":5,"kalae":0,"text_lanna":0,"total_detect":5}},{"type":"Feature","id":802,"geometry":{"type":"Point","coordinates":[99.014373040260224,18.805299420318473]},"properties":{"OBJECTID":802,"idx":1558,"POINT_Y":18.805299420000001,"POINT_X":99.014373039999995,"name":null,"kom":0,"kalae":2,"text_lanna":0,"total_detect":2}},{"type":"Feature","id":803,"geometry":{"type":"Point","coordinates":[98.998861370404725,18.805350500136218]},"properties":{"OBJECTID":803,"idx":3070,"POINT_Y":18.805350499999999,"POINT_X":98.99886137,"name":null,"kom":0,"kalae":1,"text_lanna":0,"total_detect":1}},{"type":"Feature","id":804,"geometry":{"type":"Point","coordinates":[98.993187700125986,18.805351399660605]},"properties":{"OBJECTID":804,"idx":6969,"POINT_Y":18.805351399999999,"POINT_X":98.993187699999993,"name":"ถนนศรีมงคล","kom":0,"kalae":5,"text_lanna":0,"total_detect":5}},{"type":"Feature","id":805,"geometry":{"type":"Point","coordinates":[98.987645739664302,18.805354379578027]},"properties":{"OBJECTID":805,"idx":4352,"POINT_Y":18.805354380000001,"POINT_X":98.987645740000005,"name":"ถนนหมื่่นด้ามพร้าคต","kom":0,"kalae":1,"text_lanna":0,"total_detect":1}},{"type":"Feature","id":806,"geometry":{"type":"Point","coordinates":[98.98558618980077,18.805377199836045]},"properties":{"OBJECTID":806,"idx":4344,"POINT_Y":18.805377199999999,"POINT_X":98.985586190000006,"name":"ถนนหมื่่นด้ามพร้าคต","kom":0,"kalae":0,"text_lanna":1,"total_detect":1}},{"type":"Feature","id":807,"geometry":{"type":"Point","coordinates":[98.976159119678016,18.805376800387116]},"properties":{"OBJECTID":807,"idx":327,"POINT_Y":18.805376800000001,"POINT_X":98.976159120000005,"name":"ถนนเทวัญ","kom":0,"kalae":1,"text_lanna":0,"total_detect":1}},{"type":"Feature","id":808,"geometry":{"type":"Point","coordinates":[98.985772980222151,18.805409300431084]},"properties":{"OBJECTID":808,"idx":4345,"POINT_Y":18.805409300000001,"POINT_X":98.985772979999993,"name":"ถนนหมื่่นด้ามพร้าคต","kom":2,"kalae":0,"text_lanna":0,"total_detect":2}},{"type":"Feature","id":809,"geometry":{"type":"Point","coordinates":[98.999269230198919,18.805423180250333]},"properties":{"OBJECTID":809,"idx":3068,"POINT_Y":18.805423179999998,"POINT_X":98.999269229999996,"name":null,"kom":0,"kalae":0,"text_lanna":2,"total_detect":2}},{"type":"Feature","id":810,"geometry":{"type":"Point","coordinates":[98.986146549889668,18.805473500155486]},"properties":{"OBJECTID":810,"idx":4347,"POINT_Y":18.805473500000002,"POINT_X":98.986146550000001,"name":"ถนนหมื่่นด้ามพร้าคต","kom":7,"kalae":2,"text_lanna":0,"total_detect":9}},{"type":"Feature","id":811,"geometry":{"type":"Point","coordinates":[98.997780229593246,18.805503179883097]},"properties":{"OBJECTID":811,"idx":3077,"POINT_Y":18.805503179999999,"POINT_X":98.997780230000004,"name":null,"kom":0,"kalae":0,"text_lanna":1,"total_detect":1}},{"type":"Feature","id":812,"geometry":{"type":"Point","coordinates":[98.999441080401468,18.805610679691647]},"properties":{"OBJECTID":812,"idx":3056,"POINT_Y":18.805610680000001,"POINT_X":98.999441079999997,"name":null,"kom":1,"kalae":0,"text_lanna":0,"total_detect":1}},{"type":"Feature","id":813,"geometry":{"type":"Point","coordinates":[99.014783039597958,18.805650229549538]},"properties":{"OBJECTID":813,"idx":1548,"POINT_Y":18.805650230000001,"POINT_X":99.014783039999998,"name":null,"kom":0,"kalae":1,"text_lanna":0,"total_detect":1}},{"type":"Feature","id":814,"geometry":{"type":"Point","coordinates":[98.998707439534016,18.8056644902701]},"properties":{"OBJECTID":814,"idx":3081,"POINT_Y":18.805664490000002,"POINT_X":98.998707440000004,"name":null,"kom":1,"kalae":2,"text_lanna":0,"total_detect":3}},{"type":"Feature","id":815,"geometry":{"type":"Point","coordinates":[98.973414289779527,18.805689969700261]},"properties":{"OBJECTID":815,"idx":341,"POINT_Y":18.80568997,"POINT_X":98.973414289999994,"name":"ถนนเทวัญ","kom":3,"kalae":2,"text_lanna":0,"total_detect":5}},{"type":"Feature","id":816,"geometry":{"type":"Point","coordinates":[98.997441400440039,18.805729800254571]},"properties":{"OBJECTID":816,"idx":3059,"POINT_Y":18.805729800000002,"POINT_X":98.9974414,"name":null,"kom":7,"kalae":0,"text_lanna":0,"total_detect":7}},{"type":"Feature","id":817,"geometry":{"type":"Point","coordinates":[98.973037439847857,18.805733450172902]},"properties":{"OBJECTID":817,"idx":343,"POINT_Y":18.805733450000002,"POINT_X":98.973037439999999,"name":"ถนนเทวัญ","kom":0,"kalae":0,"text_lanna":1,"total_detect":1}},{"type":"Feature","id":818,"geometry":{"type":"Point","coordinates":[98.972660589723617,18.805776929884171]},"properties":{"OBJECTID":818,"idx":345,"POINT_Y":18.80577693,"POINT_X":98.972660590000004,"name":"ถนนเทวัญ","kom":0,"kalae":1,"text_lanna":0,"total_detect":1}},{"type":"Feature","id":819,"geometry":{"type":"Point","coordinates":[98.997954970441128,18.805803199552976]},"properties":{"OBJECTID":819,"idx":3061,"POINT_Y":18.8058032,"POINT_X":98.997954969999995,"name":null,"kom":0,"kalae":1,"text_lanna":0,"total_detect":1}},{"type":"Feature","id":820,"geometry":{"type":"Point","coordinates":[98.972377070111833,18.805809609758803]},"properties":{"OBJECTID":820,"idx":346,"POINT_Y":18.805809610000001,"POINT_X":98.972377069999993,"name":"ถนนเทวัญ","kom":1,"kalae":0,"text_lanna":0,"total_detect":1}},{"type":"Feature","id":821,"geometry":{"type":"Point","coordinates":[98.998140759561153,18.805840199843267]},"properties":{"OBJECTID":821,"idx":3062,"POINT_Y":18.805840199999999,"POINT_X":98.998140759999998,"name":null,"kom":6,"kalae":0,"text_lanna":0,"total_detect":6}},{"type":"Feature","id":822,"geometry":{"type":"Point","coordinates":[99.014509560150231,18.805900949896383]},"properties":{"OBJECTID":822,"idx":1546,"POINT_Y":18.805900950000002,"POINT_X":99.014509559999993,"name":null,"kom":6,"kalae":1,"text_lanna":0,"total_detect":7}},{"type":"Feature","id":823,"geometry":{"type":"Point","coordinates":[98.998839109702928,18.805969429926481]},"properties":{"OBJECTID":823,"idx":3065,"POINT_Y":18.805969430000001,"POINT_X":98.998839110000006,"name":null,"kom":1,"kalae":0,"text_lanna":0,"total_detect":1}},{"type":"Feature","id":824,"geometry":{"type":"Point","coordinates":[98.993954579585562,18.80599762959439]},"properties":{"OBJECTID":824,"idx":6964,"POINT_Y":18.80599763,"POINT_X":98.993954579999993,"name":"ถนนศรีมงคล ซอย 1","kom":4,"kalae":0,"text_lanna":0,"total_detect":4}},{"type":"Feature","id":825,"geometry":{"type":"Point","coordinates":[99.014372820123427,18.806026320310743]},"properties":{"OBJECTID":825,"idx":1545,"POINT_Y":18.806026320000001,"POINT_X":99.014372820000006,"name":null,"kom":0,"kalae":2,"text_lanna":0,"total_detect":2}},{"type":"Feature","id":826,"geometry":{"type":"Point","coordinates":[98.994437110467345,18.806058320369996]},"properties":{"OBJECTID":826,"idx":6575,"POINT_Y":18.806058320000002,"POINT_X":98.994437110000007,"name":"ถนนศรีมงคล ซอย3","kom":2,"kalae":1,"text_lanna":0,"total_detect":3}},{"type":"Feature","id":827,"geometry":{"type":"Point","coordinates":[98.946157470437029,18.806055489930117]},"properties":{"OBJECTID":827,"idx":4408,"POINT_Y":18.806055489999999,"POINT_X":98.946157470000003,"name":null,"kom":0,"kalae":2,"text_lanna":0,"total_detect":2}},{"type":"Feature","id":828,"geometry":{"type":"Point","coordinates":[99.012575949705308,18.806066959600063]},"properties":{"OBJECTID":828,"idx":1133,"POINT_Y":18.806066959999999,"POINT_X":99.012575949999999,"name":"ถนน ตรัสวงศ์","kom":0,"kalae":1,"text_lanna":0,"total_detect":1}},{"type":"Feature","id":829,"geometry":{"type":"Point","coordinates":[98.991747479560345,18.806099629648344]},"properties":{"OBJECTID":829,"idx":6474,"POINT_Y":18.806099629999999,"POINT_X":98.991747480000001,"name":"ถนนหมื่่นด้ามพร้าคต ซอย11","kom":0,"kalae":1,"text_lanna":0,"total_detect":1}},{"type":"Feature","id":830,"geometry":{"type":"Point","coordinates":[98.953597690179208,18.806164849884574]},"properties":{"OBJECTID":830,"idx":2982,"POINT_Y":18.806164849999998,"POINT_X":98.953597689999995,"name":null,"kom":4,"kalae":0,"text_lanna":0,"total_detect":4}},{"type":"Feature","id":831,"geometry":{"type":"Point","coordinates":[98.992859910125773,18.806269130240064]},"properties":{"OBJECTID":831,"idx":6536,"POINT_Y":18.80626913,"POINT_X":98.992859910000007,"name":"ถนนศรีมงคล","kom":0,"kalae":0,"text_lanna":1,"total_detect":1}},{"type":"Feature","id":832,"geometry":{"type":"Point","coordinates":[99.013866090383118,18.806298999672933]},"properties":{"OBJECTID":832,"idx":1554,"POINT_Y":18.806298999999999,"POINT_X":99.013866089999993,"name":null,"kom":0,"kalae":2,"text_lanna":0,"total_detect":2}},{"type":"Feature","id":833,"geometry":{"type":"Point","coordinates":[98.998382579739697,18.806314999591219]},"properties":{"OBJECTID":833,"idx":3084,"POINT_Y":18.806315000000001,"POINT_X":98.998382579999998,"name":null,"kom":0,"kalae":0,"text_lanna":1,"total_detect":1}},{"type":"Feature","id":834,"geometry":{"type":"Point","coordinates":[98.953782680387278,18.806490230247586]},"properties":{"OBJECTID":834,"idx":2980,"POINT_Y":18.806490230000001,"POINT_X":98.953782680000003,"name":null,"kom":0,"kalae":1,"text_lanna":0,"total_detect":1}},{"type":"Feature","id":835,"geometry":{"type":"Point","coordinates":[99.002817080400575,18.806526039578802]},"properties":{"OBJECTID":835,"idx":512,"POINT_Y":18.806526040000001,"POINT_X":99.00281708,"name":"ถนนวังสิงห์คำ","kom":0,"kalae":1,"text_lanna":0,"total_detect":1}},{"type":"Feature","id":836,"geometry":{"type":"Point","coordinates":[98.99095168995656,18.806527079683402]},"properties":{"OBJECTID":836,"idx":6690,"POINT_Y":18.806527079999999,"POINT_X":98.990951690000003,"name":"ถนนหมื่่นด้ามพร้าคต","kom":0,"kalae":1,"text_lanna":0,"total_detect":1}},{"type":"Feature","id":837,"geometry":{"type":"Point","coordinates":[98.993849529688404,18.806530589596072]},"properties":{"OBJECTID":837,"idx":6961,"POINT_Y":18.806530590000001,"POINT_X":98.993849530000006,"name":"ถนนศรีมงคล ซอย 1","kom":0,"kalae":1,"text_lanna":0,"total_detect":1}},{"type":"Feature","id":838,"geometry":{"type":"Point","coordinates":[98.996013340096511,18.806722529652276]},"properties":{"OBJECTID":838,"idx":3042,"POINT_Y":18.806722529999998,"POINT_X":98.996013340000005,"name":null,"kom":2,"kalae":0,"text_lanna":0,"total_detect":2}},{"type":"Feature","id":839,"geometry":{"type":"Point","coordinates":[98.995593860028492,18.806852449594473]},"properties":{"OBJECTID":839,"idx":3040,"POINT_Y":18.806852450000001,"POINT_X":98.99559386,"name":null,"kom":3,"kalae":0,"text_lanna":0,"total_detect":3}},{"type":"Feature","id":840,"geometry":{"type":"Point","coordinates":[99.012786720224824,18.806864380377007]},"properties":{"OBJECTID":840,"idx":1129,"POINT_Y":18.80686438,"POINT_X":99.012786719999994,"name":"ถนน ตรัสวงศ์","kom":0,"kalae":1,"text_lanna":0,"total_detect":1}},{"type":"Feature","id":841,"geometry":{"type":"Point","coordinates":[98.989666600284409,18.806885060064339]},"properties":{"OBJECTID":841,"idx":6713,"POINT_Y":18.806885059999999,"POINT_X":98.989666600000007,"name":"ถนนหมื่่นด้ามพร้าคต ซอย3","kom":0,"kalae":0,"text_lanna":1,"total_detect":1}},{"type":"Feature","id":842,"geometry":{"type":"Point","coordinates":[99.012413769749401,18.806895040332812]},"properties":{"OBJECTID":842,"idx":3330,"POINT_Y":18.806895040000001,"POINT_X":99.012413769999995,"name":null,"kom":0,"kalae":1,"text_lanna":0,"total_detect":1}},{"type":"Feature","id":843,"geometry":{"type":"Point","coordinates":[99.002723199673866,18.806938880195286]},"properties":{"OBJECTID":843,"idx":510,"POINT_Y":18.806938880000001,"POINT_X":99.002723200000005,"name":"ถนนวังสิงห์คำ","kom":0,"kalae":1,"text_lanna":0,"total_detect":1}},{"type":"Feature","id":844,"geometry":{"type":"Point","coordinates":[98.954055989903807,18.806965950054515]},"properties":{"OBJECTID":844,"idx":2977,"POINT_Y":18.806965949999999,"POINT_X":98.954055990000001,"name":null,"kom":6,"kalae":0,"text_lanna":0,"total_detect":6}},{"type":"Feature","id":845,"geometry":{"type":"Point","coordinates":[99.01281973025911,18.807088830079262]},"properties":{"OBJECTID":845,"idx":1128,"POINT_Y":18.807088830000001,"POINT_X":99.012819730000004,"name":"ถนน ตรัสวงศ์","kom":4,"kalae":0,"text_lanna":0,"total_detect":4}},{"type":"Feature","id":846,"geometry":{"type":"Point","coordinates":[98.954147100374584,18.807124530160639]},"properties":{"OBJECTID":846,"idx":2976,"POINT_Y":18.807124529999999,"POINT_X":98.9541471,"name":null,"kom":6,"kalae":0,"text_lanna":0,"total_detect":6}},{"type":"Feature","id":847,"geometry":{"type":"Point","coordinates":[99.002686059863336,18.807149930440662]},"properties":{"OBJECTID":847,"idx":509,"POINT_Y":18.807149930000001,"POINT_X":99.002686060000002,"name":"ถนนวังสิงห์คำ","kom":33,"kalae":0,"text_lanna":0,"total_detect":33}},{"type":"Feature","id":848,"geometry":{"type":"Point","coordinates":[98.947081440338621,18.807643660146137]},"properties":{"OBJECTID":848,"idx":4412,"POINT_Y":18.80764366,"POINT_X":98.947081440000005,"name":null,"kom":0,"kalae":2,"text_lanna":0,"total_detect":2}},{"type":"Feature","id":849,"geometry":{"type":"Point","coordinates":[98.946962879761912,18.80778480976149]},"properties":{"OBJECTID":849,"idx":4413,"POINT_Y":18.807784810000001,"POINT_X":98.946962880000001,"name":null,"kom":3,"kalae":1,"text_lanna":0,"total_detect":4}},{"type":"Feature","id":850,"geometry":{"type":"Point","coordinates":[99.002681210153312,18.807798960049169]},"properties":{"OBJECTID":850,"idx":507,"POINT_Y":18.80779896,"POINT_X":99.002681210000006,"name":"ถนนวังสิงห์คำ","kom":0,"kalae":1,"text_lanna":0,"total_detect":1}},{"type":"Feature","id":851,"geometry":{"type":"Point","coordinates":[98.995938110246101,18.807802329729824]},"properties":{"OBJECTID":851,"idx":3035,"POINT_Y":18.807802330000001,"POINT_X":98.995938109999997,"name":null,"kom":0,"kalae":1,"text_lanna":0,"total_detect":1}},{"type":"Feature","id":852,"geometry":{"type":"Point","coordinates":[98.946844319932978,18.807925970144606]},"properties":{"OBJECTID":852,"idx":4414,"POINT_Y":18.807925969999999,"POINT_X":98.946844319999997,"name":null,"kom":0,"kalae":1,"text_lanna":0,"total_detect":1}},{"type":"Feature","id":853,"geometry":{"type":"Point","coordinates":[98.951378439634084,18.80809980999242]},"properties":{"OBJECTID":853,"idx":5828,"POINT_Y":18.808099810000002,"POINT_X":98.951378439999999,"name":null,"kom":0,"kalae":1,"text_lanna":0,"total_detect":1}},{"type":"Feature","id":854,"geometry":{"type":"Point","coordinates":[99.002712070367409,18.808240299699992]},"properties":{"OBJECTID":854,"idx":505,"POINT_Y":18.808240300000001,"POINT_X":99.002712070000001,"name":"ถนนวังสิงห์คำ","kom":0,"kalae":2,"text_lanna":0,"total_detect":2}},{"type":"Feature","id":855,"geometry":{"type":"Point","coordinates":[98.973238120451313,18.808296100048825]},"properties":{"OBJECTID":855,"idx":44,"POINT_Y":18.8082961,"POINT_X":98.973238120000005,"name":"ถนนซุปเปอร์ไฮเวย์","kom":6,"kalae":0,"text_lanna":0,"total_detect":6}},{"type":"Feature","id":856,"geometry":{"type":"Point","coordinates":[99.001083350021986,18.80831463016667]},"properties":{"OBJECTID":856,"idx":8961,"POINT_Y":18.808314630000002,"POINT_X":99.001083350000002,"name":null,"kom":10,"kalae":0,"text_lanna":0,"total_detect":10}},{"type":"Feature","id":857,"geometry":{"type":"Point","coordinates":[98.993966110186634,18.808368450284096]},"properties":{"OBJECTID":857,"idx":6676,"POINT_Y":18.80836845,"POINT_X":98.993966110000002,"name":null,"kom":0,"kalae":0,"text_lanna":1,"total_detect":1}},{"type":"Feature","id":858,"geometry":{"type":"Point","coordinates":[99.002727579601142,18.808420449571081]},"properties":{"OBJECTID":858,"idx":504,"POINT_Y":18.80842045,"POINT_X":99.002727579999998,"name":"ถนนวังสิงห์คำ","kom":0,"kalae":9,"text_lanna":0,"total_detect":9}},{"type":"Feature","id":859,"geometry":{"type":"Point","coordinates":[98.993834039994795,18.808552970390988]},"properties":{"OBJECTID":859,"idx":6675,"POINT_Y":18.808552970000001,"POINT_X":98.993834039999996,"name":null,"kom":0,"kalae":0,"text_lanna":1,"total_detect":1}},{"type":"Feature","id":860,"geometry":{"type":"Point","coordinates":[98.989965110368075,18.808562399763883]},"properties":{"OBJECTID":860,"idx":6485,"POINT_Y":18.8085624,"POINT_X":98.98996511,"name":"ถนนพัฒนาช้างเผือก","kom":3,"kalae":0,"text_lanna":0,"total_detect":3}},{"type":"Feature","id":861,"geometry":{"type":"Point","coordinates":[98.973695669898007,18.808618890314182]},"properties":{"OBJECTID":861,"idx":47,"POINT_Y":18.808618890000002,"POINT_X":98.973695669999998,"name":"ถนนซุปเปอร์ไฮเวย์","kom":0,"kalae":4,"text_lanna":0,"total_detect":4}},{"type":"Feature","id":862,"geometry":{"type":"Point","coordinates":[98.94650459968058,18.808714330432998]},"properties":{"OBJECTID":862,"idx":4417,"POINT_Y":18.808714330000001,"POINT_X":98.946504599999997,"name":null,"kom":0,"kalae":1,"text_lanna":0,"total_detect":1}},{"type":"Feature","id":863,"geometry":{"type":"Point","coordinates":[98.992787779854382,18.808818219728458]},"properties":{"OBJECTID":863,"idx":6658,"POINT_Y":18.808818219999999,"POINT_X":98.99278778,"name":"ถนนพัฒนาช้างเผือก 1","kom":1,"kalae":0,"text_lanna":0,"total_detect":1}},{"type":"Feature","id":864,"geometry":{"type":"Point","coordinates":[98.995842689946173,18.808864999725383]},"properties":{"OBJECTID":864,"idx":3021,"POINT_Y":18.808865000000001,"POINT_X":98.995842690000003,"name":null,"kom":1,"kalae":0,"text_lanna":0,"total_detect":1}},{"type":"Feature","id":865,"geometry":{"type":"Point","coordinates":[98.987470800381885,18.80928293967207]},"properties":{"OBJECTID":865,"idx":6839,"POINT_Y":18.809282939999999,"POINT_X":98.987470799999997,"name":"ถนน ปราณี ซอย3","kom":0,"kalae":1,"text_lanna":0,"total_detect":1}},{"type":"Feature","id":866,"geometry":{"type":"Point","coordinates":[98.986967750028185,18.80959405019005]},"properties":{"OBJECTID":866,"idx":6313,"POINT_Y":18.809594050000001,"POINT_X":98.986967750000005,"name":"ปราณี ซอย2","kom":1,"kalae":0,"text_lanna":0,"total_detect":1}},{"type":"Feature","id":867,"geometry":{"type":"Point","coordinates":[98.948621879635098,18.809606449645351]},"properties":{"OBJECTID":867,"idx":6295,"POINT_Y":18.80960645,"POINT_X":98.948621880000005,"name":null,"kom":4,"kalae":0,"text_lanna":0,"total_detect":4}},{"type":"Feature","id":868,"geometry":{"type":"Point","coordinates":[98.991128920012642,18.809659920196466]},"properties":{"OBJECTID":868,"idx":6471,"POINT_Y":18.809659920000001,"POINT_X":98.991128919999994,"name":null,"kom":0,"kalae":1,"text_lanna":0,"total_detect":1}},{"type":"Feature","id":869,"geometry":{"type":"Point","coordinates":[98.996459060457781,18.809663030256061]},"properties":{"OBJECTID":869,"idx":3029,"POINT_Y":18.809663029999999,"POINT_X":98.996459060000007,"name":null,"kom":0,"kalae":0,"text_lanna":1,"total_detect":1}},{"type":"Feature","id":870,"geometry":{"type":"Point","coordinates":[99.004427719643047,18.809778339974894]},"properties":{"OBJECTID":870,"idx":1640,"POINT_Y":18.809778340000001,"POINT_X":99.004427719999995,"name":null,"kom":2,"kalae":0,"text_lanna":0,"total_detect":2}},{"type":"Feature","id":871,"geometry":{"type":"Point","coordinates":[98.975710829725728,18.809824389743024]},"properties":{"OBJECTID":871,"idx":57,"POINT_Y":18.809824389999999,"POINT_X":98.975710829999997,"name":"ถนนซุปเปอร์ไฮเวย์","kom":3,"kalae":0,"text_lanna":0,"total_detect":3}},{"type":"Feature","id":872,"geometry":{"type":"Point","coordinates":[99.004487229718933,18.80996156963058]},"properties":{"OBJECTID":872,"idx":4235,"POINT_Y":18.809961569999999,"POINT_X":99.004487229999995,"name":"ถนนซุปเปอร์ไฮเวย์","kom":0,"kalae":1,"text_lanna":0,"total_detect":1}},{"type":"Feature","id":873,"geometry":{"type":"Point","coordinates":[99.001699930346163,18.809977100424195]},"properties":{"OBJECTID":873,"idx":544,"POINT_Y":18.809977100000001,"POINT_X":99.001699930000001,"name":null,"kom":0,"kalae":0,"text_lanna":1,"total_detect":1}},{"type":"Feature","id":874,"geometry":{"type":"Point","coordinates":[99.003919210456658,18.809999780081348]},"properties":{"OBJECTID":874,"idx":4238,"POINT_Y":18.809999779999998,"POINT_X":99.003919210000007,"name":"ถนนซุปเปอร์ไฮเวย์","kom":0,"kalae":2,"text_lanna":0,"total_detect":2}},{"type":"Feature","id":875,"geometry":{"type":"Point","coordinates":[98.97607664005902,18.810010420096376]},"properties":{"OBJECTID":875,"idx":59,"POINT_Y":18.810010420000001,"POINT_X":98.976076640000002,"name":"ถนนซุปเปอร์ไฮเวย์","kom":0,"kalae":2,"text_lanna":0,"total_detect":2}},{"type":"Feature","id":876,"geometry":{"type":"Point","coordinates":[99.005070479813469,18.810076000343116]},"properties":{"OBJECTID":876,"idx":4260,"POINT_Y":18.810075999999999,"POINT_X":99.005070480000001,"name":"ถนนซุปเปอร์ไฮเวย์","kom":0,"kalae":1,"text_lanna":0,"total_detect":1}},{"type":"Feature","id":877,"geometry":{"type":"Point","coordinates":[99.002783179703115,18.810076200314096]},"properties":{"OBJECTID":877,"idx":4244,"POINT_Y":18.810076200000001,"POINT_X":99.002783179999994,"name":"ถนนซุปเปอร์ไฮเวย์","kom":13,"kalae":0,"text_lanna":0,"total_detect":13}},{"type":"Feature","id":878,"geometry":{"type":"Point","coordinates":[98.976245679549194,18.810092640214304]},"properties":{"OBJECTID":878,"idx":60,"POINT_Y":18.810092640000001,"POINT_X":98.976245680000005,"name":"ถนนซุปเปอร์ไฮเวย์","kom":10,"kalae":0,"text_lanna":0,"total_detect":10}},{"type":"Feature","id":879,"geometry":{"type":"Point","coordinates":[99.00345585004095,18.810176899865517]},"properties":{"OBJECTID":879,"idx":4252,"POINT_Y":18.810176899999998,"POINT_X":99.003455849999995,"name":"ถนนซุปเปอร์ไฮเวย์","kom":2,"kalae":0,"text_lanna":2,"total_detect":4}},{"type":"Feature","id":880,"geometry":{"type":"Point","coordinates":[98.996521280370175,18.81019445008091]},"properties":{"OBJECTID":880,"idx":3031,"POINT_Y":18.810194450000001,"POINT_X":98.996521279999996,"name":null,"kom":8,"kalae":3,"text_lanna":0,"total_detect":11}},{"type":"Feature","id":881,"geometry":{"type":"Point","coordinates":[98.987382179941932,18.810195160322031]},"properties":{"OBJECTID":881,"idx":6834,"POINT_Y":18.810195159999999,"POINT_X":98.987382179999997,"name":"ถนน ปราณี ซอย3","kom":1,"kalae":0,"text_lanna":0,"total_detect":1}},{"type":"Feature","id":882,"geometry":{"type":"Point","coordinates":[99.004481820043125,18.810280120346896]},"properties":{"OBJECTID":882,"idx":1644,"POINT_Y":18.810280120000002,"POINT_X":99.004481819999995,"name":null,"kom":0,"kalae":0,"text_lanna":2,"total_detect":2}},{"type":"Feature","id":883,"geometry":{"type":"Point","coordinates":[98.987082649806879,18.810367630288308]},"properties":{"OBJECTID":883,"idx":6866,"POINT_Y":18.810367629999998,"POINT_X":98.987082650000005,"name":"ถนนหลิ่งกอก","kom":3,"kalae":0,"text_lanna":0,"total_detect":3}},{"type":"Feature","id":884,"geometry":{"type":"Point","coordinates":[98.996541519909186,18.810374180255529]},"properties":{"OBJECTID":884,"idx":3032,"POINT_Y":18.81037418,"POINT_X":98.996541519999994,"name":null,"kom":0,"kalae":1,"text_lanna":0,"total_detect":1}},{"type":"Feature","id":885,"geometry":{"type":"Point","coordinates":[98.949059740211496,18.810392940094033]},"properties":{"OBJECTID":885,"idx":5829,"POINT_Y":18.81039294,"POINT_X":98.949059739999996,"name":null,"kom":0,"kalae":1,"text_lanna":0,"total_detect":1}},{"type":"Feature","id":886,"geometry":{"type":"Point","coordinates":[98.997917879804206,18.810579660396783]},"properties":{"OBJECTID":886,"idx":4363,"POINT_Y":18.810579659999998,"POINT_X":98.997917880000003,"name":"ถนนซุปเปอร์ไฮเวย์","kom":4,"kalae":1,"text_lanna":0,"total_detect":5}},{"type":"Feature","id":887,"geometry":{"type":"Point","coordinates":[98.996571479954795,18.81063354960164]},"properties":{"OBJECTID":887,"idx":3033,"POINT_Y":18.810633549999999,"POINT_X":98.99657148,"name":null,"kom":0,"kalae":1,"text_lanna":0,"total_detect":1}},{"type":"Feature","id":888,"geometry":{"type":"Point","coordinates":[98.996336140051056,18.810845800404341]},"properties":{"OBJECTID":888,"idx":4371,"POINT_Y":18.810845799999999,"POINT_X":98.996336139999997,"name":"ถนนซุปเปอร์ไฮเวย์","kom":1,"kalae":0,"text_lanna":0,"total_detect":1}},{"type":"Feature","id":889,"geometry":{"type":"Point","coordinates":[98.987324449830169,18.810973619764109]},"properties":{"OBJECTID":889,"idx":6831,"POINT_Y":18.810973619999999,"POINT_X":98.987324450000003,"name":"ถนน ปราณี ซอย3","kom":1,"kalae":0,"text_lanna":0,"total_detect":1}},{"type":"Feature","id":890,"geometry":{"type":"Point","coordinates":[99.001536130116563,18.810989489701281]},"properties":{"OBJECTID":890,"idx":1956,"POINT_Y":18.810989490000001,"POINT_X":99.001536130000005,"name":null,"kom":6,"kalae":0,"text_lanna":0,"total_detect":6}},{"type":"Feature","id":891,"geometry":{"type":"Point","coordinates":[98.982340359860459,18.811604789933284]},"properties":{"OBJECTID":891,"idx":5034,"POINT_Y":18.811604790000001,"POINT_X":98.982340359999995,"name":"ถนนซุปเปอร์ไฮเวย์","kom":0,"kalae":3,"text_lanna":0,"total_detect":3}},{"type":"Feature","id":892,"geometry":{"type":"Point","coordinates":[98.984878589784046,18.812045890070024]},"properties":{"OBJECTID":892,"idx":4375,"POINT_Y":18.81204589,"POINT_X":98.984878589999994,"name":"ถนนซุปเปอร์ไฮเวย์","kom":0,"kalae":2,"text_lanna":0,"total_detect":2}},{"type":"Feature","id":893,"geometry":{"type":"Point","coordinates":[98.985768289727446,18.812140570266667]},"properties":{"OBJECTID":893,"idx":4379,"POINT_Y":18.81214057,"POINT_X":98.985768289999996,"name":"ถนนซุปเปอร์ไฮเวย์","kom":0,"kalae":2,"text_lanna":0,"total_detect":2}},{"type":"Feature","id":894,"geometry":{"type":"Point","coordinates":[98.985957289790775,18.812157329949418]},"properties":{"OBJECTID":894,"idx":4380,"POINT_Y":18.812157330000002,"POINT_X":98.985957290000002,"name":"ถนนซุปเปอร์ไฮเวย์","kom":0,"kalae":1,"text_lanna":1,"total_detect":2}},{"type":"Feature","id":895,"geometry":{"type":"Point","coordinates":[99.000500580277759,18.812983340443587]},"properties":{"OBJECTID":895,"idx":1963,"POINT_Y":18.812983339999999,"POINT_X":99.000500579999994,"name":null,"kom":0,"kalae":1,"text_lanna":0,"total_detect":1}},{"type":"Feature","id":896,"geometry":{"type":"Point","coordinates":[98.997603130152186,18.813508300185863]},"properties":{"OBJECTID":896,"idx":1942,"POINT_Y":18.813508299999999,"POINT_X":98.997603130000002,"name":"ถนนป่าตันงาม","kom":0,"kalae":2,"text_lanna":0,"total_detect":2}},{"type":"Feature","id":897,"geometry":{"type":"Point","coordinates":[98.997666830172676,18.814021790109809]},"properties":{"OBJECTID":897,"idx":1944,"POINT_Y":18.814021790000002,"POINT_X":98.99766683,"name":"ถนนป่าตันงาม","kom":0,"kalae":2,"text_lanna":0,"total_detect":2}},{"type":"Feature","id":898,"geometry":{"type":"Point","coordinates":[98.993223220007081,18.814596570351352]},"properties":{"OBJECTID":898,"idx":6415,"POINT_Y":18.814596569999999,"POINT_X":98.993223220000004,"name":"ถนนคลองชลประทานป่าตันงาม","kom":1,"kalae":0,"text_lanna":0,"total_detect":1}},{"type":"Feature","id":899,"geometry":{"type":"Point","coordinates":[98.991933289832218,18.814709850258694]},"properties":{"OBJECTID":899,"idx":1901,"POINT_Y":18.81470985,"POINT_X":98.991933290000006,"name":"ถนนสุขเกษม","kom":0,"kalae":4,"text_lanna":0,"total_detect":4}},{"type":"Feature","id":900,"geometry":{"type":"Point","coordinates":[98.991945080410872,18.814944219799173]},"properties":{"OBJECTID":900,"idx":1900,"POINT_Y":18.814944220000001,"POINT_X":98.991945079999994,"name":"ถนนสุขเกษม","kom":0,"kalae":0,"text_lanna":1,"total_detect":1}},{"type":"Feature","id":901,"geometry":{"type":"Point","coordinates":[99.000554399670392,18.814962699968966]},"properties":{"OBJECTID":901,"idx":786,"POINT_Y":18.814962699999999,"POINT_X":99.000554399999999,"name":"ถนนป่าตัน","kom":0,"kalae":1,"text_lanna":0,"total_detect":1}},{"type":"Feature","id":902,"geometry":{"type":"Point","coordinates":[98.99197066047158,18.815431960154072]},"properties":{"OBJECTID":902,"idx":1898,"POINT_Y":18.815431960000002,"POINT_X":98.991970660000007,"name":"ถนนสุขเกษม","kom":1,"kalae":0,"text_lanna":0,"total_detect":1}},{"type":"Feature","id":903,"geometry":{"type":"Point","coordinates":[98.995499189608438,18.815591239978289]},"properties":{"OBJECTID":903,"idx":1928,"POINT_Y":18.81559124,"POINT_X":98.995499190000004,"name":null,"kom":0,"kalae":1,"text_lanna":0,"total_detect":1}},{"type":"Feature","id":904,"geometry":{"type":"Point","coordinates":[98.981879990470702,18.815760860253395]},"properties":{"OBJECTID":904,"idx":5431,"POINT_Y":18.815760860000001,"POINT_X":98.981879989999996,"name":null,"kom":0,"kalae":1,"text_lanna":0,"total_detect":1}},{"type":"Feature","id":905,"geometry":{"type":"Point","coordinates":[99.000021609628021,18.815944870007385]},"properties":{"OBJECTID":905,"idx":782,"POINT_Y":18.815944869999999,"POINT_X":99.000021610000005,"name":"ถนนป่าตัน","kom":0,"kalae":2,"text_lanna":0,"total_detect":2}},{"type":"Feature","id":906,"geometry":{"type":"Point","coordinates":[98.99674164953899,18.816008499752652]},"properties":{"OBJECTID":906,"idx":1922,"POINT_Y":18.816008499999999,"POINT_X":98.996741650000004,"name":null,"kom":2,"kalae":0,"text_lanna":0,"total_detect":2}},{"type":"Feature","id":907,"geometry":{"type":"Point","coordinates":[98.981490470384884,18.816043460434134]},"properties":{"OBJECTID":907,"idx":5439,"POINT_Y":18.816043459999999,"POINT_X":98.981490469999997,"name":null,"kom":0,"kalae":0,"text_lanna":2,"total_detect":2}},{"type":"Feature","id":908,"geometry":{"type":"Point","coordinates":[98.99779194007624,18.816084170202124]},"properties":{"OBJECTID":908,"idx":1931,"POINT_Y":18.81608417,"POINT_X":98.997791939999999,"name":null,"kom":3,"kalae":0,"text_lanna":0,"total_detect":3}},{"type":"Feature","id":909,"geometry":{"type":"Point","coordinates":[98.994202469527323,18.81625311028569]},"properties":{"OBJECTID":909,"idx":1905,"POINT_Y":18.816253110000002,"POINT_X":98.994202470000005,"name":"สุขเกษม ซอย 2","kom":20,"kalae":0,"text_lanna":0,"total_detect":20}},{"type":"Feature","id":910,"geometry":{"type":"Point","coordinates":[98.99325464995519,18.816299619807538]},"properties":{"OBJECTID":910,"idx":1910,"POINT_Y":18.816299619999999,"POINT_X":98.993254649999997,"name":"สุขเกษม ซอย 2","kom":4,"kalae":0,"text_lanna":0,"total_detect":4}},{"type":"Feature","id":911,"geometry":{"type":"Point","coordinates":[98.992875519892976,18.816318220098569]},"properties":{"OBJECTID":911,"idx":1912,"POINT_Y":18.816318219999999,"POINT_X":98.992875519999998,"name":"สุขเกษม ซอย 2","kom":1,"kalae":0,"text_lanna":0,"total_detect":1}},{"type":"Feature","id":912,"geometry":{"type":"Point","coordinates":[98.992306820372491,18.816346129935518]},"properties":{"OBJECTID":912,"idx":1915,"POINT_Y":18.816346129999999,"POINT_X":98.992306819999996,"name":"สุขเกษม ซอย 2","kom":0,"kalae":3,"text_lanna":0,"total_detect":3}},{"type":"Feature","id":913,"geometry":{"type":"Point","coordinates":[98.980338570100955,18.816483620322231]},"properties":{"OBJECTID":913,"idx":5436,"POINT_Y":18.81648362,"POINT_X":98.980338570000001,"name":null,"kom":0,"kalae":1,"text_lanna":0,"total_detect":1}},{"type":"Feature","id":914,"geometry":{"type":"Point","coordinates":[98.98837811994089,18.8165152699085]},"properties":{"OBJECTID":914,"idx":6587,"POINT_Y":18.81651527,"POINT_X":98.988378119999993,"name":null,"kom":0,"kalae":0,"text_lanna":1,"total_detect":1}},{"type":"Feature","id":915,"geometry":{"type":"Point","coordinates":[98.999593280258679,18.816555089904853]},"properties":{"OBJECTID":915,"idx":778,"POINT_Y":18.816555090000001,"POINT_X":98.999593279999999,"name":"ถนนป่าตัน","kom":2,"kalae":0,"text_lanna":0,"total_detect":2}},{"type":"Feature","id":916,"geometry":{"type":"Point","coordinates":[98.998912359652863,18.817277570394907]},"properties":{"OBJECTID":916,"idx":774,"POINT_Y":18.817277570000002,"POINT_X":98.998912360000006,"name":"ถนนป่าตัน","kom":0,"kalae":1,"text_lanna":0,"total_detect":1}},{"type":"Feature","id":917,"geometry":{"type":"Point","coordinates":[98.995066189550045,18.817373670279977]},"properties":{"OBJECTID":917,"idx":6880,"POINT_Y":18.817373669999998,"POINT_X":98.995066190000003,"name":null,"kom":0,"kalae":0,"text_lanna":1,"total_detect":1}},{"type":"Feature","id":918,"geometry":{"type":"Point","coordinates":[98.998758900425287,18.817426440218881]},"properties":{"OBJECTID":918,"idx":773,"POINT_Y":18.817426439999998,"POINT_X":98.998758899999999,"name":"ถนนป่าตัน","kom":1,"kalae":0,"text_lanna":0,"total_detect":1}},{"type":"Feature","id":919,"geometry":{"type":"Point","coordinates":[98.99833229021489,18.817736029798944]},"properties":{"OBJECTID":919,"idx":771,"POINT_Y":18.817736029999999,"POINT_X":98.998332289999993,"name":"ถนนป่าตัน","kom":2,"kalae":0,"text_lanna":0,"total_detect":2}},{"type":"Feature","id":920,"geometry":{"type":"Point","coordinates":[98.988427419534318,18.817938919921005]},"properties":{"OBJECTID":920,"idx":6581,"POINT_Y":18.81793892,"POINT_X":98.988427419999994,"name":null,"kom":0,"kalae":0,"text_lanna":1,"total_detect":1}},{"type":"Feature","id":921,"geometry":{"type":"Point","coordinates":[98.997976630032852,18.818024589877119]},"properties":{"OBJECTID":921,"idx":770,"POINT_Y":18.81802459,"POINT_X":98.997976629999997,"name":"ถนนป่าตัน","kom":0,"kalae":1,"text_lanna":0,"total_detect":1}},{"type":"Feature","id":922,"geometry":{"type":"Point","coordinates":[98.992495609843786,18.819026830152517]},"properties":{"OBJECTID":922,"idx":6829,"POINT_Y":18.819026829999999,"POINT_X":98.992495610000006,"name":"สุขเกษม ซอย 12","kom":1,"kalae":0,"text_lanna":0,"total_detect":1}},{"type":"Feature","id":923,"geometry":{"type":"Point","coordinates":[98.992306109531583,18.8190373199084]},"properties":{"OBJECTID":923,"idx":6830,"POINT_Y":18.81903732,"POINT_X":98.992306110000001,"name":"สุขเกษม ซอย 12","kom":1,"kalae":1,"text_lanna":0,"total_detect":2}},{"type":"Feature","id":924,"geometry":{"type":"Point","coordinates":[98.996512709825055,18.819617779729249]},"properties":{"OBJECTID":924,"idx":760,"POINT_Y":18.819617780000002,"POINT_X":98.996512710000005,"name":"ถนนป่าตัน","kom":0,"kalae":1,"text_lanna":0,"total_detect":1}},{"type":"Feature","id":925,"geometry":{"type":"Point","coordinates":[98.994283549599487,18.820271190086096]},"properties":{"OBJECTID":925,"idx":6618,"POINT_Y":18.82027119,"POINT_X":98.994283550000006,"name":"สุขเกษม ซอย 18","kom":3,"kalae":0,"text_lanna":0,"total_detect":3}},{"type":"Feature","id":926,"geometry":{"type":"Point","coordinates":[98.995746670274613,18.820508239850177]},"properties":{"OBJECTID":926,"idx":755,"POINT_Y":18.820508239999999,"POINT_X":98.995746670000003,"name":"ถนนป่าตัน","kom":4,"kalae":0,"text_lanna":0,"total_detect":4}},{"type":"Feature","id":927,"geometry":{"type":"Point","coordinates":[98.995256959749909,18.820945639680929]},"properties":{"OBJECTID":927,"idx":752,"POINT_Y":18.820945640000001,"POINT_X":98.995256960000006,"name":"ถนนป่าตัน","kom":0,"kalae":1,"text_lanna":0,"total_detect":1}},{"type":"Feature","id":928,"geometry":{"type":"Point","coordinates":[98.979923270014908,18.821519810445658]},"properties":{"OBJECTID":928,"idx":3339,"POINT_Y":18.821519810000002,"POINT_X":98.97992327,"name":null,"kom":0,"kalae":0,"text_lanna":2,"total_detect":2}},{"type":"Feature","id":929,"geometry":{"type":"Point","coordinates":[98.979395640244306,18.821723819617628]},"properties":{"OBJECTID":929,"idx":3342,"POINT_Y":18.821723819999999,"POINT_X":98.979395640000007,"name":null,"kom":0,"kalae":2,"text_lanna":0,"total_detect":2}},{"type":"Feature","id":930,"geometry":{"type":"Point","coordinates":[98.994476759982135,18.821926169917731]},"properties":{"OBJECTID":930,"idx":747,"POINT_Y":18.821926170000001,"POINT_X":98.994476759999998,"name":"ถนนป่าตัน","kom":0,"kalae":2,"text_lanna":0,"total_detect":2}},{"type":"Feature","id":931,"geometry":{"type":"Point","coordinates":[98.97834037024468,18.822131829850385]},"properties":{"OBJECTID":931,"idx":3348,"POINT_Y":18.82213183,"POINT_X":98.978340369999998,"name":null,"kom":0,"kalae":1,"text_lanna":0,"total_detect":1}},{"type":"Feature","id":932,"geometry":{"type":"Point","coordinates":[98.994131609669552,18.822391519624457]},"properties":{"OBJECTID":932,"idx":745,"POINT_Y":18.82239152,"POINT_X":98.994131609999997,"name":"ถนนป่าตัน","kom":0,"kalae":2,"text_lanna":0,"total_detect":2}},{"type":"Feature","id":933,"geometry":{"type":"Point","coordinates":[98.980959459970919,18.822916129936779]},"properties":{"OBJECTID":933,"idx":5096,"POINT_Y":18.822916129999999,"POINT_X":98.980959459999994,"name":"ถนนโชตนา ซอย12","kom":0,"kalae":2,"text_lanna":0,"total_detect":2}},{"type":"Feature","id":934,"geometry":{"type":"Point","coordinates":[98.98133098960875,18.822990490321608]},"properties":{"OBJECTID":934,"idx":5098,"POINT_Y":18.822990489999999,"POINT_X":98.981330990000004,"name":"ถนนโชตนา ซอย12","kom":0,"kalae":0,"text_lanna":1,"total_detect":1}},{"type":"Feature","id":935,"geometry":{"type":"Point","coordinates":[98.981516750279468,18.823027669784008]},"properties":{"OBJECTID":935,"idx":5099,"POINT_Y":18.823027669999998,"POINT_X":98.981516749999997,"name":"ถนนโชตนา ซอย12","kom":0,"kalae":2,"text_lanna":0,"total_detect":2}},{"type":"Feature","id":936,"geometry":{"type":"Point","coordinates":[98.981702519574029,18.823064849965938]},"properties":{"OBJECTID":936,"idx":5100,"POINT_Y":18.823064850000002,"POINT_X":98.981702519999999,"name":"ถนนโชตนา ซอย12","kom":2,"kalae":0,"text_lanna":0,"total_detect":2}},{"type":"Feature","id":937,"geometry":{"type":"Point","coordinates":[98.98231121038063,18.823168919973682]},"properties":{"OBJECTID":937,"idx":5102,"POINT_Y":18.823168920000001,"POINT_X":98.982311210000006,"name":"ถนนโชตนา ซอย12","kom":1,"kalae":0,"text_lanna":0,"total_detect":1}},{"type":"Feature","id":938,"geometry":{"type":"Point","coordinates":[98.981647230020457,18.823645750093377]},"properties":{"OBJECTID":938,"idx":7894,"POINT_Y":18.823645750000001,"POINT_X":98.981647229999993,"name":null,"kom":0,"kalae":1,"text_lanna":0,"total_detect":1}},{"type":"Feature","id":939,"geometry":{"type":"Point","coordinates":[98.993974510018475,18.823905800447832]},"properties":{"OBJECTID":939,"idx":739,"POINT_Y":18.823905799999999,"POINT_X":98.993974510000001,"name":"ถนนป่าตัน","kom":0,"kalae":0,"text_lanna":1,"total_detect":1}},{"type":"Feature","id":940,"geometry":{"type":"Point","coordinates":[98.980732100309964,18.825388280248809]},"properties":{"OBJECTID":940,"idx":8131,"POINT_Y":18.825388279999999,"POINT_X":98.980732099999997,"name":"ถนนโชตนานิเวศน์ ซอย 2","kom":1,"kalae":0,"text_lanna":0,"total_detect":1}},{"type":"Feature","id":941,"geometry":{"type":"Point","coordinates":[98.994582769698496,18.82553269016784]},"properties":{"OBJECTID":941,"idx":731,"POINT_Y":18.825532689999999,"POINT_X":98.994582769999994,"name":"ถนนป่าตัน","kom":2,"kalae":0,"text_lanna":0,"total_detect":2}},{"type":"Feature","id":942,"geometry":{"type":"Point","coordinates":[98.994712829971007,18.828284460184936]},"properties":{"OBJECTID":942,"idx":721,"POINT_Y":18.828284459999999,"POINT_X":98.994712829999997,"name":"ถนนป่าตัน","kom":0,"kalae":1,"text_lanna":0,"total_detect":1}},{"type":"Feature","id":943,"geometry":{"type":"Point","coordinates":[98.994701879687483,18.828645820334401]},"properties":{"OBJECTID":943,"idx":719,"POINT_Y":18.828645819999998,"POINT_X":98.994701879999994,"name":"ถนนป่าตัน","kom":0,"kalae":2,"text_lanna":0,"total_detect":2}},{"type":"Feature","id":944,"geometry":{"type":"Point","coordinates":[98.989447099929052,18.829203219775753]},"properties":{"OBJECTID":944,"idx":7865,"POINT_Y":18.82920322,"POINT_X":98.989447100000007,"name":"ถนน มหาโชค 15 ก","kom":0,"kalae":1,"text_lanna":0,"total_detect":1}},{"type":"Feature","id":945,"geometry":{"type":"Point","coordinates":[98.994366130066879,18.829792359608401]},"properties":{"OBJECTID":945,"idx":717,"POINT_Y":18.829792359999999,"POINT_X":98.994366130000003,"name":"ถนนป่าตัน","kom":0,"kalae":0,"text_lanna":2,"total_detect":2}},{"type":"Feature","id":946,"geometry":{"type":"Point","coordinates":[98.991684179962391,18.832575469671191]},"properties":{"OBJECTID":946,"idx":700,"POINT_Y":18.832575469999998,"POINT_X":98.991684179999993,"name":"ถนนป่าตัน","kom":2,"kalae":0,"text_lanna":0,"total_detect":2}},{"type":"Feature","id":947,"geometry":{"type":"Point","coordinates":[98.990866290081513,18.833374739585782]},"properties":{"OBJECTID":947,"idx":696,"POINT_Y":18.83337474,"POINT_X":98.99086629,"name":"ถนนป่าตัน","kom":0,"kalae":0,"text_lanna":1,"total_detect":1}},{"type":"Feature","id":948,"geometry":{"type":"Point","coordinates":[98.977913819862067,18.833644609557222]},"properties":{"OBJECTID":948,"idx":5735,"POINT_Y":18.83364461,"POINT_X":98.977913819999998,"name":"ถนนโชตนา ซอย 20","kom":0,"kalae":0,"text_lanna":1,"total_detect":1}},{"type":"Feature","id":949,"geometry":{"type":"Point","coordinates":[98.981954180079683,18.836604240384997]},"properties":{"OBJECTID":949,"idx":7742,"POINT_Y":18.83660424,"POINT_X":98.981954180000002,"name":"ถนนร่มเย็น","kom":0,"kalae":0,"text_lanna":1,"total_detect":1}},{"type":"Feature","id":950,"geometry":{"type":"Point","coordinates":[98.980301000217665,18.837559890042705]},"properties":{"OBJECTID":950,"idx":7713,"POINT_Y":18.837559890000001,"POINT_X":98.980300999999997,"name":"ถนนร่มเย็น ซอย 3","kom":0,"kalae":1,"text_lanna":0,"total_detect":1}},{"type":"Feature","id":951,"geometry":{"type":"Point","coordinates":[98.981496380404806,18.837566630070278]},"properties":{"OBJECTID":951,"idx":7718,"POINT_Y":18.837566630000001,"POINT_X":98.981496379999996,"name":"ถนนร่มเย็น ซอย 3","kom":0,"kalae":1,"text_lanna":1,"total_detect":2}},{"type":"Feature","id":952,"geometry":{"type":"Point","coordinates":[98.973908279717804,18.837952240007567]},"properties":{"OBJECTID":952,"idx":7001,"POINT_Y":18.83795224,"POINT_X":98.973908280000003,"name":null,"kom":0,"kalae":0,"text_lanna":1,"total_detect":1}},{"type":"Feature","id":953,"geometry":{"type":"Point","coordinates":[98.98583410033234,18.838071979879658]},"properties":{"OBJECTID":953,"idx":6903,"POINT_Y":18.838071979999999,"POINT_X":98.985834100000005,"name":null,"kom":0,"kalae":1,"text_lanna":0,"total_detect":1}},{"type":"Feature","id":954,"geometry":{"type":"Point","coordinates":[98.985538840042423,18.838476839910907]},"properties":{"OBJECTID":954,"idx":6905,"POINT_Y":18.838476839999998,"POINT_X":98.985538840000004,"name":null,"kom":1,"kalae":0,"text_lanna":0,"total_detect":1}},{"type":"Feature","id":955,"geometry":{"type":"Point","coordinates":[98.975986510108257,18.840248989766927]},"properties":{"OBJECTID":955,"idx":8019,"POINT_Y":18.840248989999999,"POINT_X":98.975986509999998,"name":"ถนนสมโภชเชียงใหม่ 700 ปี","kom":0,"kalae":1,"text_lanna":0,"total_detect":1}}]
}