{
  "type" : "FeatureCollection",
  "features" : [{"type":"Feature","id":1,"geometry":{"type":"Point","coordinates":[98.971160129778099,18.79663916980132]},"properties":{"OBJECTID":1,"SOURCE_ID":1,"total_detect":1,"GiZScore":0.14862114284087408,"GiPValue":0.88185258876472605,"NNeighbors":181,"Gi_Bin":0}},{"type":"Feature","id":2,"geometry":{"type":"Point","coordinates":[98.977009740390031,18.769203639615501]},"properties":{"OBJECTID":2,"SOURCE_ID":2,"total_detect":1,"GiZScore":-0.29679392394516951,"GiPValue":0.76662384496768621,"NNeighbors":164,"Gi_Bin":0}},{"type":"Feature","id":3,"geometry":{"type":"Point","coordinates":[98.977957389535732,18.76876691000928]},"properties":{"OBJECTID":3,"SOURCE_ID":3,"total_detect":9,"GiZScore":-0.50353123163481162,"GiPValue":0.61459082984221314,"NNeighbors":179,"Gi_Bin":0}},{"type":"Feature","id":4,"geometry":{"type":"Point","coordinates":[98.979201710387741,18.768381359771688]},"properties":{"OBJECTID":4,"SOURCE_ID":4,"total_detect":1,"GiZScore":-0.38947629800634886,"GiPValue":0.69692384160828524,"NNeighbors":198,"Gi_Bin":0}},{"type":"Feature","id":5,"geometry":{"type":"Point","coordinates":[98.973238120451313,18.808296100048825]},"properties":{"OBJECTID":5,"SOURCE_ID":5,"total_detect":6,"GiZScore":0.87468852757014171,"GiPValue":0.38174341332847483,"NNeighbors":110,"Gi_Bin":0}},{"type":"Feature","id":6,"geometry":{"type":"Point","coordinates":[98.973695669898007,18.808618890314182]},"properties":{"OBJECTID":6,"SOURCE_ID":6,"total_detect":4,"GiZScore":0.82451234631095172,"GiPValue":0.40964851138173808,"NNeighbors":111,"Gi_Bin":0}},{"type":"Feature","id":7,"geometry":{"type":"Point","coordinates":[98.975710829725728,18.809824389743024]},"properties":{"OBJECTID":7,"SOURCE_ID":7,"total_detect":3,"GiZScore":0.37484784843942431,"GiPValue":0.70777362734962468,"NNeighbors":95,"Gi_Bin":0}},{"type":"Feature","id":8,"geometry":{"type":"Point","coordinates":[98.97607664005902,18.810010420096376]},"properties":{"OBJECTID":8,"SOURCE_ID":8,"total_detect":2,"GiZScore":0.41340190597276821,"GiPValue":0.67931217950555722,"NNeighbors":95,"Gi_Bin":0}},{"type":"Feature","id":9,"geometry":{"type":"Point","coordinates":[98.976245679549194,18.810092640214304]},"properties":{"OBJECTID":9,"SOURCE_ID":9,"total_detect":10,"GiZScore":0.24598108264033125,"GiPValue":0.80569687675910662,"NNeighbors":93,"Gi_Bin":0}},{"type":"Feature","id":10,"geometry":{"type":"Point","coordinates":[99.027213989630852,18.780919329701817]},"properties":{"OBJECTID":10,"SOURCE_ID":10,"total_detect":1,"GiZScore":-1.7213958225894104,"GiPValue":0.085179021796285725,"NNeighbors":128,"Gi_Bin":-1}},{"type":"Feature","id":11,"geometry":{"type":"Point","coordinates":[99.027296369852294,18.780382770213606]},"properties":{"OBJECTID":11,"SOURCE_ID":11,"total_detect":1,"GiZScore":-1.6711683124902077,"GiPValue":0.094688437281501198,"NNeighbors":132,"Gi_Bin":-1}},{"type":"Feature","id":12,"geometry":{"type":"Point","coordinates":[99.027384589620269,18.779768099762158]},"properties":{"OBJECTID":12,"SOURCE_ID":12,"total_detect":5,"GiZScore":-1.7085771674168124,"GiPValue":0.087529301029389509,"NNeighbors":133,"Gi_Bin":-1}},{"type":"Feature","id":13,"geometry":{"type":"Point","coordinates":[99.027482370103726,18.779051089879406]},"properties":{"OBJECTID":13,"SOURCE_ID":13,"total_detect":2,"GiZScore":-1.5339924326933092,"GiPValue":0.12503151444679558,"NNeighbors":138,"Gi_Bin":0}},{"type":"Feature","id":14,"geometry":{"type":"Point","coordinates":[99.027555699944344,18.778513330365573]},"properties":{"OBJECTID":14,"SOURCE_ID":14,"total_detect":2,"GiZScore":-0.84112791840920342,"GiPValue":0.40027628456625508,"NNeighbors":146,"Gi_Bin":0}},{"type":"Feature","id":15,"geometry":{"type":"Point","coordinates":[99.027629030270873,18.777975569888735]},"properties":{"OBJECTID":15,"SOURCE_ID":15,"total_detect":1,"GiZScore":-0.67472687263220044,"GiPValue":0.49984931258074616,"NNeighbors":145,"Gi_Bin":0}},{"type":"Feature","id":16,"geometry":{"type":"Point","coordinates":[99.02765347044793,18.777796320300201]},"properties":{"OBJECTID":16,"SOURCE_ID":16,"total_detect":1,"GiZScore":-0.72127890845068376,"GiPValue":0.47073793641585548,"NNeighbors":147,"Gi_Bin":0}},{"type":"Feature","id":17,"geometry":{"type":"Point","coordinates":[99.027775689537236,18.77690005960325]},"properties":{"OBJECTID":17,"SOURCE_ID":17,"total_detect":1,"GiZScore":-0.92982021491589006,"GiPValue":0.35246418897130538,"NNeighbors":145,"Gi_Bin":0}},{"type":"Feature","id":18,"geometry":{"type":"Point","coordinates":[99.027800130354663,18.776720809975192]},"properties":{"OBJECTID":18,"SOURCE_ID":18,"total_detect":4,"GiZScore":-1.0000843548888259,"GiPValue":0.31726970015934641,"NNeighbors":146,"Gi_Bin":0}},{"type":"Feature","id":19,"geometry":{"type":"Point","coordinates":[99.027824579658784,18.776541550397621]},"properties":{"OBJECTID":19,"SOURCE_ID":19,"total_detect":1,"GiZScore":-1.0065514399627469,"GiPValue":0.3141503937927278,"NNeighbors":147,"Gi_Bin":0}},{"type":"Feature","id":20,"geometry":{"type":"Point","coordinates":[99.027946790306544,18.775645290375678]},"properties":{"OBJECTID":20,"SOURCE_ID":20,"total_detect":2,"GiZScore":-1.0382483879085318,"GiPValue":0.29915444524585899,"NNeighbors":147,"Gi_Bin":0}},{"type":"Feature","id":21,"geometry":{"type":"Point","coordinates":[99.027971240252469,18.775466039796459]},"properties":{"OBJECTID":21,"SOURCE_ID":21,"total_detect":2,"GiZScore":-1.0000843548888259,"GiPValue":0.31726970015934641,"NNeighbors":146,"Gi_Bin":0}},{"type":"Feature","id":22,"geometry":{"type":"Point","coordinates":[99.027995679709747,18.775286790116049]},"properties":{"OBJECTID":22,"SOURCE_ID":22,"total_detect":1,"GiZScore":-0.91146059612539254,"GiPValue":0.36205274866253456,"NNeighbors":147,"Gi_Bin":0}},{"type":"Feature","id":23,"geometry":{"type":"Point","coordinates":[99.028069010106378,18.774749030188055]},"properties":{"OBJECTID":23,"SOURCE_ID":23,"total_detect":1,"GiZScore":-0.84806670023382291,"GiPValue":0.39640083394868064,"NNeighbors":147,"Gi_Bin":0}},{"type":"Feature","id":24,"geometry":{"type":"Point","coordinates":[99.028093450306713,18.774569779577455]},"properties":{"OBJECTID":24,"SOURCE_ID":24,"total_detect":1,"GiZScore":-0.84806670023382291,"GiPValue":0.39640083394868064,"NNeighbors":147,"Gi_Bin":0}},{"type":"Feature","id":25,"geometry":{"type":"Point","coordinates":[99.028264550192986,18.773315009752015]},"properties":{"OBJECTID":25,"SOURCE_ID":25,"total_detect":1,"GiZScore":-0.88229130957357915,"GiPValue":0.37761930428202839,"NNeighbors":138,"Gi_Bin":0}},{"type":"Feature","id":26,"geometry":{"type":"Point","coordinates":[99.028337879842042,18.772777249607302]},"properties":{"OBJECTID":26,"SOURCE_ID":26,"total_detect":2,"GiZScore":-0.82148637935261326,"GiPValue":0.41136928711649523,"NNeighbors":134,"Gi_Bin":0}},{"type":"Feature","id":27,"geometry":{"type":"Point","coordinates":[99.028362320425956,18.772597999828164]},"properties":{"OBJECTID":27,"SOURCE_ID":27,"total_detect":2,"GiZScore":-0.80718270633110012,"GiPValue":0.41956123507022058,"NNeighbors":132,"Gi_Bin":0}},{"type":"Feature","id":28,"geometry":{"type":"Point","coordinates":[99.028405879662358,18.772286280357172]},"properties":{"OBJECTID":28,"SOURCE_ID":28,"total_detect":8,"GiZScore":-0.80718270633110012,"GiPValue":0.41956123507022058,"NNeighbors":132,"Gi_Bin":0}},{"type":"Feature","id":29,"geometry":{"type":"Point","coordinates":[99.028507819867301,18.771569800171161]},"properties":{"OBJECTID":29,"SOURCE_ID":29,"total_detect":1,"GiZScore":-0.48333734524321792,"GiPValue":0.62885622926228968,"NNeighbors":129,"Gi_Bin":0}},{"type":"Feature","id":30,"geometry":{"type":"Point","coordinates":[99.028635229684355,18.770674190071382]},"properties":{"OBJECTID":30,"SOURCE_ID":30,"total_detect":2,"GiZScore":-0.51870767599027034,"GiPValue":0.60396461011796188,"NNeighbors":121,"Gi_Bin":0}},{"type":"Feature","id":31,"geometry":{"type":"Point","coordinates":[99.028711679677215,18.770136830436105]},"properties":{"OBJECTID":31,"SOURCE_ID":31,"total_detect":1,"GiZScore":-0.51031975437305943,"GiPValue":0.60982746732227722,"NNeighbors":120,"Gi_Bin":0}},{"type":"Feature","id":32,"geometry":{"type":"Point","coordinates":[99.028762640061998,18.769778589742231]},"properties":{"OBJECTID":32,"SOURCE_ID":32,"total_detect":8,"GiZScore":-0.42351888358638462,"GiPValue":0.67191672517160972,"NNeighbors":118,"Gi_Bin":0}},{"type":"Feature","id":33,"geometry":{"type":"Point","coordinates":[99.028813609719293,18.769420339981686]},"properties":{"OBJECTID":33,"SOURCE_ID":33,"total_detect":1,"GiZScore":-0.37062662667691509,"GiPValue":0.71091564789526673,"NNeighbors":116,"Gi_Bin":0}},{"type":"Feature","id":34,"geometry":{"type":"Point","coordinates":[99.028966500332388,18.768345620363831]},"properties":{"OBJECTID":34,"SOURCE_ID":34,"total_detect":1,"GiZScore":-0.21689424442240263,"GiPValue":0.82829076328139262,"NNeighbors":111,"Gi_Bin":0}},{"type":"Feature","id":35,"geometry":{"type":"Point","coordinates":[99.029093910074494,18.767450009648627]},"properties":{"OBJECTID":35,"SOURCE_ID":35,"total_detect":2,"GiZScore":-0.13023375108275484,"GiPValue":0.89638149248785481,"NNeighbors":106,"Gi_Bin":0}},{"type":"Feature","id":36,"geometry":{"type":"Point","coordinates":[99.029221309940837,18.766554409609562]},"properties":{"OBJECTID":36,"SOURCE_ID":36,"total_detect":1,"GiZScore":-0.09336587659783753,"GiPValue":0.92561289860637364,"NNeighbors":99,"Gi_Bin":0}},{"type":"Feature","id":37,"geometry":{"type":"Point","coordinates":[99.029272279568275,18.766196159602856]},"properties":{"OBJECTID":37,"SOURCE_ID":37,"total_detect":2,"GiZScore":-0.098799974978375921,"GiPValue":0.92129708836983948,"NNeighbors":96,"Gi_Bin":0}},{"type":"Feature","id":38,"geometry":{"type":"Point","coordinates":[99.029348719853047,18.765658800360118]},"properties":{"OBJECTID":38,"SOURCE_ID":38,"total_detect":2,"GiZScore":-0.065487482493463867,"GiPValue":0.94778587246450829,"NNeighbors":93,"Gi_Bin":0}},{"type":"Feature","id":39,"geometry":{"type":"Point","coordinates":[99.029399680407707,18.765300560228177]},"properties":{"OBJECTID":39,"SOURCE_ID":39,"total_detect":1,"GiZScore":-0.10442105313518825,"GiPValue":0.91683521603504636,"NNeighbors":93,"Gi_Bin":0}},{"type":"Feature","id":40,"geometry":{"type":"Point","coordinates":[99.026272230464755,18.786118980150292]},"properties":{"OBJECTID":40,"SOURCE_ID":40,"total_detect":3,"GiZScore":-1.6968521899475018,"GiPValue":0.089724608864300198,"NNeighbors":113,"Gi_Bin":-1}},{"type":"Feature","id":41,"geometry":{"type":"Point","coordinates":[99.026178420291401,18.7864778301958]},"properties":{"OBJECTID":41,"SOURCE_ID":41,"total_detect":4,"GiZScore":-1.6930350701671792,"GiPValue":0.090448791965525827,"NNeighbors":112,"Gi_Bin":-1}},{"type":"Feature","id":42,"geometry":{"type":"Point","coordinates":[99.026047860444919,18.786919629660211]},"properties":{"OBJECTID":42,"SOURCE_ID":42,"total_detect":5,"GiZScore":-1.6930350701671792,"GiPValue":0.090448791965525827,"NNeighbors":112,"Gi_Bin":-1}},{"type":"Feature","id":43,"geometry":{"type":"Point","coordinates":[99.025947240228248,18.787193849690865]},"properties":{"OBJECTID":43,"SOURCE_ID":43,"total_detect":1,"GiZScore":-1.6215046737513492,"GiPValue":0.10490944844140566,"NNeighbors":112,"Gi_Bin":0}},{"type":"Feature","id":44,"geometry":{"type":"Point","coordinates":[99.025812300256931,18.787531749966377]},"properties":{"OBJECTID":44,"SOURCE_ID":44,"total_detect":2,"GiZScore":-1.661230344161124,"GiPValue":0.096667193474563984,"NNeighbors":113,"Gi_Bin":-1}},{"type":"Feature","id":45,"geometry":{"type":"Point","coordinates":[99.025744839560474,18.787700710003602]},"properties":{"OBJECTID":45,"SOURCE_ID":45,"total_detect":4,"GiZScore":-1.661230344161124,"GiPValue":0.096667193474563984,"NNeighbors":113,"Gi_Bin":-1}},{"type":"Feature","id":46,"geometry":{"type":"Point","coordinates":[99.025677370187836,18.787869660073081]},"properties":{"OBJECTID":46,"SOURCE_ID":46,"total_detect":1,"GiZScore":-1.7006787311138778,"GiPValue":0.089003331081663056,"NNeighbors":114,"Gi_Bin":-1}},{"type":"Feature","id":47,"geometry":{"type":"Point","coordinates":[99.025363970355841,18.788619270311049]},"properties":{"OBJECTID":47,"SOURCE_ID":47,"total_detect":1,"GiZScore":-1.6215046737513492,"GiPValue":0.10490944844140566,"NNeighbors":112,"Gi_Bin":0}},{"type":"Feature","id":48,"geometry":{"type":"Point","coordinates":[99.024759190270416,18.789743449868258]},"properties":{"OBJECTID":48,"SOURCE_ID":48,"total_detect":1,"GiZScore":-1.5645630957491228,"GiPValue":0.11768538770893043,"NNeighbors":107,"Gi_Bin":0}},{"type":"Feature","id":49,"geometry":{"type":"Point","coordinates":[99.02447883038576,18.790215420091986]},"properties":{"OBJECTID":49,"SOURCE_ID":49,"total_detect":3,"GiZScore":-1.514924271437607,"GiPValue":0.12979158297750062,"NNeighbors":104,"Gi_Bin":0}},{"type":"Feature","id":50,"geometry":{"type":"Point","coordinates":[99.023823070278439,18.791293950029509]},"properties":{"OBJECTID":50,"SOURCE_ID":50,"total_detect":3,"GiZScore":-1.5561245361496441,"GiPValue":0.11967848154421669,"NNeighbors":105,"Gi_Bin":0}},{"type":"Feature","id":51,"geometry":{"type":"Point","coordinates":[99.023727990085561,18.791450389897669]},"properties":{"OBJECTID":51,"SOURCE_ID":51,"total_detect":5,"GiZScore":-1.5561245361496441,"GiPValue":0.11967848154421669,"NNeighbors":105,"Gi_Bin":0}},{"type":"Feature","id":52,"geometry":{"type":"Point","coordinates":[99.023377290386222,18.792038439994332]},"properties":{"OBJECTID":52,"SOURCE_ID":52,"total_detect":3,"GiZScore":-1.6703495579918761,"GiPValue":0.09485022340998607,"NNeighbors":106,"Gi_Bin":-1}},{"type":"Feature","id":53,"geometry":{"type":"Point","coordinates":[98.995077410300098,18.791766810026267]},"properties":{"OBJECTID":53,"SOURCE_ID":53,"total_detect":3,"GiZScore":1.3895622987573433,"GiPValue":0.16466183085643532,"NNeighbors":304,"Gi_Bin":0}},{"type":"Feature","id":54,"geometry":{"type":"Point","coordinates":[98.989072159855567,18.794947689672231]},"properties":{"OBJECTID":54,"SOURCE_ID":54,"total_detect":2,"GiZScore":1.9477745190641798,"GiPValue":0.0514419489827787,"NNeighbors":290,"Gi_Bin":1}},{"type":"Feature","id":55,"geometry":{"type":"Point","coordinates":[98.989030330105678,18.795232140182616]},"properties":{"OBJECTID":55,"SOURCE_ID":55,"total_detect":2,"GiZScore":2.0202007237045057,"GiPValue":0.043362571258894721,"NNeighbors":290,"Gi_Bin":2}},{"type":"Feature","id":56,"geometry":{"type":"Point","coordinates":[98.991374890033143,18.790860420440339]},"properties":{"OBJECTID":56,"SOURCE_ID":56,"total_detect":2,"GiZScore":1.1914225466409578,"GiPValue":0.23348776748302491,"NNeighbors":322,"Gi_Bin":0}},{"type":"Feature","id":57,"geometry":{"type":"Point","coordinates":[98.991469779634031,18.79190987999986]},"properties":{"OBJECTID":57,"SOURCE_ID":57,"total_detect":2,"GiZScore":1.7807530656150858,"GiPValue":0.07495279990486324,"NNeighbors":308,"Gi_Bin":1}},{"type":"Feature","id":58,"geometry":{"type":"Point","coordinates":[98.988286650143692,18.793253749757042]},"properties":{"OBJECTID":58,"SOURCE_ID":58,"total_detect":1,"GiZScore":1.7656379441179129,"GiPValue":0.077456609915039706,"NNeighbors":294,"Gi_Bin":1}},{"type":"Feature","id":59,"geometry":{"type":"Point","coordinates":[98.988476390358002,18.793257710214839]},"properties":{"OBJECTID":59,"SOURCE_ID":59,"total_detect":2,"GiZScore":1.9389322430547318,"GiPValue":0.052509589214015759,"NNeighbors":296,"Gi_Bin":1}},{"type":"Feature","id":60,"geometry":{"type":"Point","coordinates":[98.982321570368939,18.793119989573526]},"properties":{"OBJECTID":60,"SOURCE_ID":60,"total_detect":2,"GiZScore":0.6202899803048556,"GiPValue":0.53506689385420181,"NNeighbors":293,"Gi_Bin":0}},{"type":"Feature","id":61,"geometry":{"type":"Point","coordinates":[98.98368804964683,18.793109470017043]},"properties":{"OBJECTID":61,"SOURCE_ID":61,"total_detect":1,"GiZScore":1.2113037841529399,"GiPValue":0.22577902135297701,"NNeighbors":297,"Gi_Bin":0}},{"type":"Feature","id":62,"geometry":{"type":"Point","coordinates":[98.98442826962436,18.793103779690053]},"properties":{"OBJECTID":62,"SOURCE_ID":62,"total_detect":20,"GiZScore":1.0987178459932019,"GiPValue":0.27189117323139822,"NNeighbors":299,"Gi_Bin":0}},{"type":"Feature","id":63,"geometry":{"type":"Point","coordinates":[98.98529067018876,18.793097080234396]},"properties":{"OBJECTID":63,"SOURCE_ID":63,"total_detect":3,"GiZScore":1.9969126866459475,"GiPValue":0.045834668781693205,"NNeighbors":300,"Gi_Bin":2}},{"type":"Feature","id":64,"geometry":{"type":"Point","coordinates":[98.985480449527444,18.793095620103522]},"properties":{"OBJECTID":64,"SOURCE_ID":64,"total_detect":2,"GiZScore":1.9969126866459475,"GiPValue":0.045834668781693205,"NNeighbors":300,"Gi_Bin":2}},{"type":"Feature","id":65,"geometry":{"type":"Point","coordinates":[98.986837269979532,18.793085179782985]},"properties":{"OBJECTID":65,"SOURCE_ID":65,"total_detect":2,"GiZScore":1.9963671329687713,"GiPValue":0.045893975608353302,"NNeighbors":295,"Gi_Bin":2}},{"type":"Feature","id":66,"geometry":{"type":"Point","coordinates":[98.984947980422831,18.786112389892569]},"properties":{"OBJECTID":66,"SOURCE_ID":66,"total_detect":1,"GiZScore":1.0997121753896493,"GiPValue":0.27145756550205447,"NNeighbors":348,"Gi_Bin":0}},{"type":"Feature","id":67,"geometry":{"type":"Point","coordinates":[98.984954629554679,18.786293039838796]},"properties":{"OBJECTID":67,"SOURCE_ID":67,"total_detect":1,"GiZScore":1.1607612103577538,"GiPValue":0.24573904162320348,"NNeighbors":346,"Gi_Bin":0}},{"type":"Feature","id":68,"geometry":{"type":"Point","coordinates":[98.985315310227634,18.788318470126722]},"properties":{"OBJECTID":68,"SOURCE_ID":68,"total_detect":1,"GiZScore":1.7795577319355247,"GiPValue":0.075148368817107666,"NNeighbors":332,"Gi_Bin":1}},{"type":"Feature","id":69,"geometry":{"type":"Point","coordinates":[98.985697400344932,18.788304589557246]},"properties":{"OBJECTID":69,"SOURCE_ID":69,"total_detect":1,"GiZScore":1.591164426992193,"GiPValue":0.11157257627851884,"NNeighbors":327,"Gi_Bin":0}},{"type":"Feature","id":70,"geometry":{"type":"Point","coordinates":[98.986080650152815,18.788277149648014]},"properties":{"OBJECTID":70,"SOURCE_ID":70,"total_detect":1,"GiZScore":2.0101357269225146,"GiPValue":0.044416825691996779,"NNeighbors":332,"Gi_Bin":2}},{"type":"Feature","id":71,"geometry":{"type":"Point","coordinates":[98.986483120124433,18.788252289758343]},"properties":{"OBJECTID":71,"SOURCE_ID":71,"total_detect":1,"GiZScore":1.6642687344420299,"GiPValue":0.096058737565078656,"NNeighbors":332,"Gi_Bin":1}},{"type":"Feature","id":72,"geometry":{"type":"Point","coordinates":[98.989223540221658,18.790758919848255]},"properties":{"OBJECTID":72,"SOURCE_ID":72,"total_detect":2,"GiZScore":1.5048973843191951,"GiPValue":0.13235046090136757,"NNeighbors":318,"Gi_Bin":0}},{"type":"Feature","id":73,"geometry":{"type":"Point","coordinates":[98.990827060314373,18.7906100899996]},"properties":{"OBJECTID":73,"SOURCE_ID":73,"total_detect":2,"GiZScore":1.1740614904909907,"GiPValue":0.24037041741988219,"NNeighbors":327,"Gi_Bin":0}},{"type":"Feature","id":74,"geometry":{"type":"Point","coordinates":[98.982474610279638,18.784153630006919]},"properties":{"OBJECTID":74,"SOURCE_ID":74,"total_detect":1,"GiZScore":0.65213101130971785,"GiPValue":0.51431666407955323,"NNeighbors":344,"Gi_Bin":0}},{"type":"Feature","id":75,"geometry":{"type":"Point","coordinates":[98.976068219570195,18.772363579818713]},"properties":{"OBJECTID":75,"SOURCE_ID":75,"total_detect":1,"GiZScore":-0.58396975824953767,"GiPValue":0.55924066154591046,"NNeighbors":186,"Gi_Bin":0}},{"type":"Feature","id":76,"geometry":{"type":"Point","coordinates":[98.976159119678016,18.805376800387116]},"properties":{"OBJECTID":76,"SOURCE_ID":76,"total_detect":1,"GiZScore":0.59359098675622102,"GiPValue":0.55278571397585186,"NNeighbors":157,"Gi_Bin":0}},{"type":"Feature","id":77,"geometry":{"type":"Point","coordinates":[98.973414289779527,18.805689969700261]},"properties":{"OBJECTID":77,"SOURCE_ID":77,"total_detect":5,"GiZScore":0.49756924784440171,"GiPValue":0.61878768522770733,"NNeighbors":137,"Gi_Bin":0}},{"type":"Feature","id":78,"geometry":{"type":"Point","coordinates":[98.973037439847857,18.805733450172902]},"properties":{"OBJECTID":78,"SOURCE_ID":78,"total_detect":1,"GiZScore":0.70042249932025702,"GiPValue":0.48366349425955568,"NNeighbors":131,"Gi_Bin":0}},{"type":"Feature","id":79,"geometry":{"type":"Point","coordinates":[98.972660589723617,18.805776929884171]},"properties":{"OBJECTID":79,"SOURCE_ID":79,"total_detect":1,"GiZScore":0.74621953749972036,"GiPValue":0.45553481370158555,"NNeighbors":130,"Gi_Bin":0}},{"type":"Feature","id":80,"geometry":{"type":"Point","coordinates":[98.972377070111833,18.805809609758803]},"properties":{"OBJECTID":80,"SOURCE_ID":80,"total_detect":1,"GiZScore":0.74621953749972036,"GiPValue":0.45553481370158555,"NNeighbors":130,"Gi_Bin":0}},{"type":"Feature","id":81,"geometry":{"type":"Point","coordinates":[98.978316370399625,18.80406648031439]},"properties":{"OBJECTID":81,"SOURCE_ID":81,"total_detect":3,"GiZScore":0.20327256772495825,"GiPValue":0.83892199581905458,"NNeighbors":175,"Gi_Bin":0}},{"type":"Feature","id":82,"geometry":{"type":"Point","coordinates":[98.977940119780826,18.804114430055996]},"properties":{"OBJECTID":82,"SOURCE_ID":82,"total_detect":2,"GiZScore":0.22185643394442819,"GiPValue":0.82442564618820824,"NNeighbors":173,"Gi_Bin":0}},{"type":"Feature","id":83,"geometry":{"type":"Point","coordinates":[98.977101540432514,18.804083249614035]},"properties":{"OBJECTID":83,"SOURCE_ID":83,"total_detect":1,"GiZScore":0.30100351387296614,"GiPValue":0.76341181544922498,"NNeighbors":174,"Gi_Bin":0}},{"type":"Feature","id":84,"geometry":{"type":"Point","coordinates":[98.976850169950382,18.804022670261812]},"properties":{"OBJECTID":84,"SOURCE_ID":84,"total_detect":1,"GiZScore":0.81304251794332261,"GiPValue":0.4161936888885478,"NNeighbors":173,"Gi_Bin":0}},{"type":"Feature","id":85,"geometry":{"type":"Point","coordinates":[98.975797029954549,18.803836569724886]},"properties":{"OBJECTID":85,"SOURCE_ID":85,"total_detect":1,"GiZScore":0.92024233622910712,"GiPValue":0.35744614573999955,"NNeighbors":174,"Gi_Bin":0}},{"type":"Feature","id":86,"geometry":{"type":"Point","coordinates":[98.975608560458042,18.803857929708816]},"properties":{"OBJECTID":86,"SOURCE_ID":86,"total_detect":2,"GiZScore":0.48832345849241665,"GiPValue":0.62532074970449714,"NNeighbors":170,"Gi_Bin":0}},{"type":"Feature","id":87,"geometry":{"type":"Point","coordinates":[98.973966889874546,18.804043479681354]},"properties":{"OBJECTID":87,"SOURCE_ID":87,"total_detect":1,"GiZScore":0.8952654367843409,"GiPValue":0.37064522177313486,"NNeighbors":147,"Gi_Bin":0}},{"type":"Feature","id":88,"geometry":{"type":"Point","coordinates":[98.973212859992586,18.80412785001047]},"properties":{"OBJECTID":88,"SOURCE_ID":88,"total_detect":1,"GiZScore":0.66101651911700743,"GiPValue":0.50860172403352022,"NNeighbors":137,"Gi_Bin":0}},{"type":"Feature","id":89,"geometry":{"type":"Point","coordinates":[98.973024360473858,18.804148929916558]},"properties":{"OBJECTID":89,"SOURCE_ID":89,"total_detect":1,"GiZScore":0.70570897804215227,"GiPValue":0.48036914160543209,"NNeighbors":136,"Gi_Bin":0}},{"type":"Feature","id":90,"geometry":{"type":"Point","coordinates":[98.972647340414667,18.804191109941357]},"properties":{"OBJECTID":90,"SOURCE_ID":90,"total_detect":1,"GiZScore":0.52039037192904203,"GiPValue":0.60279152142013537,"NNeighbors":135,"Gi_Bin":0}},{"type":"Feature","id":91,"geometry":{"type":"Point","coordinates":[98.972458830314949,18.804212200119903]},"properties":{"OBJECTID":91,"SOURCE_ID":91,"total_detect":2,"GiZScore":0.56493629139506263,"GiPValue":0.57211710067492616,"NNeighbors":134,"Gi_Bin":0}},{"type":"Feature","id":92,"geometry":{"type":"Point","coordinates":[98.979711909608241,18.804904410310979]},"properties":{"OBJECTID":92,"SOURCE_ID":92,"total_detect":2,"GiZScore":-0.23797483762486996,"GiPValue":0.81190061049871964,"NNeighbors":175,"Gi_Bin":0}},{"type":"Feature","id":93,"geometry":{"type":"Point","coordinates":[98.979669250409898,18.804270930145069]},"properties":{"OBJECTID":93,"SOURCE_ID":93,"total_detect":2,"GiZScore":0.19754055773191845,"GiPValue":0.84340454630384565,"NNeighbors":182,"Gi_Bin":0}},{"type":"Feature","id":94,"geometry":{"type":"Point","coordinates":[98.978748710398804,18.804018470231988]},"properties":{"OBJECTID":94,"SOURCE_ID":94,"total_detect":2,"GiZScore":0.19579873065197359,"GiPValue":0.84476770374567689,"NNeighbors":179,"Gi_Bin":0}},{"type":"Feature","id":95,"geometry":{"type":"Point","coordinates":[98.979816920344007,18.800718440389559]},"properties":{"OBJECTID":95,"SOURCE_ID":95,"total_detect":2,"GiZScore":-0.024997402429431166,"GiPValue":0.98005703552160883,"NNeighbors":208,"Gi_Bin":0}},{"type":"Feature","id":96,"geometry":{"type":"Point","coordinates":[98.979659590334975,18.800819549948503]},"properties":{"OBJECTID":96,"SOURCE_ID":96,"total_detect":5,"GiZScore":-0.20539315116267365,"GiPValue":0.83726497092175012,"NNeighbors":203,"Gi_Bin":0}},{"type":"Feature","id":97,"geometry":{"type":"Point","coordinates":[98.97950226013802,18.800920660277377]},"properties":{"OBJECTID":97,"SOURCE_ID":97,"total_detect":1,"GiZScore":-0.10276178340248666,"GiPValue":0.91815203707359305,"NNeighbors":204,"Gi_Bin":0}},{"type":"Feature","id":98,"geometry":{"type":"Point","coordinates":[98.979344940192277,18.801021769569736]},"properties":{"OBJECTID":98,"SOURCE_ID":98,"total_detect":2,"GiZScore":-0.058950046907593832,"GiPValue":0.95299189566126374,"NNeighbors":202,"Gi_Bin":0}},{"type":"Feature","id":99,"geometry":{"type":"Point","coordinates":[98.978838370345173,18.801354150406336]},"properties":{"OBJECTID":99,"SOURCE_ID":99,"total_detect":3,"GiZScore":0.17627101589401228,"GiPValue":0.86008103152001447,"NNeighbors":194,"Gi_Bin":0}},{"type":"Feature","id":100,"geometry":{"type":"Point","coordinates":[98.978272950263204,18.801765840335168]},"properties":{"OBJECTID":100,"SOURCE_ID":100,"total_detect":1,"GiZScore":0.097933130964335563,"GiPValue":0.92198539173085325,"NNeighbors":190,"Gi_Bin":0}},{"type":"Feature","id":101,"geometry":{"type":"Point","coordinates":[98.9772453600727,18.798587570193259]},"properties":{"OBJECTID":101,"SOURCE_ID":101,"total_detect":20,"GiZScore":0.46832930014336316,"GiPValue":0.63954911991003738,"NNeighbors":211,"Gi_Bin":0}},{"type":"Feature","id":102,"geometry":{"type":"Point","coordinates":[98.977071630206225,18.798660340030963]},"properties":{"OBJECTID":102,"SOURCE_ID":102,"total_detect":2,"GiZScore":0.46832930014336316,"GiPValue":0.63954911991003738,"NNeighbors":211,"Gi_Bin":0}},{"type":"Feature","id":103,"geometry":{"type":"Point","coordinates":[98.976623010221729,18.798860189665454]},"properties":{"OBJECTID":103,"SOURCE_ID":103,"total_detect":1,"GiZScore":0.69793456418363697,"GiPValue":0.48521812224240224,"NNeighbors":204,"Gi_Bin":0}},{"type":"Feature","id":104,"geometry":{"type":"Point","coordinates":[98.97757007985858,18.799559430185418]},"properties":{"OBJECTID":104,"SOURCE_ID":104,"total_detect":1,"GiZScore":0.10968421338083847,"GiPValue":0.91265982077825525,"NNeighbors":205,"Gi_Bin":0}},{"type":"Feature","id":105,"geometry":{"type":"Point","coordinates":[98.977322389895733,18.799523930197729]},"properties":{"OBJECTID":105,"SOURCE_ID":105,"total_detect":4,"GiZScore":0.15425559505924355,"GiPValue":0.87740820823465449,"NNeighbors":203,"Gi_Bin":0}},{"type":"Feature","id":106,"geometry":{"type":"Point","coordinates":[98.976769539574846,18.799362709589353]},"properties":{"OBJECTID":106,"SOURCE_ID":106,"total_detect":1,"GiZScore":0.76289193481941109,"GiPValue":0.44552785282456431,"NNeighbors":203,"Gi_Bin":0}},{"type":"Feature","id":107,"geometry":{"type":"Point","coordinates":[98.987203109680365,18.800478099597367]},"properties":{"OBJECTID":107,"SOURCE_ID":107,"total_detect":4,"GiZScore":0.56691769873354736,"GiPValue":0.57077010160976416,"NNeighbors":239,"Gi_Bin":0}},{"type":"Feature","id":108,"geometry":{"type":"Point","coordinates":[98.988017980087733,18.799991689798919]},"properties":{"OBJECTID":108,"SOURCE_ID":108,"total_detect":1,"GiZScore":0.43104931218754072,"GiPValue":0.66643251648876256,"NNeighbors":249,"Gi_Bin":0}},{"type":"Feature","id":109,"geometry":{"type":"Point","coordinates":[98.98815426978301,18.799865890302154]},"properties":{"OBJECTID":109,"SOURCE_ID":109,"total_detect":1,"GiZScore":0.43182083802515642,"GiPValue":0.6658716344211999,"NNeighbors":252,"Gi_Bin":0}},{"type":"Feature","id":110,"geometry":{"type":"Point","coordinates":[98.981251180299935,18.801540600380427]},"properties":{"OBJECTID":110,"SOURCE_ID":110,"total_detect":1,"GiZScore":-0.028093797539156865,"GiPValue":0.97758734096727962,"NNeighbors":205,"Gi_Bin":0}},{"type":"Feature","id":111,"geometry":{"type":"Point","coordinates":[98.981454180344016,18.801476870176632]},"properties":{"OBJECTID":111,"SOURCE_ID":111,"total_detect":1,"GiZScore":-0.024997402429431166,"GiPValue":0.98005703552160883,"NNeighbors":208,"Gi_Bin":0}},{"type":"Feature","id":112,"geometry":{"type":"Point","coordinates":[98.984749889544588,18.800524930357806]},"properties":{"OBJECTID":112,"SOURCE_ID":112,"total_detect":1,"GiZScore":0.45657997340636697,"GiPValue":0.64797297781585328,"NNeighbors":249,"Gi_Bin":0}},{"type":"Feature","id":113,"geometry":{"type":"Point","coordinates":[98.985776709595825,18.800318329572132]},"properties":{"OBJECTID":113,"SOURCE_ID":113,"total_detect":1,"GiZScore":0.57566206018240684,"GiPValue":0.56484362718415992,"NNeighbors":247,"Gi_Bin":0}},{"type":"Feature","id":114,"geometry":{"type":"Point","coordinates":[98.99652137959454,18.795990250285108]},"properties":{"OBJECTID":114,"SOURCE_ID":114,"total_detect":1,"GiZScore":2.1673118759213916,"GiPValue":0.030211081569326663,"NNeighbors":280,"Gi_Bin":2}},{"type":"Feature","id":115,"geometry":{"type":"Point","coordinates":[98.996720739777118,18.796491909767038]},"properties":{"OBJECTID":115,"SOURCE_ID":115,"total_detect":1,"GiZScore":2.3345700986910094,"GiPValue":0.019565890122348526,"NNeighbors":278,"Gi_Bin":2}},{"type":"Feature","id":116,"geometry":{"type":"Point","coordinates":[98.99724734032101,18.79761218014113]},"properties":{"OBJECTID":116,"SOURCE_ID":116,"total_detect":2,"GiZScore":2.22433286478869,"GiPValue":0.026126057099505391,"NNeighbors":272,"Gi_Bin":2}},{"type":"Feature","id":117,"geometry":{"type":"Point","coordinates":[98.997546520064148,18.798260899995455]},"properties":{"OBJECTID":117,"SOURCE_ID":117,"total_detect":1,"GiZScore":2.6772160156515699,"GiPValue":0.0074236755297353574,"NNeighbors":269,"Gi_Bin":3}},{"type":"Feature","id":118,"geometry":{"type":"Point","coordinates":[98.997706889526981,18.798607449665472]},"properties":{"OBJECTID":118,"SOURCE_ID":118,"total_detect":16,"GiZScore":2.2307258925209941,"GiPValue":0.025699291426857351,"NNeighbors":269,"Gi_Bin":2}},{"type":"Feature","id":119,"geometry":{"type":"Point","coordinates":[99.011696989546479,18.802027950158777]},"properties":{"OBJECTID":119,"SOURCE_ID":119,"total_detect":2,"GiZScore":1.669610026530743,"GiPValue":0.094996545349563227,"NNeighbors":133,"Gi_Bin":1}},{"type":"Feature","id":120,"geometry":{"type":"Point","coordinates":[99.011058360052033,18.801697109651002]},"properties":{"OBJECTID":120,"SOURCE_ID":120,"total_detect":8,"GiZScore":1.9095677710494545,"GiPValue":0.056188888078596962,"NNeighbors":147,"Gi_Bin":1}},{"type":"Feature","id":121,"geometry":{"type":"Point","coordinates":[99.010723680175019,18.801526520241627]},"properties":{"OBJECTID":121,"SOURCE_ID":121,"total_detect":8,"GiZScore":2.1007758064876141,"GiPValue":0.035660651177572063,"NNeighbors":151,"Gi_Bin":2}},{"type":"Feature","id":122,"geometry":{"type":"Point","coordinates":[99.010556339540017,18.801441220339832]},"properties":{"OBJECTID":122,"SOURCE_ID":122,"total_detect":4,"GiZScore":2.1014578283770691,"GiPValue":0.035600796204148868,"NNeighbors":153,"Gi_Bin":2}},{"type":"Feature","id":123,"geometry":{"type":"Point","coordinates":[99.010126239926535,18.80120940992305]},"properties":{"OBJECTID":123,"SOURCE_ID":123,"total_detect":1,"GiZScore":2.0415265081143006,"GiPValue":0.041198521803700518,"NNeighbors":157,"Gi_Bin":2}},{"type":"Feature","id":124,"geometry":{"type":"Point","coordinates":[99.009802950378145,18.801030300033954]},"properties":{"OBJECTID":124,"SOURCE_ID":124,"total_detect":1,"GiZScore":1.9960942916814894,"GiPValue":0.045923660267612798,"NNeighbors":158,"Gi_Bin":2}},{"type":"Feature","id":125,"geometry":{"type":"Point","coordinates":[99.002727579601142,18.808420449571081]},"properties":{"OBJECTID":125,"SOURCE_ID":125,"total_detect":9,"GiZScore":2.741528606120569,"GiPValue":0.0061154035482715247,"NNeighbors":152,"Gi_Bin":3}},{"type":"Feature","id":126,"geometry":{"type":"Point","coordinates":[99.002712070367409,18.808240299699992]},"properties":{"OBJECTID":126,"SOURCE_ID":126,"total_detect":2,"GiZScore":2.741528606120569,"GiPValue":0.0061154035482715247,"NNeighbors":152,"Gi_Bin":3}},{"type":"Feature","id":127,"geometry":{"type":"Point","coordinates":[99.002681210153312,18.807798960049169]},"properties":{"OBJECTID":127,"SOURCE_ID":127,"total_detect":1,"GiZScore":2.6933423685015705,"GiPValue":0.0070739586857920004,"NNeighbors":153,"Gi_Bin":3}},{"type":"Feature","id":128,"geometry":{"type":"Point","coordinates":[99.002686059863336,18.807149930440662]},"properties":{"OBJECTID":128,"SOURCE_ID":128,"total_detect":33,"GiZScore":2.4866408727966616,"GiPValue":0.012895550280768206,"NNeighbors":160,"Gi_Bin":2}},{"type":"Feature","id":129,"geometry":{"type":"Point","coordinates":[99.002723199673866,18.806938880195286]},"properties":{"OBJECTID":129,"SOURCE_ID":129,"total_detect":1,"GiZScore":2.4857537689126348,"GiPValue":0.01292773791510478,"NNeighbors":162,"Gi_Bin":2}},{"type":"Feature","id":130,"geometry":{"type":"Point","coordinates":[99.002817080400575,18.806526039578802]},"properties":{"OBJECTID":130,"SOURCE_ID":130,"total_detect":1,"GiZScore":2.562371352602292,"GiPValue":0.010396009428005455,"NNeighbors":161,"Gi_Bin":2}},{"type":"Feature","id":131,"geometry":{"type":"Point","coordinates":[99.003160570179602,18.804259040406681]},"properties":{"OBJECTID":131,"SOURCE_ID":131,"total_detect":1,"GiZScore":2.0702572920333693,"GiPValue":0.038428256689464563,"NNeighbors":174,"Gi_Bin":2}},{"type":"Feature","id":132,"geometry":{"type":"Point","coordinates":[99.002933829815518,18.80186899013599]},"properties":{"OBJECTID":132,"SOURCE_ID":132,"total_detect":1,"GiZScore":2.1336659460622038,"GiPValue":0.032870135551737997,"NNeighbors":204,"Gi_Bin":2}},{"type":"Feature","id":133,"geometry":{"type":"Point","coordinates":[99.002880970472816,18.801315929726179]},"properties":{"OBJECTID":133,"SOURCE_ID":133,"total_detect":3,"GiZScore":2.041701814895283,"GiPValue":0.041181118641374179,"NNeighbors":207,"Gi_Bin":2}},{"type":"Feature","id":134,"geometry":{"type":"Point","coordinates":[99.002870339572354,18.801135449773266]},"properties":{"OBJECTID":134,"SOURCE_ID":134,"total_detect":1,"GiZScore":2.041701814895283,"GiPValue":0.041181118641374179,"NNeighbors":207,"Gi_Bin":2}},{"type":"Feature","id":135,"geometry":{"type":"Point","coordinates":[99.002521790088437,18.80084548981727]},"properties":{"OBJECTID":135,"SOURCE_ID":135,"total_detect":2,"GiZScore":2.1627594950327809,"GiPValue":0.030559682470823791,"NNeighbors":215,"Gi_Bin":2}},{"type":"Feature","id":136,"geometry":{"type":"Point","coordinates":[99.001699930346163,18.809977100424195]},"properties":{"OBJECTID":136,"SOURCE_ID":136,"total_detect":1,"GiZScore":3.1385847840858752,"GiPValue":0.0016976581527682329,"NNeighbors":139,"Gi_Bin":3}},{"type":"Feature","id":137,"geometry":{"type":"Point","coordinates":[98.98099847968669,18.777044560311722]},"properties":{"OBJECTID":137,"SOURCE_ID":137,"total_detect":1,"GiZScore":-0.48001568736471084,"GiPValue":0.63121623999351817,"NNeighbors":303,"Gi_Bin":0}},{"type":"Feature","id":138,"geometry":{"type":"Point","coordinates":[98.98104133990087,18.777553080397581]},"properties":{"OBJECTID":138,"SOURCE_ID":138,"total_detect":1,"GiZScore":-0.38879595523086113,"GiPValue":0.69742709404781444,"NNeighbors":300,"Gi_Bin":0}},{"type":"Feature","id":139,"geometry":{"type":"Point","coordinates":[98.981104120401895,18.77825356024621]},"properties":{"OBJECTID":139,"SOURCE_ID":139,"total_detect":1,"GiZScore":-0.21197003623822516,"GiPValue":0.83213041089930984,"NNeighbors":309,"Gi_Bin":0}},{"type":"Feature","id":140,"geometry":{"type":"Point","coordinates":[98.981217239953267,18.779555050063294]},"properties":{"OBJECTID":140,"SOURCE_ID":140,"total_detect":8,"GiZScore":-0.11460236189045162,"GiPValue":0.90876030754442871,"NNeighbors":312,"Gi_Bin":0}},{"type":"Feature","id":141,"geometry":{"type":"Point","coordinates":[98.981289800228907,18.780228879727346]},"properties":{"OBJECTID":141,"SOURCE_ID":141,"total_detect":1,"GiZScore":0.74142982604658969,"GiPValue":0.45843287146175982,"NNeighbors":326,"Gi_Bin":0}},{"type":"Feature","id":142,"geometry":{"type":"Point","coordinates":[98.981309489612073,18.780408659965964]},"properties":{"OBJECTID":142,"SOURCE_ID":142,"total_detect":8,"GiZScore":0.74142982604658969,"GiPValue":0.45843287146175982,"NNeighbors":326,"Gi_Bin":0}},{"type":"Feature","id":143,"geometry":{"type":"Point","coordinates":[98.981338390116548,18.780680769579096]},"properties":{"OBJECTID":143,"SOURCE_ID":143,"total_detect":2,"GiZScore":0.71889895499537193,"GiPValue":0.4722031857110045,"NNeighbors":332,"Gi_Bin":0}},{"type":"Feature","id":144,"geometry":{"type":"Point","coordinates":[98.989499389628364,18.782134999604118]},"properties":{"OBJECTID":144,"SOURCE_ID":144,"total_detect":1,"GiZScore":0.62837830001020822,"GiPValue":0.52975615266572518,"NNeighbors":413,"Gi_Bin":0}},{"type":"Feature","id":145,"geometry":{"type":"Point","coordinates":[98.988775210159005,18.782114849985696]},"properties":{"OBJECTID":145,"SOURCE_ID":145,"total_detect":1,"GiZScore":0.5108682349516882,"GiPValue":0.60944332720329164,"NNeighbors":408,"Gi_Bin":0}},{"type":"Feature","id":146,"geometry":{"type":"Point","coordinates":[98.984391859814792,18.789575160022764]},"properties":{"OBJECTID":146,"SOURCE_ID":146,"total_detect":1,"GiZScore":1.0893658054202648,"GiPValue":0.2759926211979693,"NNeighbors":326,"Gi_Bin":0}},{"type":"Feature","id":147,"geometry":{"type":"Point","coordinates":[98.984325469657819,18.787215279749581]},"properties":{"OBJECTID":147,"SOURCE_ID":147,"total_detect":12,"GiZScore":1.6946875824837966,"GiPValue":0.090134702524781091,"NNeighbors":342,"Gi_Bin":1}},{"type":"Feature","id":148,"geometry":{"type":"Point","coordinates":[98.984025679925253,18.786110860005198]},"properties":{"OBJECTID":148,"SOURCE_ID":148,"total_detect":2,"GiZScore":1.4597789255215701,"GiPValue":0.14435084231578904,"NNeighbors":340,"Gi_Bin":0}},{"type":"Feature","id":149,"geometry":{"type":"Point","coordinates":[98.982541479607136,18.787799610131465]},"properties":{"OBJECTID":149,"SOURCE_ID":149,"total_detect":1,"GiZScore":0.98868240760156745,"GiPValue":0.32281856577549439,"NNeighbors":327,"Gi_Bin":0}},{"type":"Feature","id":150,"geometry":{"type":"Point","coordinates":[98.98330894007357,18.788014069921086]},"properties":{"OBJECTID":150,"SOURCE_ID":150,"total_detect":1,"GiZScore":0.84187685182396588,"GiPValue":0.39985689697140692,"NNeighbors":331,"Gi_Bin":0}},{"type":"Feature","id":151,"geometry":{"type":"Point","coordinates":[98.981122569923301,18.78661412002749]},"properties":{"OBJECTID":151,"SOURCE_ID":151,"total_detect":1,"GiZScore":1.2589986652216711,"GiPValue":0.20803083871790928,"NNeighbors":311,"Gi_Bin":0}},{"type":"Feature","id":152,"geometry":{"type":"Point","coordinates":[98.981248950317919,18.787524199705469]},"properties":{"OBJECTID":152,"SOURCE_ID":152,"total_detect":2,"GiZScore":0.3473967408842209,"GiPValue":0.72829328210380284,"NNeighbors":310,"Gi_Bin":0}},{"type":"Feature","id":153,"geometry":{"type":"Point","coordinates":[98.978743030272383,18.78644131023848]},"properties":{"OBJECTID":153,"SOURCE_ID":153,"total_detect":7,"GiZScore":0.21161275630251161,"GiPValue":0.83240915675354454,"NNeighbors":280,"Gi_Bin":0}},{"type":"Feature","id":154,"geometry":{"type":"Point","coordinates":[98.978932299809401,18.786427970060167]},"properties":{"OBJECTID":154,"SOURCE_ID":154,"total_detect":1,"GiZScore":0.19655622291807884,"GiPValue":0.8441748313755294,"NNeighbors":282,"Gi_Bin":0}},{"type":"Feature","id":155,"geometry":{"type":"Point","coordinates":[98.979268900082019,18.786404920422633]},"properties":{"OBJECTID":155,"SOURCE_ID":155,"total_detect":1,"GiZScore":0.587486954876143,"GiPValue":0.55687671215132883,"NNeighbors":288,"Gi_Bin":0}},{"type":"Feature","id":156,"geometry":{"type":"Point","coordinates":[98.979585019611221,18.786383630330342]},"properties":{"OBJECTID":156,"SOURCE_ID":156,"total_detect":2,"GiZScore":0.66824490375175638,"GiPValue":0.50397728072596215,"NNeighbors":290,"Gi_Bin":0}},{"type":"Feature","id":157,"geometry":{"type":"Point","coordinates":[98.980154519796088,18.786399160056071]},"properties":{"OBJECTID":157,"SOURCE_ID":157,"total_detect":7,"GiZScore":0.50159872315591125,"GiPValue":0.61594981963758988,"NNeighbors":299,"Gi_Bin":0}},{"type":"Feature","id":158,"geometry":{"type":"Point","coordinates":[98.980513900156353,18.786411739775069]},"properties":{"OBJECTID":158,"SOURCE_ID":158,"total_detect":1,"GiZScore":0.62962222509385191,"GiPValue":0.52894178253625079,"NNeighbors":304,"Gi_Bin":0}},{"type":"Feature","id":159,"geometry":{"type":"Point","coordinates":[98.980703500168588,18.786419680266597]},"properties":{"OBJECTID":159,"SOURCE_ID":159,"total_detect":1,"GiZScore":0.53462971588591557,"GiPValue":0.59290593337042752,"NNeighbors":304,"Gi_Bin":0}},{"type":"Feature","id":160,"geometry":{"type":"Point","coordinates":[98.980941160382898,18.791485050021919]},"properties":{"OBJECTID":160,"SOURCE_ID":160,"total_detect":2,"GiZScore":0.17412182155721304,"GiPValue":0.86176972410510277,"NNeighbors":285,"Gi_Bin":0}},{"type":"Feature","id":161,"geometry":{"type":"Point","coordinates":[98.979382639813636,18.791466929799299]},"properties":{"OBJECTID":161,"SOURCE_ID":161,"total_detect":2,"GiZScore":-0.0037628401833655479,"GiPValue":0.99699769499752877,"NNeighbors":276,"Gi_Bin":0}},{"type":"Feature","id":162,"geometry":{"type":"Point","coordinates":[98.979192919755619,18.791471500005297]},"properties":{"OBJECTID":162,"SOURCE_ID":162,"total_detect":1,"GiZScore":-0.038382387131513408,"GiPValue":0.96938280366448737,"NNeighbors":274,"Gi_Bin":0}},{"type":"Feature","id":163,"geometry":{"type":"Point","coordinates":[98.975844919942475,18.794110949751719]},"properties":{"OBJECTID":163,"SOURCE_ID":163,"total_detect":1,"GiZScore":-0.94590384638622416,"GiPValue":0.3441976429770548,"NNeighbors":232,"Gi_Bin":0}},{"type":"Feature","id":164,"geometry":{"type":"Point","coordinates":[98.976013200240246,18.793765579615503]},"properties":{"OBJECTID":164,"SOURCE_ID":164,"total_detect":1,"GiZScore":-0.89249494857175526,"GiPValue":0.37212770891895808,"NNeighbors":236,"Gi_Bin":0}},{"type":"Feature","id":165,"geometry":{"type":"Point","coordinates":[98.998161740321919,18.80088363042012]},"properties":{"OBJECTID":165,"SOURCE_ID":165,"total_detect":1,"GiZScore":1.9892221984599112,"GiPValue":0.046676682747472574,"NNeighbors":237,"Gi_Bin":2}},{"type":"Feature","id":166,"geometry":{"type":"Point","coordinates":[98.997745479709337,18.800764289697746]},"properties":{"OBJECTID":166,"SOURCE_ID":166,"total_detect":2,"GiZScore":1.9823707656916645,"GiPValue":0.047437759068245648,"NNeighbors":240,"Gi_Bin":2}},{"type":"Feature","id":167,"geometry":{"type":"Point","coordinates":[98.997498040083784,18.800656720415184]},"properties":{"OBJECTID":167,"SOURCE_ID":167,"total_detect":2,"GiZScore":1.8983944714349839,"GiPValue":0.057644137364899012,"NNeighbors":243,"Gi_Bin":1}},{"type":"Feature","id":168,"geometry":{"type":"Point","coordinates":[98.990866290081513,18.833374739585782]},"properties":{"OBJECTID":168,"SOURCE_ID":168,"total_detect":1,"GiZScore":-1.4422705609954489,"GiPValue":0.14922606169326558,"NNeighbors":22,"Gi_Bin":0}},{"type":"Feature","id":169,"geometry":{"type":"Point","coordinates":[98.991684179962391,18.832575469671191]},"properties":{"OBJECTID":169,"SOURCE_ID":169,"total_detect":2,"GiZScore":-1.2773104148984478,"GiPValue":0.20149270379542661,"NNeighbors":24,"Gi_Bin":0}},{"type":"Feature","id":170,"geometry":{"type":"Point","coordinates":[98.994366130066879,18.829792359608401]},"properties":{"OBJECTID":170,"SOURCE_ID":170,"total_detect":2,"GiZScore":-0.092190842855113822,"GiPValue":0.92654641341017308,"NNeighbors":28,"Gi_Bin":0}},{"type":"Feature","id":171,"geometry":{"type":"Point","coordinates":[98.994701879687483,18.828645820334401]},"properties":{"OBJECTID":171,"SOURCE_ID":171,"total_detect":2,"GiZScore":-0.34937623107696364,"GiPValue":0.7268068759072579,"NNeighbors":36,"Gi_Bin":0}},{"type":"Feature","id":172,"geometry":{"type":"Point","coordinates":[98.994712829971007,18.828284460184936]},"properties":{"OBJECTID":172,"SOURCE_ID":172,"total_detect":1,"GiZScore":-0.37577886633849328,"GiPValue":0.70708130127384339,"NNeighbors":38,"Gi_Bin":0}},{"type":"Feature","id":173,"geometry":{"type":"Point","coordinates":[98.994582769698496,18.82553269016784]},"properties":{"OBJECTID":173,"SOURCE_ID":173,"total_detect":2,"GiZScore":-0.52623094166683171,"GiPValue":0.59872776031064434,"NNeighbors":46,"Gi_Bin":0}},{"type":"Feature","id":174,"geometry":{"type":"Point","coordinates":[98.993974510018475,18.823905800447832]},"properties":{"OBJECTID":174,"SOURCE_ID":174,"total_detect":1,"GiZScore":-0.71553130678854737,"GiPValue":0.47428080829383457,"NNeighbors":49,"Gi_Bin":0}},{"type":"Feature","id":175,"geometry":{"type":"Point","coordinates":[98.994131609669552,18.822391519624457]},"properties":{"OBJECTID":175,"SOURCE_ID":175,"total_detect":2,"GiZScore":-0.26805027334335674,"GiPValue":0.78866062191661213,"NNeighbors":59,"Gi_Bin":0}},{"type":"Feature","id":176,"geometry":{"type":"Point","coordinates":[98.994476759982135,18.821926169917731]},"properties":{"OBJECTID":176,"SOURCE_ID":176,"total_detect":2,"GiZScore":-0.47630840438251421,"GiPValue":0.63385468037778359,"NNeighbors":65,"Gi_Bin":0}},{"type":"Feature","id":177,"geometry":{"type":"Point","coordinates":[98.995256959749909,18.820945639680929]},"properties":{"OBJECTID":177,"SOURCE_ID":177,"total_detect":1,"GiZScore":0.079276363292599211,"GiPValue":0.93681280648107568,"NNeighbors":68,"Gi_Bin":0}},{"type":"Feature","id":178,"geometry":{"type":"Point","coordinates":[98.995746670274613,18.820508239850177]},"properties":{"OBJECTID":178,"SOURCE_ID":178,"total_detect":4,"GiZScore":0.52987025767327556,"GiPValue":0.59620189104316446,"NNeighbors":68,"Gi_Bin":0}},{"type":"Feature","id":179,"geometry":{"type":"Point","coordinates":[98.996512709825055,18.819617779729249]},"properties":{"OBJECTID":179,"SOURCE_ID":179,"total_detect":1,"GiZScore":0.52932925031010414,"GiPValue":0.59657707016137607,"NNeighbors":76,"Gi_Bin":0}},{"type":"Feature","id":180,"geometry":{"type":"Point","coordinates":[98.997976630032852,18.818024589877119]},"properties":{"OBJECTID":180,"SOURCE_ID":180,"total_detect":1,"GiZScore":1.9347529080716781,"GiPValue":0.05302062442119037,"NNeighbors":96,"Gi_Bin":1}},{"type":"Feature","id":181,"geometry":{"type":"Point","coordinates":[98.99833229021489,18.817736029798944]},"properties":{"OBJECTID":181,"SOURCE_ID":181,"total_detect":2,"GiZScore":1.9347529080716781,"GiPValue":0.05302062442119037,"NNeighbors":96,"Gi_Bin":1}},{"type":"Feature","id":182,"geometry":{"type":"Point","coordinates":[98.998758900425287,18.817426440218881]},"properties":{"OBJECTID":182,"SOURCE_ID":182,"total_detect":1,"GiZScore":1.9941182648398672,"GiPValue":0.046139131641207337,"NNeighbors":95,"Gi_Bin":2}},{"type":"Feature","id":183,"geometry":{"type":"Point","coordinates":[98.998912359652863,18.817277570394907]},"properties":{"OBJECTID":183,"SOURCE_ID":183,"total_detect":1,"GiZScore":1.9941182648398672,"GiPValue":0.046139131641207337,"NNeighbors":95,"Gi_Bin":2}},{"type":"Feature","id":184,"geometry":{"type":"Point","coordinates":[98.999593280258679,18.816555089904853]},"properties":{"OBJECTID":184,"SOURCE_ID":184,"total_detect":2,"GiZScore":2.0669479698033668,"GiPValue":0.038739056933752535,"NNeighbors":97,"Gi_Bin":2}},{"type":"Feature","id":185,"geometry":{"type":"Point","coordinates":[99.000021609628021,18.815944870007385]},"properties":{"OBJECTID":185,"SOURCE_ID":185,"total_detect":2,"GiZScore":2.0882285973584747,"GiPValue":0.036777218834917608,"NNeighbors":96,"Gi_Bin":2}},{"type":"Feature","id":186,"geometry":{"type":"Point","coordinates":[99.000554399670392,18.814962699968966]},"properties":{"OBJECTID":186,"SOURCE_ID":186,"total_detect":1,"GiZScore":2.1219467921620594,"GiPValue":0.033842206436923969,"NNeighbors":98,"Gi_Bin":2}},{"type":"Feature","id":187,"geometry":{"type":"Point","coordinates":[99.004650599879099,18.800157509923316]},"properties":{"OBJECTID":187,"SOURCE_ID":187,"total_detect":5,"GiZScore":2.2511392122946088,"GiPValue":0.024376721524995645,"NNeighbors":210,"Gi_Bin":2}},{"type":"Feature","id":188,"geometry":{"type":"Point","coordinates":[99.004949670329907,18.80087788992893]},"properties":{"OBJECTID":188,"SOURCE_ID":188,"total_detect":5,"GiZScore":2.3788745806630973,"GiPValue":0.01736558333301326,"NNeighbors":200,"Gi_Bin":2}},{"type":"Feature","id":189,"geometry":{"type":"Point","coordinates":[99.005575909634302,18.802757740131558]},"properties":{"OBJECTID":189,"SOURCE_ID":189,"total_detect":6,"GiZScore":2.2471826698494093,"GiPValue":0.024628355267693015,"NNeighbors":174,"Gi_Bin":2}},{"type":"Feature","id":190,"geometry":{"type":"Point","coordinates":[98.999890380048569,18.792702009745145]},"properties":{"OBJECTID":190,"SOURCE_ID":190,"total_detect":4,"GiZScore":1.5915093720964524,"GiPValue":0.11149498792152221,"NNeighbors":271,"Gi_Bin":0}},{"type":"Feature","id":191,"geometry":{"type":"Point","coordinates":[99.000776160304014,18.786519840002484]},"properties":{"OBJECTID":191,"SOURCE_ID":191,"total_detect":2,"GiZScore":0.62820531445816852,"GiPValue":0.52986945291866672,"NNeighbors":292,"Gi_Bin":0}},{"type":"Feature","id":192,"geometry":{"type":"Point","coordinates":[99.000698469902559,18.78611126968481]},"properties":{"OBJECTID":192,"SOURCE_ID":192,"total_detect":1,"GiZScore":0.52476857354714634,"GiPValue":0.59974408277968316,"NNeighbors":296,"Gi_Bin":0}},{"type":"Feature","id":193,"geometry":{"type":"Point","coordinates":[99.002876609572894,18.781462489624751]},"properties":{"OBJECTID":193,"SOURCE_ID":193,"total_detect":1,"GiZScore":0.31940060362419814,"GiPValue":0.74942275365027244,"NNeighbors":266,"Gi_Bin":0}},{"type":"Feature","id":194,"geometry":{"type":"Point","coordinates":[99.001021569678031,18.781750789903526]},"properties":{"OBJECTID":194,"SOURCE_ID":194,"total_detect":1,"GiZScore":0.93466298370417911,"GiPValue":0.34996202016755651,"NNeighbors":287,"Gi_Bin":0}},{"type":"Feature","id":195,"geometry":{"type":"Point","coordinates":[98.998843290291745,18.773287410369594]},"properties":{"OBJECTID":195,"SOURCE_ID":195,"total_detect":1,"GiZScore":-0.78909207314611318,"GiPValue":0.43005820154460295,"NNeighbors":303,"Gi_Bin":0}},{"type":"Feature","id":196,"geometry":{"type":"Point","coordinates":[98.998727540174741,18.772011899799868]},"properties":{"OBJECTID":196,"SOURCE_ID":196,"total_detect":1,"GiZScore":-0.81680990509339224,"GiPValue":0.41403707847692595,"NNeighbors":292,"Gi_Bin":0}},{"type":"Feature","id":197,"geometry":{"type":"Point","coordinates":[98.998708470107857,18.771812790051907]},"properties":{"OBJECTID":197,"SOURCE_ID":197,"total_detect":2,"GiZScore":-1.0576457750186523,"GiPValue":0.29021698079362357,"NNeighbors":292,"Gi_Bin":0}},{"type":"Feature","id":198,"geometry":{"type":"Point","coordinates":[98.998944960329197,18.768911250444631]},"properties":{"OBJECTID":198,"SOURCE_ID":198,"total_detect":2,"GiZScore":-2.3207705999337578,"GiPValue":0.020299228055012195,"NNeighbors":260,"Gi_Bin":-2}},{"type":"Feature","id":199,"geometry":{"type":"Point","coordinates":[98.999821509845006,18.766660760097924]},"properties":{"OBJECTID":199,"SOURCE_ID":199,"total_detect":1,"GiZScore":-2.1107494865473,"GiPValue":0.034793850000299768,"NNeighbors":222,"Gi_Bin":-2}},{"type":"Feature","id":200,"geometry":{"type":"Point","coordinates":[99.000297179882125,18.76552499977188]},"properties":{"OBJECTID":200,"SOURCE_ID":200,"total_detect":6,"GiZScore":-2.5229369794117629,"GiPValue":0.011637925552252482,"NNeighbors":201,"Gi_Bin":-2}},{"type":"Feature","id":201,"geometry":{"type":"Point","coordinates":[99.000471470156413,18.765093060346025]},"properties":{"OBJECTID":201,"SOURCE_ID":201,"total_detect":2,"GiZScore":-2.4296526230267088,"GiPValue":0.01511330026797645,"NNeighbors":198,"Gi_Bin":-2}},{"type":"Feature","id":202,"geometry":{"type":"Point","coordinates":[99.000629469895529,18.76471346025885]},"properties":{"OBJECTID":202,"SOURCE_ID":202,"total_detect":1,"GiZScore":-2.4132248974115904,"GiPValue":0.015812059523653599,"NNeighbors":193,"Gi_Bin":-2}},{"type":"Feature","id":203,"geometry":{"type":"Point","coordinates":[99.000701730316365,18.764546329985631]},"properties":{"OBJECTID":203,"SOURCE_ID":203,"total_detect":1,"GiZScore":-2.2862877135632655,"GiPValue":0.022237432190490136,"NNeighbors":189,"Gi_Bin":-2}},{"type":"Feature","id":204,"geometry":{"type":"Point","coordinates":[99.000882949569885,18.764133140163121]},"properties":{"OBJECTID":204,"SOURCE_ID":204,"total_detect":9,"GiZScore":-2.1024180760654323,"GiPValue":0.035516669128489699,"NNeighbors":178,"Gi_Bin":-2}},{"type":"Feature","id":205,"geometry":{"type":"Point","coordinates":[99.000957400254791,18.763966870179907]},"properties":{"OBJECTID":205,"SOURCE_ID":205,"total_detect":1,"GiZScore":-2.1024180760654323,"GiPValue":0.035516669128489699,"NNeighbors":178,"Gi_Bin":-2}},{"type":"Feature","id":206,"geometry":{"type":"Point","coordinates":[98.998120529532954,18.774760740318801]},"properties":{"OBJECTID":206,"SOURCE_ID":206,"total_detect":1,"GiZScore":-0.2322941327663946,"GiPValue":0.816309569381241,"NNeighbors":312,"Gi_Bin":0}},{"type":"Feature","id":207,"geometry":{"type":"Point","coordinates":[98.997781000272738,18.77514135980482]},"properties":{"OBJECTID":207,"SOURCE_ID":207,"total_detect":1,"GiZScore":-0.24248427547817997,"GiPValue":0.80840493991476059,"NNeighbors":317,"Gi_Bin":0}},{"type":"Feature","id":208,"geometry":{"type":"Point","coordinates":[99.005668369708602,18.763951079722737]},"properties":{"OBJECTID":208,"SOURCE_ID":208,"total_detect":2,"GiZScore":-1.7035368599533012,"GiPValue":0.088467646105700903,"NNeighbors":154,"Gi_Bin":-1}},{"type":"Feature","id":209,"geometry":{"type":"Point","coordinates":[99.005773609823308,18.763291869941252]},"properties":{"OBJECTID":209,"SOURCE_ID":209,"total_detect":1,"GiZScore":-1.1590407913684482,"GiPValue":0.24643957817985385,"NNeighbors":146,"Gi_Bin":0}},{"type":"Feature","id":210,"geometry":{"type":"Point","coordinates":[99.005989160061347,18.762411710228097]},"properties":{"OBJECTID":210,"SOURCE_ID":210,"total_detect":1,"GiZScore":-1.2334302415602516,"GiPValue":0.2174153114090811,"NNeighbors":131,"Gi_Bin":0}},{"type":"Feature","id":211,"geometry":{"type":"Point","coordinates":[99.006305859527814,18.761290150353236]},"properties":{"OBJECTID":211,"SOURCE_ID":211,"total_detect":1,"GiZScore":-1.0624231520623184,"GiPValue":0.28804364372593727,"NNeighbors":125,"Gi_Bin":0}},{"type":"Feature","id":212,"geometry":{"type":"Point","coordinates":[99.00428408035242,18.766499970020355]},"properties":{"OBJECTID":212,"SOURCE_ID":212,"total_detect":1,"GiZScore":-2.1789278720252896,"GiPValue":0.029337026848216784,"NNeighbors":183,"Gi_Bin":-2}},{"type":"Feature","id":213,"geometry":{"type":"Point","coordinates":[99.005086469905677,18.766757009832407]},"properties":{"OBJECTID":213,"SOURCE_ID":213,"total_detect":1,"GiZScore":-2.1537584801383987,"GiPValue":0.031259117342936286,"NNeighbors":184,"Gi_Bin":-2}},{"type":"Feature","id":214,"geometry":{"type":"Point","coordinates":[99.003654250190834,18.766292040001154]},"properties":{"OBJECTID":214,"SOURCE_ID":214,"total_detect":3,"GiZScore":-2.2149465609131425,"GiPValue":0.026763732709781496,"NNeighbors":185,"Gi_Bin":-2}},{"type":"Feature","id":215,"geometry":{"type":"Point","coordinates":[99.005164190045733,18.783881579918699]},"properties":{"OBJECTID":215,"SOURCE_ID":215,"total_detect":1,"GiZScore":-0.075158776946977271,"GiPValue":0.94008838277604412,"NNeighbors":245,"Gi_Bin":0}},{"type":"Feature","id":216,"geometry":{"type":"Point","coordinates":[98.99425190046145,18.789313229967931]},"properties":{"OBJECTID":216,"SOURCE_ID":216,"total_detect":1,"GiZScore":1.488128996212815,"GiPValue":0.13671687787683517,"NNeighbors":331,"Gi_Bin":0}},{"type":"Feature","id":217,"geometry":{"type":"Point","coordinates":[98.9944793995613,18.789828680363325]},"properties":{"OBJECTID":217,"SOURCE_ID":217,"total_detect":2,"GiZScore":1.0686172457012564,"GiPValue":0.28524219040208876,"NNeighbors":317,"Gi_Bin":0}},{"type":"Feature","id":218,"geometry":{"type":"Point","coordinates":[98.99455279999556,18.78999538007108]},"properties":{"OBJECTID":218,"SOURCE_ID":218,"total_detect":1,"GiZScore":1.0704866774477613,"GiPValue":0.28440031867121485,"NNeighbors":311,"Gi_Bin":0}},{"type":"Feature","id":219,"geometry":{"type":"Point","coordinates":[98.996196539888828,18.791592659798209]},"properties":{"OBJECTID":219,"SOURCE_ID":219,"total_detect":1,"GiZScore":1.224970976340461,"GiPValue":0.22058617915564149,"NNeighbors":301,"Gi_Bin":0}},{"type":"Feature","id":220,"geometry":{"type":"Point","coordinates":[98.995733199955382,18.792221329793684]},"properties":{"OBJECTID":220,"SOURCE_ID":220,"total_detect":12,"GiZScore":1.49331816031655,"GiPValue":0.135353924084541,"NNeighbors":303,"Gi_Bin":0}},{"type":"Feature","id":221,"geometry":{"type":"Point","coordinates":[98.99557092958571,18.792375720249503]},"properties":{"OBJECTID":221,"SOURCE_ID":221,"total_detect":1,"GiZScore":1.7015626721765045,"GiPValue":0.088837379963309149,"NNeighbors":301,"Gi_Bin":1}},{"type":"Feature","id":222,"geometry":{"type":"Point","coordinates":[98.994944320091093,18.793058469716957]},"properties":{"OBJECTID":222,"SOURCE_ID":222,"total_detect":4,"GiZScore":1.8952266239586171,"GiPValue":0.058062384384253457,"NNeighbors":311,"Gi_Bin":1}},{"type":"Feature","id":223,"geometry":{"type":"Point","coordinates":[98.994148610178073,18.793681510243708]},"properties":{"OBJECTID":223,"SOURCE_ID":223,"total_detect":2,"GiZScore":1.7106276496207304,"GiPValue":0.08714987143700012,"NNeighbors":300,"Gi_Bin":1}},{"type":"Feature","id":224,"geometry":{"type":"Point","coordinates":[98.994756479925357,18.790810860202388]},"properties":{"OBJECTID":224,"SOURCE_ID":224,"total_detect":2,"GiZScore":1.173039923463165,"GiPValue":0.24077981671304116,"NNeighbors":310,"Gi_Bin":0}},{"type":"Feature","id":225,"geometry":{"type":"Point","coordinates":[99.000698999908863,18.795664869648636]},"properties":{"OBJECTID":225,"SOURCE_ID":225,"total_detect":1,"GiZScore":2.5634949473542572,"GiPValue":0.010362420912802491,"NNeighbors":259,"Gi_Bin":2}},{"type":"Feature","id":226,"geometry":{"type":"Point","coordinates":[99.00256147026505,18.797820270162038]},"properties":{"OBJECTID":226,"SOURCE_ID":226,"total_detect":2,"GiZScore":1.6405739471558289,"GiPValue":0.10088588674812925,"NNeighbors":238,"Gi_Bin":0}},{"type":"Feature","id":227,"geometry":{"type":"Point","coordinates":[99.00336582023165,18.798664250049846]},"properties":{"OBJECTID":227,"SOURCE_ID":227,"total_detect":1,"GiZScore":1.9329856829421463,"GiPValue":0.053237961531064151,"NNeighbors":235,"Gi_Bin":1}},{"type":"Feature","id":228,"geometry":{"type":"Point","coordinates":[99.003501339693429,18.798790810433271]},"properties":{"OBJECTID":228,"SOURCE_ID":228,"total_detect":2,"GiZScore":1.9701148689468084,"GiPValue":0.048825207200012245,"NNeighbors":234,"Gi_Bin":2}},{"type":"Feature","id":229,"geometry":{"type":"Point","coordinates":[99.003696990444794,18.798984190206188]},"properties":{"OBJECTID":229,"SOURCE_ID":229,"total_detect":4,"GiZScore":2.0185512658798341,"GiPValue":0.043533880647870199,"NNeighbors":232,"Gi_Bin":2}},{"type":"Feature","id":230,"geometry":{"type":"Point","coordinates":[99.003449160403378,18.791320189706383]},"properties":{"OBJECTID":230,"SOURCE_ID":230,"total_detect":8,"GiZScore":1.6109046023985818,"GiPValue":0.1072005167316778,"NNeighbors":251,"Gi_Bin":0}},{"type":"Feature","id":231,"geometry":{"type":"Point","coordinates":[99.002924410204471,18.794021559894556]},"properties":{"OBJECTID":231,"SOURCE_ID":231,"total_detect":2,"GiZScore":2.1318441155527563,"GiPValue":0.03301966362803696,"NNeighbors":257,"Gi_Bin":2}},{"type":"Feature","id":232,"geometry":{"type":"Point","coordinates":[99.003558539875073,18.792021469937055]},"properties":{"OBJECTID":232,"SOURCE_ID":232,"total_detect":1,"GiZScore":1.4246412265294961,"GiPValue":0.15426093645619143,"NNeighbors":244,"Gi_Bin":0}},{"type":"Feature","id":233,"geometry":{"type":"Point","coordinates":[99.003608170113921,18.791590529827989]},"properties":{"OBJECTID":233,"SOURCE_ID":233,"total_detect":1,"GiZScore":1.2606404736780712,"GiPValue":0.207438434306499,"NNeighbors":245,"Gi_Bin":0}},{"type":"Feature","id":234,"geometry":{"type":"Point","coordinates":[99.002951879823542,18.796696719995513]},"properties":{"OBJECTID":234,"SOURCE_ID":234,"total_detect":2,"GiZScore":1.8832688193912812,"GiPValue":0.059663946771183834,"NNeighbors":242,"Gi_Bin":1}},{"type":"Feature","id":235,"geometry":{"type":"Point","coordinates":[99.00305465040158,18.795465960092987]},"properties":{"OBJECTID":235,"SOURCE_ID":235,"total_detect":2,"GiZScore":1.9417993496971835,"GiPValue":0.052161395649756158,"NNeighbors":251,"Gi_Bin":1}},{"type":"Feature","id":236,"geometry":{"type":"Point","coordinates":[99.003069699639155,18.795285769732654]},"properties":{"OBJECTID":236,"SOURCE_ID":236,"total_detect":2,"GiZScore":1.8550743633904028,"GiPValue":0.063585608151553993,"NNeighbors":252,"Gi_Bin":1}},{"type":"Feature","id":237,"geometry":{"type":"Point","coordinates":[99.003084740304075,18.795105580271567]},"properties":{"OBJECTID":237,"SOURCE_ID":237,"total_detect":2,"GiZScore":1.8550743633904028,"GiPValue":0.063585608151553993,"NNeighbors":252,"Gi_Bin":1}},{"type":"Feature","id":238,"geometry":{"type":"Point","coordinates":[99.002379139691826,18.797123700366956]},"properties":{"OBJECTID":238,"SOURCE_ID":238,"total_detect":5,"GiZScore":1.7800296027561995,"GiPValue":0.075071116170050842,"NNeighbors":242,"Gi_Bin":1}},{"type":"Feature","id":239,"geometry":{"type":"Point","coordinates":[99.002567380037519,18.797100599755908]},"properties":{"OBJECTID":239,"SOURCE_ID":239,"total_detect":2,"GiZScore":1.8058394069149699,"GiPValue":0.070943428064181691,"NNeighbors":242,"Gi_Bin":1}},{"type":"Feature","id":240,"geometry":{"type":"Point","coordinates":[99.00275562033184,18.797077499858808]},"properties":{"OBJECTID":240,"SOURCE_ID":240,"total_detect":1,"GiZScore":1.7647040174401214,"GiPValue":0.077613523048181809,"NNeighbors":241,"Gi_Bin":1}},{"type":"Feature","id":241,"geometry":{"type":"Point","coordinates":[99.005017110324673,18.797531700387577]},"properties":{"OBJECTID":241,"SOURCE_ID":241,"total_detect":1,"GiZScore":1.7251732923066563,"GiPValue":0.084496247283431247,"NNeighbors":230,"Gi_Bin":1}},{"type":"Feature","id":242,"geometry":{"type":"Point","coordinates":[99.005400920308148,18.799604369644268]},"properties":{"OBJECTID":242,"SOURCE_ID":242,"total_detect":1,"GiZScore":2.3035277553805371,"GiPValue":0.021249167369715327,"NNeighbors":208,"Gi_Bin":2}},{"type":"Feature","id":243,"geometry":{"type":"Point","coordinates":[99.0051092301034,18.797803169666839]},"properties":{"OBJECTID":243,"SOURCE_ID":243,"total_detect":2,"GiZScore":1.4401857054239084,"GiPValue":0.14981486632768745,"NNeighbors":227,"Gi_Bin":0}},{"type":"Feature","id":244,"geometry":{"type":"Point","coordinates":[99.000927279729552,18.795320959976152]},"properties":{"OBJECTID":244,"SOURCE_ID":244,"total_detect":1,"GiZScore":2.5634949473542572,"GiPValue":0.010362420912802491,"NNeighbors":259,"Gi_Bin":2}},{"type":"Feature","id":245,"geometry":{"type":"Point","coordinates":[98.982868690403166,18.79703066997358]},"properties":{"OBJECTID":245,"SOURCE_ID":245,"total_detect":1,"GiZScore":-0.25347339239727296,"GiPValue":0.79990241998077916,"NNeighbors":266,"Gi_Bin":0}},{"type":"Feature","id":246,"geometry":{"type":"Point","coordinates":[98.98585160017727,18.798378440055778]},"properties":{"OBJECTID":246,"SOURCE_ID":246,"total_detect":8,"GiZScore":0.38511587248198337,"GiPValue":0.70015156961419001,"NNeighbors":264,"Gi_Bin":0}},{"type":"Feature","id":247,"geometry":{"type":"Point","coordinates":[98.985323640352703,18.798400329718387]},"properties":{"OBJECTID":247,"SOURCE_ID":247,"total_detect":1,"GiZScore":0.40209587185245721,"GiPValue":0.6876134717486575,"NNeighbors":265,"Gi_Bin":0}},{"type":"Feature","id":248,"geometry":{"type":"Point","coordinates":[98.984675779870017,18.798425939826039]},"properties":{"OBJECTID":248,"SOURCE_ID":248,"total_detect":1,"GiZScore":0.46313651318103727,"GiPValue":0.64326652074605506,"NNeighbors":276,"Gi_Bin":0}},{"type":"Feature","id":249,"geometry":{"type":"Point","coordinates":[98.983895379557964,18.798460729632254]},"properties":{"OBJECTID":249,"SOURCE_ID":249,"total_detect":2,"GiZScore":0.53587251930909729,"GiPValue":0.59204666041064868,"NNeighbors":270,"Gi_Bin":0}},{"type":"Feature","id":250,"geometry":{"type":"Point","coordinates":[98.987689390260854,18.802700540287773]},"properties":{"OBJECTID":250,"SOURCE_ID":250,"total_detect":4,"GiZScore":1.0415777136281086,"GiPValue":0.29760752065991358,"NNeighbors":219,"Gi_Bin":0}},{"type":"Feature","id":251,"geometry":{"type":"Point","coordinates":[99.007881809571856,18.798628769571195]},"properties":{"OBJECTID":251,"SOURCE_ID":251,"total_detect":1,"GiZScore":1.9301762359209096,"GiPValue":0.053585004984267062,"NNeighbors":198,"Gi_Bin":1}},{"type":"Feature","id":252,"geometry":{"type":"Point","coordinates":[99.01281973025911,18.807088830079262]},"properties":{"OBJECTID":252,"SOURCE_ID":252,"total_detect":4,"GiZScore":2.9433424121338043,"GiPValue":0.0032468907949432333,"NNeighbors":74,"Gi_Bin":3}},{"type":"Feature","id":253,"geometry":{"type":"Point","coordinates":[99.012786720224824,18.806864380377007]},"properties":{"OBJECTID":253,"SOURCE_ID":253,"total_detect":1,"GiZScore":2.9433424121338043,"GiPValue":0.0032468907949432333,"NNeighbors":74,"Gi_Bin":3}},{"type":"Feature","id":254,"geometry":{"type":"Point","coordinates":[99.012575949705308,18.806066959600063]},"properties":{"OBJECTID":254,"SOURCE_ID":254,"total_detect":1,"GiZScore":2.4786722393958969,"GiPValue":0.013187242385602297,"NNeighbors":86,"Gi_Bin":2}},{"type":"Feature","id":255,"geometry":{"type":"Point","coordinates":[99.012000120413504,18.804227969797239]},"properties":{"OBJECTID":255,"SOURCE_ID":255,"total_detect":1,"GiZScore":1.9217020609282167,"GiPValue":0.054643257793053526,"NNeighbors":108,"Gi_Bin":1}},{"type":"Feature","id":256,"geometry":{"type":"Point","coordinates":[98.976461930084028,18.790463539793194]},"properties":{"OBJECTID":256,"SOURCE_ID":256,"total_detect":2,"GiZScore":-0.047852271930351721,"GiPValue":0.9618339772612492,"NNeighbors":238,"Gi_Bin":0}},{"type":"Feature","id":257,"geometry":{"type":"Point","coordinates":[98.997868780184263,18.76255637986765]},"properties":{"OBJECTID":257,"SOURCE_ID":257,"total_detect":1,"GiZScore":-1.9256053391999188,"GiPValue":0.054153671544218102,"NNeighbors":163,"Gi_Bin":-1}},{"type":"Feature","id":258,"geometry":{"type":"Point","coordinates":[98.99840059964643,18.76209749038124]},"properties":{"OBJECTID":258,"SOURCE_ID":258,"total_detect":1,"GiZScore":-1.8113140604107107,"GiPValue":0.070092250426490185,"NNeighbors":150,"Gi_Bin":-1}},{"type":"Feature","id":259,"geometry":{"type":"Point","coordinates":[98.99853136960148,18.761916130287265]},"properties":{"OBJECTID":259,"SOURCE_ID":259,"total_detect":4,"GiZScore":-1.8113140604107107,"GiPValue":0.070092250426490185,"NNeighbors":150,"Gi_Bin":-1}},{"type":"Feature","id":260,"geometry":{"type":"Point","coordinates":[98.998634449916111,18.761764369980551]},"properties":{"OBJECTID":260,"SOURCE_ID":260,"total_detect":8,"GiZScore":-1.8113140604107107,"GiPValue":0.070092250426490185,"NNeighbors":150,"Gi_Bin":-1}},{"type":"Feature","id":261,"geometry":{"type":"Point","coordinates":[98.99948735954024,18.762625519620187]},"properties":{"OBJECTID":261,"SOURCE_ID":261,"total_detect":6,"GiZScore":-1.9481298510604299,"GiPValue":0.051399427800531153,"NNeighbors":161,"Gi_Bin":-1}},{"type":"Feature","id":262,"geometry":{"type":"Point","coordinates":[98.998441889795117,18.762074379872768]},"properties":{"OBJECTID":262,"SOURCE_ID":262,"total_detect":1,"GiZScore":-1.8113140604107107,"GiPValue":0.070092250426490185,"NNeighbors":150,"Gi_Bin":-1}},{"type":"Feature","id":263,"geometry":{"type":"Point","coordinates":[99.000360790028154,18.764108810025338]},"properties":{"OBJECTID":263,"SOURCE_ID":263,"total_detect":1,"GiZScore":-2.3424785956892094,"GiPValue":0.01915613272882408,"NNeighbors":180,"Gi_Bin":-2}},{"type":"Feature","id":264,"geometry":{"type":"Point","coordinates":[98.997724629912554,18.762903439573332]},"properties":{"OBJECTID":264,"SOURCE_ID":264,"total_detect":1,"GiZScore":-1.975463885015458,"GiPValue":0.048215529142898443,"NNeighbors":168,"Gi_Bin":-2}},{"type":"Feature","id":265,"geometry":{"type":"Point","coordinates":[98.998120780445603,18.76324707005362]},"properties":{"OBJECTID":265,"SOURCE_ID":265,"total_detect":1,"GiZScore":-2.016935536833532,"GiPValue":0.043702240946944255,"NNeighbors":171,"Gi_Bin":-2}},{"type":"Feature","id":266,"geometry":{"type":"Point","coordinates":[98.998395949740228,18.763496030134863]},"properties":{"OBJECTID":266,"SOURCE_ID":266,"total_detect":1,"GiZScore":-2.1985815516622633,"GiPValue":0.027907689935753779,"NNeighbors":172,"Gi_Bin":-2}},{"type":"Feature","id":267,"geometry":{"type":"Point","coordinates":[98.998591079676231,18.763672590094838]},"properties":{"OBJECTID":267,"SOURCE_ID":267,"total_detect":8,"GiZScore":-2.2349269014902782,"GiPValue":0.025422148120241812,"NNeighbors":174,"Gi_Bin":-2}},{"type":"Feature","id":268,"geometry":{"type":"Point","coordinates":[98.9989583603612,18.763985820429749]},"properties":{"OBJECTID":268,"SOURCE_ID":268,"total_detect":2,"GiZScore":-2.3424785956892094,"GiPValue":0.01915613272882408,"NNeighbors":180,"Gi_Bin":-2}},{"type":"Feature","id":269,"geometry":{"type":"Point","coordinates":[99.000326460372463,18.764831150040926]},"properties":{"OBJECTID":269,"SOURCE_ID":269,"total_detect":2,"GiZScore":-2.3983450764631633,"GiPValue":0.016469341680857976,"NNeighbors":197,"Gi_Bin":-2}},{"type":"Feature","id":270,"geometry":{"type":"Point","coordinates":[98.996545720039052,18.764915480116567]},"properties":{"OBJECTID":270,"SOURCE_ID":270,"total_detect":1,"GiZScore":-1.9148639380413595,"GiPValue":0.055509857851409244,"NNeighbors":220,"Gi_Bin":-1}},{"type":"Feature","id":271,"geometry":{"type":"Point","coordinates":[98.997754530242332,18.765672979645309]},"properties":{"OBJECTID":271,"SOURCE_ID":271,"total_detect":4,"GiZScore":-2.1250231572559231,"GiPValue":0.0335846806581006,"NNeighbors":219,"Gi_Bin":-2}},{"type":"Feature","id":272,"geometry":{"type":"Point","coordinates":[98.999957639817296,18.765989539707093]},"properties":{"OBJECTID":272,"SOURCE_ID":272,"total_detect":1,"GiZScore":-2.600072282831043,"GiPValue":0.0093204126006259606,"NNeighbors":208,"Gi_Bin":-3}},{"type":"Feature","id":273,"geometry":{"type":"Point","coordinates":[99.004364490422361,18.784004869979665]},"properties":{"OBJECTID":273,"SOURCE_ID":273,"total_detect":1,"GiZScore":-0.49677582612665899,"GiPValue":0.6193471458960037,"NNeighbors":254,"Gi_Bin":0}},{"type":"Feature","id":274,"geometry":{"type":"Point","coordinates":[99.004553779660867,18.784017850206162]},"properties":{"OBJECTID":274,"SOURCE_ID":274,"total_detect":16,"GiZScore":-0.43699316925255222,"GiPValue":0.66211630312105796,"NNeighbors":249,"Gi_Bin":0}},{"type":"Feature","id":275,"geometry":{"type":"Point","coordinates":[98.999728030059742,18.786004710411355]},"properties":{"OBJECTID":275,"SOURCE_ID":275,"total_detect":2,"GiZScore":0.66181366262523267,"GiPValue":0.50809065311422374,"NNeighbors":309,"Gi_Bin":0}},{"type":"Feature","id":276,"geometry":{"type":"Point","coordinates":[98.999926049813823,18.786974869687143]},"properties":{"OBJECTID":276,"SOURCE_ID":276,"total_detect":2,"GiZScore":0.7405631306654179,"GiPValue":0.45895837570914888,"NNeighbors":293,"Gi_Bin":0}},{"type":"Feature","id":277,"geometry":{"type":"Point","coordinates":[98.999077500012291,18.781414129623112]},"properties":{"OBJECTID":277,"SOURCE_ID":277,"total_detect":2,"GiZScore":0.87727018817524349,"GiPValue":0.38033991005679957,"NNeighbors":291,"Gi_Bin":0}},{"type":"Feature","id":278,"geometry":{"type":"Point","coordinates":[98.999313819751251,18.78299794985212]},"properties":{"OBJECTID":278,"SOURCE_ID":278,"total_detect":1,"GiZScore":0.68477293361370273,"GiPValue":0.49348722216466678,"NNeighbors":300,"Gi_Bin":0}},{"type":"Feature","id":279,"geometry":{"type":"Point","coordinates":[98.999363359606733,18.783538159552858]},"properties":{"OBJECTID":279,"SOURCE_ID":279,"total_detect":6,"GiZScore":0.68496453596519014,"GiPValue":0.49336630470489506,"NNeighbors":303,"Gi_Bin":0}},{"type":"Feature","id":280,"geometry":{"type":"Point","coordinates":[98.999379869799014,18.783718239686181]},"properties":{"OBJECTID":280,"SOURCE_ID":280,"total_detect":3,"GiZScore":0.67711847969782013,"GiPValue":0.49833078934322439,"NNeighbors":304,"Gi_Bin":0}},{"type":"Feature","id":281,"geometry":{"type":"Point","coordinates":[98.999396390464341,18.783898309872942]},"properties":{"OBJECTID":281,"SOURCE_ID":281,"total_detect":1,"GiZScore":0.7008666069998043,"GiPValue":0.48338627069571205,"NNeighbors":304,"Gi_Bin":0}},{"type":"Feature","id":282,"geometry":{"type":"Point","coordinates":[98.998410420415397,18.784271080221799]},"properties":{"OBJECTID":282,"SOURCE_ID":282,"total_detect":2,"GiZScore":0.59865751527523681,"GiPValue":0.54940129668573356,"NNeighbors":308,"Gi_Bin":0}},{"type":"Feature","id":283,"geometry":{"type":"Point","coordinates":[98.998359220045785,18.783526039940323]},"properties":{"OBJECTID":283,"SOURCE_ID":283,"total_detect":10,"GiZScore":0.54301546105928167,"GiPValue":0.58711915965193484,"NNeighbors":306,"Gi_Bin":0}},{"type":"Feature","id":284,"geometry":{"type":"Point","coordinates":[98.998440230010075,18.781716389754084]},"properties":{"OBJECTID":284,"SOURCE_ID":284,"total_detect":2,"GiZScore":0.69301464016650471,"GiPValue":0.488300368761174,"NNeighbors":305,"Gi_Bin":0}},{"type":"Feature","id":285,"geometry":{"type":"Point","coordinates":[98.998259339672074,18.780678170429358]},"properties":{"OBJECTID":285,"SOURCE_ID":285,"total_detect":2,"GiZScore":0.75634419287000698,"GiPValue":0.44944286445806358,"NNeighbors":300,"Gi_Bin":0}},{"type":"Feature","id":286,"geometry":{"type":"Point","coordinates":[98.997433310214632,18.779224710305499]},"properties":{"OBJECTID":286,"SOURCE_ID":286,"total_detect":1,"GiZScore":0.088345773144500567,"GiPValue":0.92960185945009499,"NNeighbors":300,"Gi_Bin":0}},{"type":"Feature","id":287,"geometry":{"type":"Point","coordinates":[98.997065120428132,18.778871800180156]},"properties":{"OBJECTID":287,"SOURCE_ID":287,"total_detect":1,"GiZScore":0.035919042544249338,"GiPValue":0.97134691190745182,"NNeighbors":304,"Gi_Bin":0}},{"type":"Feature","id":288,"geometry":{"type":"Point","coordinates":[99.002966619872566,18.784592189788334]},"properties":{"OBJECTID":288,"SOURCE_ID":288,"total_detect":1,"GiZScore":0.20800404982101925,"GiPValue":0.83522580534581303,"NNeighbors":274,"Gi_Bin":0}},{"type":"Feature","id":289,"geometry":{"type":"Point","coordinates":[99.002941220191659,18.785119910156201]},"properties":{"OBJECTID":289,"SOURCE_ID":289,"total_detect":1,"GiZScore":0.19095331554609807,"GiPValue":0.84856216894747527,"NNeighbors":273,"Gi_Bin":0}},{"type":"Feature","id":290,"geometry":{"type":"Point","coordinates":[99.002903640340634,18.785660080379621]},"properties":{"OBJECTID":290,"SOURCE_ID":290,"total_detect":1,"GiZScore":0.1946939231351314,"GiPValue":0.84563256962139755,"NNeighbors":279,"Gi_Bin":0}},{"type":"Feature","id":291,"geometry":{"type":"Point","coordinates":[99.004107550458343,18.789874760315943]},"properties":{"OBJECTID":291,"SOURCE_ID":291,"total_detect":3,"GiZScore":1.5189596208754863,"GiPValue":0.12877266017229339,"NNeighbors":250,"Gi_Bin":0}},{"type":"Feature","id":292,"geometry":{"type":"Point","coordinates":[99.003602940100706,18.790724929753065]},"properties":{"OBJECTID":292,"SOURCE_ID":292,"total_detect":1,"GiZScore":1.6570940185605296,"GiPValue":0.097500468259266254,"NNeighbors":254,"Gi_Bin":1}},{"type":"Feature","id":293,"geometry":{"type":"Point","coordinates":[98.979308320006524,18.768281399660562]},"properties":{"OBJECTID":293,"SOURCE_ID":293,"total_detect":3,"GiZScore":-0.40445216819317925,"GiPValue":0.6858802455694295,"NNeighbors":200,"Gi_Bin":0}},{"type":"Feature","id":294,"geometry":{"type":"Point","coordinates":[98.979093949757115,18.768342529927626]},"properties":{"OBJECTID":294,"SOURCE_ID":294,"total_detect":2,"GiZScore":-0.56366483745938789,"GiPValue":0.57298225454347029,"NNeighbors":195,"Gi_Bin":0}},{"type":"Feature","id":295,"geometry":{"type":"Point","coordinates":[98.988296329814844,18.766324859563412]},"properties":{"OBJECTID":295,"SOURCE_ID":295,"total_detect":1,"GiZScore":-1.3853153963900358,"GiPValue":0.16595604791888016,"NNeighbors":268,"Gi_Bin":0}},{"type":"Feature","id":296,"geometry":{"type":"Point","coordinates":[98.989019040291069,18.766083069649632]},"properties":{"OBJECTID":296,"SOURCE_ID":296,"total_detect":1,"GiZScore":-1.0694951260781251,"GiPValue":0.28484663995283332,"NNeighbors":265,"Gi_Bin":0}},{"type":"Feature","id":297,"geometry":{"type":"Point","coordinates":[98.989735620203646,18.765844629664404]},"properties":{"OBJECTID":297,"SOURCE_ID":297,"total_detect":4,"GiZScore":-0.92640985362896033,"GiPValue":0.35423303609909762,"NNeighbors":262,"Gi_Bin":0}},{"type":"Feature","id":298,"geometry":{"type":"Point","coordinates":[98.991831910360261,18.764702710359241]},"properties":{"OBJECTID":298,"SOURCE_ID":298,"total_detect":2,"GiZScore":-1.5700552194441761,"GiPValue":0.11640226529866422,"NNeighbors":241,"Gi_Bin":0}},{"type":"Feature","id":299,"geometry":{"type":"Point","coordinates":[98.991976920074762,18.764586120313208]},"properties":{"OBJECTID":299,"SOURCE_ID":299,"total_detect":1,"GiZScore":-1.6268645462015008,"GiPValue":0.10376586927649334,"NNeighbors":242,"Gi_Bin":0}},{"type":"Feature","id":300,"geometry":{"type":"Point","coordinates":[98.99212192010252,18.764469520211108]},"properties":{"OBJECTID":300,"SOURCE_ID":300,"total_detect":1,"GiZScore":-1.6684279668800865,"GiPValue":0.095230800336076282,"NNeighbors":240,"Gi_Bin":-1}},{"type":"Feature","id":301,"geometry":{"type":"Point","coordinates":[98.992483779955222,18.764174850286711]},"properties":{"OBJECTID":301,"SOURCE_ID":301,"total_detect":1,"GiZScore":-1.6119864459704782,"GiPValue":0.10696488920952295,"NNeighbors":234,"Gi_Bin":0}},{"type":"Feature","id":302,"geometry":{"type":"Point","coordinates":[98.992723820123956,18.76398027980175]},"properties":{"OBJECTID":302,"SOURCE_ID":302,"total_detect":2,"GiZScore":-1.5179102610675033,"GiPValue":0.12903702284559232,"NNeighbors":226,"Gi_Bin":0}},{"type":"Feature","id":303,"geometry":{"type":"Point","coordinates":[99.024446169703808,18.762811130182545]},"properties":{"OBJECTID":303,"SOURCE_ID":303,"total_detect":1,"GiZScore":-0.43235767698792421,"GiPValue":0.66548147468728069,"NNeighbors":111,"Gi_Bin":0}},{"type":"Feature","id":304,"geometry":{"type":"Point","coordinates":[99.023088600395354,18.76232558977221]},"properties":{"OBJECTID":304,"SOURCE_ID":304,"total_detect":2,"GiZScore":-0.51278352930598303,"GiPValue":0.60810275442089612,"NNeighbors":112,"Gi_Bin":0}},{"type":"Feature","id":305,"geometry":{"type":"Point","coordinates":[99.022759610428935,18.762203529663818]},"properties":{"OBJECTID":305,"SOURCE_ID":305,"total_detect":2,"GiZScore":-0.51278352930598303,"GiPValue":0.60810275442089612,"NNeighbors":112,"Gi_Bin":0}},{"type":"Feature","id":306,"geometry":{"type":"Point","coordinates":[98.987020880441008,18.766620660356764]},"properties":{"OBJECTID":306,"SOURCE_ID":306,"total_detect":1,"GiZScore":-1.2153204204227479,"GiPValue":0.22424392904744017,"NNeighbors":273,"Gi_Bin":0}},{"type":"Feature","id":307,"geometry":{"type":"Point","coordinates":[98.986577200224886,18.766765980348641]},"properties":{"OBJECTID":307,"SOURCE_ID":307,"total_detect":1,"GiZScore":-1.3798183310427377,"GiPValue":0.16764258709677035,"NNeighbors":267,"Gi_Bin":0}},{"type":"Feature","id":308,"geometry":{"type":"Point","coordinates":[98.986397650201539,18.766824469776676]},"properties":{"OBJECTID":308,"SOURCE_ID":308,"total_detect":1,"GiZScore":-1.3494062543513916,"GiPValue":0.17720651302610549,"NNeighbors":266,"Gi_Bin":0}},{"type":"Feature","id":309,"geometry":{"type":"Point","coordinates":[98.985091660465642,18.767246700067826]},"properties":{"OBJECTID":309,"SOURCE_ID":309,"total_detect":1,"GiZScore":-1.2795049894738189,"GiPValue":0.20071930950890349,"NNeighbors":249,"Gi_Bin":0}},{"type":"Feature","id":310,"geometry":{"type":"Point","coordinates":[98.984679549952546,18.767355870028879]},"properties":{"OBJECTID":310,"SOURCE_ID":310,"total_detect":6,"GiZScore":-1.2425761502710511,"GiPValue":0.21402408693739994,"NNeighbors":247,"Gi_Bin":0}},{"type":"Feature","id":311,"geometry":{"type":"Point","coordinates":[98.984496419809702,18.767403249740056]},"properties":{"OBJECTID":311,"SOURCE_ID":311,"total_detect":1,"GiZScore":-1.1482195020073249,"GiPValue":0.2508779798385764,"NNeighbors":244,"Gi_Bin":0}},{"type":"Feature","id":312,"geometry":{"type":"Point","coordinates":[98.984244620055904,18.767454659828445]},"properties":{"OBJECTID":312,"SOURCE_ID":312,"total_detect":1,"GiZScore":-1.0256313206609542,"GiPValue":0.30506541263854392,"NNeighbors":245,"Gi_Bin":0}},{"type":"Feature","id":313,"geometry":{"type":"Point","coordinates":[98.98314323002603,18.767642339930237]},"properties":{"OBJECTID":313,"SOURCE_ID":313,"total_detect":3,"GiZScore":-0.81473326619746056,"GiPValue":0.4152250147443689,"NNeighbors":232,"Gi_Bin":0}},{"type":"Feature","id":314,"geometry":{"type":"Point","coordinates":[98.982902810200954,18.767677829858759]},"properties":{"OBJECTID":314,"SOURCE_ID":314,"total_detect":2,"GiZScore":-0.85446358678437917,"GiPValue":0.39284818556012369,"NNeighbors":230,"Gi_Bin":0}},{"type":"Feature","id":315,"geometry":{"type":"Point","coordinates":[98.982715210470303,18.767705070044599]},"properties":{"OBJECTID":315,"SOURCE_ID":315,"total_detect":1,"GiZScore":-0.97990962131366899,"GiPValue":0.32713074594326386,"NNeighbors":229,"Gi_Bin":0}},{"type":"Feature","id":316,"geometry":{"type":"Point","coordinates":[98.982024920230302,18.767803379900005]},"properties":{"OBJECTID":316,"SOURCE_ID":316,"total_detect":1,"GiZScore":-0.81586757265018639,"GiPValue":0.41457588806793844,"NNeighbors":224,"Gi_Bin":0}},{"type":"Feature","id":317,"geometry":{"type":"Point","coordinates":[98.993049320251174,18.763548230132496]},"properties":{"OBJECTID":317,"SOURCE_ID":317,"total_detect":3,"GiZScore":-1.8560091785623041,"GiPValue":0.063452249792067539,"NNeighbors":213,"Gi_Bin":-1}},{"type":"Feature","id":318,"geometry":{"type":"Point","coordinates":[98.992545789942767,18.763962420196023]},"properties":{"OBJECTID":318,"SOURCE_ID":318,"total_detect":6,"GiZScore":-1.5231576661773125,"GiPValue":0.12771926449323759,"NNeighbors":227,"Gi_Bin":0}},{"type":"Feature","id":319,"geometry":{"type":"Point","coordinates":[98.991774709975147,18.764594270052676]},"properties":{"OBJECTID":319,"SOURCE_ID":319,"total_detect":6,"GiZScore":-1.5648592085092567,"GiPValue":0.11761592510839065,"NNeighbors":240,"Gi_Bin":0}},{"type":"Feature","id":320,"geometry":{"type":"Point","coordinates":[98.991629420236293,18.764710539987028]},"properties":{"OBJECTID":320,"SOURCE_ID":320,"total_detect":1,"GiZScore":-1.5804284461972347,"GiPValue":0.11400878138438247,"NNeighbors":243,"Gi_Bin":0}},{"type":"Feature","id":321,"geometry":{"type":"Point","coordinates":[98.990725409962934,18.765303770402337]},"properties":{"OBJECTID":321,"SOURCE_ID":321,"total_detect":1,"GiZScore":-1.3076444735383066,"GiPValue":0.19099392491297248,"NNeighbors":254,"Gi_Bin":0}},{"type":"Feature","id":322,"geometry":{"type":"Point","coordinates":[99.008257780455111,18.760089509847869]},"properties":{"OBJECTID":322,"SOURCE_ID":322,"total_detect":2,"GiZScore":-0.83429862820891931,"GiPValue":0.40411273279850091,"NNeighbors":107,"Gi_Bin":0}},{"type":"Feature","id":323,"geometry":{"type":"Point","coordinates":[99.007852100336763,18.760026339615628]},"properties":{"OBJECTID":323,"SOURCE_ID":323,"total_detect":2,"GiZScore":-0.84886949356175267,"GiPValue":0.39595392412409569,"NNeighbors":109,"Gi_Bin":0}},{"type":"Feature","id":324,"geometry":{"type":"Point","coordinates":[99.007480310086038,18.759953810193114]},"properties":{"OBJECTID":324,"SOURCE_ID":324,"total_detect":2,"GiZScore":-0.93510568630747459,"GiPValue":0.349733847548655,"NNeighbors":111,"Gi_Bin":0}},{"type":"Feature","id":325,"geometry":{"type":"Point","coordinates":[99.009376330162993,18.761468189693456]},"properties":{"OBJECTID":325,"SOURCE_ID":325,"total_detect":1,"GiZScore":-0.29821103892697259,"GiPValue":0.76554209745102797,"NNeighbors":142,"Gi_Bin":0}},{"type":"Feature","id":326,"geometry":{"type":"Point","coordinates":[99.012218499750261,18.769110339782966]},"properties":{"OBJECTID":326,"SOURCE_ID":326,"total_detect":1,"GiZScore":-1.0767597202568902,"GiPValue":0.28158764095423505,"NNeighbors":163,"Gi_Bin":0}},{"type":"Feature","id":327,"geometry":{"type":"Point","coordinates":[99.012217599585654,18.768929589776935]},"properties":{"OBJECTID":327,"SOURCE_ID":327,"total_detect":1,"GiZScore":-1.046443805294639,"GiPValue":0.29535619212656605,"NNeighbors":163,"Gi_Bin":0}},{"type":"Feature","id":328,"geometry":{"type":"Point","coordinates":[99.012215800210683,18.768568079812624]},"properties":{"OBJECTID":328,"SOURCE_ID":328,"total_detect":1,"GiZScore":-0.90153162316487112,"GiPValue":0.36730573794861665,"NNeighbors":164,"Gi_Bin":0}},{"type":"Feature","id":329,"geometry":{"type":"Point","coordinates":[99.012221370363406,18.768247239950913]},"properties":{"OBJECTID":329,"SOURCE_ID":329,"total_detect":1,"GiZScore":-1.2283392950681453,"GiPValue":0.21931964891104316,"NNeighbors":163,"Gi_Bin":0}},{"type":"Feature","id":330,"geometry":{"type":"Point","coordinates":[99.012252389733163,18.767600749819707]},"properties":{"OBJECTID":330,"SOURCE_ID":330,"total_detect":2,"GiZScore":-1.2283392950681453,"GiPValue":0.21931964891104316,"NNeighbors":163,"Gi_Bin":0}},{"type":"Feature","id":331,"geometry":{"type":"Point","coordinates":[99.011631320466648,18.771379990448288]},"properties":{"OBJECTID":331,"SOURCE_ID":331,"total_detect":2,"GiZScore":-1.0652017083928031,"GiPValue":0.28678467659804274,"NNeighbors":166,"Gi_Bin":0}},{"type":"Feature","id":332,"geometry":{"type":"Point","coordinates":[99.01087845020075,18.773435460021929]},"properties":{"OBJECTID":332,"SOURCE_ID":332,"total_detect":2,"GiZScore":-0.83552210506880409,"GiPValue":0.40342381435861263,"NNeighbors":172,"Gi_Bin":0}},{"type":"Feature","id":333,"geometry":{"type":"Point","coordinates":[99.010772369593127,18.773585339947733]},"properties":{"OBJECTID":333,"SOURCE_ID":333,"total_detect":2,"GiZScore":-0.83552210506880409,"GiPValue":0.40342381435861263,"NNeighbors":172,"Gi_Bin":0}},{"type":"Feature","id":334,"geometry":{"type":"Point","coordinates":[99.010654879677901,18.773762040446126]},"properties":{"OBJECTID":334,"SOURCE_ID":334,"total_detect":2,"GiZScore":-0.86240812696174185,"GiPValue":0.38846297884544101,"NNeighbors":176,"Gi_Bin":0}},{"type":"Feature","id":335,"geometry":{"type":"Point","coordinates":[99.017897449727911,18.785410820090206]},"properties":{"OBJECTID":335,"SOURCE_ID":335,"total_detect":2,"GiZScore":-1.5921302746151575,"GiPValue":0.11135543587963696,"NNeighbors":163,"Gi_Bin":0}},{"type":"Feature","id":336,"geometry":{"type":"Point","coordinates":[99.017901100297536,18.785591549599722]},"properties":{"OBJECTID":336,"SOURCE_ID":336,"total_detect":3,"GiZScore":-1.516430762673233,"GiPValue":0.12941046531872963,"NNeighbors":160,"Gi_Bin":0}},{"type":"Feature","id":337,"geometry":{"type":"Point","coordinates":[99.017919359904695,18.786495169979375]},"properties":{"OBJECTID":337,"SOURCE_ID":337,"total_detect":1,"GiZScore":-1.5937158646570484,"GiPValue":0.11099968925864941,"NNeighbors":157,"Gi_Bin":0}},{"type":"Feature","id":338,"geometry":{"type":"Point","coordinates":[99.01791789960167,18.786845900006586]},"properties":{"OBJECTID":338,"SOURCE_ID":338,"total_detect":1,"GiZScore":-1.567794027849879,"GiPValue":0.11692920911304061,"NNeighbors":158,"Gi_Bin":0}},{"type":"Feature","id":339,"geometry":{"type":"Point","coordinates":[99.013378260458168,18.800863130340769]},"properties":{"OBJECTID":339,"SOURCE_ID":339,"total_detect":1,"GiZScore":1.0357152019577802,"GiPValue":0.3003350428361844,"NNeighbors":121,"Gi_Bin":0}},{"type":"Feature","id":340,"geometry":{"type":"Point","coordinates":[99.013150180394092,18.801117959604429]},"properties":{"OBJECTID":340,"SOURCE_ID":340,"total_detect":1,"GiZScore":1.5064251735047265,"GiPValue":0.13195806243477134,"NNeighbors":124,"Gi_Bin":0}},{"type":"Feature","id":341,"geometry":{"type":"Point","coordinates":[99.011184690022446,18.803763760108058]},"properties":{"OBJECTID":341,"SOURCE_ID":341,"total_detect":2,"GiZScore":1.7443930899165447,"GiPValue":0.08109056911319544,"NNeighbors":122,"Gi_Bin":1}},{"type":"Feature","id":342,"geometry":{"type":"Point","coordinates":[99.009685419607791,18.801838269928449]},"properties":{"OBJECTID":342,"SOURCE_ID":342,"total_detect":14,"GiZScore":2.0542427508720533,"GiPValue":0.03995220259825779,"NNeighbors":152,"Gi_Bin":2}},{"type":"Feature","id":343,"geometry":{"type":"Point","coordinates":[99.015537390432968,18.802617349946207]},"properties":{"OBJECTID":343,"SOURCE_ID":343,"total_detect":1,"GiZScore":1.1685909093860607,"GiPValue":0.24256851293144777,"NNeighbors":87,"Gi_Bin":0}},{"type":"Feature","id":344,"geometry":{"type":"Point","coordinates":[99.014424190303984,18.803391259608752]},"properties":{"OBJECTID":344,"SOURCE_ID":344,"total_detect":4,"GiZScore":1.7307241361382206,"GiPValue":0.083500978281773733,"NNeighbors":87,"Gi_Bin":1}},{"type":"Feature","id":345,"geometry":{"type":"Point","coordinates":[99.015204239613794,18.805013229797005]},"properties":{"OBJECTID":345,"SOURCE_ID":345,"total_detect":1,"GiZScore":2.4371698398298349,"GiPValue":0.014802724973299522,"NNeighbors":69,"Gi_Bin":2}},{"type":"Feature","id":346,"geometry":{"type":"Point","coordinates":[99.014372820123427,18.806026320310743]},"properties":{"OBJECTID":346,"SOURCE_ID":346,"total_detect":2,"GiZScore":2.9081226076471212,"GiPValue":0.0036360574979889021,"NNeighbors":71,"Gi_Bin":3}},{"type":"Feature","id":347,"geometry":{"type":"Point","coordinates":[99.014509560150231,18.805900949896383]},"properties":{"OBJECTID":347,"SOURCE_ID":347,"total_detect":7,"GiZScore":2.9081226076471212,"GiPValue":0.0036360574979889021,"NNeighbors":71,"Gi_Bin":3}},{"type":"Feature","id":348,"geometry":{"type":"Point","coordinates":[99.014783039597958,18.805650229549538]},"properties":{"OBJECTID":348,"SOURCE_ID":348,"total_detect":1,"GiZScore":2.7630500523450681,"GiPValue":0.0057263984410504806,"NNeighbors":70,"Gi_Bin":3}},{"type":"Feature","id":349,"geometry":{"type":"Point","coordinates":[99.013866090383118,18.806298999672933]},"properties":{"OBJECTID":349,"SOURCE_ID":349,"total_detect":2,"GiZScore":2.9081226076471212,"GiPValue":0.0036360574979889021,"NNeighbors":71,"Gi_Bin":3}},{"type":"Feature","id":350,"geometry":{"type":"Point","coordinates":[99.014373040260224,18.805299420318473]},"properties":{"OBJECTID":350,"SOURCE_ID":350,"total_detect":2,"GiZScore":2.8008618909767051,"GiPValue":0.0050966326006863403,"NNeighbors":73,"Gi_Bin":3}},{"type":"Feature","id":351,"geometry":{"type":"Point","coordinates":[98.99807433020186,18.789860779597067]},"properties":{"OBJECTID":351,"SOURCE_ID":351,"total_detect":1,"GiZScore":1.250592750521812,"GiPValue":0.21108312116543992,"NNeighbors":298,"Gi_Bin":0}},{"type":"Feature","id":352,"geometry":{"type":"Point","coordinates":[98.997767029767601,18.790092169654745]},"properties":{"OBJECTID":352,"SOURCE_ID":352,"total_detect":3,"GiZScore":1.1958970946693903,"GiPValue":0.23173674070768591,"NNeighbors":296,"Gi_Bin":0}},{"type":"Feature","id":353,"geometry":{"type":"Point","coordinates":[99.000184430018095,18.788782769738106]},"properties":{"OBJECTID":353,"SOURCE_ID":353,"total_detect":2,"GiZScore":0.85370143494360251,"GiPValue":0.39327044753874529,"NNeighbors":288,"Gi_Bin":0}},{"type":"Feature","id":354,"geometry":{"type":"Point","coordinates":[99.000388639667463,18.789679039862168]},"properties":{"OBJECTID":354,"SOURCE_ID":354,"total_detect":2,"GiZScore":0.72518150774142121,"GiPValue":0.46834069142183044,"NNeighbors":277,"Gi_Bin":0}},{"type":"Feature","id":355,"geometry":{"type":"Point","coordinates":[99.000218319736888,18.790002120303956]},"properties":{"OBJECTID":355,"SOURCE_ID":355,"total_detect":6,"GiZScore":0.72518150774142121,"GiPValue":0.46834069142183044,"NNeighbors":277,"Gi_Bin":0}},{"type":"Feature","id":356,"geometry":{"type":"Point","coordinates":[98.999034340108707,18.799017610246818]},"properties":{"OBJECTID":356,"SOURCE_ID":356,"total_detect":4,"GiZScore":1.789078697097829,"GiPValue":0.073602142425634787,"NNeighbors":251,"Gi_Bin":1}},{"type":"Feature","id":357,"geometry":{"type":"Point","coordinates":[98.999339509671202,18.798947609571197]},"properties":{"OBJECTID":357,"SOURCE_ID":357,"total_detect":2,"GiZScore":1.7534133972928854,"GiPValue":0.079531073008157829,"NNeighbors":252,"Gi_Bin":1}},{"type":"Feature","id":358,"geometry":{"type":"Point","coordinates":[98.999826229574836,18.798689629759266]},"properties":{"OBJECTID":358,"SOURCE_ID":358,"total_detect":2,"GiZScore":1.9479305744294289,"GiPValue":0.051423270826493152,"NNeighbors":248,"Gi_Bin":1}},{"type":"Feature","id":359,"geometry":{"type":"Point","coordinates":[98.999971469753632,18.798573259883383]},"properties":{"OBJECTID":359,"SOURCE_ID":359,"total_detect":1,"GiZScore":2.0905422914112477,"GiPValue":0.036569113511570141,"NNeighbors":249,"Gi_Bin":2}},{"type":"Feature","id":360,"geometry":{"type":"Point","coordinates":[99.000116700242984,18.798456889893085]},"properties":{"OBJECTID":360,"SOURCE_ID":360,"total_detect":4,"GiZScore":1.9523221664405914,"GiPValue":0.050899967351058853,"NNeighbors":250,"Gi_Bin":1}},{"type":"Feature","id":361,"geometry":{"type":"Point","coordinates":[99.000261929583729,18.798340519788344]},"properties":{"OBJECTID":361,"SOURCE_ID":361,"total_detect":2,"GiZScore":1.9628889853171165,"GiPValue":0.049659074917337766,"NNeighbors":249,"Gi_Bin":2}},{"type":"Feature","id":362,"geometry":{"type":"Point","coordinates":[98.996898149892502,18.786241800320635]},"properties":{"OBJECTID":362,"SOURCE_ID":362,"total_detect":1,"GiZScore":1.1762796813269576,"GiPValue":0.23948315316247148,"NNeighbors":321,"Gi_Bin":0}},{"type":"Feature","id":363,"geometry":{"type":"Point","coordinates":[98.996851790372489,18.786053410076658]},"properties":{"OBJECTID":363,"SOURCE_ID":363,"total_detect":1,"GiZScore":1.1914225466409578,"GiPValue":0.23348776748302491,"NNeighbors":322,"Gi_Bin":0}},{"type":"Feature","id":364,"geometry":{"type":"Point","coordinates":[98.996020340285327,18.789190969863377]},"properties":{"OBJECTID":364,"SOURCE_ID":364,"total_detect":4,"GiZScore":1.0532903823511341,"GiPValue":0.29220794090249003,"NNeighbors":316,"Gi_Bin":0}},{"type":"Feature","id":365,"geometry":{"type":"Point","coordinates":[99.006931209707673,18.788454829681207]},"properties":{"OBJECTID":365,"SOURCE_ID":365,"total_detect":1,"GiZScore":0.06140394931934906,"GiPValue":0.95103750719373137,"NNeighbors":234,"Gi_Bin":0}},{"type":"Feature","id":366,"geometry":{"type":"Point","coordinates":[99.007233379741237,18.791219179777627]},"properties":{"OBJECTID":366,"SOURCE_ID":366,"total_detect":1,"GiZScore":0.39752329921101748,"GiPValue":0.69098160965343669,"NNeighbors":219,"Gi_Bin":0}},{"type":"Feature","id":367,"geometry":{"type":"Point","coordinates":[99.005535370326598,18.792433860386009]},"properties":{"OBJECTID":367,"SOURCE_ID":367,"total_detect":1,"GiZScore":1.4722849028760121,"GiPValue":0.14094395839125978,"NNeighbors":229,"Gi_Bin":0}},{"type":"Feature","id":368,"geometry":{"type":"Point","coordinates":[99.004867509902837,18.792389099870523]},"properties":{"OBJECTID":368,"SOURCE_ID":368,"total_detect":2,"GiZScore":1.5939879218010526,"GiPValue":0.11093874017290473,"NNeighbors":240,"Gi_Bin":0}},{"type":"Feature","id":369,"geometry":{"type":"Point","coordinates":[99.004324240014299,18.792226809951337]},"properties":{"OBJECTID":369,"SOURCE_ID":369,"total_detect":2,"GiZScore":1.6509805819623471,"GiPValue":0.098742539975980925,"NNeighbors":242,"Gi_Bin":1}},{"type":"Feature","id":370,"geometry":{"type":"Point","coordinates":[99.004427719643047,18.809778339974894]},"properties":{"OBJECTID":370,"SOURCE_ID":370,"total_detect":2,"GiZScore":3.099749310174698,"GiPValue":0.0019368449796432598,"NNeighbors":136,"Gi_Bin":3}},{"type":"Feature","id":371,"geometry":{"type":"Point","coordinates":[99.004481820043125,18.810280120346896]},"properties":{"OBJECTID":371,"SOURCE_ID":371,"total_detect":2,"GiZScore":3.2262256943301066,"GiPValue":0.0012543440269319893,"NNeighbors":133,"Gi_Bin":3}},{"type":"Feature","id":372,"geometry":{"type":"Point","coordinates":[98.985013719800861,18.794216519702672]},"properties":{"OBJECTID":372,"SOURCE_ID":372,"total_detect":1,"GiZScore":1.1596889526632543,"GiPValue":0.24617548957647284,"NNeighbors":289,"Gi_Bin":0}},{"type":"Feature","id":373,"geometry":{"type":"Point","coordinates":[98.984992439606302,18.794396139640021]},"properties":{"OBJECTID":373,"SOURCE_ID":373,"total_detect":1,"GiZScore":1.2563753351946554,"GiPValue":0.20897994441618972,"NNeighbors":289,"Gi_Bin":0}},{"type":"Feature","id":374,"geometry":{"type":"Point","coordinates":[98.985911890225211,18.794268789741274]},"properties":{"OBJECTID":374,"SOURCE_ID":374,"total_detect":1,"GiZScore":1.1425102459284151,"GiPValue":0.25324200879167869,"NNeighbors":291,"Gi_Bin":0}},{"type":"Feature","id":375,"geometry":{"type":"Point","coordinates":[98.984335800235215,18.794495100263298]},"properties":{"OBJECTID":375,"SOURCE_ID":375,"total_detect":1,"GiZScore":1.1527440719968121,"GiPValue":0.24901546584288736,"NNeighbors":287,"Gi_Bin":0}},{"type":"Feature","id":376,"geometry":{"type":"Point","coordinates":[98.978952489925931,18.79450880031969]},"properties":{"OBJECTID":376,"SOURCE_ID":376,"total_detect":1,"GiZScore":-0.40040975085454455,"GiPValue":0.68885474448332906,"NNeighbors":262,"Gi_Bin":0}},{"type":"Feature","id":377,"geometry":{"type":"Point","coordinates":[98.979458160159339,18.793567429811009]},"properties":{"OBJECTID":377,"SOURCE_ID":377,"total_detect":2,"GiZScore":0.2292170317442575,"GiPValue":0.81870023571644601,"NNeighbors":268,"Gi_Bin":0}},{"type":"Feature","id":378,"geometry":{"type":"Point","coordinates":[98.979578889637608,18.793500330422884]},"properties":{"OBJECTID":378,"SOURCE_ID":378,"total_detect":1,"GiZScore":0.26180929167742073,"GiPValue":0.79346847542057808,"NNeighbors":267,"Gi_Bin":0}},{"type":"Feature","id":379,"geometry":{"type":"Point","coordinates":[98.978567839860261,18.793505090348415]},"properties":{"OBJECTID":379,"SOURCE_ID":379,"total_detect":1,"GiZScore":-0.57727173797462616,"GiPValue":0.56375590524910546,"NNeighbors":266,"Gi_Bin":0}},{"type":"Feature","id":380,"geometry":{"type":"Point","coordinates":[98.967817229831212,18.788932699577938]},"properties":{"OBJECTID":380,"SOURCE_ID":380,"total_detect":1,"GiZScore":0.4989161642166019,"GiPValue":0.61783844797693499,"NNeighbors":134,"Gi_Bin":0}},{"type":"Feature","id":381,"geometry":{"type":"Point","coordinates":[98.949559039931941,18.794307800023205]},"properties":{"OBJECTID":381,"SOURCE_ID":381,"total_detect":4,"GiZScore":1.4929993845764609,"GiPValue":0.13543734799290338,"NNeighbors":39,"Gi_Bin":0}},{"type":"Feature","id":382,"geometry":{"type":"Point","coordinates":[98.950182259886972,18.794193930035004]},"properties":{"OBJECTID":382,"SOURCE_ID":382,"total_detect":1,"GiZScore":1.2509563460715565,"GiPValue":0.21095042896682836,"NNeighbors":41,"Gi_Bin":0}},{"type":"Feature","id":383,"geometry":{"type":"Point","coordinates":[98.950561059699481,18.794109070089387]},"properties":{"OBJECTID":383,"SOURCE_ID":383,"total_detect":1,"GiZScore":1.2509563460715565,"GiPValue":0.21095042896682836,"NNeighbors":41,"Gi_Bin":0}},{"type":"Feature","id":384,"geometry":{"type":"Point","coordinates":[98.95092652011283,18.79401600037443]},"properties":{"OBJECTID":384,"SOURCE_ID":384,"total_detect":1,"GiZScore":1.3897749757661524,"GiPValue":0.16459721926601537,"NNeighbors":42,"Gi_Bin":0}},{"type":"Feature","id":385,"geometry":{"type":"Point","coordinates":[98.951436370139717,18.793871700155396]},"properties":{"OBJECTID":385,"SOURCE_ID":385,"total_detect":1,"GiZScore":2.4907610275241181,"GiPValue":0.012746982378498247,"NNeighbors":44,"Gi_Bin":2}},{"type":"Feature","id":386,"geometry":{"type":"Point","coordinates":[98.948232599914164,18.796901990446489]},"properties":{"OBJECTID":386,"SOURCE_ID":386,"total_detect":11,"GiZScore":1.4134680491589728,"GiPValue":0.15751814943872824,"NNeighbors":43,"Gi_Bin":0}},{"type":"Feature","id":387,"geometry":{"type":"Point","coordinates":[98.948491080397744,18.796212830449512]},"properties":{"OBJECTID":387,"SOURCE_ID":387,"total_detect":1,"GiZScore":1.5032332300540967,"GiPValue":0.13277891126484678,"NNeighbors":42,"Gi_Bin":0}},{"type":"Feature","id":388,"geometry":{"type":"Point","coordinates":[98.954717540405269,18.801582910095618]},"properties":{"OBJECTID":388,"SOURCE_ID":388,"total_detect":1,"GiZScore":2.2708708108898779,"GiPValue":0.023154799728044718,"NNeighbors":58,"Gi_Bin":2}},{"type":"Feature","id":389,"geometry":{"type":"Point","coordinates":[98.995630580106422,18.794562159918524]},"properties":{"OBJECTID":389,"SOURCE_ID":389,"total_detect":1,"GiZScore":1.8711307440547034,"GiPValue":0.061326961180321854,"NNeighbors":293,"Gi_Bin":1}},{"type":"Feature","id":390,"geometry":{"type":"Point","coordinates":[98.995705979631623,18.794195330159809]},"properties":{"OBJECTID":390,"SOURCE_ID":390,"total_detect":1,"GiZScore":2.0636218877257986,"GiPValue":0.039053580677828478,"NNeighbors":298,"Gi_Bin":2}},{"type":"Feature","id":391,"geometry":{"type":"Point","coordinates":[98.995742460183521,18.794017939890573]},"properties":{"OBJECTID":391,"SOURCE_ID":391,"total_detect":2,"GiZScore":2.0113472744699328,"GiPValue":0.044288788353492543,"NNeighbors":301,"Gi_Bin":2}},{"type":"Feature","id":392,"geometry":{"type":"Point","coordinates":[98.995815440036793,18.7936631701665]},"properties":{"OBJECTID":392,"SOURCE_ID":392,"total_detect":1,"GiZScore":2.0971649415789013,"GiPValue":0.035978976788172461,"NNeighbors":302,"Gi_Bin":2}},{"type":"Feature","id":393,"geometry":{"type":"Point","coordinates":[98.996026769714106,18.792733590173032]},"properties":{"OBJECTID":393,"SOURCE_ID":393,"total_detect":1,"GiZScore":1.9595173540049617,"GiPValue":0.050052229562791831,"NNeighbors":304,"Gi_Bin":1}},{"type":"Feature","id":394,"geometry":{"type":"Point","coordinates":[98.994992139852542,18.784481969761035]},"properties":{"OBJECTID":394,"SOURCE_ID":394,"total_detect":1,"GiZScore":1.4434588646610178,"GiPValue":0.14889125226485247,"NNeighbors":342,"Gi_Bin":0}},{"type":"Feature","id":395,"geometry":{"type":"Point","coordinates":[98.994954120416963,18.783578430433089]},"properties":{"OBJECTID":395,"SOURCE_ID":395,"total_detect":32,"GiZScore":0.81152121681103284,"GiPValue":0.41706642122666104,"NNeighbors":341,"Gi_Bin":0}},{"type":"Feature","id":396,"geometry":{"type":"Point","coordinates":[98.995266790322162,18.782700119571306]},"properties":{"OBJECTID":396,"SOURCE_ID":396,"total_detect":1,"GiZScore":0.51969710315095896,"GiPValue":0.6032747083720037,"NNeighbors":334,"Gi_Bin":0}},{"type":"Feature","id":397,"geometry":{"type":"Point","coordinates":[98.994824050418032,18.781668949717339]},"properties":{"OBJECTID":397,"SOURCE_ID":397,"total_detect":2,"GiZScore":0.38571034661690073,"GiPValue":0.69971120009041821,"NNeighbors":343,"Gi_Bin":0}},{"type":"Feature","id":398,"geometry":{"type":"Point","coordinates":[98.995160089959484,18.782566819607119]},"properties":{"OBJECTID":398,"SOURCE_ID":398,"total_detect":1,"GiZScore":0.45908585290879317,"GiPValue":0.64617251687341115,"NNeighbors":336,"Gi_Bin":0}},{"type":"Feature","id":399,"geometry":{"type":"Point","coordinates":[98.995384259624444,18.782842369968211]},"properties":{"OBJECTID":399,"SOURCE_ID":399,"total_detect":1,"GiZScore":0.39608976201358626,"GiPValue":0.69203881166765047,"NNeighbors":332,"Gi_Bin":0}},{"type":"Feature","id":400,"geometry":{"type":"Point","coordinates":[98.995971410123559,18.78390031991766]},"properties":{"OBJECTID":400,"SOURCE_ID":400,"total_detect":1,"GiZScore":0.89579080842765657,"GiPValue":0.37036450978717217,"NNeighbors":330,"Gi_Bin":0}},{"type":"Feature","id":401,"geometry":{"type":"Point","coordinates":[98.996061710205268,18.784155380294735]},"properties":{"OBJECTID":401,"SOURCE_ID":401,"total_detect":1,"GiZScore":0.91889401686584726,"GiPValue":0.3581510203568955,"NNeighbors":330,"Gi_Bin":0}},{"type":"Feature","id":402,"geometry":{"type":"Point","coordinates":[98.994178519941244,18.779965350083295]},"properties":{"OBJECTID":402,"SOURCE_ID":402,"total_detect":3,"GiZScore":0.38571034661690073,"GiPValue":0.69971120009041821,"NNeighbors":343,"Gi_Bin":0}},{"type":"Feature","id":403,"geometry":{"type":"Point","coordinates":[98.995254320182724,18.778251679817078]},"properties":{"OBJECTID":403,"SOURCE_ID":403,"total_detect":1,"GiZScore":-0.13423962645649018,"GiPValue":0.89321309211798461,"NNeighbors":332,"Gi_Bin":0}},{"type":"Feature","id":404,"geometry":{"type":"Point","coordinates":[98.995596700466578,18.778816669978639]},"properties":{"OBJECTID":404,"SOURCE_ID":404,"total_detect":1,"GiZScore":0.05018393023054505,"GiPValue":0.95997581723398617,"NNeighbors":322,"Gi_Bin":0}},{"type":"Feature","id":405,"geometry":{"type":"Point","coordinates":[98.995576119532075,18.779611929699424]},"properties":{"OBJECTID":405,"SOURCE_ID":405,"total_detect":2,"GiZScore":0.23826914704087662,"GiPValue":0.81167234960437362,"NNeighbors":325,"Gi_Bin":0}},{"type":"Feature","id":406,"geometry":{"type":"Point","coordinates":[98.994562590337381,18.778662560099047]},"properties":{"OBJECTID":406,"SOURCE_ID":406,"total_detect":2,"GiZScore":0.28033940924615125,"GiPValue":0.77921711855675446,"NNeighbors":345,"Gi_Bin":0}},{"type":"Feature","id":407,"geometry":{"type":"Point","coordinates":[98.994284879531207,18.779017659963891]},"properties":{"OBJECTID":407,"SOURCE_ID":407,"total_detect":1,"GiZScore":0.4481716983148018,"GiPValue":0.65402928775905633,"NNeighbors":347,"Gi_Bin":0}},{"type":"Feature","id":408,"geometry":{"type":"Point","coordinates":[98.993734469719953,18.779971850239004]},"properties":{"OBJECTID":408,"SOURCE_ID":408,"total_detect":5,"GiZScore":0.37716069601302726,"GiPValue":0.70605418792418217,"NNeighbors":357,"Gi_Bin":0}},{"type":"Feature","id":409,"geometry":{"type":"Point","coordinates":[98.991390849834502,18.77695234971269]},"properties":{"OBJECTID":409,"SOURCE_ID":409,"total_detect":2,"GiZScore":-0.23002529369815289,"GiPValue":0.81807211530532342,"NNeighbors":381,"Gi_Bin":0}},{"type":"Feature","id":410,"geometry":{"type":"Point","coordinates":[98.991884559815389,18.778802529655799]},"properties":{"OBJECTID":410,"SOURCE_ID":410,"total_detect":2,"GiZScore":-0.02866914916241628,"GiPValue":0.97712846164905987,"NNeighbors":384,"Gi_Bin":0}},{"type":"Feature","id":411,"geometry":{"type":"Point","coordinates":[98.991887160430636,18.780413650191669]},"properties":{"OBJECTID":411,"SOURCE_ID":411,"total_detect":1,"GiZScore":0.20529823426203461,"GiPValue":0.83733912365999708,"NNeighbors":382,"Gi_Bin":0}},{"type":"Feature","id":412,"geometry":{"type":"Point","coordinates":[98.989961900289899,18.776654510262198]},"properties":{"OBJECTID":412,"SOURCE_ID":412,"total_detect":2,"GiZScore":0.083771501310042809,"GiPValue":0.93323810701547261,"NNeighbors":387,"Gi_Bin":0}},{"type":"Feature","id":413,"geometry":{"type":"Point","coordinates":[98.990150800420224,18.776671819762718]},"properties":{"OBJECTID":413,"SOURCE_ID":413,"total_detect":2,"GiZScore":-0.019715296152101956,"GiPValue":0.98427048858520916,"NNeighbors":386,"Gi_Bin":0}},{"type":"Feature","id":414,"geometry":{"type":"Point","coordinates":[98.990339699640273,18.776689129976042]},"properties":{"OBJECTID":414,"SOURCE_ID":414,"total_detect":10,"GiZScore":-0.041735871260905819,"GiPValue":0.96670925773013616,"NNeighbors":386,"Gi_Bin":0}},{"type":"Feature","id":415,"geometry":{"type":"Point","coordinates":[98.990717500094135,18.776723749829912]},"properties":{"OBJECTID":415,"SOURCE_ID":415,"total_detect":2,"GiZScore":-0.2271478741329801,"GiPValue":0.82030875882250764,"NNeighbors":384,"Gi_Bin":0}},{"type":"Feature","id":416,"geometry":{"type":"Point","coordinates":[98.99102849002513,18.776747769687546]},"properties":{"OBJECTID":416,"SOURCE_ID":416,"total_detect":1,"GiZScore":-0.18946511760289789,"GiPValue":0.84972829214093626,"NNeighbors":385,"Gi_Bin":0}},{"type":"Feature","id":417,"geometry":{"type":"Point","coordinates":[98.989762379734458,18.774057620441571]},"properties":{"OBJECTID":417,"SOURCE_ID":417,"total_detect":1,"GiZScore":-0.16551539108986268,"GiPValue":0.86853833663106705,"NNeighbors":371,"Gi_Bin":0}},{"type":"Feature","id":418,"geometry":{"type":"Point","coordinates":[98.989566329548623,18.774805750184608]},"properties":{"OBJECTID":418,"SOURCE_ID":418,"total_detect":9,"GiZScore":-0.096077203610332396,"GiPValue":0.92345925642698823,"NNeighbors":374,"Gi_Bin":0}},{"type":"Feature","id":419,"geometry":{"type":"Point","coordinates":[98.989480139676729,18.775204660369138]},"properties":{"OBJECTID":419,"SOURCE_ID":419,"total_detect":18,"GiZScore":0.068365952330771307,"GiPValue":0.9454943244977938,"NNeighbors":376,"Gi_Bin":0}},{"type":"Feature","id":420,"geometry":{"type":"Point","coordinates":[98.98932170999818,18.775863160277872]},"properties":{"OBJECTID":420,"SOURCE_ID":420,"total_detect":1,"GiZScore":0.0023052789567019026,"GiPValue":0.99816065514104968,"NNeighbors":386,"Gi_Bin":0}},{"type":"Feature","id":421,"geometry":{"type":"Point","coordinates":[98.989147479905881,18.776561610233689]},"properties":{"OBJECTID":421,"SOURCE_ID":421,"total_detect":2,"GiZScore":-0.023843422404389851,"GiPValue":0.98097750381150195,"NNeighbors":390,"Gi_Bin":0}},{"type":"Feature","id":422,"geometry":{"type":"Point","coordinates":[98.988935109661369,18.777668100007563]},"properties":{"OBJECTID":422,"SOURCE_ID":422,"total_detect":1,"GiZScore":-0.21863310688327359,"GiPValue":0.82693586124130503,"NNeighbors":393,"Gi_Bin":0}},{"type":"Feature","id":423,"geometry":{"type":"Point","coordinates":[98.988772430143641,18.778142900069096]},"properties":{"OBJECTID":423,"SOURCE_ID":423,"total_detect":2,"GiZScore":-0.27170554777421996,"GiPValue":0.78584843552095085,"NNeighbors":391,"Gi_Bin":0}},{"type":"Feature","id":424,"geometry":{"type":"Point","coordinates":[98.988673350051528,18.778442809604659]},"properties":{"OBJECTID":424,"SOURCE_ID":424,"total_detect":2,"GiZScore":-0.11812017725772245,"GiPValue":0.90597243624901491,"NNeighbors":391,"Gi_Bin":0}},{"type":"Feature","id":425,"geometry":{"type":"Point","coordinates":[98.988430929932377,18.779189550378646]},"properties":{"OBJECTID":425,"SOURCE_ID":425,"total_detect":2,"GiZScore":-0.22145221815873686,"GiPValue":0.82474033749382314,"NNeighbors":390,"Gi_Bin":0}},{"type":"Feature","id":426,"geometry":{"type":"Point","coordinates":[98.981961929763415,18.77539361984136]},"properties":{"OBJECTID":426,"SOURCE_ID":426,"total_detect":2,"GiZScore":-0.55778414000535326,"GiPValue":0.57699179659476219,"NNeighbors":304,"Gi_Bin":0}},{"type":"Feature","id":427,"geometry":{"type":"Point","coordinates":[98.982556160257303,18.775464290294256]},"properties":{"OBJECTID":427,"SOURCE_ID":427,"total_detect":2,"GiZScore":-0.56183109121903496,"GiPValue":0.57423110924968301,"NNeighbors":312,"Gi_Bin":0}},{"type":"Feature","id":428,"geometry":{"type":"Point","coordinates":[98.983310130157548,18.77530181967985]},"properties":{"OBJECTID":428,"SOURCE_ID":428,"total_detect":1,"GiZScore":-0.64226447983508506,"GiPValue":0.52070147689534652,"NNeighbors":321,"Gi_Bin":0}},{"type":"Feature","id":429,"geometry":{"type":"Point","coordinates":[98.986396110192686,18.775437359976177]},"properties":{"OBJECTID":429,"SOURCE_ID":429,"total_detect":2,"GiZScore":-0.30867593026443679,"GiPValue":0.75756805560211082,"NNeighbors":369,"Gi_Bin":0}},{"type":"Feature","id":430,"geometry":{"type":"Point","coordinates":[98.977220759992207,18.775537760070787]},"properties":{"OBJECTID":430,"SOURCE_ID":430,"total_detect":1,"GiZScore":-0.1852708804812592,"GiPValue":0.85301657671800202,"NNeighbors":246,"Gi_Bin":0}},{"type":"Feature","id":431,"geometry":{"type":"Point","coordinates":[98.978358240176362,18.77518197990187]},"properties":{"OBJECTID":431,"SOURCE_ID":431,"total_detect":2,"GiZScore":-0.41620657884977169,"GiPValue":0.67725884718310048,"NNeighbors":257,"Gi_Bin":0}},{"type":"Feature","id":432,"geometry":{"type":"Point","coordinates":[98.97889259010087,18.774879100420204]},"properties":{"OBJECTID":432,"SOURCE_ID":432,"total_detect":1,"GiZScore":-0.58899156338651559,"GiPValue":0.5558669360856282,"NNeighbors":264,"Gi_Bin":0}},{"type":"Feature","id":433,"geometry":{"type":"Point","coordinates":[98.979431810337772,18.774498990139165]},"properties":{"OBJECTID":433,"SOURCE_ID":433,"total_detect":5,"GiZScore":-0.50254904284139079,"GiPValue":0.61528136539207523,"NNeighbors":266,"Gi_Bin":0}},{"type":"Feature","id":434,"geometry":{"type":"Point","coordinates":[98.976236470460833,18.772713640291709]},"properties":{"OBJECTID":434,"SOURCE_ID":434,"total_detect":1,"GiZScore":-0.70490046562861275,"GiPValue":0.48087218541261867,"NNeighbors":191,"Gi_Bin":0}},{"type":"Feature","id":435,"geometry":{"type":"Point","coordinates":[98.976120129793927,18.771667329632393]},"properties":{"OBJECTID":435,"SOURCE_ID":435,"total_detect":1,"GiZScore":-0.48194101028238473,"GiPValue":0.62984785373572971,"NNeighbors":180,"Gi_Bin":0}},{"type":"Feature","id":436,"geometry":{"type":"Point","coordinates":[98.976098990439979,18.771487700336252]},"properties":{"OBJECTID":436,"SOURCE_ID":436,"total_detect":1,"GiZScore":-0.40065119263222132,"GiPValue":0.68867695064560819,"NNeighbors":177,"Gi_Bin":0}},{"type":"Feature","id":437,"geometry":{"type":"Point","coordinates":[98.99197066047158,18.815431960154072]},"properties":{"OBJECTID":437,"SOURCE_ID":437,"total_detect":1,"GiZScore":1.9519859254971859,"GiPValue":0.050939875636099675,"NNeighbors":118,"Gi_Bin":1}},{"type":"Feature","id":438,"geometry":{"type":"Point","coordinates":[98.991945080410872,18.814944219799173]},"properties":{"OBJECTID":438,"SOURCE_ID":438,"total_detect":1,"GiZScore":1.9348373976881883,"GiPValue":0.053010252304152218,"NNeighbors":117,"Gi_Bin":1}},{"type":"Feature","id":439,"geometry":{"type":"Point","coordinates":[98.991933289832218,18.814709850258694]},"properties":{"OBJECTID":439,"SOURCE_ID":439,"total_detect":4,"GiZScore":1.9170520312459569,"GiPValue":0.055231321816174517,"NNeighbors":118,"Gi_Bin":1}},{"type":"Feature","id":440,"geometry":{"type":"Point","coordinates":[98.994202469527323,18.81625311028569]},"properties":{"OBJECTID":440,"SOURCE_ID":440,"total_detect":20,"GiZScore":2.1006609823157976,"GiPValue":0.035670736708150227,"NNeighbors":110,"Gi_Bin":2}},{"type":"Feature","id":441,"geometry":{"type":"Point","coordinates":[98.99325464995519,18.816299619807538]},"properties":{"OBJECTID":441,"SOURCE_ID":441,"total_detect":4,"GiZScore":1.8296340558997817,"GiPValue":0.067304677711491553,"NNeighbors":117,"Gi_Bin":1}},{"type":"Feature","id":442,"geometry":{"type":"Point","coordinates":[98.992875519892976,18.816318220098569]},"properties":{"OBJECTID":442,"SOURCE_ID":442,"total_detect":1,"GiZScore":1.8647018364959171,"GiPValue":0.062223209220625152,"NNeighbors":117,"Gi_Bin":1}},{"type":"Feature","id":443,"geometry":{"type":"Point","coordinates":[98.992306820372491,18.816346129935518]},"properties":{"OBJECTID":443,"SOURCE_ID":443,"total_detect":3,"GiZScore":1.970952601595487,"GiPValue":0.048729297593853318,"NNeighbors":115,"Gi_Bin":2}},{"type":"Feature","id":444,"geometry":{"type":"Point","coordinates":[98.99674164953899,18.816008499752652]},"properties":{"OBJECTID":444,"SOURCE_ID":444,"total_detect":2,"GiZScore":1.8897484363267496,"GiPValue":0.058791612756373721,"NNeighbors":102,"Gi_Bin":1}},{"type":"Feature","id":445,"geometry":{"type":"Point","coordinates":[98.995499189608438,18.815591239978289]},"properties":{"OBJECTID":445,"SOURCE_ID":445,"total_detect":1,"GiZScore":2.3170090625650306,"GiPValue":0.020503238099587543,"NNeighbors":110,"Gi_Bin":2}},{"type":"Feature","id":446,"geometry":{"type":"Point","coordinates":[98.99779194007624,18.816084170202124]},"properties":{"OBJECTID":446,"SOURCE_ID":446,"total_detect":3,"GiZScore":1.8897484363267496,"GiPValue":0.058791612756373721,"NNeighbors":102,"Gi_Bin":1}},{"type":"Feature","id":447,"geometry":{"type":"Point","coordinates":[98.997603130152186,18.813508300185863]},"properties":{"OBJECTID":447,"SOURCE_ID":447,"total_detect":2,"GiZScore":2.2504474230534086,"GiPValue":0.024420557498516654,"NNeighbors":117,"Gi_Bin":2}},{"type":"Feature","id":448,"geometry":{"type":"Point","coordinates":[98.997666830172676,18.814021790109809]},"properties":{"OBJECTID":448,"SOURCE_ID":448,"total_detect":2,"GiZScore":2.1172929417040813,"GiPValue":0.03423499357066536,"NNeighbors":111,"Gi_Bin":2}},{"type":"Feature","id":449,"geometry":{"type":"Point","coordinates":[99.001536130116563,18.810989489701281]},"properties":{"OBJECTID":449,"SOURCE_ID":449,"total_detect":6,"GiZScore":3.1525451798092052,"GiPValue":0.0016185377269482743,"NNeighbors":135,"Gi_Bin":3}},{"type":"Feature","id":450,"geometry":{"type":"Point","coordinates":[99.000500580277759,18.812983340443587]},"properties":{"OBJECTID":450,"SOURCE_ID":450,"total_detect":1,"GiZScore":1.9550151470401544,"GiPValue":0.050581282471190328,"NNeighbors":112,"Gi_Bin":1}},{"type":"Feature","id":451,"geometry":{"type":"Point","coordinates":[98.993190479919818,18.79076422025544]},"properties":{"OBJECTID":451,"SOURCE_ID":451,"total_detect":2,"GiZScore":1.1540798983556615,"GiPValue":0.24846743348477274,"NNeighbors":318,"Gi_Bin":0}},{"type":"Feature","id":452,"geometry":{"type":"Point","coordinates":[98.991617289798455,18.791674769637421]},"properties":{"OBJECTID":452,"SOURCE_ID":452,"total_detect":1,"GiZScore":1.5976564173609076,"GiPValue":0.11011946317300415,"NNeighbors":310,"Gi_Bin":0}},{"type":"Feature","id":453,"geometry":{"type":"Point","coordinates":[98.992261940272229,18.791512200428837]},"properties":{"OBJECTID":453,"SOURCE_ID":453,"total_detect":10,"GiZScore":1.1482179954751197,"GiPValue":0.25087860160912201,"NNeighbors":313,"Gi_Bin":0}},{"type":"Feature","id":454,"geometry":{"type":"Point","coordinates":[98.989204499727094,18.786752929634879]},"properties":{"OBJECTID":454,"SOURCE_ID":454,"total_detect":1,"GiZScore":0.93368753964115514,"GiPValue":0.35046510544105725,"NNeighbors":376,"Gi_Bin":0}},{"type":"Feature","id":455,"geometry":{"type":"Point","coordinates":[98.980071070040594,18.783447819553707]},"properties":{"OBJECTID":455,"SOURCE_ID":455,"total_detect":2,"GiZScore":0.57218072016063071,"GiPValue":0.56719955043757664,"NNeighbors":293,"Gi_Bin":0}},{"type":"Feature","id":456,"geometry":{"type":"Point","coordinates":[98.980257549671208,18.783414269896721]},"properties":{"OBJECTID":456,"SOURCE_ID":456,"total_detect":1,"GiZScore":0.40605966350194472,"GiPValue":0.68469876351642034,"NNeighbors":299,"Gi_Bin":0}},{"type":"Feature","id":457,"geometry":{"type":"Point","coordinates":[98.980342850156489,18.783641789839113]},"properties":{"OBJECTID":457,"SOURCE_ID":457,"total_detect":3,"GiZScore":0.32833793698664898,"GiPValue":0.74265616361210574,"NNeighbors":303,"Gi_Bin":0}},{"type":"Feature","id":458,"geometry":{"type":"Point","coordinates":[98.978285770273615,18.784147910149837]},"properties":{"OBJECTID":458,"SOURCE_ID":458,"total_detect":1,"GiZScore":-0.27689861792155973,"GiPValue":0.78185795418108417,"NNeighbors":287,"Gi_Bin":0}},{"type":"Feature","id":459,"geometry":{"type":"Point","coordinates":[98.979694560124443,18.78399514016969]},"properties":{"OBJECTID":459,"SOURCE_ID":459,"total_detect":1,"GiZScore":0.20946240399380195,"GiPValue":0.83408728178500258,"NNeighbors":303,"Gi_Bin":0}},{"type":"Feature","id":460,"geometry":{"type":"Point","coordinates":[98.979877420232995,18.783946770160615]},"properties":{"OBJECTID":460,"SOURCE_ID":460,"total_detect":1,"GiZScore":0.18568729739523254,"GiPValue":0.85268999038036941,"NNeighbors":303,"Gi_Bin":0}},{"type":"Feature","id":461,"geometry":{"type":"Point","coordinates":[98.978149219684923,18.783122339827088]},"properties":{"OBJECTID":461,"SOURCE_ID":461,"total_detect":1,"GiZScore":0.23264269351627251,"GiPValue":0.81603887230632999,"NNeighbors":274,"Gi_Bin":0}},{"type":"Feature","id":462,"geometry":{"type":"Point","coordinates":[98.978640229741799,18.78290081993368]},"properties":{"OBJECTID":462,"SOURCE_ID":462,"total_detect":1,"GiZScore":0.53060318040669574,"GiPValue":0.59569379351710317,"NNeighbors":286,"Gi_Bin":0}},{"type":"Feature","id":463,"geometry":{"type":"Point","coordinates":[98.987319109617886,18.783319050239985]},"properties":{"OBJECTID":463,"SOURCE_ID":463,"total_detect":10,"GiZScore":0.81600727188007693,"GiPValue":0.41449598426753131,"NNeighbors":380,"Gi_Bin":0}},{"type":"Feature","id":464,"geometry":{"type":"Point","coordinates":[98.987014530279069,18.783295340088504]},"properties":{"OBJECTID":464,"SOURCE_ID":464,"total_detect":1,"GiZScore":0.88931207362523801,"GiPValue":0.37383539422301915,"NNeighbors":376,"Gi_Bin":0}},{"type":"Feature","id":465,"geometry":{"type":"Point","coordinates":[98.991067729983314,18.788995189798882]},"properties":{"OBJECTID":465,"SOURCE_ID":465,"total_detect":4,"GiZScore":1.2141516718445742,"GiPValue":0.22468983389403208,"NNeighbors":345,"Gi_Bin":0}},{"type":"Feature","id":466,"geometry":{"type":"Point","coordinates":[98.991110080026246,18.789171390016406]},"properties":{"OBJECTID":466,"SOURCE_ID":466,"total_detect":4,"GiZScore":1.2369275806884381,"GiPValue":0.2161139932213112,"NNeighbors":345,"Gi_Bin":0}},{"type":"Feature","id":467,"geometry":{"type":"Point","coordinates":[98.990123130057214,18.789773969782324]},"properties":{"OBJECTID":467,"SOURCE_ID":467,"total_detect":1,"GiZScore":1.5009534003098832,"GiPValue":0.1333676148473002,"NNeighbors":335,"Gi_Bin":0}},{"type":"Feature","id":468,"geometry":{"type":"Point","coordinates":[98.99012873965745,18.790450289820264]},"properties":{"OBJECTID":468,"SOURCE_ID":468,"total_detect":1,"GiZScore":1.4373017847939398,"GiPValue":0.15063226194846774,"NNeighbors":326,"Gi_Bin":0}},{"type":"Feature","id":469,"geometry":{"type":"Point","coordinates":[98.990140880313064,18.790630680403702]},"properties":{"OBJECTID":469,"SOURCE_ID":469,"total_detect":1,"GiZScore":1.5322724329009616,"GiPValue":0.12545522083500155,"NNeighbors":323,"Gi_Bin":0}},{"type":"Feature","id":470,"geometry":{"type":"Point","coordinates":[98.990127219797117,18.791323770067287]},"properties":{"OBJECTID":470,"SOURCE_ID":470,"total_detect":1,"GiZScore":1.5873624747833459,"GiPValue":0.1124305730709203,"NNeighbors":322,"Gi_Bin":0}},{"type":"Feature","id":471,"geometry":{"type":"Point","coordinates":[98.97761275984351,18.772817439734503]},"properties":{"OBJECTID":471,"SOURCE_ID":471,"total_detect":2,"GiZScore":-0.40114391786044101,"GiPValue":0.68831416909053234,"NNeighbors":207,"Gi_Bin":0}},{"type":"Feature","id":472,"geometry":{"type":"Point","coordinates":[98.978662989752578,18.772452770088076]},"properties":{"OBJECTID":472,"SOURCE_ID":472,"total_detect":1,"GiZScore":-0.41993285773057887,"GiPValue":0.67453450463773357,"NNeighbors":217,"Gi_Bin":0}},{"type":"Feature","id":473,"geometry":{"type":"Point","coordinates":[98.978590050195635,18.772990569576457]},"properties":{"OBJECTID":473,"SOURCE_ID":473,"total_detect":5,"GiZScore":-0.12434167570137468,"GiPValue":0.90104475090401848,"NNeighbors":224,"Gi_Bin":0}},{"type":"Feature","id":474,"geometry":{"type":"Point","coordinates":[98.980833299742258,18.772057839942114]},"properties":{"OBJECTID":474,"SOURCE_ID":474,"total_detect":1,"GiZScore":-1.0437225844284692,"GiPValue":0.29661377280237833,"NNeighbors":248,"Gi_Bin":0}},{"type":"Feature","id":475,"geometry":{"type":"Point","coordinates":[98.981063199627329,18.770885479589932]},"properties":{"OBJECTID":475,"SOURCE_ID":475,"total_detect":2,"GiZScore":-0.95700485143829506,"GiPValue":0.33856481818929252,"NNeighbors":238,"Gi_Bin":0}},{"type":"Feature","id":476,"geometry":{"type":"Point","coordinates":[98.98107706979286,18.770705200035966]},"properties":{"OBJECTID":476,"SOURCE_ID":476,"total_detect":1,"GiZScore":-0.87276328679146908,"GiPValue":0.38279212362066906,"NNeighbors":237,"Gi_Bin":0}},{"type":"Feature","id":477,"geometry":{"type":"Point","coordinates":[98.978883460226442,18.773972630113843]},"properties":{"OBJECTID":477,"SOURCE_ID":477,"total_detect":3,"GiZScore":-0.58478882295001955,"GiPValue":0.55868972363974101,"NNeighbors":252,"Gi_Bin":0}},{"type":"Feature","id":478,"geometry":{"type":"Point","coordinates":[98.97973519998169,18.77775424992101]},"properties":{"OBJECTID":478,"SOURCE_ID":478,"total_detect":2,"GiZScore":-0.23880381727276792,"GiPValue":0.81125771030925986,"NNeighbors":292,"Gi_Bin":0}},{"type":"Feature","id":479,"geometry":{"type":"Point","coordinates":[98.979924749552694,18.7777454801174]},"properties":{"OBJECTID":479,"SOURCE_ID":479,"total_detect":1,"GiZScore":-0.3073713588300982,"GiPValue":0.75856072647081363,"NNeighbors":295,"Gi_Bin":0}},{"type":"Feature","id":480,"geometry":{"type":"Point","coordinates":[98.98046454961117,18.777720370387694]},"properties":{"OBJECTID":480,"SOURCE_ID":480,"total_detect":4,"GiZScore":-0.3582528137297874,"GiPValue":0.72015412754987551,"NNeighbors":299,"Gi_Bin":0}},{"type":"Feature","id":481,"geometry":{"type":"Point","coordinates":[98.97840321955178,18.77670939973483]},"properties":{"OBJECTID":481,"SOURCE_ID":481,"total_detect":2,"GiZScore":-0.28157981783847474,"GiPValue":0.77826571764191432,"NNeighbors":270,"Gi_Bin":0}},{"type":"Feature","id":482,"geometry":{"type":"Point","coordinates":[98.97872021975104,18.776800919553203]},"properties":{"OBJECTID":482,"SOURCE_ID":482,"total_detect":1,"GiZScore":-0.41474630530990292,"GiPValue":0.67832763166086341,"NNeighbors":275,"Gi_Bin":0}},{"type":"Feature","id":483,"geometry":{"type":"Point","coordinates":[98.978901839597171,18.776853330152854]},"properties":{"OBJECTID":483,"SOURCE_ID":483,"total_detect":3,"GiZScore":-0.47735092399435008,"GiPValue":0.63311225593873333,"NNeighbors":277,"Gi_Bin":0}},{"type":"Feature","id":484,"geometry":{"type":"Point","coordinates":[98.978039639597526,18.776761130082594]},"properties":{"OBJECTID":484,"SOURCE_ID":484,"total_detect":2,"GiZScore":-0.17875069726403758,"GiPValue":0.85813345961976051,"NNeighbors":266,"Gi_Bin":0}},{"type":"Feature","id":485,"geometry":{"type":"Point","coordinates":[98.979473340078897,18.777081149833588]},"properties":{"OBJECTID":485,"SOURCE_ID":485,"total_detect":7,"GiZScore":-0.32918530141111074,"GiPValue":0.74201563270916415,"NNeighbors":284,"Gi_Bin":0}},{"type":"Feature","id":486,"geometry":{"type":"Point","coordinates":[98.979309239569531,18.769446840037737]},"properties":{"OBJECTID":486,"SOURCE_ID":486,"total_detect":2,"GiZScore":-0.496539034667141,"GiPValue":0.61951415597518178,"NNeighbors":205,"Gi_Bin":0}},{"type":"Feature","id":487,"geometry":{"type":"Point","coordinates":[98.984673130014215,18.768661299920474]},"properties":{"OBJECTID":487,"SOURCE_ID":487,"total_detect":1,"GiZScore":-1.1478250950643589,"GiPValue":0.25104079477041352,"NNeighbors":257,"Gi_Bin":0}},{"type":"Feature","id":488,"geometry":{"type":"Point","coordinates":[98.982628699699504,18.771837919790709]},"properties":{"OBJECTID":488,"SOURCE_ID":488,"total_detect":1,"GiZScore":-1.2554526020487864,"GiPValue":0.20931452864616329,"NNeighbors":267,"Gi_Bin":0}},{"type":"Feature","id":489,"geometry":{"type":"Point","coordinates":[98.982436699760129,18.772319540037358]},"properties":{"OBJECTID":489,"SOURCE_ID":489,"total_detect":5,"GiZScore":-0.98725422306392696,"GiPValue":0.32351803880654972,"NNeighbors":272,"Gi_Bin":0}},{"type":"Feature","id":490,"geometry":{"type":"Point","coordinates":[98.982405890400258,18.772508560435263]},"properties":{"OBJECTID":490,"SOURCE_ID":490,"total_detect":1,"GiZScore":-0.74097234549558044,"GiPValue":0.45871021403100043,"NNeighbors":276,"Gi_Bin":0}},{"type":"Feature","id":491,"geometry":{"type":"Point","coordinates":[98.982341650471369,18.772935110109557]},"properties":{"OBJECTID":491,"SOURCE_ID":491,"total_detect":5,"GiZScore":-0.83337260350711917,"GiPValue":0.40463462892724977,"NNeighbors":279,"Gi_Bin":0}},{"type":"Feature","id":492,"geometry":{"type":"Point","coordinates":[98.982304440220688,18.773249419649279]},"properties":{"OBJECTID":492,"SOURCE_ID":492,"total_detect":3,"GiZScore":-0.82803209756544216,"GiPValue":0.40765233036288795,"NNeighbors":286,"Gi_Bin":0}},{"type":"Feature","id":493,"geometry":{"type":"Point","coordinates":[98.984903619553393,18.779252649858634]},"properties":{"OBJECTID":493,"SOURCE_ID":493,"total_detect":2,"GiZScore":-0.092133000085586669,"GiPValue":0.9265923696757612,"NNeighbors":370,"Gi_Bin":0}},{"type":"Feature","id":494,"geometry":{"type":"Point","coordinates":[98.983536220047114,18.779855619868627]},"properties":{"OBJECTID":494,"SOURCE_ID":494,"total_detect":3,"GiZScore":0.41516710097188475,"GiPValue":0.67801958186325773,"NNeighbors":358,"Gi_Bin":0}},{"type":"Feature","id":495,"geometry":{"type":"Point","coordinates":[98.982827520384618,18.779940720205484]},"properties":{"OBJECTID":495,"SOURCE_ID":495,"total_detect":1,"GiZScore":0.68290319378017461,"GiPValue":0.49466802028757795,"NNeighbors":346,"Gi_Bin":0}},{"type":"Feature","id":496,"geometry":{"type":"Point","coordinates":[98.982189979619875,18.780149739668289]},"properties":{"OBJECTID":496,"SOURCE_ID":496,"total_detect":2,"GiZScore":0.75012409685876125,"GiPValue":0.45317997382367914,"NNeighbors":337,"Gi_Bin":0}},{"type":"Feature","id":497,"geometry":{"type":"Point","coordinates":[98.986054730427682,18.779026010030389]},"properties":{"OBJECTID":497,"SOURCE_ID":497,"total_detect":1,"GiZScore":-0.02212137648784834,"GiPValue":0.98235113467430302,"NNeighbors":383,"Gi_Bin":0}},{"type":"Feature","id":498,"geometry":{"type":"Point","coordinates":[98.978918089991723,18.792008759856049]},"properties":{"OBJECTID":498,"SOURCE_ID":498,"total_detect":1,"GiZScore":-0.082130059713859546,"GiPValue":0.93454328967154787,"NNeighbors":263,"Gi_Bin":0}},{"type":"Feature","id":499,"geometry":{"type":"Point","coordinates":[98.97242320956812,18.788625109705265]},"properties":{"OBJECTID":499,"SOURCE_ID":499,"total_detect":1,"GiZScore":0.077155633393601958,"GiPValue":0.93849973580985324,"NNeighbors":199,"Gi_Bin":0}},{"type":"Feature","id":500,"geometry":{"type":"Point","coordinates":[98.972416320375444,18.788082880441628]},"properties":{"OBJECTID":500,"SOURCE_ID":500,"total_detect":2,"GiZScore":-0.062295384318641636,"GiPValue":0.95032760411874229,"NNeighbors":199,"Gi_Bin":0}},{"type":"Feature","id":501,"geometry":{"type":"Point","coordinates":[98.972420999693568,18.787790339965309]},"properties":{"OBJECTID":501,"SOURCE_ID":501,"total_detect":2,"GiZScore":0.066141174873861133,"GiPValue":0.94726542979291317,"NNeighbors":197,"Gi_Bin":0}},{"type":"Feature","id":502,"geometry":{"type":"Point","coordinates":[98.971127370270537,18.785230660378911]},"properties":{"OBJECTID":502,"SOURCE_ID":502,"total_detect":1,"GiZScore":-0.88149479953681598,"GiPValue":0.37805007700955973,"NNeighbors":170,"Gi_Bin":0}},{"type":"Feature","id":503,"geometry":{"type":"Point","coordinates":[98.971460979714536,18.785193280303012]},"properties":{"OBJECTID":503,"SOURCE_ID":503,"total_detect":2,"GiZScore":-0.88815155653664279,"GiPValue":0.37445924263571306,"NNeighbors":171,"Gi_Bin":0}},{"type":"Feature","id":504,"geometry":{"type":"Point","coordinates":[98.992366899909371,18.794591809553562]},"properties":{"OBJECTID":504,"SOURCE_ID":504,"total_detect":2,"GiZScore":1.4218407411694594,"GiPValue":0.15507248934404122,"NNeighbors":314,"Gi_Bin":0}},{"type":"Feature","id":505,"geometry":{"type":"Point","coordinates":[98.992329130222245,18.7941953403699]},"properties":{"OBJECTID":505,"SOURCE_ID":505,"total_detect":1,"GiZScore":1.3918523053216185,"GiPValue":0.16396712716262787,"NNeighbors":312,"Gi_Bin":0}},{"type":"Feature","id":506,"geometry":{"type":"Point","coordinates":[98.992259039526857,18.793584899676418]},"properties":{"OBJECTID":506,"SOURCE_ID":506,"total_detect":4,"GiZScore":1.541766646882536,"GiPValue":0.12313030976254088,"NNeighbors":311,"Gi_Bin":0}},{"type":"Feature","id":507,"geometry":{"type":"Point","coordinates":[98.989847979812055,18.782108949959603]},"properties":{"OBJECTID":507,"SOURCE_ID":507,"total_detect":2,"GiZScore":0.72773986560244497,"GiPValue":0.46677284729065105,"NNeighbors":408,"Gi_Bin":0}},{"type":"Feature","id":508,"geometry":{"type":"Point","coordinates":[98.98984937032543,18.781928190278723]},"properties":{"OBJECTID":508,"SOURCE_ID":508,"total_detect":2,"GiZScore":0.72081567068719954,"GiPValue":0.47102293792111849,"NNeighbors":409,"Gi_Bin":0}},{"type":"Feature","id":509,"geometry":{"type":"Point","coordinates":[98.970734509803805,18.795277159657353]},"properties":{"OBJECTID":509,"SOURCE_ID":509,"total_detect":1,"GiZScore":0.17053595347088188,"GiPValue":0.86458866174845794,"NNeighbors":185,"Gi_Bin":0}},{"type":"Feature","id":510,"geometry":{"type":"Point","coordinates":[98.970769410185142,18.79581982043894]},"properties":{"OBJECTID":510,"SOURCE_ID":510,"total_detect":12,"GiZScore":0.090613805491790225,"GiPValue":0.92779946187236306,"NNeighbors":181,"Gi_Bin":0}},{"type":"Feature","id":511,"geometry":{"type":"Point","coordinates":[98.970780470035621,18.796014499981354]},"properties":{"OBJECTID":511,"SOURCE_ID":511,"total_detect":1,"GiZScore":0.02096624008027731,"GiPValue":0.98327258626428493,"NNeighbors":179,"Gi_Bin":0}},{"type":"Feature","id":512,"geometry":{"type":"Point","coordinates":[98.970790539732064,18.796195009771385]},"properties":{"OBJECTID":512,"SOURCE_ID":512,"total_detect":2,"GiZScore":0.058916445683658031,"GiPValue":0.95301865904236616,"NNeighbors":178,"Gi_Bin":0}},{"type":"Feature","id":513,"geometry":{"type":"Point","coordinates":[98.970813690249315,18.79656170017768]},"properties":{"OBJECTID":513,"SOURCE_ID":513,"total_detect":4,"GiZScore":0.097046469734457574,"GiPValue":0.9226894910786243,"NNeighbors":177,"Gi_Bin":0}},{"type":"Feature","id":514,"geometry":{"type":"Point","coordinates":[98.970839219820505,18.796879509552355]},"properties":{"OBJECTID":514,"SOURCE_ID":514,"total_detect":1,"GiZScore":-0.032059381794950124,"GiPValue":0.97442469537635357,"NNeighbors":175,"Gi_Bin":0}},{"type":"Feature","id":515,"geometry":{"type":"Point","coordinates":[98.970878049785711,18.797239130229695]},"properties":{"OBJECTID":515,"SOURCE_ID":515,"total_detect":1,"GiZScore":0.074059912944704584,"GiPValue":0.94096271246223362,"NNeighbors":173,"Gi_Bin":0}},{"type":"Feature","id":516,"geometry":{"type":"Point","coordinates":[98.980288420463452,18.784594940404748]},"properties":{"OBJECTID":516,"SOURCE_ID":516,"total_detect":1,"GiZScore":0.51853878977520429,"GiPValue":0.60408240546899461,"NNeighbors":303,"Gi_Bin":0}},{"type":"Feature","id":517,"geometry":{"type":"Point","coordinates":[98.978649889819096,18.796889219844783]},"properties":{"OBJECTID":517,"SOURCE_ID":517,"total_detect":2,"GiZScore":-0.079563912188984523,"GiPValue":0.93658409809137644,"NNeighbors":249,"Gi_Bin":0}},{"type":"Feature","id":518,"geometry":{"type":"Point","coordinates":[98.978964979961873,18.797558859661201]},"properties":{"OBJECTID":518,"SOURCE_ID":518,"total_detect":4,"GiZScore":0.10239233243611982,"GiPValue":0.91844526952490757,"NNeighbors":242,"Gi_Bin":0}},{"type":"Feature","id":519,"geometry":{"type":"Point","coordinates":[98.984363080358904,18.801829100415322]},"properties":{"OBJECTID":519,"SOURCE_ID":519,"total_detect":1,"GiZScore":0.064872125088107108,"GiPValue":0.94827581478651957,"NNeighbors":217,"Gi_Bin":0}},{"type":"Feature","id":520,"geometry":{"type":"Point","coordinates":[98.98485295962972,18.80186397008012]},"properties":{"OBJECTID":520,"SOURCE_ID":520,"total_detect":2,"GiZScore":-0.0050107097996645233,"GiPValue":0.99600204874133536,"NNeighbors":219,"Gi_Bin":0}},{"type":"Feature","id":521,"geometry":{"type":"Point","coordinates":[98.987775380390815,18.804360970166382]},"properties":{"OBJECTID":521,"SOURCE_ID":521,"total_detect":10,"GiZScore":1.2077512105287873,"GiPValue":0.22714299561191353,"NNeighbors":208,"Gi_Bin":0}},{"type":"Feature","id":522,"geometry":{"type":"Point","coordinates":[98.987913900181482,18.804926270283936]},"properties":{"OBJECTID":522,"SOURCE_ID":522,"total_detect":4,"GiZScore":1.1607658391451732,"GiPValue":0.24573715871501089,"NNeighbors":202,"Gi_Bin":0}},{"type":"Feature","id":523,"geometry":{"type":"Point","coordinates":[99.001973389802373,18.786517370172863]},"properties":{"OBJECTID":523,"SOURCE_ID":523,"total_detect":1,"GiZScore":0.49068168939706686,"GiPValue":0.62365160090975369,"NNeighbors":288,"Gi_Bin":0}},{"type":"Feature","id":524,"geometry":{"type":"Point","coordinates":[98.999174470377341,18.792957999778373]},"properties":{"OBJECTID":524,"SOURCE_ID":524,"total_detect":1,"GiZScore":1.5113806941439547,"GiPValue":0.13069148521725416,"NNeighbors":269,"Gi_Bin":0}},{"type":"Feature","id":525,"geometry":{"type":"Point","coordinates":[98.999339289748349,18.793047610179453]},"properties":{"OBJECTID":525,"SOURCE_ID":525,"total_detect":1,"GiZScore":1.5456819346845272,"GiPValue":0.12218140227834698,"NNeighbors":268,"Gi_Bin":0}},{"type":"Feature","id":526,"geometry":{"type":"Point","coordinates":[98.997680349749615,18.776739929616433]},"properties":{"OBJECTID":526,"SOURCE_ID":526,"total_detect":1,"GiZScore":-0.38670045917204843,"GiPValue":0.69897797706044895,"NNeighbors":314,"Gi_Bin":0}},{"type":"Feature","id":527,"geometry":{"type":"Point","coordinates":[98.998010849763105,18.776562179570643]},"properties":{"OBJECTID":527,"SOURCE_ID":527,"total_detect":4,"GiZScore":-0.44158656902383042,"GiPValue":0.65878840612306422,"NNeighbors":308,"Gi_Bin":0}},{"type":"Feature","id":528,"geometry":{"type":"Point","coordinates":[98.998176100458792,18.77647330975002]},"properties":{"OBJECTID":528,"SOURCE_ID":528,"total_detect":1,"GiZScore":-0.48001568736471084,"GiPValue":0.63121623999351817,"NNeighbors":303,"Gi_Bin":0}},{"type":"Feature","id":529,"geometry":{"type":"Point","coordinates":[98.99905023976811,18.779150430364268]},"properties":{"OBJECTID":529,"SOURCE_ID":529,"total_detect":1,"GiZScore":0.43947166757376249,"GiPValue":0.66031980826595627,"NNeighbors":279,"Gi_Bin":0}},{"type":"Feature","id":530,"geometry":{"type":"Point","coordinates":[98.998802029646953,18.77869397971244]},"properties":{"OBJECTID":530,"SOURCE_ID":530,"total_detect":1,"GiZScore":-0.058817529628926744,"GiPValue":0.9530974460057704,"NNeighbors":287,"Gi_Bin":0}},{"type":"Feature","id":531,"geometry":{"type":"Point","coordinates":[98.99453368969769,18.773802970034641]},"properties":{"OBJECTID":531,"SOURCE_ID":531,"total_detect":4,"GiZScore":-0.39300500014313466,"GiPValue":0.69431578926892945,"NNeighbors":347,"Gi_Bin":0}},{"type":"Feature","id":532,"geometry":{"type":"Point","coordinates":[98.995084340313014,18.774333429926635]},"properties":{"OBJECTID":532,"SOURCE_ID":532,"total_detect":1,"GiZScore":-0.14955744875401797,"GiPValue":0.8811137815197867,"NNeighbors":348,"Gi_Bin":0}},{"type":"Feature","id":533,"geometry":{"type":"Point","coordinates":[98.995570640259245,18.774798780300387]},"properties":{"OBJECTID":533,"SOURCE_ID":533,"total_detect":1,"GiZScore":-0.35092826761106533,"GiPValue":0.72564216464293907,"NNeighbors":344,"Gi_Bin":0}},{"type":"Feature","id":534,"geometry":{"type":"Point","coordinates":[98.995796679586874,18.775014400094832]},"properties":{"OBJECTID":534,"SOURCE_ID":534,"total_detect":1,"GiZScore":-0.05301046661117631,"GiPValue":0.95772356828891037,"NNeighbors":337,"Gi_Bin":0}},{"type":"Feature","id":535,"geometry":{"type":"Point","coordinates":[98.996644939755015,18.77583171037967]},"properties":{"OBJECTID":535,"SOURCE_ID":535,"total_detect":3,"GiZScore":-0.43891833394534613,"GiPValue":0.66072071291934176,"NNeighbors":322,"Gi_Bin":0}},{"type":"Feature","id":536,"geometry":{"type":"Point","coordinates":[98.996777160423576,18.775961380411299]},"properties":{"OBJECTID":536,"SOURCE_ID":536,"total_detect":2,"GiZScore":-0.56172598068660184,"GiPValue":0.57430273277256072,"NNeighbors":323,"Gi_Bin":0}},{"type":"Feature","id":537,"geometry":{"type":"Point","coordinates":[98.992018009639949,18.778594010247698]},"properties":{"OBJECTID":537,"SOURCE_ID":537,"total_detect":1,"GiZScore":0.013106313183460993,"GiPValue":0.98954297443835293,"NNeighbors":381,"Gi_Bin":0}},{"type":"Feature","id":538,"geometry":{"type":"Point","coordinates":[98.993282250464929,18.778304610350187]},"properties":{"OBJECTID":538,"SOURCE_ID":538,"total_detect":1,"GiZScore":0.099948286913068382,"GiPValue":0.92038538084374777,"NNeighbors":358,"Gi_Bin":0}},{"type":"Feature","id":539,"geometry":{"type":"Point","coordinates":[98.993668900346734,18.77821605964915]},"properties":{"OBJECTID":539,"SOURCE_ID":539,"total_detect":1,"GiZScore":0.095625223314178151,"GiPValue":0.9238182316958613,"NNeighbors":352,"Gi_Bin":0}},{"type":"Feature","id":540,"geometry":{"type":"Point","coordinates":[98.998128410433353,18.796348999573116]},"properties":{"OBJECTID":540,"SOURCE_ID":540,"total_detect":1,"GiZScore":2.8308005041191948,"GiPValue":0.0046431671593681048,"NNeighbors":273,"Gi_Bin":3}},{"type":"Feature","id":541,"geometry":{"type":"Point","coordinates":[98.996841850062353,18.796664660151926]},"properties":{"OBJECTID":541,"SOURCE_ID":541,"total_detect":4,"GiZScore":2.5445602697459897,"GiPValue":0.010941542789984687,"NNeighbors":279,"Gi_Bin":2}},{"type":"Feature","id":542,"geometry":{"type":"Point","coordinates":[98.998369090263495,18.796562279615248]},"properties":{"OBJECTID":542,"SOURCE_ID":542,"total_detect":4,"GiZScore":2.4680325889306314,"GiPValue":0.013585795037204973,"NNeighbors":270,"Gi_Bin":2}},{"type":"Feature","id":543,"geometry":{"type":"Point","coordinates":[98.992412579861863,18.782857020052678]},"properties":{"OBJECTID":543,"SOURCE_ID":543,"total_detect":6,"GiZScore":0.88354780559837609,"GiPValue":0.3769403747785729,"NNeighbors":389,"Gi_Bin":0}},{"type":"Feature","id":544,"geometry":{"type":"Point","coordinates":[98.991648919541987,18.783059110093433]},"properties":{"OBJECTID":544,"SOURCE_ID":544,"total_detect":2,"GiZScore":1.0302098805279536,"GiPValue":0.30291150705549719,"NNeighbors":393,"Gi_Bin":0}},{"type":"Feature","id":545,"geometry":{"type":"Point","coordinates":[98.990189790358301,18.783372870179861]},"properties":{"OBJECTID":545,"SOURCE_ID":545,"total_detect":4,"GiZScore":0.88495661523050284,"GiPValue":0.37618004064801114,"NNeighbors":398,"Gi_Bin":0}},{"type":"Feature","id":546,"geometry":{"type":"Point","coordinates":[98.993916650438152,18.784423339737881]},"properties":{"OBJECTID":546,"SOURCE_ID":546,"total_detect":2,"GiZScore":1.4192707230603456,"GiPValue":0.15582010413354003,"NNeighbors":362,"Gi_Bin":0}},{"type":"Feature","id":547,"geometry":{"type":"Point","coordinates":[98.980337819928323,18.788565959783838]},"properties":{"OBJECTID":547,"SOURCE_ID":547,"total_detect":1,"GiZScore":0.29561716946017608,"GiPValue":0.76752246044300487,"NNeighbors":301,"Gi_Bin":0}},{"type":"Feature","id":548,"geometry":{"type":"Point","coordinates":[98.980300769786936,18.787931159714535]},"properties":{"OBJECTID":548,"SOURCE_ID":548,"total_detect":6,"GiZScore":0.52621587115217117,"GiPValue":0.59873823009320504,"NNeighbors":302,"Gi_Bin":0}},{"type":"Feature","id":549,"geometry":{"type":"Point","coordinates":[98.981308070301665,18.786592810158808]},"properties":{"OBJECTID":549,"SOURCE_ID":549,"total_detect":4,"GiZScore":0.95208978004179501,"GiPValue":0.3410514633615197,"NNeighbors":314,"Gi_Bin":0}},{"type":"Feature","id":550,"geometry":{"type":"Point","coordinates":[98.996562109713224,18.781568519990138]},"properties":{"OBJECTID":550,"SOURCE_ID":550,"total_detect":7,"GiZScore":0.82650167260541585,"GiPValue":0.40851957755392443,"NNeighbors":324,"Gi_Bin":0}},{"type":"Feature","id":551,"geometry":{"type":"Point","coordinates":[98.996661880040591,18.782030099890729]},"properties":{"OBJECTID":551,"SOURCE_ID":551,"total_detect":2,"GiZScore":0.95851670655720012,"GiPValue":0.33780228315937821,"NNeighbors":322,"Gi_Bin":0}},{"type":"Feature","id":552,"geometry":{"type":"Point","coordinates":[98.996830459545691,18.783172030264826]},"properties":{"OBJECTID":552,"SOURCE_ID":552,"total_detect":1,"GiZScore":0.79548261849856972,"GiPValue":0.4263328248934094,"NNeighbors":322,"Gi_Bin":0}},{"type":"Feature","id":553,"geometry":{"type":"Point","coordinates":[98.997510019532328,18.783529599617314]},"properties":{"OBJECTID":553,"SOURCE_ID":553,"total_detect":2,"GiZScore":0.63954758560914549,"GiPValue":0.52246677145796738,"NNeighbors":318,"Gi_Bin":0}},{"type":"Feature","id":554,"geometry":{"type":"Point","coordinates":[98.996060990356924,18.781975579724595]},"properties":{"OBJECTID":554,"SOURCE_ID":554,"total_detect":2,"GiZScore":0.60360995750187696,"GiPValue":0.54610299425480502,"NNeighbors":332,"Gi_Bin":0}},{"type":"Feature","id":555,"geometry":{"type":"Point","coordinates":[98.995777209883443,18.782184600211469]},"properties":{"OBJECTID":555,"SOURCE_ID":555,"total_detect":2,"GiZScore":0.35718774353232907,"GiPValue":0.72095126146494359,"NNeighbors":331,"Gi_Bin":0}},{"type":"Feature","id":556,"geometry":{"type":"Point","coordinates":[98.993579180142774,18.769666389764012]},"properties":{"OBJECTID":556,"SOURCE_ID":556,"total_detect":1,"GiZScore":-1.8863383133282965,"GiPValue":0.059249379443229944,"NNeighbors":318,"Gi_Bin":-1}},{"type":"Feature","id":557,"geometry":{"type":"Point","coordinates":[98.995974120138996,18.769836220252962]},"properties":{"OBJECTID":557,"SOURCE_ID":557,"total_detect":1,"GiZScore":-2.0793048621386809,"GiPValue":0.037589338523542314,"NNeighbors":289,"Gi_Bin":-2}},{"type":"Feature","id":558,"geometry":{"type":"Point","coordinates":[98.996823939805608,18.771920350261087]},"properties":{"OBJECTID":558,"SOURCE_ID":558,"total_detect":2,"GiZScore":-0.8958620701299328,"GiPValue":0.37032644402934256,"NNeighbors":301,"Gi_Bin":0}},{"type":"Feature","id":559,"geometry":{"type":"Point","coordinates":[98.997053470133352,18.772976459638837]},"properties":{"OBJECTID":559,"SOURCE_ID":559,"total_detect":2,"GiZScore":-0.79826242105869116,"GiPValue":0.42471822774228851,"NNeighbors":316,"Gi_Bin":0}},{"type":"Feature","id":560,"geometry":{"type":"Point","coordinates":[98.99715594993377,18.773128589974956]},"properties":{"OBJECTID":560,"SOURCE_ID":560,"total_detect":1,"GiZScore":-0.85727368783526459,"GiPValue":0.39129365534183724,"NNeighbors":318,"Gi_Bin":0}},{"type":"Feature","id":561,"geometry":{"type":"Point","coordinates":[98.993712810207782,18.771051509861092]},"properties":{"OBJECTID":561,"SOURCE_ID":561,"total_detect":1,"GiZScore":-0.99789235014636468,"GiPValue":0.31833157518768751,"NNeighbors":322,"Gi_Bin":0}},{"type":"Feature","id":562,"geometry":{"type":"Point","coordinates":[98.99363067045519,18.77088855992228]},"properties":{"OBJECTID":562,"SOURCE_ID":562,"total_detect":1,"GiZScore":-0.96866984209493889,"GiPValue":0.33270995639757639,"NNeighbors":321,"Gi_Bin":0}},{"type":"Feature","id":563,"geometry":{"type":"Point","coordinates":[98.993548529911209,18.770725619886257]},"properties":{"OBJECTID":563,"SOURCE_ID":563,"total_detect":1,"GiZScore":-1.1145398442085226,"GiPValue":0.2650476789895243,"NNeighbors":318,"Gi_Bin":0}},{"type":"Feature","id":564,"geometry":{"type":"Point","coordinates":[98.9933020997385,18.77023677966115]},"properties":{"OBJECTID":564,"SOURCE_ID":564,"total_detect":2,"GiZScore":-0.96827261755965366,"GiPValue":0.33290824866031454,"NNeighbors":317,"Gi_Bin":0}},{"type":"Feature","id":565,"geometry":{"type":"Point","coordinates":[98.993219959826021,18.770073830431699]},"properties":{"OBJECTID":565,"SOURCE_ID":565,"total_detect":1,"GiZScore":-1.842928438667808,"GiPValue":0.06533945947190288,"NNeighbors":314,"Gi_Bin":-1}},{"type":"Feature","id":566,"geometry":{"type":"Point","coordinates":[98.99416289018933,18.772242439592024]},"properties":{"OBJECTID":566,"SOURCE_ID":566,"total_detect":1,"GiZScore":-0.42015769562600491,"GiPValue":0.67437025798214534,"NNeighbors":337,"Gi_Bin":0}},{"type":"Feature","id":567,"geometry":{"type":"Point","coordinates":[98.994007190198275,18.776692289577348]},"properties":{"OBJECTID":567,"SOURCE_ID":567,"total_detect":1,"GiZScore":-0.3342656412781152,"GiPValue":0.73817911560167504,"NNeighbors":359,"Gi_Bin":0}},{"type":"Feature","id":568,"geometry":{"type":"Point","coordinates":[98.990735139701982,18.774617519692296]},"properties":{"OBJECTID":568,"SOURCE_ID":568,"total_detect":3,"GiZScore":-0.03354174889295624,"GiPValue":0.97324257374340339,"NNeighbors":378,"Gi_Bin":0}},{"type":"Feature","id":569,"geometry":{"type":"Point","coordinates":[98.992051290404959,18.775274030406582]},"properties":{"OBJECTID":569,"SOURCE_ID":569,"total_detect":2,"GiZScore":-0.51570097023330053,"GiPValue":0.60606327893165191,"NNeighbors":370,"Gi_Bin":0}},{"type":"Feature","id":570,"geometry":{"type":"Point","coordinates":[98.992863760224623,18.776243259954754]},"properties":{"OBJECTID":570,"SOURCE_ID":570,"total_detect":2,"GiZScore":-0.54789842631032082,"GiPValue":0.58376165189101514,"NNeighbors":368,"Gi_Bin":0}},{"type":"Feature","id":571,"geometry":{"type":"Point","coordinates":[98.99114249962669,18.77954272980768]},"properties":{"OBJECTID":571,"SOURCE_ID":571,"total_detect":1,"GiZScore":-0.1491548033425498,"GiPValue":0.88143148271888971,"NNeighbors":389,"Gi_Bin":0}},{"type":"Feature","id":572,"geometry":{"type":"Point","coordinates":[98.990878350151092,18.780162050012208]},"properties":{"OBJECTID":572,"SOURCE_ID":572,"total_detect":1,"GiZScore":-0.14006094447436496,"GiPValue":0.88861183818675971,"NNeighbors":391,"Gi_Bin":0}},{"type":"Feature","id":573,"geometry":{"type":"Point","coordinates":[98.991629260061544,18.779970400353527]},"properties":{"OBJECTID":573,"SOURCE_ID":573,"total_detect":2,"GiZScore":0.039762668280345553,"GiPValue":0.96828233907320505,"NNeighbors":387,"Gi_Bin":0}},{"type":"Feature","id":574,"geometry":{"type":"Point","coordinates":[99.008724280137244,18.786349129893349]},"properties":{"OBJECTID":574,"SOURCE_ID":574,"total_detect":2,"GiZScore":-0.57288567485530606,"GiPValue":0.56672210732371309,"NNeighbors":208,"Gi_Bin":0}},{"type":"Feature","id":575,"geometry":{"type":"Point","coordinates":[99.008722839965941,18.786594250276398]},"properties":{"OBJECTID":575,"SOURCE_ID":575,"total_detect":1,"GiZScore":-0.57288567485530606,"GiPValue":0.56672210732371309,"NNeighbors":208,"Gi_Bin":0}},{"type":"Feature","id":576,"geometry":{"type":"Point","coordinates":[99.011069049829558,18.78462307970619]},"properties":{"OBJECTID":576,"SOURCE_ID":576,"total_detect":4,"GiZScore":-1.4263227909057226,"GiPValue":0.15377518887625843,"NNeighbors":188,"Gi_Bin":0}},{"type":"Feature","id":577,"geometry":{"type":"Point","coordinates":[99.009671380262361,18.78538786982006]},"properties":{"OBJECTID":577,"SOURCE_ID":577,"total_detect":5,"GiZScore":-1.5683663756108726,"GiPValue":0.11679565353740515,"NNeighbors":199,"Gi_Bin":0}},{"type":"Feature","id":578,"geometry":{"type":"Point","coordinates":[99.012769909726742,18.785779389643071]},"properties":{"OBJECTID":578,"SOURCE_ID":578,"total_detect":2,"GiZScore":-1.7827150155696916,"GiPValue":0.07463270579919741,"NNeighbors":191,"Gi_Bin":-1}},{"type":"Feature","id":579,"geometry":{"type":"Point","coordinates":[99.012830969684316,18.786134459895031]},"properties":{"OBJECTID":579,"SOURCE_ID":579,"total_detect":10,"GiZScore":-1.9444428666326838,"GiPValue":0.051842068821840934,"NNeighbors":189,"Gi_Bin":-1}},{"type":"Feature","id":580,"geometry":{"type":"Point","coordinates":[99.016657810440023,18.77812652041462]},"properties":{"OBJECTID":580,"SOURCE_ID":580,"total_detect":2,"GiZScore":-1.2778614289151693,"GiPValue":0.20129831585380853,"NNeighbors":192,"Gi_Bin":0}},{"type":"Feature","id":581,"geometry":{"type":"Point","coordinates":[99.016328989563689,18.778395060049945]},"properties":{"OBJECTID":581,"SOURCE_ID":581,"total_detect":1,"GiZScore":-1.1979255716201376,"GiPValue":0.23094601530926362,"NNeighbors":188,"Gi_Bin":0}},{"type":"Feature","id":582,"geometry":{"type":"Point","coordinates":[99.016113330131859,18.778603600311087]},"properties":{"OBJECTID":582,"SOURCE_ID":582,"total_detect":1,"GiZScore":-1.1693759192094395,"GiPValue":0.2422522279450684,"NNeighbors":188,"Gi_Bin":0}},{"type":"Feature","id":583,"geometry":{"type":"Point","coordinates":[99.013598279575731,18.782515579986562]},"properties":{"OBJECTID":583,"SOURCE_ID":583,"total_detect":1,"GiZScore":-1.7597056944474838,"GiPValue":0.07845771980816113,"NNeighbors":186,"Gi_Bin":-1}},{"type":"Feature","id":584,"geometry":{"type":"Point","coordinates":[99.013370729889303,18.782993909918055]},"properties":{"OBJECTID":584,"SOURCE_ID":584,"total_detect":1,"GiZScore":-1.7357009287957184,"GiPValue":0.082616729198023445,"NNeighbors":187,"Gi_Bin":-1}},{"type":"Feature","id":585,"geometry":{"type":"Point","coordinates":[99.014182120345467,18.782977319774357]},"properties":{"OBJECTID":585,"SOURCE_ID":585,"total_detect":1,"GiZScore":-1.6592494130595983,"GiPValue":0.097065544254429315,"NNeighbors":183,"Gi_Bin":-1}},{"type":"Feature","id":586,"geometry":{"type":"Point","coordinates":[99.014555139992424,18.782910549835879]},"properties":{"OBJECTID":586,"SOURCE_ID":586,"total_detect":7,"GiZScore":-1.69286892825724,"GiPValue":0.090480418855770031,"NNeighbors":184,"Gi_Bin":-1}},{"type":"Feature","id":587,"geometry":{"type":"Point","coordinates":[99.015009340245868,18.782801339723878]},"properties":{"OBJECTID":587,"SOURCE_ID":587,"total_detect":3,"GiZScore":-1.8859268032858996,"GiPValue":0.05930481903967965,"NNeighbors":182,"Gi_Bin":-1}},{"type":"Feature","id":588,"geometry":{"type":"Point","coordinates":[99.015651939579257,18.782655500298954]},"properties":{"OBJECTID":588,"SOURCE_ID":588,"total_detect":1,"GiZScore":-1.8902176170443499,"GiPValue":0.058728861489316997,"NNeighbors":183,"Gi_Bin":-1}},{"type":"Feature","id":589,"geometry":{"type":"Point","coordinates":[99.016301660241453,18.782549539568091]},"properties":{"OBJECTID":589,"SOURCE_ID":589,"total_detect":1,"GiZScore":-1.9275390290596455,"GiPValue":0.053912488978555141,"NNeighbors":185,"Gi_Bin":-1}},{"type":"Feature","id":590,"geometry":{"type":"Point","coordinates":[99.015743569749063,18.782453020213932]},"properties":{"OBJECTID":590,"SOURCE_ID":590,"total_detect":1,"GiZScore":-1.8613465915462559,"GiPValue":0.062695247580106486,"NNeighbors":183,"Gi_Bin":-1}},{"type":"Feature","id":591,"geometry":{"type":"Point","coordinates":[99.015399390194332,18.774464089635234]},"properties":{"OBJECTID":591,"SOURCE_ID":591,"total_detect":1,"GiZScore":-1.3485549360646769,"GiPValue":0.1774799634725957,"NNeighbors":179,"Gi_Bin":0}},{"type":"Feature","id":592,"geometry":{"type":"Point","coordinates":[99.015436619912478,18.774700989923772]},"properties":{"OBJECTID":592,"SOURCE_ID":592,"total_detect":1,"GiZScore":-1.446580634258932,"GiPValue":0.1480144133042981,"NNeighbors":181,"Gi_Bin":0}},{"type":"Feature","id":593,"geometry":{"type":"Point","coordinates":[99.015163880103273,18.77057852038892]},"properties":{"OBJECTID":593,"SOURCE_ID":593,"total_detect":1,"GiZScore":-1.5028840662943774,"GiPValue":0.13286894253369813,"NNeighbors":175,"Gi_Bin":0}},{"type":"Feature","id":594,"geometry":{"type":"Point","coordinates":[99.015697040213013,18.77265981967339]},"properties":{"OBJECTID":594,"SOURCE_ID":594,"total_detect":3,"GiZScore":-1.3406738336736281,"GiPValue":0.18002637368577093,"NNeighbors":188,"Gi_Bin":0}},{"type":"Feature","id":595,"geometry":{"type":"Point","coordinates":[99.017051879779828,18.77425058022536]},"properties":{"OBJECTID":595,"SOURCE_ID":595,"total_detect":4,"GiZScore":-1.1243434060599542,"GiPValue":0.26086738925992004,"NNeighbors":190,"Gi_Bin":0}},{"type":"Feature","id":596,"geometry":{"type":"Point","coordinates":[99.017071839792067,18.772630019581353]},"properties":{"OBJECTID":596,"SOURCE_ID":596,"total_detect":3,"GiZScore":-1.1515386930552038,"GiPValue":0.2495107060667987,"NNeighbors":185,"Gi_Bin":0}},{"type":"Feature","id":597,"geometry":{"type":"Point","coordinates":[99.017055290377712,18.771952949931837]},"properties":{"OBJECTID":597,"SOURCE_ID":597,"total_detect":1,"GiZScore":-1.2778963127547085,"GiPValue":0.20128601406151148,"NNeighbors":187,"Gi_Bin":0}},{"type":"Feature","id":598,"geometry":{"type":"Point","coordinates":[99.017050830276105,18.771229930407017]},"properties":{"OBJECTID":598,"SOURCE_ID":598,"total_detect":3,"GiZScore":-1.3582348869652583,"GiPValue":0.17438916386469122,"NNeighbors":186,"Gi_Bin":0}},{"type":"Feature","id":599,"geometry":{"type":"Point","coordinates":[99.013511010391511,18.771449299567273]},"properties":{"OBJECTID":599,"SOURCE_ID":599,"total_detect":2,"GiZScore":-1.2356324855656853,"GiPValue":0.21659522730688541,"NNeighbors":159,"Gi_Bin":0}},{"type":"Feature","id":600,"geometry":{"type":"Point","coordinates":[99.01214285003249,18.772258929646345]},"properties":{"OBJECTID":600,"SOURCE_ID":600,"total_detect":7,"GiZScore":-0.9620053930868413,"GiPValue":0.33604690692810268,"NNeighbors":164,"Gi_Bin":0}},{"type":"Feature","id":601,"geometry":{"type":"Point","coordinates":[99.015418870246009,18.769237519666625]},"properties":{"OBJECTID":601,"SOURCE_ID":601,"total_detect":1,"GiZScore":-1.3226127547944839,"GiPValue":0.18596419040583098,"NNeighbors":169,"Gi_Bin":0}},{"type":"Feature","id":602,"geometry":{"type":"Point","coordinates":[99.015600830120036,18.769186229797349]},"properties":{"OBJECTID":602,"SOURCE_ID":602,"total_detect":2,"GiZScore":-1.4121723128612953,"GiPValue":0.15789923071183395,"NNeighbors":169,"Gi_Bin":0}},{"type":"Feature","id":603,"geometry":{"type":"Point","coordinates":[99.015231460291119,18.769384459807092]},"properties":{"OBJECTID":603,"SOURCE_ID":603,"total_detect":2,"GiZScore":-1.137467653136919,"GiPValue":0.25534285842078419,"NNeighbors":168,"Gi_Bin":0}},{"type":"Feature","id":604,"geometry":{"type":"Point","coordinates":[99.018364050089446,18.78039699006538]},"properties":{"OBJECTID":604,"SOURCE_ID":604,"total_detect":2,"GiZScore":-2.2149465609131425,"GiPValue":0.026763732709781496,"NNeighbors":185,"Gi_Bin":-2}},{"type":"Feature","id":605,"geometry":{"type":"Point","coordinates":[99.018362009646353,18.780577740105102]},"properties":{"OBJECTID":605,"SOURCE_ID":605,"total_detect":4,"GiZScore":-2.1825640771309711,"GiPValue":0.029067927650308568,"NNeighbors":184,"Gi_Bin":-2}},{"type":"Feature","id":606,"geometry":{"type":"Point","coordinates":[99.020175770245103,18.782008010065983]},"properties":{"OBJECTID":606,"SOURCE_ID":606,"total_detect":2,"GiZScore":-1.8852984842642284,"GiPValue":0.059389550689536968,"NNeighbors":175,"Gi_Bin":-1}},{"type":"Feature","id":607,"geometry":{"type":"Point","coordinates":[99.018840169895427,18.777394270240826]},"properties":{"OBJECTID":607,"SOURCE_ID":607,"total_detect":2,"GiZScore":-1.6323320638879417,"GiPValue":0.10260955210795117,"NNeighbors":195,"Gi_Bin":0}},{"type":"Feature","id":608,"geometry":{"type":"Point","coordinates":[99.022823559611595,18.781095429951495]},"properties":{"OBJECTID":608,"SOURCE_ID":608,"total_detect":2,"GiZScore":-1.6770302178431458,"GiPValue":0.093536572993769745,"NNeighbors":155,"Gi_Bin":-1}},{"type":"Feature","id":609,"geometry":{"type":"Point","coordinates":[99.022839419835776,18.781275549701189]},"properties":{"OBJECTID":609,"SOURCE_ID":609,"total_detect":2,"GiZScore":-1.8277940432305173,"GiPValue":0.067580467565305335,"NNeighbors":154,"Gi_Bin":-1}},{"type":"Feature","id":610,"geometry":{"type":"Point","coordinates":[99.022855280095328,18.781455680291511]},"properties":{"OBJECTID":610,"SOURCE_ID":610,"total_detect":1,"GiZScore":-1.8484338112496685,"GiPValue":0.064539611234490826,"NNeighbors":159,"Gi_Bin":-1}},{"type":"Feature","id":611,"geometry":{"type":"Point","coordinates":[99.022931910471954,18.781835139674765]},"properties":{"OBJECTID":611,"SOURCE_ID":611,"total_detect":1,"GiZScore":-1.769963272703059,"GiPValue":0.076733259192344194,"NNeighbors":155,"Gi_Bin":-1}},{"type":"Feature","id":612,"geometry":{"type":"Point","coordinates":[99.02659133972999,18.780107080407436]},"properties":{"OBJECTID":612,"SOURCE_ID":612,"total_detect":5,"GiZScore":-1.7867165732191286,"GiPValue":0.073983309053469781,"NNeighbors":136,"Gi_Bin":-1}},{"type":"Feature","id":613,"geometry":{"type":"Point","coordinates":[99.0261246400093,18.779536850300687]},"properties":{"OBJECTID":613,"SOURCE_ID":613,"total_detect":1,"GiZScore":-1.6632135739814975,"GiPValue":0.096269691447897071,"NNeighbors":145,"Gi_Bin":-1}},{"type":"Feature","id":614,"geometry":{"type":"Point","coordinates":[98.976528510214592,18.795861649832641]},"properties":{"OBJECTID":614,"SOURCE_ID":614,"total_detect":2,"GiZScore":-0.6058280794256129,"GiPValue":0.54462892495723692,"NNeighbors":236,"Gi_Bin":0}},{"type":"Feature","id":615,"geometry":{"type":"Point","coordinates":[98.974410190115307,18.796097090374552]},"properties":{"OBJECTID":615,"SOURCE_ID":615,"total_detect":1,"GiZScore":0.10823829316969731,"GiPValue":0.91380666982959002,"NNeighbors":215,"Gi_Bin":0}},{"type":"Feature","id":616,"geometry":{"type":"Point","coordinates":[98.972239719788078,18.795159099872812]},"properties":{"OBJECTID":616,"SOURCE_ID":616,"total_detect":1,"GiZScore":-0.011736133966256701,"GiPValue":0.99063613486253144,"NNeighbors":203,"Gi_Bin":0}},{"type":"Feature","id":617,"geometry":{"type":"Point","coordinates":[98.972792230126373,18.795930240108326]},"properties":{"OBJECTID":617,"SOURCE_ID":617,"total_detect":2,"GiZScore":0.079654031052947855,"GiPValue":0.93651242113100752,"NNeighbors":202,"Gi_Bin":0}},{"type":"Feature","id":618,"geometry":{"type":"Point","coordinates":[98.9726055503439,18.795962880241756]},"properties":{"OBJECTID":618,"SOURCE_ID":618,"total_detect":1,"GiZScore":0.088082858391310873,"GiPValue":0.92981082044527807,"NNeighbors":201,"Gi_Bin":0}},{"type":"Feature","id":619,"geometry":{"type":"Point","coordinates":[98.972232209541602,18.79602816989258]},"properties":{"OBJECTID":619,"SOURCE_ID":619,"total_detect":1,"GiZScore":0.16082624402094811,"GiPValue":0.87223025460972781,"NNeighbors":199,"Gi_Bin":0}},{"type":"Feature","id":620,"geometry":{"type":"Point","coordinates":[98.971858859913269,18.796093449756903]},"properties":{"OBJECTID":620,"SOURCE_ID":620,"total_detect":2,"GiZScore":0.24301603997576304,"GiPValue":0.80799297197476272,"NNeighbors":196,"Gi_Bin":0}},{"type":"Feature","id":621,"geometry":{"type":"Point","coordinates":[98.973662059933332,18.795342869858413]},"properties":{"OBJECTID":621,"SOURCE_ID":621,"total_detect":2,"GiZScore":0.10823829316969731,"GiPValue":0.91380666982959002,"NNeighbors":215,"Gi_Bin":0}},{"type":"Feature","id":622,"geometry":{"type":"Point","coordinates":[98.973329359689643,18.795400410221681]},"properties":{"OBJECTID":622,"SOURCE_ID":622,"total_detect":1,"GiZScore":0.16872111503642642,"GiPValue":0.86601600955212388,"NNeighbors":211,"Gi_Bin":0}},{"type":"Feature","id":623,"geometry":{"type":"Point","coordinates":[98.972339559983212,18.795568040069167]},"properties":{"OBJECTID":623,"SOURCE_ID":623,"total_detect":2,"GiZScore":0.051933215460839524,"GiPValue":0.95858190786400266,"NNeighbors":202,"Gi_Bin":0}},{"type":"Feature","id":624,"geometry":{"type":"Point","coordinates":[98.97159208034553,18.795694469960985]},"properties":{"OBJECTID":624,"SOURCE_ID":624,"total_detect":1,"GiZScore":0.12856794160549004,"GiPValue":0.89769953464467112,"NNeighbors":193,"Gi_Bin":0}},{"type":"Feature","id":625,"geometry":{"type":"Point","coordinates":[98.973298330452224,18.795658929931655]},"properties":{"OBJECTID":625,"SOURCE_ID":625,"total_detect":2,"GiZScore":0.2576009988377318,"GiPValue":0.79671485901983086,"NNeighbors":207,"Gi_Bin":0}},{"type":"Feature","id":626,"geometry":{"type":"Point","coordinates":[98.973048020349822,18.793655489600667]},"properties":{"OBJECTID":626,"SOURCE_ID":626,"total_detect":7,"GiZScore":-0.20446397647782955,"GiPValue":0.83799094006297481,"NNeighbors":217,"Gi_Bin":0}},{"type":"Feature","id":627,"geometry":{"type":"Point","coordinates":[98.972925620187382,18.793121239755646]},"properties":{"OBJECTID":627,"SOURCE_ID":627,"total_detect":1,"GiZScore":-0.20446397647782955,"GiPValue":0.83799094006297481,"NNeighbors":217,"Gi_Bin":0}},{"type":"Feature","id":628,"geometry":{"type":"Point","coordinates":[98.971512269914655,18.794348229717542]},"properties":{"OBJECTID":628,"SOURCE_ID":628,"total_detect":1,"GiZScore":-0.16994533298571016,"GiPValue":0.86505312913660515,"NNeighbors":195,"Gi_Bin":0}},{"type":"Feature","id":629,"geometry":{"type":"Point","coordinates":[98.971487339982687,18.793879179565852]},"properties":{"OBJECTID":629,"SOURCE_ID":629,"total_detect":4,"GiZScore":-0.2096192957732399,"GiPValue":0.83396481850566095,"NNeighbors":200,"Gi_Bin":0}},{"type":"Feature","id":630,"geometry":{"type":"Point","coordinates":[98.972570609825368,18.793592350104689]},"properties":{"OBJECTID":630,"SOURCE_ID":630,"total_detect":2,"GiZScore":-0.021938639122533323,"GiPValue":0.98249690262014544,"NNeighbors":211,"Gi_Bin":0}},{"type":"Feature","id":631,"geometry":{"type":"Point","coordinates":[98.972753179767423,18.793542970327461]},"properties":{"OBJECTID":631,"SOURCE_ID":631,"total_detect":1,"GiZScore":-0.06514358395168654,"GiPValue":0.9480596791308431,"NNeighbors":213,"Gi_Bin":0}},{"type":"Feature","id":632,"geometry":{"type":"Point","coordinates":[98.971498049830018,18.793467999893284]},"properties":{"OBJECTID":632,"SOURCE_ID":632,"total_detect":1,"GiZScore":-0.16589533088083,"GiPValue":0.86823932206089061,"NNeighbors":198,"Gi_Bin":0}},{"type":"Feature","id":633,"geometry":{"type":"Point","coordinates":[98.972321660283811,18.793014659611124]},"properties":{"OBJECTID":633,"SOURCE_ID":633,"total_detect":12,"GiZScore":-0.099219164373778465,"GiPValue":0.92096425897609313,"NNeighbors":207,"Gi_Bin":0}},{"type":"Feature","id":634,"geometry":{"type":"Point","coordinates":[98.972242260304569,18.794243370048719]},"properties":{"OBJECTID":634,"SOURCE_ID":634,"total_detect":1,"GiZScore":-0.047541345637926405,"GiPValue":0.96208177851600241,"NNeighbors":204,"Gi_Bin":0}},{"type":"Feature","id":635,"geometry":{"type":"Point","coordinates":[98.971851170167938,18.795044330167141]},"properties":{"OBJECTID":635,"SOURCE_ID":635,"total_detect":1,"GiZScore":-0.13794770999014014,"GiPValue":0.89028174373505586,"NNeighbors":198,"Gi_Bin":0}},{"type":"Feature","id":636,"geometry":{"type":"Point","coordinates":[98.966587469948891,18.793581860317463]},"properties":{"OBJECTID":636,"SOURCE_ID":636,"total_detect":1,"GiZScore":0.35588069643653181,"GiPValue":0.72192991335183776,"NNeighbors":135,"Gi_Bin":0}},{"type":"Feature","id":637,"geometry":{"type":"Point","coordinates":[98.968116640332028,18.793281659552562]},"properties":{"OBJECTID":637,"SOURCE_ID":637,"total_detect":1,"GiZScore":0.59205735066587184,"GiPValue":0.55381218811053567,"NNeighbors":160,"Gi_Bin":0}},{"type":"Feature","id":638,"geometry":{"type":"Point","coordinates":[98.954739639777614,18.796299870313693]},"properties":{"OBJECTID":638,"SOURCE_ID":638,"total_detect":2,"GiZScore":1.9007509269063014,"GiPValue":0.057334644548596325,"NNeighbors":59,"Gi_Bin":1}},{"type":"Feature","id":639,"geometry":{"type":"Point","coordinates":[98.955142779920507,18.796234280278263]},"properties":{"OBJECTID":639,"SOURCE_ID":639,"total_detect":2,"GiZScore":1.8525553446785312,"GiPValue":0.063946117987175449,"NNeighbors":59,"Gi_Bin":1}},{"type":"Feature","id":640,"geometry":{"type":"Point","coordinates":[98.956168239653408,18.796089569756838]},"properties":{"OBJECTID":640,"SOURCE_ID":640,"total_detect":2,"GiZScore":1.7561641802229908,"GiPValue":0.079060378957864913,"NNeighbors":59,"Gi_Bin":1}},{"type":"Feature","id":641,"geometry":{"type":"Point","coordinates":[98.956544270120133,18.796040230379425]},"properties":{"OBJECTID":641,"SOURCE_ID":641,"total_detect":6,"GiZScore":2.0843180550472056,"GiPValue":0.037131246099831018,"NNeighbors":64,"Gi_Bin":2}},{"type":"Feature","id":642,"geometry":{"type":"Point","coordinates":[98.949344379848611,18.796626300212239]},"properties":{"OBJECTID":642,"SOURCE_ID":642,"total_detect":2,"GiZScore":1.5032332300540967,"GiPValue":0.13277891126484678,"NNeighbors":42,"Gi_Bin":0}},{"type":"Feature","id":643,"geometry":{"type":"Point","coordinates":[98.949288509557462,18.796799049555027]},"properties":{"OBJECTID":643,"SOURCE_ID":643,"total_detect":10,"GiZScore":1.5032332300540967,"GiPValue":0.13277891126484678,"NNeighbors":42,"Gi_Bin":0}},{"type":"Feature","id":644,"geometry":{"type":"Point","coordinates":[98.955259719571274,18.797833010040264]},"properties":{"OBJECTID":644,"SOURCE_ID":644,"total_detect":3,"GiZScore":1.9556611575149718,"GiPValue":0.050505083285958118,"NNeighbors":62,"Gi_Bin":1}},{"type":"Feature","id":645,"geometry":{"type":"Point","coordinates":[98.95525927988534,18.798013770245909]},"properties":{"OBJECTID":645,"SOURCE_ID":645,"total_detect":2,"GiZScore":1.9556611575149718,"GiPValue":0.050505083285958118,"NNeighbors":62,"Gi_Bin":1}},{"type":"Feature","id":646,"geometry":{"type":"Point","coordinates":[98.955249219757235,18.799087410062199]},"properties":{"OBJECTID":646,"SOURCE_ID":646,"total_detect":1,"GiZScore":1.8802521769511691,"GiPValue":0.060073717596863543,"NNeighbors":63,"Gi_Bin":1}},{"type":"Feature","id":647,"geometry":{"type":"Point","coordinates":[98.954539469941579,18.797482819741546]},"properties":{"OBJECTID":647,"SOURCE_ID":647,"total_detect":2,"GiZScore":2.1104448446230806,"GiPValue":0.034820057235650646,"NNeighbors":60,"Gi_Bin":2}},{"type":"Feature","id":648,"geometry":{"type":"Point","coordinates":[98.955813839550117,18.796903630331919]},"properties":{"OBJECTID":648,"SOURCE_ID":648,"total_detect":20,"GiZScore":1.8525553446785312,"GiPValue":0.063946117987175449,"NNeighbors":59,"Gi_Bin":1}},{"type":"Feature","id":649,"geometry":{"type":"Point","coordinates":[98.954356940376513,18.797889250251615]},"properties":{"OBJECTID":649,"SOURCE_ID":649,"total_detect":1,"GiZScore":1.9556611575149718,"GiPValue":0.050505083285958118,"NNeighbors":62,"Gi_Bin":1}},{"type":"Feature","id":650,"geometry":{"type":"Point","coordinates":[98.954361980289193,18.796762860440513]},"properties":{"OBJECTID":650,"SOURCE_ID":650,"total_detect":2,"GiZScore":1.8900617335397634,"GiPValue":0.058749704186183471,"NNeighbors":61,"Gi_Bin":1}},{"type":"Feature","id":651,"geometry":{"type":"Point","coordinates":[98.954147100374584,18.807124530160639]},"properties":{"OBJECTID":651,"SOURCE_ID":651,"total_detect":6,"GiZScore":2.857198826143311,"GiPValue":0.0042739802187148294,"NNeighbors":48,"Gi_Bin":3}},{"type":"Feature","id":652,"geometry":{"type":"Point","coordinates":[98.954055989903807,18.806965950054515]},"properties":{"OBJECTID":652,"SOURCE_ID":652,"total_detect":6,"GiZScore":2.857198826143311,"GiPValue":0.0042739802187148294,"NNeighbors":48,"Gi_Bin":3}},{"type":"Feature","id":653,"geometry":{"type":"Point","coordinates":[98.953782680387278,18.806490230247586]},"properties":{"OBJECTID":653,"SOURCE_ID":653,"total_detect":1,"GiZScore":2.857198826143311,"GiPValue":0.0042739802187148294,"NNeighbors":48,"Gi_Bin":3}},{"type":"Feature","id":654,"geometry":{"type":"Point","coordinates":[98.953597690179208,18.806164849884574]},"properties":{"OBJECTID":654,"SOURCE_ID":654,"total_detect":4,"GiZScore":2.857198826143311,"GiPValue":0.0042739802187148294,"NNeighbors":48,"Gi_Bin":3}},{"type":"Feature","id":655,"geometry":{"type":"Point","coordinates":[98.951650360216505,18.802904550138198]},"properties":{"OBJECTID":655,"SOURCE_ID":655,"total_detect":1,"GiZScore":2.6228408872341498,"GiPValue":0.0087199985708281379,"NNeighbors":46,"Gi_Bin":3}},{"type":"Feature","id":656,"geometry":{"type":"Point","coordinates":[98.981142199536421,18.791300360399752]},"properties":{"OBJECTID":656,"SOURCE_ID":656,"total_detect":2,"GiZScore":0.17412182155721304,"GiPValue":0.86176972410510277,"NNeighbors":285,"Gi_Bin":0}},{"type":"Feature","id":657,"geometry":{"type":"Point","coordinates":[98.98115351013216,18.791119930043635]},"properties":{"OBJECTID":657,"SOURCE_ID":657,"total_detect":4,"GiZScore":0.29707115843891446,"GiPValue":0.76641218355923046,"NNeighbors":288,"Gi_Bin":0}},{"type":"Feature","id":658,"geometry":{"type":"Point","coordinates":[98.981348589527926,18.79023474987719]},"properties":{"OBJECTID":658,"SOURCE_ID":658,"total_detect":5,"GiZScore":0.3950155377149317,"GiPValue":0.69283142202271764,"NNeighbors":291,"Gi_Bin":0}},{"type":"Feature","id":659,"geometry":{"type":"Point","coordinates":[98.979512889883537,18.768133199555379]},"properties":{"OBJECTID":659,"SOURCE_ID":659,"total_detect":14,"GiZScore":-0.40445216819317925,"GiPValue":0.6858802455694295,"NNeighbors":200,"Gi_Bin":0}},{"type":"Feature","id":660,"geometry":{"type":"Point","coordinates":[98.999013299838438,18.801511330213955]},"properties":{"OBJECTID":660,"SOURCE_ID":660,"total_detect":2,"GiZScore":2.157844662326891,"GiPValue":0.03093991112644837,"NNeighbors":229,"Gi_Bin":2}},{"type":"Feature","id":661,"geometry":{"type":"Point","coordinates":[98.999088100086851,18.801677460360381]},"properties":{"OBJECTID":661,"SOURCE_ID":661,"total_detect":1,"GiZScore":2.1810215483242139,"GiPValue":0.029181822711930847,"NNeighbors":227,"Gi_Bin":2}},{"type":"Feature","id":662,"geometry":{"type":"Point","coordinates":[98.995842689946173,18.808864999725383]},"properties":{"OBJECTID":662,"SOURCE_ID":662,"total_detect":1,"GiZScore":2.1661786793075937,"GiPValue":0.030297535707247015,"NNeighbors":161,"Gi_Bin":2}},{"type":"Feature","id":663,"geometry":{"type":"Point","coordinates":[98.996459060457781,18.809663030256061]},"properties":{"OBJECTID":663,"SOURCE_ID":663,"total_detect":1,"GiZScore":2.3827427091747868,"GiPValue":0.017184199985035748,"NNeighbors":151,"Gi_Bin":2}},{"type":"Feature","id":664,"geometry":{"type":"Point","coordinates":[98.996521280370175,18.81019445008091]},"properties":{"OBJECTID":664,"SOURCE_ID":664,"total_detect":11,"GiZScore":2.5139399059139196,"GiPValue":0.011939077578641396,"NNeighbors":145,"Gi_Bin":2}},{"type":"Feature","id":665,"geometry":{"type":"Point","coordinates":[98.996541519909186,18.810374180255529]},"properties":{"OBJECTID":665,"SOURCE_ID":665,"total_detect":1,"GiZScore":2.5162488180699318,"GiPValue":0.011861141283040793,"NNeighbors":143,"Gi_Bin":2}},{"type":"Feature","id":666,"geometry":{"type":"Point","coordinates":[98.996571479954795,18.81063354960164]},"properties":{"OBJECTID":666,"SOURCE_ID":666,"total_detect":1,"GiZScore":2.5335619693965872,"GiPValue":0.011290977397535677,"NNeighbors":142,"Gi_Bin":2}},{"type":"Feature","id":667,"geometry":{"type":"Point","coordinates":[98.995938110246101,18.807802329729824]},"properties":{"OBJECTID":667,"SOURCE_ID":667,"total_detect":1,"GiZScore":2.1390573700607542,"GiPValue":0.032431022360488421,"NNeighbors":167,"Gi_Bin":2}},{"type":"Feature","id":668,"geometry":{"type":"Point","coordinates":[98.995593860028492,18.806852449594473]},"properties":{"OBJECTID":668,"SOURCE_ID":668,"total_detect":3,"GiZScore":2.0829434628823891,"GiPValue":0.037256377288883036,"NNeighbors":186,"Gi_Bin":2}},{"type":"Feature","id":669,"geometry":{"type":"Point","coordinates":[98.996013340096511,18.806722529652276]},"properties":{"OBJECTID":669,"SOURCE_ID":669,"total_detect":2,"GiZScore":2.0674256637039616,"GiPValue":0.038694062078166634,"NNeighbors":185,"Gi_Bin":2}},{"type":"Feature","id":670,"geometry":{"type":"Point","coordinates":[98.999441080401468,18.805610679691647]},"properties":{"OBJECTID":670,"SOURCE_ID":670,"total_detect":1,"GiZScore":2.5573922099995889,"GiPValue":0.010546023635083415,"NNeighbors":193,"Gi_Bin":2}},{"type":"Feature","id":671,"geometry":{"type":"Point","coordinates":[98.997441400440039,18.805729800254571]},"properties":{"OBJECTID":671,"SOURCE_ID":671,"total_detect":7,"GiZScore":2.517076274625397,"GiPValue":0.011833320864852202,"NNeighbors":198,"Gi_Bin":2}},{"type":"Feature","id":672,"geometry":{"type":"Point","coordinates":[98.997954970441128,18.805803199552976]},"properties":{"OBJECTID":672,"SOURCE_ID":672,"total_detect":1,"GiZScore":2.5579683765819143,"GiPValue":0.01052856662473842,"NNeighbors":195,"Gi_Bin":2}},{"type":"Feature","id":673,"geometry":{"type":"Point","coordinates":[98.998140759561153,18.805840199843267]},"properties":{"OBJECTID":673,"SOURCE_ID":673,"total_detect":6,"GiZScore":2.5717602151531391,"GiPValue":0.010118294474747529,"NNeighbors":194,"Gi_Bin":2}},{"type":"Feature","id":674,"geometry":{"type":"Point","coordinates":[98.998839109702928,18.805969429926481]},"properties":{"OBJECTID":674,"SOURCE_ID":674,"total_detect":1,"GiZScore":2.5573922099995889,"GiPValue":0.010546023635083415,"NNeighbors":193,"Gi_Bin":2}},{"type":"Feature","id":675,"geometry":{"type":"Point","coordinates":[98.999269230198919,18.805423180250333]},"properties":{"OBJECTID":675,"SOURCE_ID":675,"total_detect":2,"GiZScore":2.5153957634058659,"GiPValue":0.011889883055172518,"NNeighbors":194,"Gi_Bin":2}},{"type":"Feature","id":676,"geometry":{"type":"Point","coordinates":[98.998861370404725,18.805350500136218]},"properties":{"OBJECTID":676,"SOURCE_ID":676,"total_detect":1,"GiZScore":2.6988347663837815,"GiPValue":0.0069582714904381036,"NNeighbors":199,"Gi_Bin":3}},{"type":"Feature","id":677,"geometry":{"type":"Point","coordinates":[98.998214390306899,18.805235580294092]},"properties":{"OBJECTID":677,"SOURCE_ID":677,"total_detect":2,"GiZScore":2.7128737905258502,"GiPValue":0.0066702505916604428,"NNeighbors":200,"Gi_Bin":3}},{"type":"Feature","id":678,"geometry":{"type":"Point","coordinates":[98.997780229593246,18.805503179883097]},"properties":{"OBJECTID":678,"SOURCE_ID":678,"total_detect":1,"GiZScore":2.8657635369052192,"GiPValue":0.0041600485374894995,"NNeighbors":201,"Gi_Bin":3}},{"type":"Feature","id":679,"geometry":{"type":"Point","coordinates":[98.998707439534016,18.8056644902701]},"properties":{"OBJECTID":679,"SOURCE_ID":679,"total_detect":3,"GiZScore":2.474616375044135,"GiPValue":0.013337935852764618,"NNeighbors":197,"Gi_Bin":2}},{"type":"Feature","id":680,"geometry":{"type":"Point","coordinates":[98.998382579739697,18.806314999591219]},"properties":{"OBJECTID":680,"SOURCE_ID":680,"total_detect":1,"GiZScore":2.4995401434648818,"GiPValue":0.012435460927813205,"NNeighbors":189,"Gi_Bin":2}},{"type":"Feature","id":681,"geometry":{"type":"Point","coordinates":[98.997600530446348,18.805290170311213]},"properties":{"OBJECTID":681,"SOURCE_ID":681,"total_detect":5,"GiZScore":2.8240147746716735,"GiPValue":0.0047426198601348418,"NNeighbors":202,"Gi_Bin":3}},{"type":"Feature","id":682,"geometry":{"type":"Point","coordinates":[98.99913048032009,18.805053550447003]},"properties":{"OBJECTID":682,"SOURCE_ID":682,"total_detect":1,"GiZScore":2.7546151734686788,"GiPValue":0.0058761204330685457,"NNeighbors":199,"Gi_Bin":3}},{"type":"Feature","id":683,"geometry":{"type":"Point","coordinates":[98.999557769886266,18.804714230337545]},"properties":{"OBJECTID":683,"SOURCE_ID":683,"total_detect":6,"GiZScore":2.6039129890770538,"GiPValue":0.0092166152027229071,"NNeighbors":206,"Gi_Bin":3}},{"type":"Feature","id":684,"geometry":{"type":"Point","coordinates":[99.002465570287683,18.80369195035216]},"properties":{"OBJECTID":684,"SOURCE_ID":684,"total_detect":1,"GiZScore":2.0308355616073985,"GiPValue":0.042271678285585326,"NNeighbors":190,"Gi_Bin":2}},{"type":"Feature","id":685,"geometry":{"type":"Point","coordinates":[99.002086439637267,18.803753109767023]},"properties":{"OBJECTID":685,"SOURCE_ID":685,"total_detect":4,"GiZScore":2.0081156976804033,"GiPValue":0.044630998534948958,"NNeighbors":194,"Gi_Bin":2}},{"type":"Feature","id":686,"geometry":{"type":"Point","coordinates":[99.002028690194948,18.803980779933582]},"properties":{"OBJECTID":686,"SOURCE_ID":686,"total_detect":1,"GiZScore":2.1161106688416513,"GiPValue":0.034335396321268807,"NNeighbors":190,"Gi_Bin":2}},{"type":"Feature","id":687,"geometry":{"type":"Point","coordinates":[99.002333989615252,18.803959830183416]},"properties":{"OBJECTID":687,"SOURCE_ID":687,"total_detect":6,"GiZScore":2.1556383075528656,"GiPValue":0.031111918867319777,"NNeighbors":187,"Gi_Bin":2}},{"type":"Feature","id":688,"geometry":{"type":"Point","coordinates":[99.017104909967514,18.798542370226901]},"properties":{"OBJECTID":688,"SOURCE_ID":688,"total_detect":2,"GiZScore":-0.360536532799417,"GiPValue":0.71844594243655635,"NNeighbors":111,"Gi_Bin":0}},{"type":"Feature","id":689,"geometry":{"type":"Point","coordinates":[99.016683760466989,18.798271560203581]},"properties":{"OBJECTID":689,"SOURCE_ID":689,"total_detect":1,"GiZScore":-0.61190181227270501,"GiPValue":0.54060272586369718,"NNeighbors":124,"Gi_Bin":0}},{"type":"Feature","id":690,"geometry":{"type":"Point","coordinates":[99.006386239613306,18.782603629693455]},"properties":{"OBJECTID":690,"SOURCE_ID":690,"total_detect":1,"GiZScore":-0.79579061477742197,"GiPValue":0.42615375476805406,"NNeighbors":225,"Gi_Bin":0}},{"type":"Feature","id":691,"geometry":{"type":"Point","coordinates":[99.007369429525795,18.783078469897756]},"properties":{"OBJECTID":691,"SOURCE_ID":691,"total_detect":4,"GiZScore":-0.4377716932873818,"GiPValue":0.66155179386309459,"NNeighbors":212,"Gi_Bin":0}},{"type":"Feature","id":692,"geometry":{"type":"Point","coordinates":[99.007703929915465,18.783161840036215]},"properties":{"OBJECTID":692,"SOURCE_ID":692,"total_detect":1,"GiZScore":-0.48496947065143553,"GiPValue":0.62769800342508164,"NNeighbors":211,"Gi_Bin":0}},{"type":"Feature","id":693,"geometry":{"type":"Point","coordinates":[99.00998021047171,18.765799860381826]},"properties":{"OBJECTID":693,"SOURCE_ID":693,"total_detect":2,"GiZScore":-0.63764639323950389,"GiPValue":0.52370389223628866,"NNeighbors":161,"Gi_Bin":0}},{"type":"Feature","id":694,"geometry":{"type":"Point","coordinates":[98.993301499641944,18.793970039790086]},"properties":{"OBJECTID":694,"SOURCE_ID":694,"total_detect":3,"GiZScore":1.5294288015738695,"GiPValue":0.12615817693599946,"NNeighbors":307,"Gi_Bin":0}},{"type":"Feature","id":695,"geometry":{"type":"Point","coordinates":[98.993115010018556,18.794003569890563]},"properties":{"OBJECTID":695,"SOURCE_ID":695,"total_detect":2,"GiZScore":1.5119815858437322,"GiPValue":0.13053854708877866,"NNeighbors":309,"Gi_Bin":0}},{"type":"Feature","id":696,"geometry":{"type":"Point","coordinates":[98.992605429878608,18.794070560003973]},"properties":{"OBJECTID":696,"SOURCE_ID":696,"total_detect":2,"GiZScore":1.4453282892258426,"GiPValue":0.14836569542574915,"NNeighbors":314,"Gi_Bin":0}},{"type":"Feature","id":697,"geometry":{"type":"Point","coordinates":[98.990218770411971,18.794456029939685]},"properties":{"OBJECTID":697,"SOURCE_ID":697,"total_detect":1,"GiZScore":2.0779932074463585,"GiPValue":0.037709984775190351,"NNeighbors":299,"Gi_Bin":2}},{"type":"Feature","id":698,"geometry":{"type":"Point","coordinates":[98.99040592992128,18.794426060079822]},"properties":{"OBJECTID":698,"SOURCE_ID":698,"total_detect":3,"GiZScore":2.1161981187397876,"GiPValue":0.03432796116218706,"NNeighbors":300,"Gi_Bin":2}},{"type":"Feature","id":699,"geometry":{"type":"Point","coordinates":[98.991173739717681,18.794185670310718]},"properties":{"OBJECTID":699,"SOURCE_ID":699,"total_detect":1,"GiZScore":1.8974949724922299,"GiPValue":0.05776264169836888,"NNeighbors":303,"Gi_Bin":1}},{"type":"Feature","id":700,"geometry":{"type":"Point","coordinates":[98.991403260331609,18.794809210155751]},"properties":{"OBJECTID":700,"SOURCE_ID":700,"total_detect":2,"GiZScore":1.6270435717771843,"GiPValue":0.10372784413455348,"NNeighbors":304,"Gi_Bin":0}},{"type":"Feature","id":701,"geometry":{"type":"Point","coordinates":[98.991011809735639,18.794285390232069]},"properties":{"OBJECTID":701,"SOURCE_ID":701,"total_detect":1,"GiZScore":1.8974949724922299,"GiPValue":0.05776264169836888,"NNeighbors":303,"Gi_Bin":1}},{"type":"Feature","id":702,"geometry":{"type":"Point","coordinates":[98.998749579766411,18.790141560039423]},"properties":{"OBJECTID":702,"SOURCE_ID":702,"total_detect":4,"GiZScore":0.587486954876143,"GiPValue":0.55687671215132883,"NNeighbors":288,"Gi_Bin":0}},{"type":"Feature","id":703,"geometry":{"type":"Point","coordinates":[98.998590970101134,18.791129749968785]},"properties":{"OBJECTID":703,"SOURCE_ID":703,"total_detect":1,"GiZScore":0.99270316698832739,"GiPValue":0.32085464425753119,"NNeighbors":283,"Gi_Bin":0}},{"type":"Feature","id":704,"geometry":{"type":"Point","coordinates":[98.999241429664096,18.790991149584467]},"properties":{"OBJECTID":704,"SOURCE_ID":704,"total_detect":2,"GiZScore":0.7659608035287947,"GiPValue":0.44369963138584911,"NNeighbors":278,"Gi_Bin":0}},{"type":"Feature","id":705,"geometry":{"type":"Point","coordinates":[98.984615379706369,18.794730699598002]},"properties":{"OBJECTID":705,"SOURCE_ID":705,"total_detect":1,"GiZScore":1.2012065360618416,"GiPValue":0.22967111653933892,"NNeighbors":287,"Gi_Bin":0}},{"type":"Feature","id":706,"geometry":{"type":"Point","coordinates":[98.98794270982529,18.797953160162713]},"properties":{"OBJECTID":706,"SOURCE_ID":706,"total_detect":2,"GiZScore":0.075039967533477164,"GiPValue":0.94018291202795823,"NNeighbors":272,"Gi_Bin":0}},{"type":"Feature","id":707,"geometry":{"type":"Point","coordinates":[98.988048710109553,18.797803230322302]},"properties":{"OBJECTID":707,"SOURCE_ID":707,"total_detect":1,"GiZScore":0.34026826229566809,"GiPValue":0.73365451629755807,"NNeighbors":276,"Gi_Bin":0}},{"type":"Feature","id":708,"geometry":{"type":"Point","coordinates":[98.979364329528693,18.800372449814077]},"properties":{"OBJECTID":708,"SOURCE_ID":708,"total_detect":1,"GiZScore":-0.068435996509762884,"GiPValue":0.94543856791548275,"NNeighbors":210,"Gi_Bin":0}},{"type":"Feature","id":709,"geometry":{"type":"Point","coordinates":[98.97921255027839,18.800480969770756]},"properties":{"OBJECTID":709,"SOURCE_ID":709,"total_detect":1,"GiZScore":-0.18156227896105007,"GiPValue":0.85592625386074384,"NNeighbors":207,"Gi_Bin":0}},{"type":"Feature","id":710,"geometry":{"type":"Point","coordinates":[98.978453619789619,18.801023590272333]},"properties":{"OBJECTID":710,"SOURCE_ID":710,"total_detect":1,"GiZScore":0.1026964210796162,"GiPValue":0.91820391420172509,"NNeighbors":196,"Gi_Bin":0}},{"type":"Feature","id":711,"geometry":{"type":"Point","coordinates":[98.976592409712168,18.799701179569617]},"properties":{"OBJECTID":711,"SOURCE_ID":711,"total_detect":1,"GiZScore":0.82229036562499369,"GiPValue":0.41091166647909305,"NNeighbors":197,"Gi_Bin":0}},{"type":"Feature","id":712,"geometry":{"type":"Point","coordinates":[98.975975650028815,18.799485130231801]},"properties":{"OBJECTID":712,"SOURCE_ID":712,"total_detect":2,"GiZScore":0.77441072195481997,"GiPValue":0.43868795167848995,"NNeighbors":199,"Gi_Bin":0}},{"type":"Feature","id":713,"geometry":{"type":"Point","coordinates":[98.976788230084125,18.799742079639103]},"properties":{"OBJECTID":713,"SOURCE_ID":713,"total_detect":1,"GiZScore":0.74816666800189169,"GiPValue":0.4543596393451006,"NNeighbors":196,"Gi_Bin":0}},{"type":"Feature","id":714,"geometry":{"type":"Point","coordinates":[98.975781050463226,18.801156559624989]},"properties":{"OBJECTID":714,"SOURCE_ID":714,"total_detect":1,"GiZScore":1.0744336043687515,"GiPValue":0.28262840424494029,"NNeighbors":176,"Gi_Bin":0}},{"type":"Feature","id":715,"geometry":{"type":"Point","coordinates":[98.975718140012063,18.80096095007071]},"properties":{"OBJECTID":715,"SOURCE_ID":715,"total_detect":6,"GiZScore":1.0631654613874224,"GiPValue":0.28770693820296867,"NNeighbors":177,"Gi_Bin":0}},{"type":"Feature","id":716,"geometry":{"type":"Point","coordinates":[98.975446750349079,18.800079130291667]},"properties":{"OBJECTID":716,"SOURCE_ID":716,"total_detect":12,"GiZScore":0.99688493276504475,"GiPValue":0.31882037929369289,"NNeighbors":183,"Gi_Bin":0}},{"type":"Feature","id":717,"geometry":{"type":"Point","coordinates":[98.975235050157664,18.799384769926821]},"properties":{"OBJECTID":717,"SOURCE_ID":717,"total_detect":1,"GiZScore":0.95068420330686332,"GiPValue":0.34176472118165879,"NNeighbors":190,"Gi_Bin":0}},{"type":"Feature","id":718,"geometry":{"type":"Point","coordinates":[98.975068409908246,18.799035509593274]},"properties":{"OBJECTID":718,"SOURCE_ID":718,"total_detect":1,"GiZScore":0.95804228945245629,"GiPValue":0.33804144624439314,"NNeighbors":192,"Gi_Bin":0}},{"type":"Feature","id":719,"geometry":{"type":"Point","coordinates":[98.995125720087358,18.78741586972162]},"properties":{"OBJECTID":719,"SOURCE_ID":719,"total_detect":2,"GiZScore":1.5824867520492203,"GiPValue":0.11353849428177225,"NNeighbors":339,"Gi_Bin":0}},{"type":"Feature","id":720,"geometry":{"type":"Point","coordinates":[98.99515981012506,18.786882830164856]},"properties":{"OBJECTID":720,"SOURCE_ID":720,"total_detect":1,"GiZScore":1.6573506767060693,"GiPValue":0.097448597214836855,"NNeighbors":341,"Gi_Bin":1}},{"type":"Feature","id":721,"geometry":{"type":"Point","coordinates":[98.995119759620025,18.786141080191008]},"properties":{"OBJECTID":721,"SOURCE_ID":721,"total_detect":2,"GiZScore":1.7273912101214066,"GiPValue":0.084097428171286889,"NNeighbors":349,"Gi_Bin":1}},{"type":"Feature","id":722,"geometry":{"type":"Point","coordinates":[98.995088339870875,18.785396900087164]},"properties":{"OBJECTID":722,"SOURCE_ID":722,"total_detect":6,"GiZScore":1.7152216664095816,"GiPValue":0.086304593964107418,"NNeighbors":345,"Gi_Bin":1}},{"type":"Feature","id":723,"geometry":{"type":"Point","coordinates":[98.998300600094538,18.786627909914849]},"properties":{"OBJECTID":723,"SOURCE_ID":723,"total_detect":2,"GiZScore":0.82712409213994087,"GiPValue":0.40816673808835846,"NNeighbors":309,"Gi_Bin":0}},{"type":"Feature","id":724,"geometry":{"type":"Point","coordinates":[98.998021299853463,18.785235030359114]},"properties":{"OBJECTID":724,"SOURCE_ID":724,"total_detect":8,"GiZScore":1.2339403567183937,"GiPValue":0.21722515340778237,"NNeighbors":314,"Gi_Bin":0}},{"type":"Feature","id":725,"geometry":{"type":"Point","coordinates":[98.998099169618797,18.789344660284932]},"properties":{"OBJECTID":725,"SOURCE_ID":725,"total_detect":1,"GiZScore":1.1366915613380089,"GiPValue":0.25566726718643884,"NNeighbors":303,"Gi_Bin":0}},{"type":"Feature","id":726,"geometry":{"type":"Point","coordinates":[98.996261079556248,18.779333120022965]},"properties":{"OBJECTID":726,"SOURCE_ID":726,"total_detect":1,"GiZScore":-0.10602709897961093,"GiPValue":0.91556085150288835,"NNeighbors":321,"Gi_Bin":0}},{"type":"Feature","id":727,"geometry":{"type":"Point","coordinates":[98.995761300004148,18.779558650149333]},"properties":{"OBJECTID":727,"SOURCE_ID":727,"total_detect":4,"GiZScore":0.084959378515629069,"GiPValue":0.93229368515049649,"NNeighbors":327,"Gi_Bin":0}},{"type":"Feature","id":728,"geometry":{"type":"Point","coordinates":[98.996289450369659,18.777235199591832]},"properties":{"OBJECTID":728,"SOURCE_ID":728,"total_detect":2,"GiZScore":-0.50879008597047348,"GiPValue":0.61089937124293181,"NNeighbors":322,"Gi_Bin":0}},{"type":"Feature","id":729,"geometry":{"type":"Point","coordinates":[98.989279680207204,18.769456959619127]},"properties":{"OBJECTID":729,"SOURCE_ID":729,"total_detect":2,"GiZScore":-1.3683236185150307,"GiPValue":0.17121080100306951,"NNeighbors":330,"Gi_Bin":0}},{"type":"Feature","id":730,"geometry":{"type":"Point","coordinates":[98.988273390164338,18.769433079793497]},"properties":{"OBJECTID":730,"SOURCE_ID":730,"total_detect":3,"GiZScore":-1.2188702494060575,"GiPValue":0.22289346580779945,"NNeighbors":324,"Gi_Bin":0}},{"type":"Feature","id":731,"geometry":{"type":"Point","coordinates":[98.987658480110781,18.769685450040281]},"properties":{"OBJECTID":731,"SOURCE_ID":731,"total_detect":1,"GiZScore":-1.2427966541153377,"GiPValue":0.21394279971036589,"NNeighbors":320,"Gi_Bin":0}},{"type":"Feature","id":732,"geometry":{"type":"Point","coordinates":[98.989582769722801,18.769887320423898]},"properties":{"OBJECTID":732,"SOURCE_ID":732,"total_detect":1,"GiZScore":-1.09699908961798,"GiPValue":0.27264180727380249,"NNeighbors":335,"Gi_Bin":0}},{"type":"Feature","id":733,"geometry":{"type":"Point","coordinates":[98.989393049924871,18.769883729839549]},"properties":{"OBJECTID":733,"SOURCE_ID":733,"total_detect":1,"GiZScore":-1.1199898196173417,"GiPValue":0.26271811854847282,"NNeighbors":335,"Gi_Bin":0}},{"type":"Feature","id":734,"geometry":{"type":"Point","coordinates":[98.989203319697339,18.769880149907543]},"properties":{"OBJECTID":734,"SOURCE_ID":734,"total_detect":2,"GiZScore":-1.2522999385206202,"GiPValue":0.2104606156726524,"NNeighbors":334,"Gi_Bin":0}},{"type":"Feature","id":735,"geometry":{"type":"Point","coordinates":[98.989022769642915,18.769695970300866]},"properties":{"OBJECTID":735,"SOURCE_ID":735,"total_detect":1,"GiZScore":-1.2871296013914388,"GiPValue":0.19804911943959247,"NNeighbors":332,"Gi_Bin":0}},{"type":"Feature","id":736,"geometry":{"type":"Point","coordinates":[98.989776299790918,18.770020350150606]},"properties":{"OBJECTID":736,"SOURCE_ID":736,"total_detect":1,"GiZScore":-0.99443898134323427,"GiPValue":0.32000921137520533,"NNeighbors":341,"Gi_Bin":0}},{"type":"Feature","id":737,"geometry":{"type":"Point","coordinates":[99.012413769749401,18.806895040332812]},"properties":{"OBJECTID":737,"SOURCE_ID":737,"total_detect":1,"GiZScore":2.7957831976111338,"GiPValue":0.0051774119013865763,"NNeighbors":76,"Gi_Bin":3}},{"type":"Feature","id":738,"geometry":{"type":"Point","coordinates":[98.979923270014908,18.821519810445658]},"properties":{"OBJECTID":738,"SOURCE_ID":738,"total_detect":2,"GiZScore":-0.82458754072946261,"GiPValue":0.40960580517349798,"NNeighbors":34,"Gi_Bin":0}},{"type":"Feature","id":739,"geometry":{"type":"Point","coordinates":[98.979395640244306,18.821723819617628]},"properties":{"OBJECTID":739,"SOURCE_ID":739,"total_detect":2,"GiZScore":-0.73010139780936201,"GiPValue":0.46532821256021761,"NNeighbors":30,"Gi_Bin":0}},{"type":"Feature","id":740,"geometry":{"type":"Point","coordinates":[98.97834037024468,18.822131829850385]},"properties":{"OBJECTID":740,"SOURCE_ID":740,"total_detect":1,"GiZScore":-0.60675737171442867,"GiPValue":0.54401194503444206,"NNeighbors":24,"Gi_Bin":0}},{"type":"Feature","id":741,"geometry":{"type":"Point","coordinates":[98.980498259582362,18.785773360113431]},"properties":{"OBJECTID":741,"SOURCE_ID":741,"total_detect":1,"GiZScore":0.30305955091341336,"GiPValue":0.76184447951372503,"NNeighbors":300,"Gi_Bin":0}},{"type":"Feature","id":742,"geometry":{"type":"Point","coordinates":[98.980723060081203,18.785769780038578]},"properties":{"OBJECTID":742,"SOURCE_ID":742,"total_detect":2,"GiZScore":0.90650651487483824,"GiPValue":0.3646678284017586,"NNeighbors":305,"Gi_Bin":0}},{"type":"Feature","id":743,"geometry":{"type":"Point","coordinates":[98.980912809600028,18.785766750137924]},"properties":{"OBJECTID":743,"SOURCE_ID":743,"total_detect":11,"GiZScore":1.7627850538766965,"GiPValue":0.077936749150695261,"NNeighbors":310,"Gi_Bin":1}},{"type":"Feature","id":744,"geometry":{"type":"Point","coordinates":[98.982627150052551,18.78574732961264]},"properties":{"OBJECTID":744,"SOURCE_ID":744,"total_detect":2,"GiZScore":1.23424422520291,"GiPValue":0.21711193580939026,"NNeighbors":331,"Gi_Bin":0}},{"type":"Feature","id":745,"geometry":{"type":"Point","coordinates":[98.983534679695751,18.785748800029552]},"properties":{"OBJECTID":745,"SOURCE_ID":745,"total_detect":2,"GiZScore":1.3601673529591647,"GiPValue":0.17377697115354102,"NNeighbors":341,"Gi_Bin":0}},{"type":"Feature","id":746,"geometry":{"type":"Point","coordinates":[98.983981060091111,18.785749550123558]},"properties":{"OBJECTID":746,"SOURCE_ID":746,"total_detect":2,"GiZScore":1.3415999041485454,"GiPValue":0.17972575730668347,"NNeighbors":349,"Gi_Bin":0}},{"type":"Feature","id":747,"geometry":{"type":"Point","coordinates":[98.984568579723302,18.785750509697099]},"properties":{"OBJECTID":747,"SOURCE_ID":747,"total_detect":1,"GiZScore":1.0456047290895174,"GiPValue":0.29574358010243684,"NNeighbors":358,"Gi_Bin":0}},{"type":"Feature","id":748,"geometry":{"type":"Point","coordinates":[98.985800270308076,18.785748740154965]},"properties":{"OBJECTID":748,"SOURCE_ID":748,"total_detect":1,"GiZScore":1.2231570124783668,"GiPValue":0.22127042136604835,"NNeighbors":370,"Gi_Bin":0}},{"type":"Feature","id":749,"geometry":{"type":"Point","coordinates":[98.989780840207843,18.767747589849915]},"properties":{"OBJECTID":749,"SOURCE_ID":749,"total_detect":1,"GiZScore":-1.1703348207885027,"GiPValue":0.24186627471569266,"NNeighbors":299,"Gi_Bin":0}},{"type":"Feature","id":750,"geometry":{"type":"Point","coordinates":[98.990050020266395,18.7698427501225]},"properties":{"OBJECTID":750,"SOURCE_ID":750,"total_detect":1,"GiZScore":-1.0338762703718385,"GiPValue":0.30119402442571919,"NNeighbors":336,"Gi_Bin":0}},{"type":"Feature","id":751,"geometry":{"type":"Point","coordinates":[98.99005588004097,18.770023420045241]},"properties":{"OBJECTID":751,"SOURCE_ID":751,"total_detect":1,"GiZScore":-0.92585821432471782,"GiPValue":0.35451968005023771,"NNeighbors":341,"Gi_Bin":0}},{"type":"Feature","id":752,"geometry":{"type":"Point","coordinates":[99.000268770200321,18.774631330396588]},"properties":{"OBJECTID":752,"SOURCE_ID":752,"total_detect":2,"GiZScore":-0.63055078344499216,"GiPValue":0.52833429155945411,"NNeighbors":293,"Gi_Bin":0}},{"type":"Feature","id":753,"geometry":{"type":"Point","coordinates":[98.999995959794873,18.774771929656879]},"properties":{"OBJECTID":753,"SOURCE_ID":753,"total_detect":1,"GiZScore":-0.66733049817367152,"GiPValue":0.50456105395731177,"NNeighbors":295,"Gi_Bin":0}},{"type":"Feature","id":754,"geometry":{"type":"Point","coordinates":[98.999827719989497,18.774855560019404]},"properties":{"OBJECTID":754,"SOURCE_ID":754,"total_detect":1,"GiZScore":-0.66733049817367152,"GiPValue":0.50456105395731177,"NNeighbors":295,"Gi_Bin":0}},{"type":"Feature","id":755,"geometry":{"type":"Point","coordinates":[98.999659490455528,18.774939190229734]},"properties":{"OBJECTID":755,"SOURCE_ID":755,"total_detect":10,"GiZScore":-0.6257374626624147,"GiPValue":0.53148716031743737,"NNeighbors":296,"Gi_Bin":0}},{"type":"Feature","id":756,"geometry":{"type":"Point","coordinates":[98.983067959952081,18.767471109900555]},"properties":{"OBJECTID":756,"SOURCE_ID":756,"total_detect":1,"GiZScore":-0.93967520245070035,"GiPValue":0.34738419990590241,"NNeighbors":231,"Gi_Bin":0}},{"type":"Feature","id":757,"geometry":{"type":"Point","coordinates":[98.996064480064035,18.767107699554071]},"properties":{"OBJECTID":757,"SOURCE_ID":757,"total_detect":1,"GiZScore":-2.0424941852551122,"GiPValue":0.041102535631400865,"NNeighbors":254,"Gi_Bin":-2}},{"type":"Feature","id":758,"geometry":{"type":"Point","coordinates":[98.997160050226029,18.768007799590968]},"properties":{"OBJECTID":758,"SOURCE_ID":758,"total_detect":2,"GiZScore":-2.0798445020858214,"GiPValue":0.037539797781075857,"NNeighbors":251,"Gi_Bin":-2}},{"type":"Feature","id":759,"geometry":{"type":"Point","coordinates":[99.008816609660201,18.758316670217095]},"properties":{"OBJECTID":759,"SOURCE_ID":759,"total_detect":2,"GiZScore":-0.79705914739887962,"GiPValue":0.42541668807626321,"NNeighbors":97,"Gi_Bin":0}},{"type":"Feature","id":760,"geometry":{"type":"Point","coordinates":[99.008629560398006,18.75828626001217]},"properties":{"OBJECTID":760,"SOURCE_ID":760,"total_detect":2,"GiZScore":-0.84263813030666657,"GiPValue":0.3994308673046344,"NNeighbors":98,"Gi_Bin":0}},{"type":"Feature","id":761,"geometry":{"type":"Point","coordinates":[98.984499689893426,18.779014090337043]},"properties":{"OBJECTID":761,"SOURCE_ID":761,"total_detect":2,"GiZScore":-0.090787138477793239,"GiPValue":0.92766172985735407,"NNeighbors":363,"Gi_Bin":0}},{"type":"Feature","id":762,"geometry":{"type":"Point","coordinates":[98.98476140035423,18.779082029875195]},"properties":{"OBJECTID":762,"SOURCE_ID":762,"total_detect":2,"GiZScore":-0.13944288606219854,"GiPValue":0.88910018522779322,"NNeighbors":367,"Gi_Bin":0}},{"type":"Feature","id":763,"geometry":{"type":"Point","coordinates":[98.982245139584393,18.777308269706364]},"properties":{"OBJECTID":763,"SOURCE_ID":763,"total_detect":3,"GiZScore":-0.6063321804301891,"GiPValue":0.54429419680744962,"NNeighbors":319,"Gi_Bin":0}},{"type":"Feature","id":764,"geometry":{"type":"Point","coordinates":[98.981859020065386,18.777777810352742]},"properties":{"OBJECTID":764,"SOURCE_ID":764,"total_detect":2,"GiZScore":-0.36612920748631755,"GiPValue":0.71426866471865025,"NNeighbors":318,"Gi_Bin":0}},{"type":"Feature","id":765,"geometry":{"type":"Point","coordinates":[98.983033759687558,18.777860529830505]},"properties":{"OBJECTID":765,"SOURCE_ID":765,"total_detect":1,"GiZScore":0.19048179034627083,"GiPValue":0.84893161125458572,"NNeighbors":335,"Gi_Bin":0}},{"type":"Feature","id":766,"geometry":{"type":"Point","coordinates":[98.982983729853615,18.777953440328702]},"properties":{"OBJECTID":766,"SOURCE_ID":766,"total_detect":2,"GiZScore":0.1834620763031381,"GiPValue":0.85443547252201824,"NNeighbors":336,"Gi_Bin":0}},{"type":"Feature","id":767,"geometry":{"type":"Point","coordinates":[98.985388779769266,18.776993520442456]},"properties":{"OBJECTID":767,"SOURCE_ID":767,"total_detect":1,"GiZScore":-0.21882132914893435,"GiPValue":0.82678923139280558,"NNeighbors":362,"Gi_Bin":0}},{"type":"Feature","id":768,"geometry":{"type":"Point","coordinates":[98.983940680057628,18.777237010125152]},"properties":{"OBJECTID":768,"SOURCE_ID":768,"total_detect":5,"GiZScore":0.061685107131425582,"GiPValue":0.9508136001684544,"NNeighbors":347,"Gi_Bin":0}},{"type":"Feature","id":769,"geometry":{"type":"Point","coordinates":[98.983759120080123,18.777172969937247]},"properties":{"OBJECTID":769,"SOURCE_ID":769,"total_detect":2,"GiZScore":-0.031773042499907048,"GiPValue":0.97465304474520076,"NNeighbors":344,"Gi_Bin":0}},{"type":"Feature","id":770,"geometry":{"type":"Point","coordinates":[98.983220349643773,18.780354310272457]},"properties":{"OBJECTID":770,"SOURCE_ID":770,"total_detect":2,"GiZScore":0.71408919180240638,"GiPValue":0.47517203405971831,"NNeighbors":351,"Gi_Bin":0}},{"type":"Feature","id":771,"geometry":{"type":"Point","coordinates":[98.983226019684935,18.78095363010366]},"properties":{"OBJECTID":771,"SOURCE_ID":771,"total_detect":10,"GiZScore":0.53490516860214843,"GiPValue":0.59271543635953128,"NNeighbors":357,"Gi_Bin":0}},{"type":"Feature","id":772,"geometry":{"type":"Point","coordinates":[98.986738409872558,18.777553259729107]},"properties":{"OBJECTID":772,"SOURCE_ID":772,"total_detect":5,"GiZScore":-0.0066159574990202986,"GiPValue":0.99472126816520856,"NNeighbors":384,"Gi_Bin":0}},{"type":"Feature","id":773,"geometry":{"type":"Point","coordinates":[98.988188979830952,18.778116850311914]},"properties":{"OBJECTID":773,"SOURCE_ID":773,"total_detect":3,"GiZScore":-0.15931342009280366,"GiPValue":0.87342194814310736,"NNeighbors":394,"Gi_Bin":0}},{"type":"Feature","id":774,"geometry":{"type":"Point","coordinates":[98.988002230431164,18.778084659871698]},"properties":{"OBJECTID":774,"SOURCE_ID":774,"total_detect":2,"GiZScore":-0.15931342009280366,"GiPValue":0.87342194814310736,"NNeighbors":394,"Gi_Bin":0}},{"type":"Feature","id":775,"geometry":{"type":"Point","coordinates":[98.988653610411518,18.777936560317897]},"properties":{"OBJECTID":775,"SOURCE_ID":775,"total_detect":2,"GiZScore":-0.32818073735794262,"GiPValue":0.74277501193252526,"NNeighbors":393,"Gi_Bin":0}},{"type":"Feature","id":776,"geometry":{"type":"Point","coordinates":[98.979988119770496,18.776530470255153]},"properties":{"OBJECTID":776,"SOURCE_ID":776,"total_detect":2,"GiZScore":-0.3389499765734621,"GiPValue":0.73464741522673949,"NNeighbors":289,"Gi_Bin":0}},{"type":"Feature","id":777,"geometry":{"type":"Point","coordinates":[98.983951229808966,18.775920870090879]},"properties":{"OBJECTID":777,"SOURCE_ID":777,"total_detect":2,"GiZScore":-0.016434779647983771,"GiPValue":0.98688753334388279,"NNeighbors":335,"Gi_Bin":0}},{"type":"Feature","id":778,"geometry":{"type":"Point","coordinates":[98.984316259863732,18.775355710366117]},"properties":{"OBJECTID":778,"SOURCE_ID":778,"total_detect":3,"GiZScore":-0.00028710810063193519,"GiPValue":0.99977092088234709,"NNeighbors":336,"Gi_Bin":0}},{"type":"Feature","id":779,"geometry":{"type":"Point","coordinates":[98.98341242038552,18.776445899896096]},"properties":{"OBJECTID":779,"SOURCE_ID":779,"total_detect":1,"GiZScore":0.0041071705357036579,"GiPValue":0.99672296125394411,"NNeighbors":332,"Gi_Bin":0}},{"type":"Feature","id":780,"geometry":{"type":"Point","coordinates":[98.983144249951636,18.776864770025359]},"properties":{"OBJECTID":780,"SOURCE_ID":780,"total_detect":2,"GiZScore":-0.028337529099970893,"GiPValue":0.97739294871393478,"NNeighbors":330,"Gi_Bin":0}},{"type":"Feature","id":781,"geometry":{"type":"Point","coordinates":[98.984279300471954,18.775832869702231]},"properties":{"OBJECTID":781,"SOURCE_ID":781,"total_detect":4,"GiZScore":-0.020738143458635547,"GiPValue":0.98345454147405642,"NNeighbors":339,"Gi_Bin":0}},{"type":"Feature","id":782,"geometry":{"type":"Point","coordinates":[98.985522059869325,18.776360379653084]},"properties":{"OBJECTID":782,"SOURCE_ID":782,"total_detect":2,"GiZScore":-0.24773345542956304,"GiPValue":0.80434064509725411,"NNeighbors":363,"Gi_Bin":0}},{"type":"Feature","id":783,"geometry":{"type":"Point","coordinates":[98.985940440268962,18.775824109659446]},"properties":{"OBJECTID":783,"SOURCE_ID":783,"total_detect":2,"GiZScore":-0.1869892113733137,"GiPValue":0.85166909192608353,"NNeighbors":364,"Gi_Bin":0}},{"type":"Feature","id":784,"geometry":{"type":"Point","coordinates":[98.988674280103737,18.775983100330144]},"properties":{"OBJECTID":784,"SOURCE_ID":784,"total_detect":3,"GiZScore":-0.083237615537809839,"GiPValue":0.93366260363232023,"NNeighbors":389,"Gi_Bin":0}},{"type":"Feature","id":785,"geometry":{"type":"Point","coordinates":[98.988427319796472,18.775473079922044]},"properties":{"OBJECTID":785,"SOURCE_ID":785,"total_detect":2,"GiZScore":-0.13893510747939619,"GiPValue":0.88950142827209611,"NNeighbors":384,"Gi_Bin":0}},{"type":"Feature","id":786,"geometry":{"type":"Point","coordinates":[98.987867620188453,18.775219029619642]},"properties":{"OBJECTID":786,"SOURCE_ID":786,"total_detect":2,"GiZScore":-0.17849264613750288,"GiPValue":0.8583360960769193,"NNeighbors":373,"Gi_Bin":0}},{"type":"Feature","id":787,"geometry":{"type":"Point","coordinates":[98.988884639599448,18.780675849635248]},"properties":{"OBJECTID":787,"SOURCE_ID":787,"total_detect":1,"GiZScore":0.56786866463671259,"GiPValue":0.57012415342029765,"NNeighbors":387,"Gi_Bin":0}},{"type":"Feature","id":788,"geometry":{"type":"Point","coordinates":[98.988131110236708,18.780772649795626]},"properties":{"OBJECTID":788,"SOURCE_ID":788,"total_detect":2,"GiZScore":0.78015554785780794,"GiPValue":0.43529933041150903,"NNeighbors":385,"Gi_Bin":0}},{"type":"Feature","id":789,"geometry":{"type":"Point","coordinates":[98.99085883041937,18.778865630104125]},"properties":{"OBJECTID":789,"SOURCE_ID":789,"total_detect":7,"GiZScore":-0.4596378939275455,"GiPValue":0.64577615630949881,"NNeighbors":393,"Gi_Bin":0}},{"type":"Feature","id":790,"geometry":{"type":"Point","coordinates":[98.991372650207509,18.778937530244672]},"properties":{"OBJECTID":790,"SOURCE_ID":790,"total_detect":2,"GiZScore":-0.22145221815873686,"GiPValue":0.82474033749382314,"NNeighbors":390,"Gi_Bin":0}},{"type":"Feature","id":791,"geometry":{"type":"Point","coordinates":[98.981608450153956,18.773164899558648]},"properties":{"OBJECTID":791,"SOURCE_ID":791,"total_detect":1,"GiZScore":-0.72369232781462833,"GiPValue":0.46925464977711284,"NNeighbors":281,"Gi_Bin":0}},{"type":"Feature","id":792,"geometry":{"type":"Point","coordinates":[98.981601869611922,18.772984250153176]},"properties":{"OBJECTID":792,"SOURCE_ID":792,"total_detect":2,"GiZScore":-0.75290305429385807,"GiPValue":0.45150817869553383,"NNeighbors":274,"Gi_Bin":0}},{"type":"Feature","id":793,"geometry":{"type":"Point","coordinates":[98.981595300469891,18.772803599841332]},"properties":{"OBJECTID":793,"SOURCE_ID":793,"total_detect":1,"GiZScore":-1.1808331646524155,"GiPValue":0.23766902726633254,"NNeighbors":267,"Gi_Bin":0}},{"type":"Feature","id":794,"geometry":{"type":"Point","coordinates":[98.981914960338514,18.77282441009373]},"properties":{"OBJECTID":794,"SOURCE_ID":794,"total_detect":3,"GiZScore":-0.74656250843313254,"GiPValue":0.45532769241867188,"NNeighbors":273,"Gi_Bin":0}},{"type":"Feature","id":795,"geometry":{"type":"Point","coordinates":[98.981894019759622,18.772101650304581]},"properties":{"OBJECTID":795,"SOURCE_ID":795,"total_detect":1,"GiZScore":-1.2040404393819106,"GiPValue":0.22857397074726005,"NNeighbors":258,"Gi_Bin":0}},{"type":"Feature","id":796,"geometry":{"type":"Point","coordinates":[98.982954489920729,18.771134489683071]},"properties":{"OBJECTID":796,"SOURCE_ID":796,"total_detect":2,"GiZScore":-1.1866037129273534,"GiPValue":0.23538399187577075,"NNeighbors":268,"Gi_Bin":0}},{"type":"Feature","id":797,"geometry":{"type":"Point","coordinates":[98.98164456033588,18.770726599641417]},"properties":{"OBJECTID":797,"SOURCE_ID":797,"total_detect":1,"GiZScore":-1.0453050728658522,"GiPValue":0.29588200895373307,"NNeighbors":244,"Gi_Bin":0}},{"type":"Feature","id":798,"geometry":{"type":"Point","coordinates":[98.983749750233912,18.769833940416639]},"properties":{"OBJECTID":798,"SOURCE_ID":798,"total_detect":2,"GiZScore":-1.2796152422068892,"GiPValue":0.20068051236015383,"NNeighbors":258,"Gi_Bin":0}},{"type":"Feature","id":799,"geometry":{"type":"Point","coordinates":[98.985053440470722,18.771328750232332]},"properties":{"OBJECTID":799,"SOURCE_ID":799,"total_detect":1,"GiZScore":-1.3614129400964359,"GiPValue":0.1733832290698441,"NNeighbors":299,"Gi_Bin":0}},{"type":"Feature","id":800,"geometry":{"type":"Point","coordinates":[98.985481800225813,18.770059859865253]},"properties":{"OBJECTID":800,"SOURCE_ID":800,"total_detect":2,"GiZScore":-1.3750383947883589,"GiPValue":0.16911954169641222,"NNeighbors":284,"Gi_Bin":0}},{"type":"Feature","id":801,"geometry":{"type":"Point","coordinates":[98.985679999740896,18.769861579814972]},"properties":{"OBJECTID":801,"SOURCE_ID":801,"total_detect":2,"GiZScore":-1.2908550860026198,"GiPValue":0.19675393211368367,"NNeighbors":282,"Gi_Bin":0}},{"type":"Feature","id":802,"geometry":{"type":"Point","coordinates":[98.985490100325364,18.769873799789146]},"properties":{"OBJECTID":802,"SOURCE_ID":802,"total_detect":1,"GiZScore":-1.4942725134914232,"GiPValue":0.13510440628657408,"NNeighbors":279,"Gi_Bin":0}},{"type":"Feature","id":803,"geometry":{"type":"Point","coordinates":[98.985050040122644,18.769355850433545]},"properties":{"OBJECTID":803,"SOURCE_ID":803,"total_detect":1,"GiZScore":-1.363349234735258,"GiPValue":0.17277247210532681,"NNeighbors":273,"Gi_Bin":0}},{"type":"Feature","id":804,"geometry":{"type":"Point","coordinates":[98.987440440130712,18.772628979985118]},"properties":{"OBJECTID":804,"SOURCE_ID":804,"total_detect":1,"GiZScore":-0.31531426963968484,"GiPValue":0.75252305208488834,"NNeighbors":335,"Gi_Bin":0}},{"type":"Feature","id":805,"geometry":{"type":"Point","coordinates":[98.987183410028138,18.772606679579088]},"properties":{"OBJECTID":805,"SOURCE_ID":805,"total_detect":2,"GiZScore":-0.46985968635394892,"GiPValue":0.63845526960194188,"NNeighbors":334,"Gi_Bin":0}},{"type":"Feature","id":806,"geometry":{"type":"Point","coordinates":[98.986994419770824,18.772590360333787]},"properties":{"OBJECTID":806,"SOURCE_ID":806,"total_detect":1,"GiZScore":-0.38138613576921276,"GiPValue":0.70291674792840686,"NNeighbors":331,"Gi_Bin":0}},{"type":"Feature","id":807,"geometry":{"type":"Point","coordinates":[98.986587430359748,18.77257200992825]},"properties":{"OBJECTID":807,"SOURCE_ID":807,"total_detect":1,"GiZScore":-1.0621576093334222,"GiPValue":0.28816415627609893,"NNeighbors":329,"Gi_Bin":0}},{"type":"Feature","id":808,"geometry":{"type":"Point","coordinates":[98.983817009913963,18.772135930321777]},"properties":{"OBJECTID":808,"SOURCE_ID":808,"total_detect":4,"GiZScore":-0.97960434686448827,"GiPValue":0.32728147108233718,"NNeighbors":287,"Gi_Bin":0}},{"type":"Feature","id":809,"geometry":{"type":"Point","coordinates":[98.984267989778004,18.772154470321603]},"properties":{"OBJECTID":809,"SOURCE_ID":809,"total_detect":2,"GiZScore":-1.0276356811429883,"GiPValue":0.30412124783550054,"NNeighbors":291,"Gi_Bin":0}},{"type":"Feature","id":810,"geometry":{"type":"Point","coordinates":[98.984790759535144,18.772247920356161]},"properties":{"OBJECTID":810,"SOURCE_ID":810,"total_detect":2,"GiZScore":-1.0030699430437535,"GiPValue":0.3158271291504996,"NNeighbors":307,"Gi_Bin":0}},{"type":"Feature","id":811,"geometry":{"type":"Point","coordinates":[98.984980520006417,18.772249529987146]},"properties":{"OBJECTID":811,"SOURCE_ID":811,"total_detect":1,"GiZScore":-0.99713884316558798,"GiPValue":0.31869713436431002,"NNeighbors":306,"Gi_Bin":0}},{"type":"Feature","id":812,"geometry":{"type":"Point","coordinates":[98.984617320136181,18.773939380080915]},"properties":{"OBJECTID":812,"SOURCE_ID":812,"total_detect":1,"GiZScore":-0.71840534204585538,"GiPValue":0.47250739924214491,"NNeighbors":322,"Gi_Bin":0}},{"type":"Feature","id":813,"geometry":{"type":"Point","coordinates":[98.984237420187853,18.774788129689011]},"properties":{"OBJECTID":813,"SOURCE_ID":813,"total_detect":1,"GiZScore":-0.0052343206617802042,"GiPValue":0.99582363542799091,"NNeighbors":330,"Gi_Bin":0}},{"type":"Feature","id":814,"geometry":{"type":"Point","coordinates":[98.98606995019928,18.773888739827466]},"properties":{"OBJECTID":814,"SOURCE_ID":814,"total_detect":1,"GiZScore":-0.13909959026906188,"GiPValue":0.88937145203058798,"NNeighbors":343,"Gi_Bin":0}},{"type":"Feature","id":815,"geometry":{"type":"Point","coordinates":[98.9854835495955,18.773898370280264]},"properties":{"OBJECTID":815,"SOURCE_ID":815,"total_detect":2,"GiZScore":0.12847697706762326,"GiPValue":0.89777151688104806,"NNeighbors":334,"Gi_Bin":0}},{"type":"Feature","id":816,"geometry":{"type":"Point","coordinates":[98.981216770320472,18.774475560198553]},"properties":{"OBJECTID":816,"SOURCE_ID":816,"total_detect":6,"GiZScore":-0.5453810306826764,"GiPValue":0.58549148655360517,"NNeighbors":291,"Gi_Bin":0}},{"type":"Feature","id":817,"geometry":{"type":"Point","coordinates":[98.981391039934621,18.774404010080747]},"properties":{"OBJECTID":817,"SOURCE_ID":817,"total_detect":1,"GiZScore":-0.56949376320569201,"GiPValue":0.5690211047520598,"NNeighbors":291,"Gi_Bin":0}},{"type":"Feature","id":818,"geometry":{"type":"Point","coordinates":[98.981576949900358,18.774297230291541]},"properties":{"OBJECTID":818,"SOURCE_ID":818,"total_detect":2,"GiZScore":-0.36594985265175511,"GiPValue":0.71440249632343245,"NNeighbors":293,"Gi_Bin":0}},{"type":"Feature","id":819,"geometry":{"type":"Point","coordinates":[98.981954460382525,18.774109749578137]},"properties":{"OBJECTID":819,"SOURCE_ID":819,"total_detect":3,"GiZScore":-0.2216220722190804,"GiPValue":0.82460809875853724,"NNeighbors":293,"Gi_Bin":0}},{"type":"Feature","id":820,"geometry":{"type":"Point","coordinates":[98.983300160453567,18.77369387977414]},"properties":{"OBJECTID":820,"SOURCE_ID":820,"total_detect":2,"GiZScore":-0.26603972797758618,"GiPValue":0.79020861294874711,"NNeighbors":303,"Gi_Bin":0}},{"type":"Feature","id":821,"geometry":{"type":"Point","coordinates":[98.984008760300384,18.773381649573299]},"properties":{"OBJECTID":821,"SOURCE_ID":821,"total_detect":1,"GiZScore":-0.71905139224551551,"GiPValue":0.47210926048485091,"NNeighbors":307,"Gi_Bin":0}},{"type":"Feature","id":822,"geometry":{"type":"Point","coordinates":[98.987776580275977,18.774446900155787]},"properties":{"OBJECTID":822,"SOURCE_ID":822,"total_detect":1,"GiZScore":-0.22178338121292104,"GiPValue":0.8244825173356829,"NNeighbors":359,"Gi_Bin":0}},{"type":"Feature","id":823,"geometry":{"type":"Point","coordinates":[98.986525060021734,18.77459460012307]},"properties":{"OBJECTID":823,"SOURCE_ID":823,"total_detect":2,"GiZScore":-0.10269237926759928,"GiPValue":0.91820712214076505,"NNeighbors":358,"Gi_Bin":0}},{"type":"Feature","id":824,"geometry":{"type":"Point","coordinates":[98.986725749738753,18.774564289603497]},"properties":{"OBJECTID":824,"SOURCE_ID":824,"total_detect":2,"GiZScore":-0.12520800884322902,"GiPValue":0.9003588770256804,"NNeighbors":358,"Gi_Bin":0}},{"type":"Feature","id":825,"geometry":{"type":"Point","coordinates":[98.986909609544313,18.77460907002413]},"properties":{"OBJECTID":825,"SOURCE_ID":825,"total_detect":1,"GiZScore":-0.13837643979957753,"GiPValue":0.88994291622264399,"NNeighbors":360,"Gi_Bin":0}},{"type":"Feature","id":826,"geometry":{"type":"Point","coordinates":[98.987271759799711,18.774697269738439]},"properties":{"OBJECTID":826,"SOURCE_ID":826,"total_detect":2,"GiZScore":-0.16458690974865631,"GiPValue":0.86926913526456473,"NNeighbors":364,"Gi_Bin":0}},{"type":"Feature","id":827,"geometry":{"type":"Point","coordinates":[98.988529400401319,18.774210559666255]},"properties":{"OBJECTID":827,"SOURCE_ID":827,"total_detect":2,"GiZScore":-0.39833826637734859,"GiPValue":0.6903808577841295,"NNeighbors":362,"Gi_Bin":0}},{"type":"Feature","id":828,"geometry":{"type":"Point","coordinates":[98.994045480182166,18.77648639020433]},"properties":{"OBJECTID":828,"SOURCE_ID":828,"total_detect":2,"GiZScore":-0.20580861350901508,"GiPValue":0.83694041275704056,"NNeighbors":360,"Gi_Bin":0}},{"type":"Feature","id":829,"geometry":{"type":"Point","coordinates":[98.992862779550734,18.774902690252141]},"properties":{"OBJECTID":829,"SOURCE_ID":829,"total_detect":1,"GiZScore":-0.42995617316310625,"GiPValue":0.66722752352494141,"NNeighbors":367,"Gi_Bin":0}},{"type":"Feature","id":830,"geometry":{"type":"Point","coordinates":[98.992722759975393,18.774780690314767]},"properties":{"OBJECTID":830,"SOURCE_ID":830,"total_detect":1,"GiZScore":-0.42995617316310625,"GiPValue":0.66722752352494141,"NNeighbors":367,"Gi_Bin":0}},{"type":"Feature","id":831,"geometry":{"type":"Point","coordinates":[98.992582739653116,18.774658680329235]},"properties":{"OBJECTID":831,"SOURCE_ID":831,"total_detect":1,"GiZScore":-0.34056746943975003,"GiPValue":0.7334292231125541,"NNeighbors":367,"Gi_Bin":0}},{"type":"Feature","id":832,"geometry":{"type":"Point","coordinates":[98.990170799863492,18.773327440156706]},"properties":{"OBJECTID":832,"SOURCE_ID":832,"total_detect":2,"GiZScore":-0.14218460812399891,"GiPValue":0.88693418924002232,"NNeighbors":364,"Gi_Bin":0}},{"type":"Feature","id":833,"geometry":{"type":"Point","coordinates":[98.992402080429954,18.775021380445153]},"properties":{"OBJECTID":833,"SOURCE_ID":833,"total_detect":2,"GiZScore":-0.55409673878684051,"GiPValue":0.57951264442017247,"NNeighbors":369,"Gi_Bin":0}},{"type":"Feature","id":834,"geometry":{"type":"Point","coordinates":[98.991191909758953,18.774242099981247]},"properties":{"OBJECTID":834,"SOURCE_ID":834,"total_detect":1,"GiZScore":-0.27385648893194209,"GiPValue":0.78419491077922854,"NNeighbors":374,"Gi_Bin":0}},{"type":"Feature","id":835,"geometry":{"type":"Point","coordinates":[98.990864709584685,18.774058889554315]},"properties":{"OBJECTID":835,"SOURCE_ID":835,"total_detect":1,"GiZScore":-0.096077203610332396,"GiPValue":0.92345925642698823,"NNeighbors":374,"Gi_Bin":0}},{"type":"Feature","id":836,"geometry":{"type":"Point","coordinates":[98.990537519605411,18.773875690301061]},"properties":{"OBJECTID":836,"SOURCE_ID":836,"total_detect":2,"GiZScore":0.019332255216443286,"GiPValue":0.98457605278938598,"NNeighbors":370,"Gi_Bin":0}},{"type":"Feature","id":837,"geometry":{"type":"Point","coordinates":[98.990128729683178,18.773758270382356]},"properties":{"OBJECTID":837,"SOURCE_ID":837,"total_detect":1,"GiZScore":-0.23878140311077514,"GiPValue":0.81127509153562927,"NNeighbors":372,"Gi_Bin":0}},{"type":"Feature","id":838,"geometry":{"type":"Point","coordinates":[98.99136260021325,18.769986819999776]},"properties":{"OBJECTID":838,"SOURCE_ID":838,"total_detect":1,"GiZScore":-1.2640718018927399,"GiPValue":0.20620428154929327,"NNeighbors":332,"Gi_Bin":0}},{"type":"Feature","id":839,"geometry":{"type":"Point","coordinates":[98.982777559909593,18.768927010331698]},"properties":{"OBJECTID":839,"SOURCE_ID":839,"total_detect":1,"GiZScore":-0.91755446869157042,"GiPValue":0.35885217491663779,"NNeighbors":240,"Gi_Bin":0}},{"type":"Feature","id":840,"geometry":{"type":"Point","coordinates":[98.982791139651852,18.768746719739102]},"properties":{"OBJECTID":840,"SOURCE_ID":840,"total_detect":3,"GiZScore":-0.8853770957777567,"GiPValue":0.37595329097967833,"NNeighbors":239,"Gi_Bin":0}},{"type":"Feature","id":841,"geometry":{"type":"Point","coordinates":[98.982811209957575,18.768456590207698]},"properties":{"OBJECTID":841,"SOURCE_ID":841,"total_detect":3,"GiZScore":-0.91755446869157042,"GiPValue":0.35885217491663779,"NNeighbors":240,"Gi_Bin":0}},{"type":"Feature","id":842,"geometry":{"type":"Point","coordinates":[98.982823029586982,18.768276190083121]},"properties":{"OBJECTID":842,"SOURCE_ID":842,"total_detect":3,"GiZScore":-0.91855557303958646,"GiPValue":0.35832808928670823,"NNeighbors":236,"Gi_Bin":0}},{"type":"Feature","id":843,"geometry":{"type":"Point","coordinates":[98.982834839703969,18.768095780011723]},"properties":{"OBJECTID":843,"SOURCE_ID":843,"total_detect":1,"GiZScore":-0.89343561431071872,"GiPValue":0.37162394741808513,"NNeighbors":232,"Gi_Bin":0}},{"type":"Feature","id":844,"geometry":{"type":"Point","coordinates":[98.987489319792317,18.767981880405873]},"properties":{"OBJECTID":844,"SOURCE_ID":844,"total_detect":1,"GiZScore":-1.164582039407678,"GiPValue":0.24418823759684372,"NNeighbors":298,"Gi_Bin":0}},{"type":"Feature","id":845,"geometry":{"type":"Point","coordinates":[98.979130579807233,18.767793979846772]},"properties":{"OBJECTID":845,"SOURCE_ID":845,"total_detect":3,"GiZScore":-0.74113113304896749,"GiPValue":0.45861394016157375,"NNeighbors":188,"Gi_Bin":0}},{"type":"Feature","id":846,"geometry":{"type":"Point","coordinates":[98.979209940391854,18.767491179808317]},"properties":{"OBJECTID":846,"SOURCE_ID":846,"total_detect":1,"GiZScore":-0.76286611970857243,"GiPValue":0.44554324988198735,"NNeighbors":187,"Gi_Bin":0}},{"type":"Feature","id":847,"geometry":{"type":"Point","coordinates":[98.994399930201368,18.763883870421981]},"properties":{"OBJECTID":847,"SOURCE_ID":847,"total_detect":2,"GiZScore":-1.6118002338426742,"GiPValue":0.10700541728987424,"NNeighbors":213,"Gi_Bin":0}},{"type":"Feature","id":848,"geometry":{"type":"Point","coordinates":[98.995258550157786,18.764577270328957]},"properties":{"OBJECTID":848,"SOURCE_ID":848,"total_detect":2,"GiZScore":-1.6858125350904811,"GiPValue":0.09183191262656136,"NNeighbors":217,"Gi_Bin":-1}},{"type":"Feature","id":849,"geometry":{"type":"Point","coordinates":[98.995985169828273,18.765158439680135]},"properties":{"OBJECTID":849,"SOURCE_ID":849,"total_detect":1,"GiZScore":-1.9464924335489155,"GiPValue":0.051595615962431327,"NNeighbors":227,"Gi_Bin":-1}},{"type":"Feature","id":850,"geometry":{"type":"Point","coordinates":[98.997206879960174,18.766155239828411]},"properties":{"OBJECTID":850,"SOURCE_ID":850,"total_detect":4,"GiZScore":-2.1706048516267442,"GiPValue":0.029961055038896674,"NNeighbors":230,"Gi_Bin":-2}},{"type":"Feature","id":851,"geometry":{"type":"Point","coordinates":[98.994719930249843,18.764618479629977]},"properties":{"OBJECTID":851,"SOURCE_ID":851,"total_detect":2,"GiZScore":-1.7493247488459531,"GiPValue":0.080234900308093368,"NNeighbors":219,"Gi_Bin":-1}},{"type":"Feature","id":852,"geometry":{"type":"Point","coordinates":[98.994203219734814,18.764406640013146]},"properties":{"OBJECTID":852,"SOURCE_ID":852,"total_detect":1,"GiZScore":-1.7982732034727891,"GiPValue":0.072133723997057531,"NNeighbors":218,"Gi_Bin":-1}},{"type":"Feature","id":853,"geometry":{"type":"Point","coordinates":[98.994499090470299,18.764633059553343]},"properties":{"OBJECTID":853,"SOURCE_ID":853,"total_detect":2,"GiZScore":-1.7493247488459531,"GiPValue":0.080234900308093368,"NNeighbors":219,"Gi_Bin":-1}},{"type":"Feature","id":854,"geometry":{"type":"Point","coordinates":[98.992236950128031,18.767221049885016]},"properties":{"OBJECTID":854,"SOURCE_ID":854,"total_detect":1,"GiZScore":-1.8134173101773281,"GiPValue":0.069767481700971842,"NNeighbors":289,"Gi_Bin":-1}},{"type":"Feature","id":855,"geometry":{"type":"Point","coordinates":[98.99157104040772,18.767260990309858]},"properties":{"OBJECTID":855,"SOURCE_ID":855,"total_detect":4,"GiZScore":-1.6700600688872438,"GiPValue":0.094907479513892903,"NNeighbors":294,"Gi_Bin":-1}},{"type":"Feature","id":856,"geometry":{"type":"Point","coordinates":[98.991378110070016,18.767272530155775]},"properties":{"OBJECTID":856,"SOURCE_ID":856,"total_detect":1,"GiZScore":-1.5232713646447311,"GiPValue":0.1276908281693043,"NNeighbors":298,"Gi_Bin":0}},{"type":"Feature","id":857,"geometry":{"type":"Point","coordinates":[98.992225330362544,18.766780000200523]},"properties":{"OBJECTID":857,"SOURCE_ID":857,"total_detect":1,"GiZScore":-1.7550037719049612,"GiPValue":0.079258662579053923,"NNeighbors":287,"Gi_Bin":-1}},{"type":"Feature","id":858,"geometry":{"type":"Point","coordinates":[98.991912959928953,18.766797250266119]},"properties":{"OBJECTID":858,"SOURCE_ID":858,"total_detect":1,"GiZScore":-1.5611539156448428,"GiPValue":0.11848743942866245,"NNeighbors":287,"Gi_Bin":0}},{"type":"Feature","id":859,"geometry":{"type":"Point","coordinates":[98.991723510415412,18.766807689802061]},"properties":{"OBJECTID":859,"SOURCE_ID":859,"total_detect":2,"GiZScore":-1.526294005312137,"GiPValue":0.12693666092328793,"NNeighbors":285,"Gi_Bin":0}},{"type":"Feature","id":860,"geometry":{"type":"Point","coordinates":[98.991569400364469,18.767290189921084]},"properties":{"OBJECTID":860,"SOURCE_ID":860,"total_detect":1,"GiZScore":-1.675216088335677,"GiPValue":0.093891842084569729,"NNeighbors":295,"Gi_Bin":-1}},{"type":"Feature","id":861,"geometry":{"type":"Point","coordinates":[98.991543809554287,18.766900389951942]},"properties":{"OBJECTID":861,"SOURCE_ID":861,"total_detect":2,"GiZScore":-1.6148328347728402,"GiPValue":0.10634690046933588,"NNeighbors":288,"Gi_Bin":0}},{"type":"Feature","id":862,"geometry":{"type":"Point","coordinates":[99.024713800369327,18.784079749594188]},"properties":{"OBJECTID":862,"SOURCE_ID":862,"total_detect":2,"GiZScore":-1.6711683124902077,"GiPValue":0.094688437281501198,"NNeighbors":132,"Gi_Bin":-1}},{"type":"Feature","id":863,"geometry":{"type":"Point","coordinates":[99.024704599559385,18.784260289990193]},"properties":{"OBJECTID":863,"SOURCE_ID":863,"total_detect":2,"GiZScore":-1.6583068534583216,"GiPValue":0.097255546410360286,"NNeighbors":129,"Gi_Bin":-1}},{"type":"Feature","id":864,"geometry":{"type":"Point","coordinates":[99.024686210218505,18.784621379806708]},"properties":{"OBJECTID":864,"SOURCE_ID":864,"total_detect":2,"GiZScore":-1.6497389740664532,"GiPValue":0.09899633515714093,"NNeighbors":127,"Gi_Bin":-1}},{"type":"Feature","id":865,"geometry":{"type":"Point","coordinates":[99.024649410428694,18.785343560299332]},"properties":{"OBJECTID":865,"SOURCE_ID":865,"total_detect":1,"GiZScore":-1.4954608100324522,"GiPValue":0.13479422043645056,"NNeighbors":123,"Gi_Bin":0}},{"type":"Feature","id":866,"geometry":{"type":"Point","coordinates":[99.024562070100188,18.786346260076993]},"properties":{"OBJECTID":866,"SOURCE_ID":866,"total_detect":1,"GiZScore":-1.7895456789048603,"GiPValue":0.073526977860319809,"NNeighbors":119,"Gi_Bin":-1}},{"type":"Feature","id":867,"geometry":{"type":"Point","coordinates":[99.024491280163332,18.787055890336756]},"properties":{"OBJECTID":867,"SOURCE_ID":867,"total_detect":1,"GiZScore":-1.7547438972157094,"GiPValue":0.079303123788708546,"NNeighbors":119,"Gi_Bin":-1}},{"type":"Feature","id":868,"geometry":{"type":"Point","coordinates":[99.022965339911963,18.786212120351795]},"properties":{"OBJECTID":868,"SOURCE_ID":868,"total_detect":2,"GiZScore":-1.7433101890580713,"GiPValue":0.08127944652239838,"NNeighbors":125,"Gi_Bin":-1}},{"type":"Feature","id":869,"geometry":{"type":"Point","coordinates":[99.022775680298082,18.786218499922597]},"properties":{"OBJECTID":869,"SOURCE_ID":869,"total_detect":3,"GiZScore":-1.8261596403461935,"GiPValue":0.067826218736676477,"NNeighbors":129,"Gi_Bin":-1}},{"type":"Feature","id":870,"geometry":{"type":"Point","coordinates":[99.020711490310148,18.786053350367197]},"properties":{"OBJECTID":870,"SOURCE_ID":870,"total_detect":2,"GiZScore":-1.5900711551621145,"GiPValue":0.11181876696968351,"NNeighbors":143,"Gi_Bin":0}},{"type":"Feature","id":871,"geometry":{"type":"Point","coordinates":[99.02456384007786,18.78168659956885]},"properties":{"OBJECTID":871,"SOURCE_ID":871,"total_detect":1,"GiZScore":-1.5853805881649543,"GiPValue":0.11287988891759523,"NNeighbors":142,"Gi_Bin":0}},{"type":"Feature","id":872,"geometry":{"type":"Point","coordinates":[99.024181489807745,18.782543410431714]},"properties":{"OBJECTID":872,"SOURCE_ID":872,"total_detect":2,"GiZScore":-1.7948665372869379,"GiPValue":0.072674966543828337,"NNeighbors":146,"Gi_Bin":-1}},{"type":"Feature","id":873,"geometry":{"type":"Point","coordinates":[99.023611189852232,18.783684039626092]},"properties":{"OBJECTID":873,"SOURCE_ID":873,"total_detect":4,"GiZScore":-1.7055065983457154,"GiPValue":0.088099982718881656,"NNeighbors":140,"Gi_Bin":-1}},{"type":"Feature","id":874,"geometry":{"type":"Point","coordinates":[99.024966950040906,18.782260380287394]},"properties":{"OBJECTID":874,"SOURCE_ID":874,"total_detect":1,"GiZScore":-1.7588735773378812,"GiPValue":0.078598984006450046,"NNeighbors":145,"Gi_Bin":-1}},{"type":"Feature","id":875,"geometry":{"type":"Point","coordinates":[99.02517330000984,18.781212969679327]},"properties":{"OBJECTID":875,"SOURCE_ID":875,"total_detect":2,"GiZScore":-1.6687300136375283,"GiPValue":0.095170898176232158,"NNeighbors":139,"Gi_Bin":-1}},{"type":"Feature","id":876,"geometry":{"type":"Point","coordinates":[99.021089109666676,18.784422919948245]},"properties":{"OBJECTID":876,"SOURCE_ID":876,"total_detect":1,"GiZScore":-1.8266578245828624,"GiPValue":0.067751233278468451,"NNeighbors":146,"Gi_Bin":-1}},{"type":"Feature","id":877,"geometry":{"type":"Point","coordinates":[99.021101990083665,18.78368359969495]},"properties":{"OBJECTID":877,"SOURCE_ID":877,"total_detect":4,"GiZScore":-1.7035368599533012,"GiPValue":0.088467646105700903,"NNeighbors":154,"Gi_Bin":-1}},{"type":"Feature","id":878,"geometry":{"type":"Point","coordinates":[99.025450170327304,18.764480220429576]},"properties":{"OBJECTID":878,"SOURCE_ID":878,"total_detect":3,"GiZScore":-0.48570943321066345,"GiPValue":0.62717319619575629,"NNeighbors":113,"Gi_Bin":0}},{"type":"Feature","id":879,"geometry":{"type":"Point","coordinates":[99.024680099998093,18.766366920194482]},"properties":{"OBJECTID":879,"SOURCE_ID":879,"total_detect":2,"GiZScore":-0.53533119622518532,"GiPValue":0.59242086034709118,"NNeighbors":123,"Gi_Bin":0}},{"type":"Feature","id":880,"geometry":{"type":"Point","coordinates":[99.02497452022827,18.767577970264774]},"properties":{"OBJECTID":880,"SOURCE_ID":880,"total_detect":1,"GiZScore":-0.66661133475044732,"GiPValue":0.50502043137317687,"NNeighbors":131,"Gi_Bin":0}},{"type":"Feature","id":881,"geometry":{"type":"Point","coordinates":[99.026159989708276,18.766806069953262]},"properties":{"OBJECTID":881,"SOURCE_ID":881,"total_detect":2,"GiZScore":-0.60391188292570441,"GiPValue":0.54590223126777881,"NNeighbors":123,"Gi_Bin":0}},{"type":"Feature","id":882,"geometry":{"type":"Point","coordinates":[99.02614299982659,18.766235959951146]},"properties":{"OBJECTID":882,"SOURCE_ID":882,"total_detect":2,"GiZScore":-0.66805614334498742,"GiPValue":0.50409775961925329,"NNeighbors":118,"Gi_Bin":0}},{"type":"Feature","id":883,"geometry":{"type":"Point","coordinates":[99.026755290142631,18.765336600142238]},"properties":{"OBJECTID":883,"SOURCE_ID":883,"total_detect":1,"GiZScore":-0.21022905625827834,"GiPValue":0.83348890278427856,"NNeighbors":103,"Gi_Bin":0}},{"type":"Feature","id":884,"geometry":{"type":"Point","coordinates":[99.027361919583967,18.765151689744602]},"properties":{"OBJECTID":884,"SOURCE_ID":884,"total_detect":2,"GiZScore":-0.20005945524505803,"GiPValue":0.84143408243632667,"NNeighbors":102,"Gi_Bin":0}},{"type":"Feature","id":885,"geometry":{"type":"Point","coordinates":[99.027542719983714,18.765096820239123]},"properties":{"OBJECTID":885,"SOURCE_ID":885,"total_detect":2,"GiZScore":-0.17946093687204859,"GiPValue":0.85757578728990569,"NNeighbors":100,"Gi_Bin":0}},{"type":"Feature","id":886,"geometry":{"type":"Point","coordinates":[99.028113389627322,18.764850790190717]},"properties":{"OBJECTID":886,"SOURCE_ID":886,"total_detect":9,"GiZScore":-0.18607096239573367,"GiPValue":0.85238911297483477,"NNeighbors":97,"Gi_Bin":0}},{"type":"Feature","id":887,"geometry":{"type":"Point","coordinates":[99.026928839781021,18.765721260424357]},"properties":{"OBJECTID":887,"SOURCE_ID":887,"total_detect":1,"GiZScore":-0.22031479180223437,"GiPValue":0.82562600113315343,"NNeighbors":104,"Gi_Bin":0}},{"type":"Feature","id":888,"geometry":{"type":"Point","coordinates":[99.02531907012937,18.766299820447323]},"properties":{"OBJECTID":888,"SOURCE_ID":888,"total_detect":1,"GiZScore":-0.75301959509400496,"GiPValue":0.45143814512835767,"NNeighbors":120,"Gi_Bin":0}},{"type":"Feature","id":889,"geometry":{"type":"Point","coordinates":[99.025731530226551,18.766282839743319]},"properties":{"OBJECTID":889,"SOURCE_ID":889,"total_detect":6,"GiZScore":-0.75301959509400496,"GiPValue":0.45143814512835767,"NNeighbors":120,"Gi_Bin":0}},{"type":"Feature","id":890,"geometry":{"type":"Point","coordinates":[99.022446260135453,18.764659819761622]},"properties":{"OBJECTID":890,"SOURCE_ID":890,"total_detect":1,"GiZScore":-0.66940838803948377,"GiPValue":0.50323500666882448,"NNeighbors":127,"Gi_Bin":0}},{"type":"Feature","id":891,"geometry":{"type":"Point","coordinates":[99.020224839694393,18.77037373038085]},"properties":{"OBJECTID":891,"SOURCE_ID":891,"total_detect":1,"GiZScore":-1.1136404526385901,"GiPValue":0.26543348266494937,"NNeighbors":169,"Gi_Bin":0}},{"type":"Feature","id":892,"geometry":{"type":"Point","coordinates":[99.020175300042297,18.770026449580044]},"properties":{"OBJECTID":892,"SOURCE_ID":892,"total_detect":1,"GiZScore":-1.227252963695334,"GiPValue":0.21972755152694989,"NNeighbors":168,"Gi_Bin":0}},{"type":"Feature","id":893,"geometry":{"type":"Point","coordinates":[99.020268150390464,18.769409999915631]},"properties":{"OBJECTID":893,"SOURCE_ID":893,"total_detect":4,"GiZScore":-1.0767597202568902,"GiPValue":0.28158764095423505,"NNeighbors":163,"Gi_Bin":0}},{"type":"Feature","id":894,"geometry":{"type":"Point","coordinates":[99.020303120009416,18.769218879585519]},"properties":{"OBJECTID":894,"SOURCE_ID":894,"total_detect":3,"GiZScore":-1.0401515751725423,"GiPValue":0.29826950020495746,"NNeighbors":162,"Gi_Bin":0}},{"type":"Feature","id":895,"geometry":{"type":"Point","coordinates":[99.021750189530067,18.767498819679737]},"properties":{"OBJECTID":895,"SOURCE_ID":895,"total_detect":1,"GiZScore":-0.73850020820312279,"GiPValue":0.46021054644485315,"NNeighbors":145,"Gi_Bin":0}},{"type":"Feature","id":896,"geometry":{"type":"Point","coordinates":[99.021715359700153,18.768040079804109]},"properties":{"OBJECTID":896,"SOURCE_ID":896,"total_detect":2,"GiZScore":-0.90687115550889286,"GiPValue":0.36447494640817624,"NNeighbors":151,"Gi_Bin":0}},{"type":"Feature","id":897,"geometry":{"type":"Point","coordinates":[99.021703750340507,18.768220500439671]},"properties":{"OBJECTID":897,"SOURCE_ID":897,"total_detect":1,"GiZScore":-0.91358253315562721,"GiPValue":0.36093625834734155,"NNeighbors":152,"Gi_Bin":0}},{"type":"Feature","id":898,"geometry":{"type":"Point","coordinates":[99.022000480079484,18.766703279756143]},"properties":{"OBJECTID":898,"SOURCE_ID":898,"total_detect":4,"GiZScore":-0.84970625341759265,"GiPValue":0.3954884294006672,"NNeighbors":138,"Gi_Bin":0}},{"type":"Feature","id":899,"geometry":{"type":"Point","coordinates":[99.021810579870746,18.766631909732229]},"properties":{"OBJECTID":899,"SOURCE_ID":899,"total_detect":3,"GiZScore":-0.88916545184454399,"GiPValue":0.37391417682243455,"NNeighbors":139,"Gi_Bin":0}},{"type":"Feature","id":900,"geometry":{"type":"Point","coordinates":[99.021633959961861,18.766565819734303]},"properties":{"OBJECTID":900,"SOURCE_ID":900,"total_detect":26,"GiZScore":-0.84269837659096558,"GiPValue":0.39939716370640399,"NNeighbors":137,"Gi_Bin":0}},{"type":"Feature","id":901,"geometry":{"type":"Point","coordinates":[99.022130450113991,18.766374810427902]},"properties":{"OBJECTID":901,"SOURCE_ID":901,"total_detect":2,"GiZScore":-0.80286438193178078,"GiPValue":0.42205313223138041,"NNeighbors":136,"Gi_Bin":0}},{"type":"Feature","id":902,"geometry":{"type":"Point","coordinates":[99.021954489560855,18.766307129980223]},"properties":{"OBJECTID":902,"SOURCE_ID":902,"total_detect":3,"GiZScore":-0.84269837659096558,"GiPValue":0.39939716370640399,"NNeighbors":137,"Gi_Bin":0}},{"type":"Feature","id":903,"geometry":{"type":"Point","coordinates":[99.021250669621054,18.76603638031489]},"properties":{"OBJECTID":903,"SOURCE_ID":903,"total_detect":2,"GiZScore":-0.87538783084548666,"GiPValue":0.38136292815934358,"NNeighbors":137,"Gi_Bin":0}},{"type":"Feature","id":904,"geometry":{"type":"Point","coordinates":[99.022051539677008,18.765948700260552]},"properties":{"OBJECTID":904,"SOURCE_ID":904,"total_detect":2,"GiZScore":-0.75546625217415253,"GiPValue":0.44996928020243288,"NNeighbors":134,"Gi_Bin":0}},{"type":"Feature","id":905,"geometry":{"type":"Point","coordinates":[99.021874119854829,18.765884599823007]},"properties":{"OBJECTID":905,"SOURCE_ID":905,"total_detect":1,"GiZScore":-0.75546625217415253,"GiPValue":0.44996928020243288,"NNeighbors":134,"Gi_Bin":0}},{"type":"Feature","id":906,"geometry":{"type":"Point","coordinates":[99.021341829881706,18.765692300211768]},"properties":{"OBJECTID":906,"SOURCE_ID":906,"total_detect":2,"GiZScore":-0.75546625217415253,"GiPValue":0.44996928020243288,"NNeighbors":134,"Gi_Bin":0}},{"type":"Feature","id":907,"geometry":{"type":"Point","coordinates":[99.022747129781436,18.763481609928316]},"properties":{"OBJECTID":907,"SOURCE_ID":907,"total_detect":2,"GiZScore":-0.51031975437305943,"GiPValue":0.60982746732227722,"NNeighbors":120,"Gi_Bin":0}},{"type":"Feature","id":908,"geometry":{"type":"Point","coordinates":[99.023212830401576,18.763077920314085]},"properties":{"OBJECTID":908,"SOURCE_ID":908,"total_detect":1,"GiZScore":-0.52982321065473614,"GiPValue":0.59623451305744346,"NNeighbors":114,"Gi_Bin":0}},{"type":"Feature","id":909,"geometry":{"type":"Point","coordinates":[99.022609880339104,18.762856660160619]},"properties":{"OBJECTID":909,"SOURCE_ID":909,"total_detect":4,"GiZScore":-0.60894248971336362,"GiPValue":0.54256256259712021,"NNeighbors":115,"Gi_Bin":0}},{"type":"Feature","id":910,"geometry":{"type":"Point","coordinates":[99.022144430194686,18.77209765003818]},"properties":{"OBJECTID":910,"SOURCE_ID":910,"total_detect":2,"GiZScore":-1.2799980115666711,"GiPValue":0.20054586104105365,"NNeighbors":172,"Gi_Bin":0}},{"type":"Feature","id":911,"geometry":{"type":"Point","coordinates":[99.023018730005361,18.771308949978597]},"properties":{"OBJECTID":911,"SOURCE_ID":911,"total_detect":1,"GiZScore":-1.2283392950681453,"GiPValue":0.21931964891104316,"NNeighbors":163,"Gi_Bin":0}},{"type":"Feature","id":912,"geometry":{"type":"Point","coordinates":[99.023573819571965,18.771095299682397]},"properties":{"OBJECTID":912,"SOURCE_ID":912,"total_detect":2,"GiZScore":-1.0328537326106149,"GiPValue":0.30167236825049648,"NNeighbors":156,"Gi_Bin":0}},{"type":"Feature","id":913,"geometry":{"type":"Point","coordinates":[99.024846579970216,18.770668650438129]},"properties":{"OBJECTID":913,"SOURCE_ID":913,"total_detect":2,"GiZScore":-0.85497701026563744,"GiPValue":0.39256388380194396,"NNeighbors":148,"Gi_Bin":0}},{"type":"Feature","id":914,"geometry":{"type":"Point","coordinates":[99.02511608007768,18.770629650194021]},"properties":{"OBJECTID":914,"SOURCE_ID":914,"total_detect":1,"GiZScore":-0.79518000912037534,"GiPValue":0.42650880578984163,"NNeighbors":144,"Gi_Bin":0}},{"type":"Feature","id":915,"geometry":{"type":"Point","coordinates":[99.025947109729415,18.770178969860407]},"properties":{"OBJECTID":915,"SOURCE_ID":915,"total_detect":1,"GiZScore":-0.79887123072912625,"GiPValue":0.42436508942950213,"NNeighbors":140,"Gi_Bin":0}},{"type":"Feature","id":916,"geometry":{"type":"Point","coordinates":[99.026232699604222,18.768794380199811]},"properties":{"OBJECTID":916,"SOURCE_ID":916,"total_detect":1,"GiZScore":-0.95352663370953483,"GiPValue":0.34032332005221666,"NNeighbors":134,"Gi_Bin":0}},{"type":"Feature","id":917,"geometry":{"type":"Point","coordinates":[99.023308609599567,18.7708350502384]},"properties":{"OBJECTID":917,"SOURCE_ID":917,"total_detect":1,"GiZScore":-1.0391873671156562,"GiPValue":0.29871761944618835,"NNeighbors":157,"Gi_Bin":0}},{"type":"Feature","id":918,"geometry":{"type":"Point","coordinates":[99.023579499745949,18.770709730074891]},"properties":{"OBJECTID":918,"SOURCE_ID":918,"total_detect":3,"GiZScore":-0.88234226700796747,"GiPValue":0.37759175551449609,"NNeighbors":152,"Gi_Bin":0}},{"type":"Feature","id":919,"geometry":{"type":"Point","coordinates":[99.024286149891211,18.770281309641579]},"properties":{"OBJECTID":919,"SOURCE_ID":919,"total_detect":1,"GiZScore":-0.88658064238819767,"GiPValue":0.37530472918633406,"NNeighbors":148,"Gi_Bin":0}},{"type":"Feature","id":920,"geometry":{"type":"Point","coordinates":[99.024469419697127,18.769639660211578]},"properties":{"OBJECTID":920,"SOURCE_ID":920,"total_detect":1,"GiZScore":-0.93650178029697684,"GiPValue":0.34901490757484344,"NNeighbors":146,"Gi_Bin":0}},{"type":"Feature","id":921,"geometry":{"type":"Point","coordinates":[99.025545670323837,18.763189729702574]},"properties":{"OBJECTID":921,"SOURCE_ID":921,"total_detect":2,"GiZScore":-0.21022905625827834,"GiPValue":0.83348890278427856,"NNeighbors":103,"Gi_Bin":0}},{"type":"Feature","id":922,"geometry":{"type":"Point","coordinates":[99.023513969618577,18.792137700410787]},"properties":{"OBJECTID":922,"SOURCE_ID":922,"total_detect":2,"GiZScore":-1.6703495579918761,"GiPValue":0.09485022340998607,"NNeighbors":106,"Gi_Bin":-1}},{"type":"Feature","id":923,"geometry":{"type":"Point","coordinates":[99.023880640071212,18.791504589633107]},"properties":{"OBJECTID":923,"SOURCE_ID":923,"total_detect":1,"GiZScore":-1.5561245361496441,"GiPValue":0.11967848154421669,"NNeighbors":105,"Gi_Bin":0}},{"type":"Feature","id":924,"geometry":{"type":"Point","coordinates":[99.02406397000118,18.791188040286432]},"properties":{"OBJECTID":924,"SOURCE_ID":924,"total_detect":1,"GiZScore":-1.514924271437607,"GiPValue":0.12979158297750062,"NNeighbors":104,"Gi_Bin":0}},{"type":"Feature","id":925,"geometry":{"type":"Point","coordinates":[99.024155630438358,18.791029759667801]},"properties":{"OBJECTID":925,"SOURCE_ID":925,"total_detect":1,"GiZScore":-1.5561245361496441,"GiPValue":0.11967848154421669,"NNeighbors":105,"Gi_Bin":0}},{"type":"Feature","id":926,"geometry":{"type":"Point","coordinates":[99.024430629705009,18.790554940119321]},"properties":{"OBJECTID":926,"SOURCE_ID":926,"total_detect":2,"GiZScore":-1.514924271437607,"GiPValue":0.12979158297750062,"NNeighbors":104,"Gi_Bin":0}},{"type":"Feature","id":927,"geometry":{"type":"Point","coordinates":[99.024996469701108,18.789572089702837]},"properties":{"OBJECTID":927,"SOURCE_ID":927,"total_detect":2,"GiZScore":-1.5687897094090886,"GiPValue":0.1166969470069015,"NNeighbors":108,"Gi_Bin":0}},{"type":"Feature","id":928,"geometry":{"type":"Point","coordinates":[99.025174610098674,18.789252860164854]},"properties":{"OBJECTID":928,"SOURCE_ID":928,"total_detect":1,"GiZScore":-1.5280498723721125,"GiPValue":0.12650015592836433,"NNeighbors":107,"Gi_Bin":0}},{"type":"Feature","id":929,"geometry":{"type":"Point","coordinates":[99.025263679570656,18.789093239905682]},"properties":{"OBJECTID":929,"SOURCE_ID":929,"total_detect":1,"GiZScore":-1.5280498723721125,"GiPValue":0.12650015592836433,"NNeighbors":107,"Gi_Bin":0}},{"type":"Feature","id":930,"geometry":{"type":"Point","coordinates":[99.004487229718933,18.80996156963058]},"properties":{"OBJECTID":930,"SOURCE_ID":930,"total_detect":1,"GiZScore":3.1525451798092052,"GiPValue":0.0016185377269482743,"NNeighbors":135,"Gi_Bin":3}},{"type":"Feature","id":931,"geometry":{"type":"Point","coordinates":[99.003919210456658,18.809999780081348]},"properties":{"OBJECTID":931,"SOURCE_ID":931,"total_detect":2,"GiZScore":3.1653394562605213,"GiPValue":0.0015490211806371218,"NNeighbors":136,"Gi_Bin":3}},{"type":"Feature","id":932,"geometry":{"type":"Point","coordinates":[99.002783179703115,18.810076200314096]},"properties":{"OBJECTID":932,"SOURCE_ID":932,"total_detect":13,"GiZScore":3.0997644938173843,"GiPValue":0.0019367457004306372,"NNeighbors":141,"Gi_Bin":3}},{"type":"Feature","id":933,"geometry":{"type":"Point","coordinates":[99.00345585004095,18.810176899865517]},"properties":{"OBJECTID":933,"SOURCE_ID":933,"total_detect":4,"GiZScore":3.125670597612761,"GiPValue":0.0017740014047574559,"NNeighbors":138,"Gi_Bin":3}},{"type":"Feature","id":934,"geometry":{"type":"Point","coordinates":[99.005070479813469,18.810076000343116]},"properties":{"OBJECTID":934,"SOURCE_ID":934,"total_detect":1,"GiZScore":3.2553990681467662,"GiPValue":0.0011323313595030169,"NNeighbors":130,"Gi_Bin":3}},{"type":"Feature","id":935,"geometry":{"type":"Point","coordinates":[98.999533520283364,18.758273399616517]},"properties":{"OBJECTID":935,"SOURCE_ID":935,"total_detect":2,"GiZScore":-1.1160595141756064,"GiPValue":0.2643966785310411,"NNeighbors":117,"Gi_Bin":0}},{"type":"Feature","id":936,"geometry":{"type":"Point","coordinates":[98.999820209670347,18.758000290418909]},"properties":{"OBJECTID":936,"SOURCE_ID":936,"total_detect":2,"GiZScore":-0.98441527421994979,"GiPValue":0.32491138382975182,"NNeighbors":113,"Gi_Bin":0}},{"type":"Feature","id":937,"geometry":{"type":"Point","coordinates":[98.996720959894333,18.760731239932632]},"properties":{"OBJECTID":937,"SOURCE_ID":937,"total_detect":5,"GiZScore":-1.774359777979688,"GiPValue":0.076003658502510035,"NNeighbors":141,"Gi_Bin":-1}},{"type":"Feature","id":938,"geometry":{"type":"Point","coordinates":[98.997149840190644,18.76037466041387]},"properties":{"OBJECTID":938,"SOURCE_ID":938,"total_detect":1,"GiZScore":-1.9285848675685231,"GiPValue":0.053782419133422292,"NNeighbors":139,"Gi_Bin":-1}},{"type":"Feature","id":939,"geometry":{"type":"Point","coordinates":[98.997721679679884,18.759899209562434]},"properties":{"OBJECTID":939,"SOURCE_ID":939,"total_detect":1,"GiZScore":-1.8272579380971878,"GiPValue":0.067660996240784699,"NNeighbors":138,"Gi_Bin":-1}},{"type":"Feature","id":940,"geometry":{"type":"Point","coordinates":[98.997312910355575,18.760053680244809]},"properties":{"OBJECTID":940,"SOURCE_ID":940,"total_detect":1,"GiZScore":-1.8924280504091608,"GiPValue":0.05843397160614628,"NNeighbors":138,"Gi_Bin":-1}},{"type":"Feature","id":941,"geometry":{"type":"Point","coordinates":[99.005475320134735,18.763032080410316]},"properties":{"OBJECTID":941,"SOURCE_ID":941,"total_detect":1,"GiZScore":-1.4244843945102066,"GiPValue":0.1543062993448297,"NNeighbors":142,"Gi_Bin":0}},{"type":"Feature","id":942,"geometry":{"type":"Point","coordinates":[99.003668320285627,18.760600539886401]},"properties":{"OBJECTID":942,"SOURCE_ID":942,"total_detect":1,"GiZScore":-1.480716459234217,"GiPValue":0.13868214610435459,"NNeighbors":127,"Gi_Bin":0}},{"type":"Feature","id":943,"geometry":{"type":"Point","coordinates":[99.002906090256928,18.759625950224535]},"properties":{"OBJECTID":943,"SOURCE_ID":943,"total_detect":1,"GiZScore":-1.426880123331933,"GiPValue":0.15361445104190649,"NNeighbors":123,"Gi_Bin":0}},{"type":"Feature","id":944,"geometry":{"type":"Point","coordinates":[99.002109429842506,18.758873010022079]},"properties":{"OBJECTID":944,"SOURCE_ID":944,"total_detect":1,"GiZScore":-1.226998451364651,"GiPValue":0.21982319610917622,"NNeighbors":118,"Gi_Bin":0}},{"type":"Feature","id":945,"geometry":{"type":"Point","coordinates":[99.001899710092871,18.758720109643388]},"properties":{"OBJECTID":945,"SOURCE_ID":945,"total_detect":1,"GiZScore":-1.1451031632769362,"GiPValue":0.25216644458360205,"NNeighbors":116,"Gi_Bin":0}},{"type":"Feature","id":946,"geometry":{"type":"Point","coordinates":[99.001683580404404,18.758612900290299]},"properties":{"OBJECTID":946,"SOURCE_ID":946,"total_detect":2,"GiZScore":-1.0394927264678424,"GiPValue":0.29857565395832009,"NNeighbors":116,"Gi_Bin":0}},{"type":"Feature","id":947,"geometry":{"type":"Point","coordinates":[98.997295999765655,18.792880079959225]},"properties":{"OBJECTID":947,"SOURCE_ID":947,"total_detect":1,"GiZScore":2.0202007237045057,"GiPValue":0.043362571258894721,"NNeighbors":290,"Gi_Bin":2}},{"type":"Feature","id":948,"geometry":{"type":"Point","coordinates":[98.996966849765272,18.793642689973492]},"properties":{"OBJECTID":948,"SOURCE_ID":948,"total_detect":16,"GiZScore":1.7249488242552882,"GiPValue":0.084536695567066431,"NNeighbors":288,"Gi_Bin":1}},{"type":"Feature","id":949,"geometry":{"type":"Point","coordinates":[99.020513069835303,18.775210689563789]},"properties":{"OBJECTID":949,"SOURCE_ID":949,"total_detect":2,"GiZScore":-1.3400234764932675,"GiPValue":0.18023771261045826,"NNeighbors":193,"Gi_Bin":0}},{"type":"Feature","id":950,"geometry":{"type":"Point","coordinates":[98.98558618980077,18.805377199836045]},"properties":{"OBJECTID":950,"SOURCE_ID":950,"total_detect":1,"GiZScore":0.3651094660422774,"GiPValue":0.71502969583054077,"NNeighbors":198,"Gi_Bin":0}},{"type":"Feature","id":951,"geometry":{"type":"Point","coordinates":[98.985772980222151,18.805409300431084]},"properties":{"OBJECTID":951,"SOURCE_ID":951,"total_detect":2,"GiZScore":0.87587813628070788,"GiPValue":0.38109629585717963,"NNeighbors":200,"Gi_Bin":0}},{"type":"Feature","id":952,"geometry":{"type":"Point","coordinates":[98.986146549889668,18.805473500155486]},"properties":{"OBJECTID":952,"SOURCE_ID":952,"total_detect":9,"GiZScore":0.87355308750307792,"GiPValue":0.38236169279504739,"NNeighbors":203,"Gi_Bin":0}},{"type":"Feature","id":953,"geometry":{"type":"Point","coordinates":[98.987645739664302,18.805354379578027]},"properties":{"OBJECTID":953,"SOURCE_ID":953,"total_detect":1,"GiZScore":1.1410616009111028,"GiPValue":0.25384430836227712,"NNeighbors":196,"Gi_Bin":0}},{"type":"Feature","id":954,"geometry":{"type":"Point","coordinates":[98.988010840072818,18.805255369970496]},"properties":{"OBJECTID":954,"SOURCE_ID":954,"total_detect":2,"GiZScore":1.2594333345443529,"GiPValue":0.20787388019138353,"NNeighbors":198,"Gi_Bin":0}},{"type":"Feature","id":955,"geometry":{"type":"Point","coordinates":[98.997917879804206,18.810579660396783]},"properties":{"OBJECTID":955,"SOURCE_ID":955,"total_detect":5,"GiZScore":2.5686315632753476,"GiPValue":0.010210094719155075,"NNeighbors":140,"Gi_Bin":2}},{"type":"Feature","id":956,"geometry":{"type":"Point","coordinates":[98.996336140051056,18.810845800404341]},"properties":{"OBJECTID":956,"SOURCE_ID":956,"total_detect":1,"GiZScore":2.5013827306656378,"GiPValue":0.01237094051563736,"NNeighbors":142,"Gi_Bin":2}},{"type":"Feature","id":957,"geometry":{"type":"Point","coordinates":[98.984878589784046,18.812045890070024]},"properties":{"OBJECTID":957,"SOURCE_ID":957,"total_detect":2,"GiZScore":0.023607033708601545,"GiPValue":0.9811660616260065,"NNeighbors":122,"Gi_Bin":0}},{"type":"Feature","id":958,"geometry":{"type":"Point","coordinates":[98.985768289727446,18.812140570266667]},"properties":{"OBJECTID":958,"SOURCE_ID":958,"total_detect":2,"GiZScore":0.17570418612169678,"GiPValue":0.86052634649829307,"NNeighbors":127,"Gi_Bin":0}},{"type":"Feature","id":959,"geometry":{"type":"Point","coordinates":[98.985957289790775,18.812157329949418]},"properties":{"OBJECTID":959,"SOURCE_ID":959,"total_detect":2,"GiZScore":0.08465016990212039,"GiPValue":0.9325395123607787,"NNeighbors":126,"Gi_Bin":0}},{"type":"Feature","id":960,"geometry":{"type":"Point","coordinates":[98.943804320194033,18.802822990421287]},"properties":{"OBJECTID":960,"SOURCE_ID":960,"total_detect":2,"GiZScore":1.3166011926201022,"GiPValue":0.18797233884839512,"NNeighbors":39,"Gi_Bin":0}},{"type":"Feature","id":961,"geometry":{"type":"Point","coordinates":[98.945050930182276,18.802589530066395]},"properties":{"OBJECTID":961,"SOURCE_ID":961,"total_detect":2,"GiZScore":1.5032332300540967,"GiPValue":0.13277891126484678,"NNeighbors":42,"Gi_Bin":0}},{"type":"Feature","id":962,"geometry":{"type":"Point","coordinates":[98.946059069829204,18.802993789985802]},"properties":{"OBJECTID":962,"SOURCE_ID":962,"total_detect":1,"GiZScore":1.4134680491589728,"GiPValue":0.15751814943872824,"NNeighbors":43,"Gi_Bin":0}},{"type":"Feature","id":963,"geometry":{"type":"Point","coordinates":[98.946413689804444,18.80318471960814]},"properties":{"OBJECTID":963,"SOURCE_ID":963,"total_detect":2,"GiZScore":1.4134680491589728,"GiPValue":0.15751814943872824,"NNeighbors":43,"Gi_Bin":0}},{"type":"Feature","id":964,"geometry":{"type":"Point","coordinates":[98.945797940207029,18.804681970081774]},"properties":{"OBJECTID":964,"SOURCE_ID":964,"total_detect":1,"GiZScore":1.4134680491589728,"GiPValue":0.15751814943872824,"NNeighbors":43,"Gi_Bin":0}},{"type":"Feature","id":965,"geometry":{"type":"Point","coordinates":[98.946157470437029,18.806055489930117]},"properties":{"OBJECTID":965,"SOURCE_ID":965,"total_detect":2,"GiZScore":1.3413579597944492,"GiPValue":0.1798042600479475,"NNeighbors":40,"Gi_Bin":0}},{"type":"Feature","id":966,"geometry":{"type":"Point","coordinates":[98.947081440338621,18.807643660146137]},"properties":{"OBJECTID":966,"SOURCE_ID":966,"total_detect":2,"GiZScore":0.74278218894079484,"GiPValue":0.45761356635808759,"NNeighbors":32,"Gi_Bin":0}},{"type":"Feature","id":967,"geometry":{"type":"Point","coordinates":[98.946962879761912,18.80778480976149]},"properties":{"OBJECTID":967,"SOURCE_ID":967,"total_detect":4,"GiZScore":0.67269528361420139,"GiPValue":0.50114117313543705,"NNeighbors":30,"Gi_Bin":0}},{"type":"Feature","id":968,"geometry":{"type":"Point","coordinates":[98.946844319932978,18.807925970144606]},"properties":{"OBJECTID":968,"SOURCE_ID":968,"total_detect":1,"GiZScore":0.67269528361420139,"GiPValue":0.50114117313543705,"NNeighbors":30,"Gi_Bin":0}},{"type":"Feature","id":969,"geometry":{"type":"Point","coordinates":[98.94650459968058,18.808714330432998]},"properties":{"OBJECTID":969,"SOURCE_ID":969,"total_detect":1,"GiZScore":0.73509364632933072,"GiPValue":0.46228246925199457,"NNeighbors":26,"Gi_Bin":0}},{"type":"Feature","id":970,"geometry":{"type":"Point","coordinates":[99.003977990425881,18.787609619987492]},"properties":{"OBJECTID":970,"SOURCE_ID":970,"total_detect":1,"GiZScore":0.84520465600296502,"GiPValue":0.39799659161654288,"NNeighbors":257,"Gi_Bin":0}},{"type":"Feature","id":971,"geometry":{"type":"Point","coordinates":[99.004356779925359,18.787632849764606]},"properties":{"OBJECTID":971,"SOURCE_ID":971,"total_detect":1,"GiZScore":1.043785181439371,"GiPValue":0.29658480412931665,"NNeighbors":249,"Gi_Bin":0}},{"type":"Feature","id":972,"geometry":{"type":"Point","coordinates":[99.005754930361022,18.787565250061458]},"properties":{"OBJECTID":972,"SOURCE_ID":972,"total_detect":2,"GiZScore":0.54072651068255173,"GiPValue":0.58869610516109194,"NNeighbors":233,"Gi_Bin":0}},{"type":"Feature","id":973,"geometry":{"type":"Point","coordinates":[99.007787519581129,18.787175360333443]},"properties":{"OBJECTID":973,"SOURCE_ID":973,"total_detect":3,"GiZScore":-0.32703791700821011,"GiPValue":0.74363920753398582,"NNeighbors":219,"Gi_Bin":0}},{"type":"Feature","id":974,"geometry":{"type":"Point","coordinates":[99.009215790336341,18.786900679863628]},"properties":{"OBJECTID":974,"SOURCE_ID":974,"total_detect":1,"GiZScore":-1.1161144411642854,"GiPValue":0.26437316941410505,"NNeighbors":198,"Gi_Bin":0}},{"type":"Feature","id":975,"geometry":{"type":"Point","coordinates":[99.010621579763495,18.786630759946195]},"properties":{"OBJECTID":975,"SOURCE_ID":975,"total_detect":1,"GiZScore":-1.6653307770118342,"GiPValue":0.095846781523382399,"NNeighbors":196,"Gi_Bin":-1}},{"type":"Feature","id":976,"geometry":{"type":"Point","coordinates":[99.01117969993237,18.78652359038524]},"properties":{"OBJECTID":976,"SOURCE_ID":976,"total_detect":1,"GiZScore":-1.5683663756108726,"GiPValue":0.11679565353740515,"NNeighbors":199,"Gi_Bin":0}},{"type":"Feature","id":977,"geometry":{"type":"Point","coordinates":[99.01169793035487,18.786424029756542]},"properties":{"OBJECTID":977,"SOURCE_ID":977,"total_detect":1,"GiZScore":-1.6799271897806674,"GiPValue":0.092971482878724407,"NNeighbors":199,"Gi_Bin":-1}},{"type":"Feature","id":978,"geometry":{"type":"Point","coordinates":[99.012757129788909,18.786220680128476]},"properties":{"OBJECTID":978,"SOURCE_ID":978,"total_detect":1,"GiZScore":-1.977094478402482,"GiPValue":0.048030951807824199,"NNeighbors":190,"Gi_Bin":-2}},{"type":"Feature","id":979,"geometry":{"type":"Point","coordinates":[99.01591274970302,18.785614690326423]},"properties":{"OBJECTID":979,"SOURCE_ID":979,"total_detect":3,"GiZScore":-1.8147749109225337,"GiPValue":0.069558507514031545,"NNeighbors":179,"Gi_Bin":-1}},{"type":"Feature","id":980,"geometry":{"type":"Point","coordinates":[98.993792080307145,18.792266839865515]},"properties":{"OBJECTID":980,"SOURCE_ID":980,"total_detect":1,"GiZScore":1.5704136563907374,"GiPValue":0.116318907403858,"NNeighbors":297,"Gi_Bin":0}},{"type":"Feature","id":981,"geometry":{"type":"Point","coordinates":[98.993783270254184,18.792086279748283]},"properties":{"OBJECTID":981,"SOURCE_ID":981,"total_detect":1,"GiZScore":1.6867705632019623,"GiPValue":0.09164747778389952,"NNeighbors":300,"Gi_Bin":1}},{"type":"Feature","id":982,"geometry":{"type":"Point","coordinates":[98.981710220426464,18.796056830303549]},"properties":{"OBJECTID":982,"SOURCE_ID":982,"total_detect":2,"GiZScore":-0.49384598578129868,"GiPValue":0.62141495542298175,"NNeighbors":261,"Gi_Bin":0}},{"type":"Feature","id":983,"geometry":{"type":"Point","coordinates":[98.981759310429055,18.797353790294828]},"properties":{"OBJECTID":983,"SOURCE_ID":983,"total_detect":1,"GiZScore":-0.30522116618184619,"GiPValue":0.76019771322831564,"NNeighbors":252,"Gi_Bin":0}},{"type":"Feature","id":984,"geometry":{"type":"Point","coordinates":[99.018467389625798,18.790729619700336]},"properties":{"OBJECTID":984,"SOURCE_ID":984,"total_detect":2,"GiZScore":-1.4028540256467288,"GiPValue":0.16066037274124217,"NNeighbors":150,"Gi_Bin":0}},{"type":"Feature","id":985,"geometry":{"type":"Point","coordinates":[99.01903658983305,18.790742850053096]},"properties":{"OBJECTID":985,"SOURCE_ID":985,"total_detect":1,"GiZScore":-1.2658242278589202,"GiPValue":0.20557604409029251,"NNeighbors":148,"Gi_Bin":0}},{"type":"Feature","id":986,"geometry":{"type":"Point","coordinates":[99.019663530421781,18.790757370441415]},"properties":{"OBJECTID":986,"SOURCE_ID":986,"total_detect":2,"GiZScore":-1.5477077783156816,"GiPValue":0.12169266851173725,"NNeighbors":134,"Gi_Bin":0}},{"type":"Feature","id":987,"geometry":{"type":"Point","coordinates":[99.00827015012689,18.796805510046198]},"properties":{"OBJECTID":987,"SOURCE_ID":987,"total_detect":1,"GiZScore":1.6460618284694872,"GiPValue":0.099751030255680079,"NNeighbors":208,"Gi_Bin":1}},{"type":"Feature","id":988,"geometry":{"type":"Point","coordinates":[99.00833839990203,18.796122380392678]},"properties":{"OBJECTID":988,"SOURCE_ID":988,"total_detect":2,"GiZScore":1.3496863116607964,"GiPValue":0.17711662494764857,"NNeighbors":205,"Gi_Bin":0}},{"type":"Feature","id":989,"geometry":{"type":"Point","coordinates":[99.008483540421793,18.79468867976987]},"properties":{"OBJECTID":989,"SOURCE_ID":989,"total_detect":4,"GiZScore":0.56923491762299416,"GiPValue":0.56919672999565663,"NNeighbors":203,"Gi_Bin":0}},{"type":"Feature","id":990,"geometry":{"type":"Point","coordinates":[99.008577360102819,18.793762760364562]},"properties":{"OBJECTID":990,"SOURCE_ID":990,"total_detect":1,"GiZScore":0.61442116204924202,"GiPValue":0.53893705860905206,"NNeighbors":207,"Gi_Bin":0}},{"type":"Feature","id":991,"geometry":{"type":"Point","coordinates":[99.00867424984672,18.792805229764479]},"properties":{"OBJECTID":991,"SOURCE_ID":991,"total_detect":1,"GiZScore":0.70631413768766571,"GiPValue":0.47999280847101966,"NNeighbors":206,"Gi_Bin":0}},{"type":"Feature","id":992,"geometry":{"type":"Point","coordinates":[99.008709860160806,18.792453880241446]},"properties":{"OBJECTID":992,"SOURCE_ID":992,"total_detect":1,"GiZScore":0.66931657177408976,"GiPValue":0.50329356216856791,"NNeighbors":207,"Gi_Bin":0}},{"type":"Feature","id":993,"geometry":{"type":"Point","coordinates":[99.008785110366986,18.790741829552559]},"properties":{"OBJECTID":993,"SOURCE_ID":993,"total_detect":1,"GiZScore":0.43129981139934859,"GiPValue":0.66625038868545927,"NNeighbors":206,"Gi_Bin":0}},{"type":"Feature","id":994,"geometry":{"type":"Point","coordinates":[99.00870149961014,18.789177830252545]},"properties":{"OBJECTID":994,"SOURCE_ID":994,"total_detect":3,"GiZScore":-0.06514358395168654,"GiPValue":0.9480596791308431,"NNeighbors":213,"Gi_Bin":0}},{"type":"Feature","id":995,"geometry":{"type":"Point","coordinates":[99.00869858045715,18.788285939673543]},"properties":{"OBJECTID":995,"SOURCE_ID":995,"total_detect":6,"GiZScore":-0.496539034667141,"GiPValue":0.61951415597518178,"NNeighbors":205,"Gi_Bin":0}},{"type":"Feature","id":996,"geometry":{"type":"Point","coordinates":[99.008713369945653,18.787723160314307]},"properties":{"OBJECTID":996,"SOURCE_ID":996,"total_detect":2,"GiZScore":-0.7586989145810078,"GiPValue":0.44803269256204648,"NNeighbors":203,"Gi_Bin":0}},{"type":"Feature","id":997,"geometry":{"type":"Point","coordinates":[99.020472949956286,18.767259959960036]},"properties":{"OBJECTID":997,"SOURCE_ID":997,"total_detect":2,"GiZScore":-0.84806670023382291,"GiPValue":0.39640083394868064,"NNeighbors":147,"Gi_Bin":0}},{"type":"Feature","id":998,"geometry":{"type":"Point","coordinates":[99.020545200445056,18.767092810323089]},"properties":{"OBJECTID":998,"SOURCE_ID":998,"total_detect":2,"GiZScore":-0.85914622403201935,"GiPValue":0.39025985655555717,"NNeighbors":144,"Gi_Bin":0}},{"type":"Feature","id":999,"geometry":{"type":"Point","coordinates":[99.020617440355835,18.766925669694441]},"properties":{"OBJECTID":999,"SOURCE_ID":999,"total_detect":2,"GiZScore":-0.77371174867035519,"GiPValue":0.43910127730421311,"NNeighbors":141,"Gi_Bin":0}},{"type":"Feature","id":1000,"geometry":{"type":"Point","coordinates":[99.021170740262491,18.765645230328747]},"properties":{"OBJECTID":1000,"SOURCE_ID":1000,"total_detect":1,"GiZScore":-0.53247155122302325,"GiPValue":0.59439944257081834,"NNeighbors":135,"Gi_Bin":0}},{"type":"Feature","id":1001,"geometry":{"type":"Point","coordinates":[99.021592690117615,18.764667230144855]},"properties":{"OBJECTID":1001,"SOURCE_ID":1001,"total_detect":2,"GiZScore":-0.65892099966262518,"GiPValue":0.50994650426941424,"NNeighbors":130,"Gi_Bin":0}},{"type":"Feature","id":1002,"geometry":{"type":"Point","coordinates":[98.976715370252876,18.796685860390461]},"properties":{"OBJECTID":1002,"SOURCE_ID":1002,"total_detect":1,"GiZScore":0.095492134005201346,"GiPValue":0.92392393787121241,"NNeighbors":233,"Gi_Bin":0}},{"type":"Feature","id":1003,"geometry":{"type":"Point","coordinates":[98.98070179955009,18.781654479673836]},"properties":{"OBJECTID":1003,"SOURCE_ID":1003,"total_detect":1,"GiZScore":0.10436274010647306,"GiPValue":0.91688149027149757,"NNeighbors":311,"Gi_Bin":0}},{"type":"Feature","id":1004,"geometry":{"type":"Point","coordinates":[98.990442729816436,18.792791890121048]},"properties":{"OBJECTID":1004,"SOURCE_ID":1004,"total_detect":2,"GiZScore":1.8207105961355154,"GiPValue":0.068650860616025433,"NNeighbors":301,"Gi_Bin":1}},{"type":"Feature","id":1005,"geometry":{"type":"Point","coordinates":[99.016935729815501,18.801245270299614]},"properties":{"OBJECTID":1005,"SOURCE_ID":1005,"total_detect":2,"GiZScore":-0.16658926959998355,"GiPValue":0.86769323739432858,"NNeighbors":77,"Gi_Bin":0}},{"type":"Feature","id":1006,"geometry":{"type":"Point","coordinates":[98.986739589810242,18.783466240043364]},"properties":{"OBJECTID":1006,"SOURCE_ID":1006,"total_detect":2,"GiZScore":0.91881939175932026,"GiPValue":0.35819005840503859,"NNeighbors":375,"Gi_Bin":0}},{"type":"Feature","id":1007,"geometry":{"type":"Point","coordinates":[98.984862230250286,18.784175339886065]},"properties":{"OBJECTID":1007,"SOURCE_ID":1007,"total_detect":2,"GiZScore":0.97061183901816683,"GiPValue":0.3317416205733994,"NNeighbors":356,"Gi_Bin":0}},{"type":"Feature","id":1008,"geometry":{"type":"Point","coordinates":[98.982533969639761,18.781761609892783]},"properties":{"OBJECTID":1008,"SOURCE_ID":1008,"total_detect":3,"GiZScore":0.55184217636559874,"GiPValue":0.58105649052961572,"NNeighbors":339,"Gi_Bin":0}},{"type":"Feature","id":1009,"geometry":{"type":"Point","coordinates":[98.982625479550094,18.782011989872565]},"properties":{"OBJECTID":1009,"SOURCE_ID":1009,"total_detect":5,"GiZScore":0.55096044511067821,"GiPValue":0.5816607926142322,"NNeighbors":336,"Gi_Bin":0}},{"type":"Feature","id":1010,"geometry":{"type":"Point","coordinates":[98.991860179594696,18.785340160390845]},"properties":{"OBJECTID":1010,"SOURCE_ID":1010,"total_detect":1,"GiZScore":1.199539199319412,"GiPValue":0.23031837386223275,"NNeighbors":379,"Gi_Bin":0}},{"type":"Feature","id":1011,"geometry":{"type":"Point","coordinates":[98.990272969717168,18.782780089747796]},"properties":{"OBJECTID":1011,"SOURCE_ID":1011,"total_detect":1,"GiZScore":0.68436553947229362,"GiPValue":0.49374437541613103,"NNeighbors":408,"Gi_Bin":0}},{"type":"Feature","id":1012,"geometry":{"type":"Point","coordinates":[98.990665159922784,18.782651929783949]},"properties":{"OBJECTID":1012,"SOURCE_ID":1012,"total_detect":1,"GiZScore":1.0382293116607555,"GiPValue":0.29916332418957414,"NNeighbors":404,"Gi_Bin":0}},{"type":"Feature","id":1013,"geometry":{"type":"Point","coordinates":[98.988897830382157,18.784378939794003]},"properties":{"OBJECTID":1013,"SOURCE_ID":1013,"total_detect":1,"GiZScore":0.9639481619039878,"GiPValue":0.33507192796908469,"NNeighbors":387,"Gi_Bin":0}},{"type":"Feature","id":1014,"geometry":{"type":"Point","coordinates":[98.989167420405479,18.784398460302359]},"properties":{"OBJECTID":1014,"SOURCE_ID":1014,"total_detect":16,"GiZScore":0.91205698996660856,"GiPValue":0.36173872831249765,"NNeighbors":382,"Gi_Bin":0}},{"type":"Feature","id":1015,"geometry":{"type":"Point","coordinates":[98.990319000360643,18.784479139744999]},"properties":{"OBJECTID":1015,"SOURCE_ID":1015,"total_detect":1,"GiZScore":0.91176462460631624,"GiPValue":0.36189264664920018,"NNeighbors":379,"Gi_Bin":0}},{"type":"Feature","id":1016,"geometry":{"type":"Point","coordinates":[98.9848494602915,18.793743049572754]},"properties":{"OBJECTID":1016,"SOURCE_ID":1016,"total_detect":8,"GiZScore":1.1752283362340374,"GiPValue":0.23990339715142617,"NNeighbors":290,"Gi_Bin":0}},{"type":"Feature","id":1017,"geometry":{"type":"Point","coordinates":[98.983697880469265,18.793951010144667]},"properties":{"OBJECTID":1017,"SOURCE_ID":1017,"total_detect":2,"GiZScore":1.0972046990005744,"GiPValue":0.27255193671172007,"NNeighbors":285,"Gi_Bin":0}},{"type":"Feature","id":1018,"geometry":{"type":"Point","coordinates":[98.983502770264437,18.793977569816064]},"properties":{"OBJECTID":1018,"SOURCE_ID":1018,"total_detect":2,"GiZScore":1.081500266400061,"GiPValue":0.27947465881182032,"NNeighbors":284,"Gi_Bin":0}},{"type":"Feature","id":1019,"geometry":{"type":"Point","coordinates":[98.982253070042248,18.793818789721282]},"properties":{"OBJECTID":1019,"SOURCE_ID":1019,"total_detect":1,"GiZScore":0.82276873118341154,"GiPValue":0.41063952927249159,"NNeighbors":280,"Gi_Bin":0}},{"type":"Feature","id":1020,"geometry":{"type":"Point","coordinates":[98.988034880125099,18.789736739907269]},"properties":{"OBJECTID":1020,"SOURCE_ID":1020,"total_detect":8,"GiZScore":1.4921072470382557,"GiPValue":0.13567103234906691,"NNeighbors":325,"Gi_Bin":0}},{"type":"Feature","id":1021,"geometry":{"type":"Point","coordinates":[98.988224259745692,18.789724879771345]},"properties":{"OBJECTID":1021,"SOURCE_ID":1021,"total_detect":1,"GiZScore":1.500544692359197,"GiPValue":0.13347336567556214,"NNeighbors":324,"Gi_Bin":0}},{"type":"Feature","id":1022,"geometry":{"type":"Point","coordinates":[98.990030350420952,18.789232850097608]},"properties":{"OBJECTID":1022,"SOURCE_ID":1022,"total_detect":2,"GiZScore":1.3830276086320035,"GiPValue":0.1666564006139753,"NNeighbors":341,"Gi_Bin":0}},{"type":"Feature","id":1023,"geometry":{"type":"Point","coordinates":[98.989945079799853,18.787116180376252]},"properties":{"OBJECTID":1023,"SOURCE_ID":1023,"total_detect":1,"GiZScore":0.90393127632372228,"GiPValue":0.36603185367108704,"NNeighbors":374,"Gi_Bin":0}},{"type":"Feature","id":1024,"geometry":{"type":"Point","coordinates":[98.988508989820602,18.787576880028006]},"properties":{"OBJECTID":1024,"SOURCE_ID":1024,"total_detect":2,"GiZScore":1.2334878329253993,"GiPValue":0.21739383681506896,"NNeighbors":357,"Gi_Bin":0}},{"type":"Feature","id":1025,"geometry":{"type":"Point","coordinates":[98.983552770342925,18.787082089675771]},"properties":{"OBJECTID":1025,"SOURCE_ID":1025,"total_detect":2,"GiZScore":1.5657838531351866,"GiPValue":0.11739922759641121,"NNeighbors":330,"Gi_Bin":0}},{"type":"Feature","id":1026,"geometry":{"type":"Point","coordinates":[98.991727329539586,18.783762890034982]},"properties":{"OBJECTID":1026,"SOURCE_ID":1026,"total_detect":12,"GiZScore":1.2438122108137344,"GiPValue":0.21356870919350512,"NNeighbors":379,"Gi_Bin":0}},{"type":"Feature","id":1027,"geometry":{"type":"Point","coordinates":[98.963688730354647,18.794901049996508]},"properties":{"OBJECTID":1027,"SOURCE_ID":1027,"total_detect":2,"GiZScore":0.58665970388389899,"GiPValue":0.55743227914700288,"NNeighbors":121,"Gi_Bin":0}},{"type":"Feature","id":1028,"geometry":{"type":"Point","coordinates":[98.964043839986488,18.794829100338095]},"properties":{"OBJECTID":1028,"SOURCE_ID":1028,"total_detect":1,"GiZScore":0.53984285057098447,"GiPValue":0.58930541526357672,"NNeighbors":122,"Gi_Bin":0}},{"type":"Feature","id":1029,"geometry":{"type":"Point","coordinates":[99.000933420333311,18.793915839906173]},"properties":{"OBJECTID":1029,"SOURCE_ID":1029,"total_detect":2,"GiZScore":2.3120058071771412,"GiPValue":0.020777363293984143,"NNeighbors":266,"Gi_Bin":2}},{"type":"Feature","id":1030,"geometry":{"type":"Point","coordinates":[98.9999652502283,18.793393020396252]},"properties":{"OBJECTID":1030,"SOURCE_ID":1030,"total_detect":2,"GiZScore":1.5552128732145152,"GiPValue":0.1198953793865966,"NNeighbors":267,"Gi_Bin":0}},{"type":"Feature","id":1031,"geometry":{"type":"Point","coordinates":[99.000458380009931,18.79366410039491]},"properties":{"OBJECTID":1031,"SOURCE_ID":1031,"total_detect":2,"GiZScore":1.4865756873033673,"GiPValue":0.13712691306874283,"NNeighbors":269,"Gi_Bin":0}},{"type":"Feature","id":1032,"geometry":{"type":"Point","coordinates":[99.01636131960322,18.759873920111836]},"properties":{"OBJECTID":1032,"SOURCE_ID":1032,"total_detect":1,"GiZScore":-0.58431392572181318,"GiPValue":0.55900912767957844,"NNeighbors":112,"Gi_Bin":0}},{"type":"Feature","id":1033,"geometry":{"type":"Point","coordinates":[99.019686909990639,18.761097180054325]},"properties":{"OBJECTID":1033,"SOURCE_ID":1033,"total_detect":7,"GiZScore":-0.4322761930279766,"GiPValue":0.6655406891526815,"NNeighbors":119,"Gi_Bin":0}},{"type":"Feature","id":1034,"geometry":{"type":"Point","coordinates":[99.01950977024724,18.761032359695001]},"properties":{"OBJECTID":1034,"SOURCE_ID":1034,"total_detect":2,"GiZScore":-0.44097694273850357,"GiPValue":0.65922969069333515,"NNeighbors":120,"Gi_Bin":0}},{"type":"Feature","id":1035,"geometry":{"type":"Point","coordinates":[99.019726870330587,18.761202259707677]},"properties":{"OBJECTID":1035,"SOURCE_ID":1035,"total_detect":4,"GiZScore":-0.4322761930279766,"GiPValue":0.6655406891526815,"NNeighbors":119,"Gi_Bin":0}},{"type":"Feature","id":1036,"geometry":{"type":"Point","coordinates":[99.024063319987974,18.762788160269753]},"properties":{"OBJECTID":1036,"SOURCE_ID":1036,"total_detect":2,"GiZScore":-0.43235767698792421,"GiPValue":0.66548147468728069,"NNeighbors":111,"Gi_Bin":0}},{"type":"Feature","id":1037,"geometry":{"type":"Point","coordinates":[99.024716000085874,18.763027200306524]},"properties":{"OBJECTID":1037,"SOURCE_ID":1037,"total_detect":1,"GiZScore":-0.37817109065370652,"GiPValue":0.70530350068519287,"NNeighbors":109,"Gi_Bin":0}},{"type":"Feature","id":1038,"geometry":{"type":"Point","coordinates":[99.024893109751687,18.76309209977331]},"properties":{"OBJECTID":1038,"SOURCE_ID":1038,"total_detect":1,"GiZScore":-0.37817109065370652,"GiPValue":0.70530350068519287,"NNeighbors":109,"Gi_Bin":0}},{"type":"Feature","id":1039,"geometry":{"type":"Point","coordinates":[99.025610539991249,18.763354820036774]},"properties":{"OBJECTID":1039,"SOURCE_ID":1039,"total_detect":1,"GiZScore":-0.17307688284800701,"GiPValue":0.86259099560184505,"NNeighbors":103,"Gi_Bin":0}},{"type":"Feature","id":1040,"geometry":{"type":"Point","coordinates":[98.987252619816161,18.780663529796133]},"properties":{"OBJECTID":1040,"SOURCE_ID":1040,"total_detect":1,"GiZScore":0.58076382323008946,"GiPValue":0.56139964305950585,"NNeighbors":382,"Gi_Bin":0}},{"type":"Feature","id":1041,"geometry":{"type":"Point","coordinates":[98.986193820429918,18.780071830080928]},"properties":{"OBJECTID":1041,"SOURCE_ID":1041,"total_detect":4,"GiZScore":0.45096745877938826,"GiPValue":0.65201300394285533,"NNeighbors":388,"Gi_Bin":0}},{"type":"Feature","id":1042,"geometry":{"type":"Point","coordinates":[98.984755729853532,18.778755209900087]},"properties":{"OBJECTID":1042,"SOURCE_ID":1042,"total_detect":1,"GiZScore":-0.074977703250026728,"GiPValue":0.9402324521776797,"NNeighbors":364,"Gi_Bin":0}},{"type":"Feature","id":1043,"geometry":{"type":"Point","coordinates":[99.002377600258114,18.766263000089712]},"properties":{"OBJECTID":1043,"SOURCE_ID":1043,"total_detect":1,"GiZScore":-2.5134954856987783,"GiPValue":0.011954130783400768,"NNeighbors":198,"Gi_Bin":-2}},{"type":"Feature","id":1044,"geometry":{"type":"Point","coordinates":[99.002050310392818,18.766706689553338]},"properties":{"OBJECTID":1044,"SOURCE_ID":1044,"total_detect":1,"GiZScore":-2.6852182640265054,"GiPValue":0.0072482454929154059,"NNeighbors":209,"Gi_Bin":-3}},{"type":"Feature","id":1045,"geometry":{"type":"Point","coordinates":[99.00166281040859,18.767256240030001]},"properties":{"OBJECTID":1045,"SOURCE_ID":1045,"total_detect":1,"GiZScore":-2.7871954465400623,"GiPValue":0.0053166402491327622,"NNeighbors":216,"Gi_Bin":-3}},{"type":"Feature","id":1046,"geometry":{"type":"Point","coordinates":[99.001457210037955,18.767560119834382]},"properties":{"OBJECTID":1046,"SOURCE_ID":1046,"total_detect":3,"GiZScore":-2.7780350921420678,"GiPValue":0.0054688711572932844,"NNeighbors":222,"Gi_Bin":-3}},{"type":"Feature","id":1047,"geometry":{"type":"Point","coordinates":[99.001148829923622,18.768015940002229]},"properties":{"OBJECTID":1047,"SOURCE_ID":1047,"total_detect":1,"GiZScore":-2.1887198962442538,"GiPValue":0.028617204959202811,"NNeighbors":228,"Gi_Bin":-2}},{"type":"Feature","id":1048,"geometry":{"type":"Point","coordinates":[99.000923810147867,18.768479640304033]},"properties":{"OBJECTID":1048,"SOURCE_ID":1048,"total_detect":9,"GiZScore":-2.2257018798193942,"GiPValue":0.026034156770721233,"NNeighbors":237,"Gi_Bin":-2}},{"type":"Feature","id":1049,"geometry":{"type":"Point","coordinates":[98.999847180258953,18.771378919754095]},"properties":{"OBJECTID":1049,"SOURCE_ID":1049,"total_detect":1,"GiZScore":-1.0172634443655126,"GiPValue":0.30902813573971377,"NNeighbors":277,"Gi_Bin":0}},{"type":"Feature","id":1050,"geometry":{"type":"Point","coordinates":[98.979829589653903,18.768307540037036]},"properties":{"OBJECTID":1050,"SOURCE_ID":1050,"total_detect":2,"GiZScore":-0.53125033060976135,"GiPValue":0.59524532188534474,"NNeighbors":206,"Gi_Bin":0}},{"type":"Feature","id":1051,"geometry":{"type":"Point","coordinates":[98.980986620083186,18.768063119833865]},"properties":{"OBJECTID":1051,"SOURCE_ID":1051,"total_detect":1,"GiZScore":-0.74978108362227169,"GiPValue":0.45338656941149891,"NNeighbors":218,"Gi_Bin":0}},{"type":"Feature","id":1052,"geometry":{"type":"Point","coordinates":[98.999151100030588,18.794383139677407]},"properties":{"OBJECTID":1052,"SOURCE_ID":1052,"total_detect":2,"GiZScore":2.6087572826504295,"GiPValue":0.0090871671582239029,"NNeighbors":273,"Gi_Bin":3}},{"type":"Feature","id":1053,"geometry":{"type":"Point","coordinates":[99.011071350359458,18.77342689974013]},"properties":{"OBJECTID":1053,"SOURCE_ID":1053,"total_detect":1,"GiZScore":-0.83552210506880409,"GiPValue":0.40342381435861263,"NNeighbors":172,"Gi_Bin":0}},{"type":"Feature","id":1054,"geometry":{"type":"Point","coordinates":[98.959171320044149,18.800432160216221]},"properties":{"OBJECTID":1054,"SOURCE_ID":1054,"total_detect":1,"GiZScore":1.680687680426501,"GiPValue":0.092823594770177195,"NNeighbors":78,"Gi_Bin":1}},{"type":"Feature","id":1055,"geometry":{"type":"Point","coordinates":[98.972691809605948,18.784489709687911]},"properties":{"OBJECTID":1055,"SOURCE_ID":1055,"total_detect":1,"GiZScore":-1.0293599072800688,"GiPValue":0.30331059626711121,"NNeighbors":193,"Gi_Bin":0}},{"type":"Feature","id":1056,"geometry":{"type":"Point","coordinates":[98.972616350336196,18.783770259629939]},"properties":{"OBJECTID":1056,"SOURCE_ID":1056,"total_detect":2,"GiZScore":-0.78999108799238216,"GiPValue":0.42953297998763085,"NNeighbors":191,"Gi_Bin":0}},{"type":"Feature","id":1057,"geometry":{"type":"Point","coordinates":[98.99016294954798,18.775364970321988]},"properties":{"OBJECTID":1057,"SOURCE_ID":1057,"total_detect":1,"GiZScore":0.012686438871254289,"GiPValue":0.98987795780932042,"NNeighbors":371,"Gi_Bin":0}},{"type":"Feature","id":1058,"geometry":{"type":"Point","coordinates":[99.005395700347194,18.768979129794278]},"properties":{"OBJECTID":1058,"SOURCE_ID":1058,"total_detect":1,"GiZScore":-2.5010404421014827,"GiPValue":0.012382903689772289,"NNeighbors":194,"Gi_Bin":-2}},{"type":"Feature","id":1059,"geometry":{"type":"Point","coordinates":[99.004464440086338,18.769262859770645]},"properties":{"OBJECTID":1059,"SOURCE_ID":1059,"total_detect":1,"GiZScore":-2.517889041967162,"GiPValue":0.011806050673250192,"NNeighbors":208,"Gi_Bin":-2}},{"type":"Feature","id":1060,"geometry":{"type":"Point","coordinates":[99.003476490262386,18.769218950185042]},"properties":{"OBJECTID":1060,"SOURCE_ID":1060,"total_detect":2,"GiZScore":-2.8696301999877356,"GiPValue":0.0041095210424568814,"NNeighbors":226,"Gi_Bin":-3}},{"type":"Feature","id":1061,"geometry":{"type":"Point","coordinates":[99.00372027992475,18.769089920289737]},"properties":{"OBJECTID":1061,"SOURCE_ID":1061,"total_detect":4,"GiZScore":-2.8524148060659806,"GiPValue":0.0043388441025471744,"NNeighbors":220,"Gi_Bin":-3}},{"type":"Feature","id":1062,"geometry":{"type":"Point","coordinates":[99.004198050296765,18.76780009005925]},"properties":{"OBJECTID":1062,"SOURCE_ID":1062,"total_detect":2,"GiZScore":-2.4164937644805722,"GiPValue":0.015670794638491081,"NNeighbors":194,"Gi_Bin":-2}},{"type":"Feature","id":1063,"geometry":{"type":"Point","coordinates":[99.008279659574669,18.766497250026447]},"properties":{"OBJECTID":1063,"SOURCE_ID":1063,"total_detect":3,"GiZScore":-0.84496177843815556,"GiPValue":0.39813218807295558,"NNeighbors":169,"Gi_Bin":0}},{"type":"Feature","id":1064,"geometry":{"type":"Point","coordinates":[99.007018249910246,18.76669902964408]},"properties":{"OBJECTID":1064,"SOURCE_ID":1064,"total_detect":8,"GiZScore":-1.7704105451285417,"GiPValue":0.076658774347430375,"NNeighbors":169,"Gi_Bin":-1}},{"type":"Feature","id":1065,"geometry":{"type":"Point","coordinates":[98.99997291978184,18.768998539748633]},"properties":{"OBJECTID":1065,"SOURCE_ID":1065,"total_detect":1,"GiZScore":-2.1263841447603995,"GiPValue":0.033471286856008121,"NNeighbors":250,"Gi_Bin":-2}},{"type":"Feature","id":1066,"geometry":{"type":"Point","coordinates":[99.002201169711512,18.774035030097721]},"properties":{"OBJECTID":1066,"SOURCE_ID":1066,"total_detect":2,"GiZScore":-0.65088599027093297,"GiPValue":0.51512008971231138,"NNeighbors":262,"Gi_Bin":0}},{"type":"Feature","id":1067,"geometry":{"type":"Point","coordinates":[99.004972149994245,18.777720480310052]},"properties":{"OBJECTID":1067,"SOURCE_ID":1067,"total_detect":1,"GiZScore":-0.7491985475507652,"GiPValue":0.4537375504569231,"NNeighbors":238,"Gi_Bin":0}},{"type":"Feature","id":1068,"geometry":{"type":"Point","coordinates":[99.025148520303787,18.780320680319342]},"properties":{"OBJECTID":1068,"SOURCE_ID":1068,"total_detect":1,"GiZScore":-1.6452439032300967,"GiPValue":0.099919523044983014,"NNeighbors":141,"Gi_Bin":-1}},{"type":"Feature","id":1069,"geometry":{"type":"Point","coordinates":[98.978033680010924,18.771720060078046]},"properties":{"OBJECTID":1069,"SOURCE_ID":1069,"total_detect":3,"GiZScore":-0.54361850563599312,"GiPValue":0.58670402494401463,"NNeighbors":200,"Gi_Bin":0}},{"type":"Feature","id":1070,"geometry":{"type":"Point","coordinates":[99.018041120345558,18.79404547960398]},"properties":{"OBJECTID":1070,"SOURCE_ID":1070,"total_detect":2,"GiZScore":-0.90471049300105244,"GiPValue":0.36561879088408467,"NNeighbors":146,"Gi_Bin":0}},{"type":"Feature","id":1071,"geometry":{"type":"Point","coordinates":[99.018396370077937,18.794172850208096]},"properties":{"OBJECTID":1071,"SOURCE_ID":1071,"total_detect":1,"GiZScore":-0.95509554639948546,"GiPValue":0.33952939279048644,"NNeighbors":144,"Gi_Bin":0}},{"type":"Feature","id":1072,"geometry":{"type":"Point","coordinates":[99.018929240456345,18.794363890382829]},"properties":{"OBJECTID":1072,"SOURCE_ID":1072,"total_detect":1,"GiZScore":-0.66407929161703139,"GiPValue":0.50663956760402318,"NNeighbors":135,"Gi_Bin":0}},{"type":"Feature","id":1073,"geometry":{"type":"Point","coordinates":[99.019375039846793,18.794577559913073]},"properties":{"OBJECTID":1073,"SOURCE_ID":1073,"total_detect":3,"GiZScore":-0.65643606140646138,"GiPValue":0.51154359832254848,"NNeighbors":134,"Gi_Bin":0}},{"type":"Feature","id":1074,"geometry":{"type":"Point","coordinates":[99.019540080203654,18.794666809905173]},"properties":{"OBJECTID":1074,"SOURCE_ID":1074,"total_detect":1,"GiZScore":-0.61563425172789743,"GiPValue":0.53813594330851677,"NNeighbors":133,"Gi_Bin":0}},{"type":"Feature","id":1075,"geometry":{"type":"Point","coordinates":[98.97055572029582,18.797338839815108]},"properties":{"OBJECTID":1075,"SOURCE_ID":1075,"total_detect":2,"GiZScore":-0.23961454755277037,"GiPValue":0.81062908617120111,"NNeighbors":168,"Gi_Bin":0}},{"type":"Feature","id":1076,"geometry":{"type":"Point","coordinates":[98.982340359860459,18.811604789933284]},"properties":{"OBJECTID":1076,"SOURCE_ID":1076,"total_detect":3,"GiZScore":-0.37273586226557565,"GiPValue":0.70934504334818604,"NNeighbors":124,"Gi_Bin":0}},{"type":"Feature","id":1077,"geometry":{"type":"Point","coordinates":[99.002031520020267,18.784822850280495]},"properties":{"OBJECTID":1077,"SOURCE_ID":1077,"total_detect":1,"GiZScore":0.0040802388702780162,"GiPValue":0.99674444943393092,"NNeighbors":285,"Gi_Bin":0}},{"type":"Feature","id":1078,"geometry":{"type":"Point","coordinates":[99.025932349626245,18.785624099964245]},"properties":{"OBJECTID":1078,"SOURCE_ID":1078,"total_detect":1,"GiZScore":-1.4924682059150249,"GiPValue":0.13557644617045009,"NNeighbors":115,"Gi_Bin":0}},{"type":"Feature","id":1079,"geometry":{"type":"Point","coordinates":[98.980959459970919,18.822916129936779]},"properties":{"OBJECTID":1079,"SOURCE_ID":1079,"total_detect":2,"GiZScore":-1.2652749380496309,"GiPValue":0.20577281237690537,"NNeighbors":35,"Gi_Bin":0}},{"type":"Feature","id":1080,"geometry":{"type":"Point","coordinates":[98.98133098960875,18.822990490321608]},"properties":{"OBJECTID":1080,"SOURCE_ID":1080,"total_detect":1,"GiZScore":-1.3274004536652921,"GiPValue":0.18437624971887842,"NNeighbors":36,"Gi_Bin":0}},{"type":"Feature","id":1081,"geometry":{"type":"Point","coordinates":[98.981516750279468,18.823027669784008]},"properties":{"OBJECTID":1081,"SOURCE_ID":1081,"total_detect":2,"GiZScore":-1.3274004536652921,"GiPValue":0.18437624971887842,"NNeighbors":36,"Gi_Bin":0}},{"type":"Feature","id":1082,"geometry":{"type":"Point","coordinates":[98.981702519574029,18.823064849965938]},"properties":{"OBJECTID":1082,"SOURCE_ID":1082,"total_detect":2,"GiZScore":-1.5047168452903903,"GiPValue":0.1323968903256974,"NNeighbors":40,"Gi_Bin":0}},{"type":"Feature","id":1083,"geometry":{"type":"Point","coordinates":[98.98231121038063,18.823168919973682]},"properties":{"OBJECTID":1083,"SOURCE_ID":1083,"total_detect":1,"GiZScore":-0.52623094166683171,"GiPValue":0.59872776031064434,"NNeighbors":46,"Gi_Bin":0}},{"type":"Feature","id":1084,"geometry":{"type":"Point","coordinates":[98.973047540294388,18.802884429577137]},"properties":{"OBJECTID":1084,"SOURCE_ID":1084,"total_detect":5,"GiZScore":0.51612739656832751,"GiPValue":0.60576543651743808,"NNeighbors":144,"Gi_Bin":0}},{"type":"Feature","id":1085,"geometry":{"type":"Point","coordinates":[98.973131920320014,18.803111990165803]},"properties":{"OBJECTID":1085,"SOURCE_ID":1085,"total_detect":1,"GiZScore":0.57062840680866511,"GiPValue":0.56825156112669739,"NNeighbors":142,"Gi_Bin":0}},{"type":"Feature","id":1086,"geometry":{"type":"Point","coordinates":[98.972472380053475,18.805083589725768]},"properties":{"OBJECTID":1086,"SOURCE_ID":1086,"total_detect":1,"GiZScore":0.60978659313543149,"GiPValue":0.54200318705514305,"NNeighbors":133,"Gi_Bin":0}},{"type":"Feature","id":1087,"geometry":{"type":"Point","coordinates":[98.972506019544767,18.805261489876234]},"properties":{"OBJECTID":1087,"SOURCE_ID":1087,"total_detect":1,"GiZScore":0.65494678101508197,"GiPValue":0.51250202328245065,"NNeighbors":132,"Gi_Bin":0}},{"type":"Feature","id":1088,"geometry":{"type":"Point","coordinates":[99.00645376005302,18.794535960140074]},"properties":{"OBJECTID":1088,"SOURCE_ID":1088,"total_detect":1,"GiZScore":1.1689503478634593,"GiPValue":0.24242365707234559,"NNeighbors":225,"Gi_Bin":0}},{"type":"Feature","id":1089,"geometry":{"type":"Point","coordinates":[99.005260720185461,18.789637370192029]},"properties":{"OBJECTID":1089,"SOURCE_ID":1089,"total_detect":1,"GiZScore":1.2510493350602263,"GiPValue":0.21091650283592089,"NNeighbors":246,"Gi_Bin":0}},{"type":"Feature","id":1090,"geometry":{"type":"Point","coordinates":[99.005816320430171,18.788823959835032]},"properties":{"OBJECTID":1090,"SOURCE_ID":1090,"total_detect":1,"GiZScore":0.96715562603293015,"GiPValue":0.33346625341160852,"NNeighbors":235,"Gi_Bin":0}},{"type":"Feature","id":1091,"geometry":{"type":"Point","coordinates":[99.004692369914338,18.793860230108521]},"properties":{"OBJECTID":1091,"SOURCE_ID":1091,"total_detect":1,"GiZScore":1.4428431512755568,"GiPValue":0.14906466037260505,"NNeighbors":237,"Gi_Bin":0}},{"type":"Feature","id":1092,"geometry":{"type":"Point","coordinates":[99.005882889786463,18.792488170176597]},"properties":{"OBJECTID":1092,"SOURCE_ID":1092,"total_detect":1,"GiZScore":0.60215136203451236,"GiPValue":0.54707339125456378,"NNeighbors":229,"Gi_Bin":0}},{"type":"Feature","id":1093,"geometry":{"type":"Point","coordinates":[99.004169989766183,18.79416736975217]},"properties":{"OBJECTID":1093,"SOURCE_ID":1093,"total_detect":1,"GiZScore":1.5331836631130182,"GiPValue":0.12523060835023345,"NNeighbors":246,"Gi_Bin":0}},{"type":"Feature","id":1094,"geometry":{"type":"Point","coordinates":[99.004960989564793,18.790724180104238]},"properties":{"OBJECTID":1094,"SOURCE_ID":1094,"total_detect":1,"GiZScore":1.3695407154508179,"GiPValue":0.1708303167453484,"NNeighbors":247,"Gi_Bin":0}},{"type":"Feature","id":1095,"geometry":{"type":"Point","coordinates":[99.006231039563033,18.790942719779281]},"properties":{"OBJECTID":1095,"SOURCE_ID":1095,"total_detect":2,"GiZScore":1.3948869205659302,"GiPValue":0.16304994189149652,"NNeighbors":234,"Gi_Bin":0}},{"type":"Feature","id":1096,"geometry":{"type":"Point","coordinates":[99.006420369891813,18.790930240176028]},"properties":{"OBJECTID":1096,"SOURCE_ID":1096,"total_detect":1,"GiZScore":1.3566537381507942,"GiPValue":0.17489125827179286,"NNeighbors":230,"Gi_Bin":0}},{"type":"Feature","id":1097,"geometry":{"type":"Point","coordinates":[99.014756439999971,18.787305340308937]},"properties":{"OBJECTID":1097,"SOURCE_ID":1097,"total_detect":1,"GiZScore":-1.9695388347662177,"GiPValue":0.048891247606506691,"NNeighbors":174,"Gi_Bin":-2}},{"type":"Feature","id":1098,"geometry":{"type":"Point","coordinates":[99.014803949677727,18.788229349815936]},"properties":{"OBJECTID":1098,"SOURCE_ID":1098,"total_detect":1,"GiZScore":-2.0207911890631163,"GiPValue":0.04330138530162974,"NNeighbors":172,"Gi_Bin":-2}},{"type":"Feature","id":1099,"geometry":{"type":"Point","coordinates":[99.011741089895821,18.79127170042268]},"properties":{"OBJECTID":1099,"SOURCE_ID":1099,"total_detect":1,"GiZScore":-0.77647297295319528,"GiPValue":0.43746977939115839,"NNeighbors":189,"Gi_Bin":0}},{"type":"Feature","id":1100,"geometry":{"type":"Point","coordinates":[99.012261029577218,18.790441450156653]},"properties":{"OBJECTID":1100,"SOURCE_ID":1100,"total_detect":3,"GiZScore":-1.0011177646243234,"GiPValue":0.31676989098805441,"NNeighbors":193,"Gi_Bin":0}},{"type":"Feature","id":1101,"geometry":{"type":"Point","coordinates":[99.01225802991874,18.790178249842906]},"properties":{"OBJECTID":1101,"SOURCE_ID":1101,"total_detect":1,"GiZScore":-0.92926152018494579,"GiPValue":0.35275358285978475,"NNeighbors":195,"Gi_Bin":0}},{"type":"Feature","id":1102,"geometry":{"type":"Point","coordinates":[99.013555560413963,18.790665190334483]},"properties":{"OBJECTID":1102,"SOURCE_ID":1102,"total_detect":1,"GiZScore":-0.72639290563344128,"GiPValue":0.46759794454978176,"NNeighbors":190,"Gi_Bin":0}},{"type":"Feature","id":1103,"geometry":{"type":"Point","coordinates":[99.010019960161017,18.791706019712944]},"properties":{"OBJECTID":1103,"SOURCE_ID":1103,"total_detect":1,"GiZScore":-0.065687121595760026,"GiPValue":0.94762692574535201,"NNeighbors":196,"Gi_Bin":0}},{"type":"Feature","id":1104,"geometry":{"type":"Point","coordinates":[99.01276673017675,18.787420100025173]},"properties":{"OBJECTID":1104,"SOURCE_ID":1104,"total_detect":1,"GiZScore":-1.850152082805971,"GiPValue":0.064291633019768091,"NNeighbors":187,"Gi_Bin":-1}},{"type":"Feature","id":1105,"geometry":{"type":"Point","coordinates":[99.012733700219044,18.787598099948994]},"properties":{"OBJECTID":1105,"SOURCE_ID":1105,"total_detect":1,"GiZScore":-1.8874687254775868,"GiPValue":0.059097308990695117,"NNeighbors":189,"Gi_Bin":-1}},{"type":"Feature","id":1106,"geometry":{"type":"Point","coordinates":[99.012593659748376,18.788537090338952]},"properties":{"OBJECTID":1106,"SOURCE_ID":1106,"total_detect":1,"GiZScore":-1.4727116421051192,"GiPValue":0.14082880602249156,"NNeighbors":202,"Gi_Bin":0}},{"type":"Feature","id":1107,"geometry":{"type":"Point","coordinates":[99.013420150317444,18.78972773960739]},"properties":{"OBJECTID":1107,"SOURCE_ID":1107,"total_detect":3,"GiZScore":-0.9948356417800267,"GiPValue":0.3198162215489343,"NNeighbors":192,"Gi_Bin":0}},{"type":"Feature","id":1108,"geometry":{"type":"Point","coordinates":[99.013477460145424,18.789153890007928]},"properties":{"OBJECTID":1108,"SOURCE_ID":1108,"total_detect":2,"GiZScore":-1.0452629550836903,"GiPValue":0.29590146911295057,"NNeighbors":191,"Gi_Bin":0}},{"type":"Feature","id":1109,"geometry":{"type":"Point","coordinates":[99.013525369608487,18.788795260333028]},"properties":{"OBJECTID":1109,"SOURCE_ID":1109,"total_detect":1,"GiZScore":-1.1001465107266848,"GiPValue":0.27126830901412324,"NNeighbors":186,"Gi_Bin":0}},{"type":"Feature","id":1110,"geometry":{"type":"Point","coordinates":[98.989973259549046,18.76724240993855]},"properties":{"OBJECTID":1110,"SOURCE_ID":1110,"total_detect":2,"GiZScore":-1.2503144709588605,"GiPValue":0.21118471853305465,"NNeighbors":292,"Gi_Bin":0}},{"type":"Feature","id":1111,"geometry":{"type":"Point","coordinates":[98.981879990470702,18.815760860253395]},"properties":{"OBJECTID":1111,"SOURCE_ID":1111,"total_detect":1,"GiZScore":0.15816725296502804,"GiPValue":0.87432500730442919,"NNeighbors":75,"Gi_Bin":0}},{"type":"Feature","id":1112,"geometry":{"type":"Point","coordinates":[98.980338570100955,18.816483620322231]},"properties":{"OBJECTID":1112,"SOURCE_ID":1112,"total_detect":1,"GiZScore":0.15172095229896848,"GiPValue":0.8794070309856743,"NNeighbors":63,"Gi_Bin":0}},{"type":"Feature","id":1113,"geometry":{"type":"Point","coordinates":[98.981490470384884,18.816043460434134]},"properties":{"OBJECTID":1113,"SOURCE_ID":1113,"total_detect":2,"GiZScore":0.30316442608274907,"GiPValue":0.76176455832708934,"NNeighbors":71,"Gi_Bin":0}},{"type":"Feature","id":1114,"geometry":{"type":"Point","coordinates":[98.980947619579737,18.802200129576075]},"properties":{"OBJECTID":1114,"SOURCE_ID":1114,"total_detect":1,"GiZScore":-0.1459659949459878,"GiPValue":0.88394823300305081,"NNeighbors":199,"Gi_Bin":0}},{"type":"Feature","id":1115,"geometry":{"type":"Point","coordinates":[98.966139669879027,18.800346540226805]},"properties":{"OBJECTID":1115,"SOURCE_ID":1115,"total_detect":8,"GiZScore":1.3052957213011047,"GiPValue":0.19179217046115213,"NNeighbors":133,"Gi_Bin":0}},{"type":"Feature","id":1116,"geometry":{"type":"Point","coordinates":[99.007608839695678,18.789897320233411]},"properties":{"OBJECTID":1116,"SOURCE_ID":1116,"total_detect":11,"GiZScore":0.39752329921101748,"GiPValue":0.69098160965343669,"NNeighbors":219,"Gi_Bin":0}},{"type":"Feature","id":1117,"geometry":{"type":"Point","coordinates":[99.009784420206259,18.758664760065642]},"properties":{"OBJECTID":1117,"SOURCE_ID":1117,"total_detect":1,"GiZScore":-0.91432250247084379,"GiPValue":0.36054742038781307,"NNeighbors":108,"Gi_Bin":0}},{"type":"Feature","id":1118,"geometry":{"type":"Point","coordinates":[99.006909370033114,18.757944419702515]},"properties":{"OBJECTID":1118,"SOURCE_ID":1118,"total_detect":1,"GiZScore":-0.84998709878986978,"GiPValue":0.39533226752236617,"NNeighbors":99,"Gi_Bin":0}},{"type":"Feature","id":1119,"geometry":{"type":"Point","coordinates":[99.003130920218425,18.757054429578691]},"properties":{"OBJECTID":1119,"SOURCE_ID":1119,"total_detect":1,"GiZScore":-0.84181600423289082,"GiPValue":0.39989096052912887,"NNeighbors":103,"Gi_Bin":0}},{"type":"Feature","id":1120,"geometry":{"type":"Point","coordinates":[99.012759459557628,18.759046140049268]},"properties":{"OBJECTID":1120,"SOURCE_ID":1120,"total_detect":4,"GiZScore":-0.39644710489367063,"GiPValue":0.69177522293253868,"NNeighbors":111,"Gi_Bin":0}},{"type":"Feature","id":1121,"geometry":{"type":"Point","coordinates":[98.95726697953998,18.797582089811037]},"properties":{"OBJECTID":1121,"SOURCE_ID":1121,"total_detect":3,"GiZScore":1.8740959070637593,"GiPValue":0.060917207368750767,"NNeighbors":70,"Gi_Bin":1}},{"type":"Feature","id":1122,"geometry":{"type":"Point","coordinates":[98.982993959947805,18.804248290209735]},"properties":{"OBJECTID":1122,"SOURCE_ID":1122,"total_detect":2,"GiZScore":-0.53266998006342758,"GiPValue":0.59426205260233145,"NNeighbors":179,"Gi_Bin":0}},{"type":"Feature","id":1123,"geometry":{"type":"Point","coordinates":[98.977913819862067,18.833644609557222]},"properties":{"OBJECTID":1123,"SOURCE_ID":1123,"total_detect":1,"GiZScore":-1.6110548954913591,"GiPValue":0.10716775804685175,"NNeighbors":21,"Gi_Bin":0}},{"type":"Feature","id":1124,"geometry":{"type":"Point","coordinates":[99.001845960067101,18.788802030394589]},"properties":{"OBJECTID":1124,"SOURCE_ID":1124,"total_detect":1,"GiZScore":0.80716761566007089,"GiPValue":0.4195699280821158,"NNeighbors":276,"Gi_Bin":0}},{"type":"Feature","id":1125,"geometry":{"type":"Point","coordinates":[98.963108930410854,18.801451170022137]},"properties":{"OBJECTID":1125,"SOURCE_ID":1125,"total_detect":19,"GiZScore":1.1165266640341529,"GiPValue":0.26419678127376833,"NNeighbors":106,"Gi_Bin":0}},{"type":"Feature","id":1126,"geometry":{"type":"Point","coordinates":[98.962835319845738,18.801545010255193]},"properties":{"OBJECTID":1126,"SOURCE_ID":1126,"total_detect":6,"GiZScore":1.2222500569343238,"GiPValue":0.22161310237209364,"NNeighbors":104,"Gi_Bin":0}},{"type":"Feature","id":1127,"geometry":{"type":"Point","coordinates":[98.962652740251301,18.801495629717564]},"properties":{"OBJECTID":1127,"SOURCE_ID":1127,"total_detect":5,"GiZScore":1.3299784653700155,"GiPValue":0.18352536662608876,"NNeighbors":102,"Gi_Bin":0}},{"type":"Feature","id":1128,"geometry":{"type":"Point","coordinates":[98.957247199871034,18.804475229915344]},"properties":{"OBJECTID":1128,"SOURCE_ID":1128,"total_detect":1,"GiZScore":2.1104448446230806,"GiPValue":0.034820057235650646,"NNeighbors":60,"Gi_Bin":2}},{"type":"Feature","id":1129,"geometry":{"type":"Point","coordinates":[98.951378439634084,18.80809980999242]},"properties":{"OBJECTID":1129,"SOURCE_ID":1129,"total_detect":1,"GiZScore":2.9727644284095534,"GiPValue":0.0029513086857519792,"NNeighbors":41,"Gi_Bin":3}},{"type":"Feature","id":1130,"geometry":{"type":"Point","coordinates":[98.949059740211496,18.810392940094033]},"properties":{"OBJECTID":1130,"SOURCE_ID":1130,"total_detect":1,"GiZScore":0.31602118901051562,"GiPValue":0.75198642566085927,"NNeighbors":23,"Gi_Bin":0}},{"type":"Feature","id":1131,"geometry":{"type":"Point","coordinates":[98.965943539977573,18.797810329970339]},"properties":{"OBJECTID":1131,"SOURCE_ID":1131,"total_detect":1,"GiZScore":0.5934616552534927,"GiPValue":0.55287224048009143,"NNeighbors":140,"Gi_Bin":0}},{"type":"Feature","id":1132,"geometry":{"type":"Point","coordinates":[98.995926660353561,18.762788500083477]},"properties":{"OBJECTID":1132,"SOURCE_ID":1132,"total_detect":1,"GiZScore":-2.0517695979693933,"GiPValue":0.040192059231910007,"NNeighbors":180,"Gi_Bin":-2}},{"type":"Feature","id":1133,"geometry":{"type":"Point","coordinates":[98.995741109629719,18.762826370240784]},"properties":{"OBJECTID":1133,"SOURCE_ID":1133,"total_detect":1,"GiZScore":-2.0057017190367259,"GiPValue":0.044888081706040799,"NNeighbors":183,"Gi_Bin":-2}},{"type":"Feature","id":1134,"geometry":{"type":"Point","coordinates":[98.998342440329466,18.762008590213398]},"properties":{"OBJECTID":1134,"SOURCE_ID":1134,"total_detect":1,"GiZScore":-1.8113140604107107,"GiPValue":0.070092250426490185,"NNeighbors":150,"Gi_Bin":-1}},{"type":"Feature","id":1135,"geometry":{"type":"Point","coordinates":[99.020370830035517,18.776860330269212]},"properties":{"OBJECTID":1135,"SOURCE_ID":1135,"total_detect":1,"GiZScore":-1.47294083196018,"GiPValue":0.14076699072850443,"NNeighbors":186,"Gi_Bin":0}},{"type":"Feature","id":1136,"geometry":{"type":"Point","coordinates":[99.015022860129136,18.774524489867272]},"properties":{"OBJECTID":1136,"SOURCE_ID":1136,"total_detect":2,"GiZScore":-1.4651099297791412,"GiPValue":0.14289092794982639,"NNeighbors":179,"Gi_Bin":0}},{"type":"Feature","id":1137,"geometry":{"type":"Point","coordinates":[99.010113690000225,18.775481239938145]},"properties":{"OBJECTID":1137,"SOURCE_ID":1137,"total_detect":1,"GiZScore":-1.7766388474106865,"GiPValue":0.075627679723608676,"NNeighbors":177,"Gi_Bin":-1}},{"type":"Feature","id":1138,"geometry":{"type":"Point","coordinates":[99.009719990047174,18.774995240310712]},"properties":{"OBJECTID":1138,"SOURCE_ID":1138,"total_detect":1,"GiZScore":-1.6499665347443202,"GiPValue":0.098949780897140752,"NNeighbors":175,"Gi_Bin":-1}},{"type":"Feature","id":1139,"geometry":{"type":"Point","coordinates":[99.013812889892662,18.775283260135907]},"properties":{"OBJECTID":1139,"SOURCE_ID":1139,"total_detect":1,"GiZScore":-1.1438870716246963,"GiPValue":0.25267049255928076,"NNeighbors":174,"Gi_Bin":0}},{"type":"Feature","id":1140,"geometry":{"type":"Point","coordinates":[99.010425890403681,18.776511779642799]},"properties":{"OBJECTID":1140,"SOURCE_ID":1140,"total_detect":1,"GiZScore":-1.5182736107278405,"GiPValue":0.12894543736832803,"NNeighbors":178,"Gi_Bin":0}},{"type":"Feature","id":1141,"geometry":{"type":"Point","coordinates":[99.009477369699042,18.776354630292975]},"properties":{"OBJECTID":1141,"SOURCE_ID":1141,"total_detect":1,"GiZScore":-1.393997009712248,"GiPValue":0.16331850764475381,"NNeighbors":182,"Gi_Bin":0}},{"type":"Feature","id":1142,"geometry":{"type":"Point","coordinates":[99.025199109898566,18.779988640086351]},"properties":{"OBJECTID":1142,"SOURCE_ID":1142,"total_detect":1,"GiZScore":-1.6863130295347406,"GiPValue":0.091735522737410313,"NNeighbors":143,"Gi_Bin":-1}},{"type":"Feature","id":1143,"geometry":{"type":"Point","coordinates":[99.025274419687861,18.780154550371147]},"properties":{"OBJECTID":1143,"SOURCE_ID":1143,"total_detect":1,"GiZScore":-1.6452439032300967,"GiPValue":0.099919523044983014,"NNeighbors":141,"Gi_Bin":-1}},{"type":"Feature","id":1144,"geometry":{"type":"Point","coordinates":[99.011259059621764,18.796517019949189]},"properties":{"OBJECTID":1144,"SOURCE_ID":1144,"total_detect":1,"GiZScore":0.76459115832351743,"GiPValue":0.44451504209412185,"NNeighbors":172,"Gi_Bin":0}},{"type":"Feature","id":1145,"geometry":{"type":"Point","coordinates":[98.986466910381907,18.794930460021501]},"properties":{"OBJECTID":1145,"SOURCE_ID":1145,"total_detect":1,"GiZScore":1.0701720483593682,"GiPValue":0.28454188955445148,"NNeighbors":291,"Gi_Bin":0}},{"type":"Feature","id":1146,"geometry":{"type":"Point","coordinates":[98.992414820462642,18.776425760011954]},"properties":{"OBJECTID":1146,"SOURCE_ID":1146,"total_detect":1,"GiZScore":-0.37232649311155708,"GiPValue":0.70964977642022986,"NNeighbors":372,"Gi_Bin":0}},{"type":"Feature","id":1147,"geometry":{"type":"Point","coordinates":[98.948621879635098,18.809606449645351]},"properties":{"OBJECTID":1147,"SOURCE_ID":1147,"total_detect":4,"GiZScore":0.70413688497033189,"GiPValue":0.48134753669960795,"NNeighbors":29,"Gi_Bin":0}},{"type":"Feature","id":1148,"geometry":{"type":"Point","coordinates":[98.986967750028185,18.80959405019005]},"properties":{"OBJECTID":1148,"SOURCE_ID":1148,"total_detect":1,"GiZScore":0.30204314423387485,"GiPValue":0.7626191740205801,"NNeighbors":140,"Gi_Bin":0}},{"type":"Feature","id":1149,"geometry":{"type":"Point","coordinates":[98.993416739902784,18.798175240228492]},"properties":{"OBJECTID":1149,"SOURCE_ID":1149,"total_detect":1,"GiZScore":1.3466199777393408,"GiPValue":0.17810265662524841,"NNeighbors":260,"Gi_Bin":0}},{"type":"Feature","id":1150,"geometry":{"type":"Point","coordinates":[98.994059489562332,18.797722219869488]},"properties":{"OBJECTID":1150,"SOURCE_ID":1150,"total_detect":2,"GiZScore":1.3592233083504823,"GiPValue":0.1740758374794496,"NNeighbors":264,"Gi_Bin":0}},{"type":"Feature","id":1151,"geometry":{"type":"Point","coordinates":[98.993223220007081,18.814596570351352]},"properties":{"OBJECTID":1151,"SOURCE_ID":1151,"total_detect":1,"GiZScore":2.0623107416638997,"GiPValue":0.039178161012100317,"NNeighbors":112,"Gi_Bin":2}},{"type":"Feature","id":1152,"geometry":{"type":"Point","coordinates":[98.991128920012642,18.809659920196466]},"properties":{"OBJECTID":1152,"SOURCE_ID":1152,"total_detect":1,"GiZScore":1.8980414201337545,"GiPValue":0.057690625929121518,"NNeighbors":152,"Gi_Bin":1}},{"type":"Feature","id":1153,"geometry":{"type":"Point","coordinates":[98.991747479560345,18.806099629648344]},"properties":{"OBJECTID":1153,"SOURCE_ID":1153,"total_detect":1,"GiZScore":1.4821894272632457,"GiPValue":0.13828989898189861,"NNeighbors":203,"Gi_Bin":0}},{"type":"Feature","id":1154,"geometry":{"type":"Point","coordinates":[98.989965110368075,18.808562399763883]},"properties":{"OBJECTID":1154,"SOURCE_ID":1154,"total_detect":3,"GiZScore":1.8500249082847713,"GiPValue":0.064309959650880974,"NNeighbors":164,"Gi_Bin":1}},{"type":"Feature","id":1155,"geometry":{"type":"Point","coordinates":[98.992859910125773,18.806269130240064]},"properties":{"OBJECTID":1155,"SOURCE_ID":1155,"total_detect":1,"GiZScore":2.0308355616073985,"GiPValue":0.042271678285585326,"NNeighbors":190,"Gi_Bin":2}},{"type":"Feature","id":1156,"geometry":{"type":"Point","coordinates":[98.994437110467345,18.806058320369996]},"properties":{"OBJECTID":1156,"SOURCE_ID":1156,"total_detect":3,"GiZScore":1.9235690200594933,"GiPValue":0.054408627376311192,"NNeighbors":194,"Gi_Bin":1}},{"type":"Feature","id":1157,"geometry":{"type":"Point","coordinates":[98.988427419534318,18.817938919921005]},"properties":{"OBJECTID":1157,"SOURCE_ID":1157,"total_detect":1,"GiZScore":-0.66362506267262356,"GiPValue":0.5069303165339738,"NNeighbors":90,"Gi_Bin":0}},{"type":"Feature","id":1158,"geometry":{"type":"Point","coordinates":[98.98837811994089,18.8165152699085]},"properties":{"OBJECTID":1158,"SOURCE_ID":1158,"total_detect":1,"GiZScore":-0.12635489949404607,"GiPValue":0.89945100095518526,"NNeighbors":95,"Gi_Bin":0}},{"type":"Feature","id":1159,"geometry":{"type":"Point","coordinates":[98.991736150267755,18.798591369662422]},"properties":{"OBJECTID":1159,"SOURCE_ID":1159,"total_detect":2,"GiZScore":1.2294684417373403,"GiPValue":0.21889624624688786,"NNeighbors":270,"Gi_Bin":0}},{"type":"Feature","id":1160,"geometry":{"type":"Point","coordinates":[98.994283549599487,18.820271190086096]},"properties":{"OBJECTID":1160,"SOURCE_ID":1160,"total_detect":3,"GiZScore":-0.087752916087110458,"GiPValue":0.93007306085265273,"NNeighbors":74,"Gi_Bin":0}},{"type":"Feature","id":1161,"geometry":{"type":"Point","coordinates":[98.983898739859825,18.796714570406543]},"properties":{"OBJECTID":1161,"SOURCE_ID":1161,"total_detect":1,"GiZScore":1.0138115778288574,"GiPValue":0.31067268357801026,"NNeighbors":272,"Gi_Bin":0}},{"type":"Feature","id":1162,"geometry":{"type":"Point","coordinates":[98.992787779854382,18.808818219728458]},"properties":{"OBJECTID":1162,"SOURCE_ID":1162,"total_detect":1,"GiZScore":1.8004623654971026,"GiPValue":0.071787660943401513,"NNeighbors":161,"Gi_Bin":1}},{"type":"Feature","id":1163,"geometry":{"type":"Point","coordinates":[98.987588789642828,18.804411929663825]},"properties":{"OBJECTID":1163,"SOURCE_ID":1163,"total_detect":1,"GiZScore":1.0088298966048146,"GiPValue":0.3130562341328742,"NNeighbors":206,"Gi_Bin":0}},{"type":"Feature","id":1164,"geometry":{"type":"Point","coordinates":[98.993834039994795,18.808552970390988]},"properties":{"OBJECTID":1164,"SOURCE_ID":1164,"total_detect":1,"GiZScore":2.2421784828443014,"GiPValue":0.024949839229987187,"NNeighbors":160,"Gi_Bin":2}},{"type":"Feature","id":1165,"geometry":{"type":"Point","coordinates":[98.993966110186634,18.808368450284096]},"properties":{"OBJECTID":1165,"SOURCE_ID":1165,"total_detect":1,"GiZScore":2.2879751371172188,"GiPValue":0.022138969057735922,"NNeighbors":159,"Gi_Bin":2}},{"type":"Feature","id":1166,"geometry":{"type":"Point","coordinates":[98.99095168995656,18.806527079683402]},"properties":{"OBJECTID":1166,"SOURCE_ID":1166,"total_detect":1,"GiZScore":1.039336002183443,"GiPValue":0.29864851146460758,"NNeighbors":195,"Gi_Bin":0}},{"type":"Feature","id":1167,"geometry":{"type":"Point","coordinates":[98.989666600284409,18.806885060064339]},"properties":{"OBJECTID":1167,"SOURCE_ID":1167,"total_detect":1,"GiZScore":1.42338427916159,"GiPValue":0.15462478725554374,"NNeighbors":186,"Gi_Bin":0}},{"type":"Feature","id":1168,"geometry":{"type":"Point","coordinates":[98.9909720100096,18.79769230995425]},"properties":{"OBJECTID":1168,"SOURCE_ID":1168,"total_detect":1,"GiZScore":0.76634352079625867,"GiPValue":0.44347193558102027,"NNeighbors":275,"Gi_Bin":0}},{"type":"Feature","id":1169,"geometry":{"type":"Point","coordinates":[98.992214739558136,18.797917279936286]},"properties":{"OBJECTID":1169,"SOURCE_ID":1169,"total_detect":2,"GiZScore":0.55212351737111609,"GiPValue":0.58086373290460258,"NNeighbors":268,"Gi_Bin":0}},{"type":"Feature","id":1170,"geometry":{"type":"Point","coordinates":[98.992096860058609,18.800866490001233]},"properties":{"OBJECTID":1170,"SOURCE_ID":1170,"total_detect":2,"GiZScore":1.6819272993831782,"GiPValue":0.092582938260752784,"NNeighbors":244,"Gi_Bin":1}},{"type":"Feature","id":1171,"geometry":{"type":"Point","coordinates":[98.99226239992656,18.800954909989709]},"properties":{"OBJECTID":1171,"SOURCE_ID":1171,"total_detect":3,"GiZScore":2.0123178401851334,"GiPValue":0.044186443015571335,"NNeighbors":242,"Gi_Bin":2}},{"type":"Feature","id":1172,"geometry":{"type":"Point","coordinates":[98.992495609843786,18.819026830152517]},"properties":{"OBJECTID":1172,"SOURCE_ID":1172,"total_detect":1,"GiZScore":-0.052796109585862117,"GiPValue":0.9578943612781492,"NNeighbors":85,"Gi_Bin":0}},{"type":"Feature","id":1173,"geometry":{"type":"Point","coordinates":[98.992306109531583,18.8190373199084]},"properties":{"OBJECTID":1173,"SOURCE_ID":1173,"total_detect":2,"GiZScore":-0.3775001108826887,"GiPValue":0.70580198281509898,"NNeighbors":85,"Gi_Bin":0}},{"type":"Feature","id":1174,"geometry":{"type":"Point","coordinates":[98.987324449830169,18.810973619764109]},"properties":{"OBJECTID":1174,"SOURCE_ID":1174,"total_detect":1,"GiZScore":0.24998649314617433,"GiPValue":0.80259779422685329,"NNeighbors":145,"Gi_Bin":0}},{"type":"Feature","id":1175,"geometry":{"type":"Point","coordinates":[98.987382179941932,18.810195160322031]},"properties":{"OBJECTID":1175,"SOURCE_ID":1175,"total_detect":1,"GiZScore":0.24883601949916967,"GiPValue":0.80348762794168971,"NNeighbors":142,"Gi_Bin":0}},{"type":"Feature","id":1176,"geometry":{"type":"Point","coordinates":[98.987470800381885,18.80928293967207]},"properties":{"OBJECTID":1176,"SOURCE_ID":1176,"total_detect":1,"GiZScore":0.026779818647945926,"GiPValue":0.97863534982901268,"NNeighbors":145,"Gi_Bin":0}},{"type":"Feature","id":1177,"geometry":{"type":"Point","coordinates":[98.987082649806879,18.810367630288308]},"properties":{"OBJECTID":1177,"SOURCE_ID":1177,"total_detect":3,"GiZScore":0.323773186701171,"GiPValue":0.74610975807125768,"NNeighbors":141,"Gi_Bin":0}},{"type":"Feature","id":1178,"geometry":{"type":"Point","coordinates":[98.995066189550045,18.817373670279977]},"properties":{"OBJECTID":1178,"SOURCE_ID":1178,"total_detect":1,"GiZScore":1.6845317876655592,"GiPValue":0.092078941512870882,"NNeighbors":103,"Gi_Bin":1}},{"type":"Feature","id":1179,"geometry":{"type":"Point","coordinates":[98.994006810148477,18.777511870041256]},"properties":{"OBJECTID":1179,"SOURCE_ID":1179,"total_detect":1,"GiZScore":-0.073537797098747484,"GiPValue":0.94137816774703431,"NNeighbors":357,"Gi_Bin":0}},{"type":"Feature","id":1180,"geometry":{"type":"Point","coordinates":[98.98583410033234,18.838071979879658]},"properties":{"OBJECTID":1180,"SOURCE_ID":1180,"total_detect":1,"GiZScore":-1.3765558614149498,"GiPValue":0.16864960528309692,"NNeighbors":14,"Gi_Bin":0}},{"type":"Feature","id":1181,"geometry":{"type":"Point","coordinates":[98.985538840042423,18.838476839910907]},"properties":{"OBJECTID":1181,"SOURCE_ID":1181,"total_detect":1,"GiZScore":-1.3765558614149498,"GiPValue":0.16864960528309692,"NNeighbors":14,"Gi_Bin":0}},{"type":"Feature","id":1182,"geometry":{"type":"Point","coordinates":[98.994167460448736,18.785681960417929]},"properties":{"OBJECTID":1182,"SOURCE_ID":1182,"total_detect":1,"GiZScore":1.7028850552567187,"GiPValue":0.08858958131955802,"NNeighbors":363,"Gi_Bin":1}},{"type":"Feature","id":1183,"geometry":{"type":"Point","coordinates":[98.994014500218313,18.786527289648223]},"properties":{"OBJECTID":1183,"SOURCE_ID":1183,"total_detect":2,"GiZScore":1.7377198921282819,"GiPValue":0.082260181893810042,"NNeighbors":367,"Gi_Bin":1}},{"type":"Feature","id":1184,"geometry":{"type":"Point","coordinates":[98.998961830088447,18.778246169846863]},"properties":{"OBJECTID":1184,"SOURCE_ID":1184,"total_detect":3,"GiZScore":-0.33216306717508071,"GiPValue":0.73976613066215302,"NNeighbors":288,"Gi_Bin":0}},{"type":"Feature","id":1185,"geometry":{"type":"Point","coordinates":[98.999288849888757,18.77816527041216]},"properties":{"OBJECTID":1185,"SOURCE_ID":1185,"total_detect":1,"GiZScore":-0.23883630782534343,"GiPValue":0.81123251543705643,"NNeighbors":285,"Gi_Bin":0}},{"type":"Feature","id":1186,"geometry":{"type":"Point","coordinates":[98.998678450454619,18.777835719899777]},"properties":{"OBJECTID":1186,"SOURCE_ID":1186,"total_detect":1,"GiZScore":-0.47304283311362966,"GiPValue":0.63618262218518484,"NNeighbors":291,"Gi_Bin":0}},{"type":"Feature","id":1187,"geometry":{"type":"Point","coordinates":[99.000367369869224,18.77723978032579]},"properties":{"OBJECTID":1187,"SOURCE_ID":1187,"total_detect":1,"GiZScore":0.010894900258993123,"GiPValue":0.99130729926022965,"NNeighbors":274,"Gi_Bin":0}},{"type":"Feature","id":1188,"geometry":{"type":"Point","coordinates":[98.999745720295749,18.776753270227257]},"properties":{"OBJECTID":1188,"SOURCE_ID":1188,"total_detect":1,"GiZScore":0.18349479069622102,"GiPValue":0.85440980589434334,"NNeighbors":287,"Gi_Bin":0}},{"type":"Feature","id":1189,"geometry":{"type":"Point","coordinates":[98.993719290147723,18.779468990026128]},"properties":{"OBJECTID":1189,"SOURCE_ID":1189,"total_detect":1,"GiZScore":0.090992657335882701,"GiPValue":0.92749842545553907,"NNeighbors":356,"Gi_Bin":0}},{"type":"Feature","id":1190,"geometry":{"type":"Point","coordinates":[98.977172710003472,18.773803789831618]},"properties":{"OBJECTID":1190,"SOURCE_ID":1190,"total_detect":1,"GiZScore":-0.47010462417578053,"GiPValue":0.63828027215084759,"NNeighbors":224,"Gi_Bin":0}},{"type":"Feature","id":1191,"geometry":{"type":"Point","coordinates":[98.993849529688404,18.806530589596072]},"properties":{"OBJECTID":1191,"SOURCE_ID":1191,"total_detect":1,"GiZScore":2.0852844556101475,"GiPValue":0.037043487571177973,"NNeighbors":188,"Gi_Bin":2}},{"type":"Feature","id":1192,"geometry":{"type":"Point","coordinates":[98.993954579585562,18.80599762959439]},"properties":{"OBJECTID":1192,"SOURCE_ID":1192,"total_detect":4,"GiZScore":1.9078229289174464,"GiPValue":0.05641410620311367,"NNeighbors":193,"Gi_Bin":1}},{"type":"Feature","id":1193,"geometry":{"type":"Point","coordinates":[98.993187700125986,18.805351399660605]},"properties":{"OBJECTID":1193,"SOURCE_ID":1193,"total_detect":5,"GiZScore":1.8456871509727797,"GiPValue":0.064937643950438953,"NNeighbors":205,"Gi_Bin":1}},{"type":"Feature","id":1194,"geometry":{"type":"Point","coordinates":[98.988558400178249,18.80298703031109]},"properties":{"OBJECTID":1194,"SOURCE_ID":1194,"total_detect":2,"GiZScore":1.0852988396374281,"GiPValue":0.27778933638709857,"NNeighbors":220,"Gi_Bin":0}},{"type":"Feature","id":1195,"geometry":{"type":"Point","coordinates":[98.973908279717804,18.837952240007567]},"properties":{"OBJECTID":1195,"SOURCE_ID":1195,"total_detect":1,"GiZScore":-1.2029933576221725,"GiPValue":0.22897891296275963,"NNeighbors":8,"Gi_Bin":0}},{"type":"Feature","id":1196,"geometry":{"type":"Point","coordinates":[99.028909190432969,18.764400259909646]},"properties":{"OBJECTID":1196,"SOURCE_ID":1196,"total_detect":1,"GiZScore":-0.003410298975779364,"GiPValue":0.99727898037352136,"NNeighbors":91,"Gi_Bin":0}},{"type":"Feature","id":1197,"geometry":{"type":"Point","coordinates":[99.028729989554051,18.764340819865065]},"properties":{"OBJECTID":1197,"SOURCE_ID":1197,"total_detect":1,"GiZScore":-0.054167985289104298,"GiPValue":0.95680132725790112,"NNeighbors":92,"Gi_Bin":0}},{"type":"Feature","id":1198,"geometry":{"type":"Point","coordinates":[99.013033629566934,18.766191319571689]},"properties":{"OBJECTID":1198,"SOURCE_ID":1198,"total_detect":2,"GiZScore":-1.2471735829236557,"GiPValue":0.21233388111930518,"NNeighbors":161,"Gi_Bin":0}},{"type":"Feature","id":1199,"geometry":{"type":"Point","coordinates":[99.014095390285775,18.765466970405516]},"properties":{"OBJECTID":1199,"SOURCE_ID":1199,"total_detect":1,"GiZScore":-1.0455000499875231,"GiPValue":0.29579193261381487,"NNeighbors":158,"Gi_Bin":0}},{"type":"Feature","id":1200,"geometry":{"type":"Point","coordinates":[99.010512689990136,18.761152570378403]},"properties":{"OBJECTID":1200,"SOURCE_ID":1200,"total_detect":1,"GiZScore":-0.14696292107354905,"GiPValue":0.8831612872168858,"NNeighbors":136,"Gi_Bin":0}},{"type":"Feature","id":1201,"geometry":{"type":"Point","coordinates":[99.010888259912221,18.7612045196263]},"properties":{"OBJECTID":1201,"SOURCE_ID":1201,"total_detect":1,"GiZScore":-0.22159874575506364,"GiPValue":0.82462625912528698,"NNeighbors":137,"Gi_Bin":0}},{"type":"Feature","id":1202,"geometry":{"type":"Point","coordinates":[99.013576609589009,18.760124220395806]},"properties":{"OBJECTID":1202,"SOURCE_ID":1202,"total_detect":1,"GiZScore":-0.61705097923146723,"GiPValue":0.53720110425667122,"NNeighbors":116,"Gi_Bin":0}},{"type":"Feature","id":1203,"geometry":{"type":"Point","coordinates":[99.011643219990049,18.760669049822312]},"properties":{"OBJECTID":1203,"SOURCE_ID":1203,"total_detect":3,"GiZScore":-0.20903882514402561,"GiPValue":0.83441793013055765,"NNeighbors":132,"Gi_Bin":0}},{"type":"Feature","id":1204,"geometry":{"type":"Point","coordinates":[99.012905810334217,18.761883080107939]},"properties":{"OBJECTID":1204,"SOURCE_ID":1204,"total_detect":2,"GiZScore":-0.49938317094805179,"GiPValue":0.61750947450942051,"NNeighbors":139,"Gi_Bin":0}},{"type":"Feature","id":1205,"geometry":{"type":"Point","coordinates":[98.986320839751556,18.803758820157157]},"properties":{"OBJECTID":1205,"SOURCE_ID":1205,"total_detect":1,"GiZScore":0.39682161830391144,"GiPValue":0.69149900868184755,"NNeighbors":216,"Gi_Bin":0}},{"type":"Feature","id":1206,"geometry":{"type":"Point","coordinates":[98.961383469816326,18.787377859670908]},"properties":{"OBJECTID":1206,"SOURCE_ID":1206,"total_detect":1,"GiZScore":-0.51209549555842626,"GiPValue":0.60858417890200212,"NNeighbors":82,"Gi_Bin":0}},{"type":"Feature","id":1207,"geometry":{"type":"Point","coordinates":[98.961952820292311,18.787378400386753]},"properties":{"OBJECTID":1207,"SOURCE_ID":1207,"total_detect":1,"GiZScore":-0.69392827488353359,"GiPValue":0.48772719546656274,"NNeighbors":84,"Gi_Bin":0}},{"type":"Feature","id":1208,"geometry":{"type":"Point","coordinates":[98.965895050006353,18.784932729965817]},"properties":{"OBJECTID":1208,"SOURCE_ID":1208,"total_detect":2,"GiZScore":-1.461351973913801,"GiPValue":0.14391887336396794,"NNeighbors":82,"Gi_Bin":0}},{"type":"Feature","id":1209,"geometry":{"type":"Point","coordinates":[98.976719260202557,18.786541580284787]},"properties":{"OBJECTID":1209,"SOURCE_ID":1209,"total_detect":2,"GiZScore":0.032791192205250896,"GiPValue":0.9738411020369836,"NNeighbors":251,"Gi_Bin":0}},{"type":"Feature","id":1210,"geometry":{"type":"Point","coordinates":[98.976909020157564,18.786538439672253]},"properties":{"OBJECTID":1210,"SOURCE_ID":1210,"total_detect":3,"GiZScore":-0.0077916272406188094,"GiPValue":0.99378324382323424,"NNeighbors":253,"Gi_Bin":0}},{"type":"Feature","id":1211,"geometry":{"type":"Point","coordinates":[98.971642570109097,18.784520600339491]},"properties":{"OBJECTID":1211,"SOURCE_ID":1211,"total_detect":1,"GiZScore":-0.7900363159926157,"GiPValue":0.42950656678065779,"NNeighbors":174,"Gi_Bin":0}},{"type":"Feature","id":1212,"geometry":{"type":"Point","coordinates":[98.971857680059856,18.785715739760892]},"properties":{"OBJECTID":1212,"SOURCE_ID":1212,"total_detect":1,"GiZScore":-1.0678307348301275,"GiPValue":0.2855968873862772,"NNeighbors":176,"Gi_Bin":0}},{"type":"Feature","id":1213,"geometry":{"type":"Point","coordinates":[98.965317109984781,18.788143509981126]},"properties":{"OBJECTID":1213,"SOURCE_ID":1213,"total_detect":1,"GiZScore":0.24598108264033125,"GiPValue":0.80569687675910662,"NNeighbors":93,"Gi_Bin":0}},{"type":"Feature","id":1214,"geometry":{"type":"Point","coordinates":[98.966768409685002,18.786385659952447]},"properties":{"OBJECTID":1214,"SOURCE_ID":1214,"total_detect":1,"GiZScore":-1.3351568660446378,"GiPValue":0.18182501089868253,"NNeighbors":105,"Gi_Bin":0}},{"type":"Feature","id":1215,"geometry":{"type":"Point","coordinates":[98.966593509537404,18.786476470416343]},"properties":{"OBJECTID":1215,"SOURCE_ID":1215,"total_detect":1,"GiZScore":-1.519296591132143,"GiPValue":0.12868785740124794,"NNeighbors":105,"Gi_Bin":0}},{"type":"Feature","id":1216,"geometry":{"type":"Point","coordinates":[98.966367629645433,18.787489870350342]},"properties":{"OBJECTID":1216,"SOURCE_ID":1216,"total_detect":1,"GiZScore":-1.1703274049033974,"GiPValue":0.2418692579122963,"NNeighbors":102,"Gi_Bin":0}},{"type":"Feature","id":1217,"geometry":{"type":"Point","coordinates":[98.978539539852903,18.778124149792845]},"properties":{"OBJECTID":1217,"SOURCE_ID":1217,"total_detect":1,"GiZScore":-0.30175826259744437,"GiPValue":0.76283635052441212,"NNeighbors":280,"Gi_Bin":0}},{"type":"Feature","id":1218,"geometry":{"type":"Point","coordinates":[98.97870815026684,18.779913359656728]},"properties":{"OBJECTID":1218,"SOURCE_ID":1218,"total_detect":1,"GiZScore":0.16072750917156936,"GiPValue":0.87230802198571111,"NNeighbors":277,"Gi_Bin":0}},{"type":"Feature","id":1219,"geometry":{"type":"Point","coordinates":[98.977128219997837,18.787380649972349]},"properties":{"OBJECTID":1219,"SOURCE_ID":1219,"total_detect":2,"GiZScore":0.13111441052604286,"GiPValue":0.8956848016500345,"NNeighbors":258,"Gi_Bin":0}},{"type":"Feature","id":1220,"geometry":{"type":"Point","coordinates":[98.968569449896293,18.785792810271182]},"properties":{"OBJECTID":1220,"SOURCE_ID":1220,"total_detect":1,"GiZScore":-1.3496473967802993,"GiPValue":0.17712911315826133,"NNeighbors":134,"Gi_Bin":0}},{"type":"Feature","id":1221,"geometry":{"type":"Point","coordinates":[98.968571239570082,18.7840632496499]},"properties":{"OBJECTID":1221,"SOURCE_ID":1221,"total_detect":1,"GiZScore":-1.0065640000601248,"GiPValue":0.3141443553010238,"NNeighbors":132,"Gi_Bin":0}},{"type":"Feature","id":1222,"geometry":{"type":"Point","coordinates":[98.969514430105406,18.784698179735543]},"properties":{"OBJECTID":1222,"SOURCE_ID":1222,"total_detect":1,"GiZScore":-1.2342205957363599,"GiPValue":0.21712073833084133,"NNeighbors":148,"Gi_Bin":0}},{"type":"Feature","id":1223,"geometry":{"type":"Point","coordinates":[98.980042870082926,18.779632700353773]},"properties":{"OBJECTID":1223,"SOURCE_ID":1223,"total_detect":1,"GiZScore":1.8659972587036104e-05,"GiPValue":0.99998511149596703,"NNeighbors":299,"Gi_Bin":0}},{"type":"Feature","id":1224,"geometry":{"type":"Point","coordinates":[98.979900750062981,18.780088710400321]},"properties":{"OBJECTID":1224,"SOURCE_ID":1224,"total_detect":1,"GiZScore":0.069359934214195104,"GiPValue":0.9447031199452488,"NNeighbors":296,"Gi_Bin":0}},{"type":"Feature","id":1225,"geometry":{"type":"Point","coordinates":[98.969142390255001,18.78381454969881]},"properties":{"OBJECTID":1225,"SOURCE_ID":1225,"total_detect":1,"GiZScore":-0.91487636572956565,"GiPValue":0.36025654924719608,"NNeighbors":138,"Gi_Bin":0}},{"type":"Feature","id":1226,"geometry":{"type":"Point","coordinates":[98.96933204973088,18.783820900225241]},"properties":{"OBJECTID":1226,"SOURCE_ID":1226,"total_detect":3,"GiZScore":-0.66724757929708722,"GiPValue":0.50461400850881455,"NNeighbors":144,"Gi_Bin":0}},{"type":"Feature","id":1227,"geometry":{"type":"Point","coordinates":[98.967521020056864,18.784746790320185]},"properties":{"OBJECTID":1227,"SOURCE_ID":1227,"total_detect":2,"GiZScore":-1.4877959092122157,"GiPValue":0.13680472483965789,"NNeighbors":114,"Gi_Bin":0}},{"type":"Feature","id":1228,"geometry":{"type":"Point","coordinates":[98.970594340090344,18.796719890161445]},"properties":{"OBJECTID":1228,"SOURCE_ID":1228,"total_detect":4,"GiZScore":-0.36932965005446627,"GiPValue":0.71188202856725402,"NNeighbors":173,"Gi_Bin":0}},{"type":"Feature","id":1229,"geometry":{"type":"Point","coordinates":[98.964028070001561,18.795861800185172]},"properties":{"OBJECTID":1229,"SOURCE_ID":1229,"total_detect":1,"GiZScore":0.53766138487770099,"GiPValue":0.59081084523639793,"NNeighbors":125,"Gi_Bin":0}},{"type":"Feature","id":1230,"geometry":{"type":"Point","coordinates":[98.968335000148045,18.798180619837773]},"properties":{"OBJECTID":1230,"SOURCE_ID":1230,"total_detect":1,"GiZScore":0.27354758045544503,"GiPValue":0.78443232283839337,"NNeighbors":152,"Gi_Bin":0}},{"type":"Feature","id":1231,"geometry":{"type":"Point","coordinates":[98.968916039579426,18.798124040026067]},"properties":{"OBJECTID":1231,"SOURCE_ID":1231,"total_detect":1,"GiZScore":0.29465239010227479,"GiPValue":0.76825943676792807,"NNeighbors":153,"Gi_Bin":0}},{"type":"Feature","id":1232,"geometry":{"type":"Point","coordinates":[98.966599949886103,18.795130299786717]},"properties":{"OBJECTID":1232,"SOURCE_ID":1232,"total_detect":1,"GiZScore":0.11261070046853106,"GiPValue":0.91033920128455037,"NNeighbors":146,"Gi_Bin":0}},{"type":"Feature","id":1233,"geometry":{"type":"Point","coordinates":[98.966622299630401,18.795309799766041]},"properties":{"OBJECTID":1233,"SOURCE_ID":1233,"total_detect":6,"GiZScore":0.0711447901939362,"GiPValue":0.94328252104104049,"NNeighbors":147,"Gi_Bin":0}},{"type":"Feature","id":1234,"geometry":{"type":"Point","coordinates":[98.967037920429988,18.799592420397033]},"properties":{"OBJECTID":1234,"SOURCE_ID":1234,"total_detect":1,"GiZScore":0.67884184226254707,"GiPValue":0.49723808315272944,"NNeighbors":141,"Gi_Bin":0}},{"type":"Feature","id":1235,"geometry":{"type":"Point","coordinates":[98.966018810135722,18.799716259975035]},"properties":{"OBJECTID":1235,"SOURCE_ID":1235,"total_detect":2,"GiZScore":1.0532899701712612,"GiPValue":0.29220812975348209,"NNeighbors":137,"Gi_Bin":0}},{"type":"Feature","id":1236,"geometry":{"type":"Point","coordinates":[98.968438080050049,18.796670269906311]},"properties":{"OBJECTID":1236,"SOURCE_ID":1236,"total_detect":1,"GiZScore":0.15675935046960668,"GiPValue":0.87543451036797493,"NNeighbors":164,"Gi_Bin":0}},{"type":"Feature","id":1237,"geometry":{"type":"Point","coordinates":[98.967206139700679,18.795243209963854]},"properties":{"OBJECTID":1237,"SOURCE_ID":1237,"total_detect":1,"GiZScore":0.095677831823276133,"GiPValue":0.92377644776167733,"NNeighbors":151,"Gi_Bin":0}},{"type":"Feature","id":1238,"geometry":{"type":"Point","coordinates":[98.967020519572301,18.795280869764824]},"properties":{"OBJECTID":1238,"SOURCE_ID":1238,"total_detect":1,"GiZScore":0.10530610271258908,"GiPValue":0.91613292064954344,"NNeighbors":150,"Gi_Bin":0}},{"type":"Feature","id":1239,"geometry":{"type":"Point","coordinates":[98.997766309913757,18.763630369574329]},"properties":{"OBJECTID":1239,"SOURCE_ID":1239,"total_detect":1,"GiZScore":-2.2977864651012605,"GiPValue":0.021573945484526645,"NNeighbors":184,"Gi_Bin":-2}},{"type":"Feature","id":1240,"geometry":{"type":"Point","coordinates":[99.018305809927028,18.782701819649592]},"properties":{"OBJECTID":1240,"SOURCE_ID":1240,"total_detect":1,"GiZScore":-1.4334646012524763,"GiPValue":0.15172510815048931,"NNeighbors":173,"Gi_Bin":0}},{"type":"Feature","id":1241,"geometry":{"type":"Point","coordinates":[99.019287180076986,18.782054950041402]},"properties":{"OBJECTID":1241,"SOURCE_ID":1241,"total_detect":1,"GiZScore":-1.9188672531420108,"GiPValue":0.055001135876296084,"NNeighbors":176,"Gi_Bin":-1}},{"type":"Feature","id":1242,"geometry":{"type":"Point","coordinates":[98.954188730461723,18.795326369632342]},"properties":{"OBJECTID":1242,"SOURCE_ID":1242,"total_detect":1,"GiZScore":2.091546090964016,"GiPValue":0.036479139261778371,"NNeighbors":56,"Gi_Bin":2}},{"type":"Feature","id":1243,"geometry":{"type":"Point","coordinates":[98.980301000217665,18.837559890042705]},"properties":{"OBJECTID":1243,"SOURCE_ID":1243,"total_detect":1,"GiZScore":-1.4232482883378794,"GiPValue":0.15466419181127891,"NNeighbors":12,"Gi_Bin":0}},{"type":"Feature","id":1244,"geometry":{"type":"Point","coordinates":[98.981496380404806,18.837566630070278]},"properties":{"OBJECTID":1244,"SOURCE_ID":1244,"total_detect":2,"GiZScore":-1.4232482883378794,"GiPValue":0.15466419181127891,"NNeighbors":12,"Gi_Bin":0}},{"type":"Feature","id":1245,"geometry":{"type":"Point","coordinates":[98.981954180079683,18.836604240384997]},"properties":{"OBJECTID":1245,"SOURCE_ID":1245,"total_detect":1,"GiZScore":-1.546171950295081,"GiPValue":0.12206304582591473,"NNeighbors":15,"Gi_Bin":0}},{"type":"Feature","id":1246,"geometry":{"type":"Point","coordinates":[99.019791979758892,18.790244669970729]},"properties":{"OBJECTID":1246,"SOURCE_ID":1246,"total_detect":2,"GiZScore":-1.6272452786994731,"GiPValue":0.10368501472850737,"NNeighbors":137,"Gi_Bin":0}},{"type":"Feature","id":1247,"geometry":{"type":"Point","coordinates":[99.02232874004477,18.788115019956198]},"properties":{"OBJECTID":1247,"SOURCE_ID":1247,"total_detect":1,"GiZScore":-1.5685656123012224,"GiPValue":0.11674919039418755,"NNeighbors":124,"Gi_Bin":0}},{"type":"Feature","id":1248,"geometry":{"type":"Point","coordinates":[99.022676570349304,18.785405780326919]},"properties":{"OBJECTID":1248,"SOURCE_ID":1248,"total_detect":1,"GiZScore":-1.8669337256417975,"GiPValue":0.061910843456315777,"NNeighbors":131,"Gi_Bin":-1}},{"type":"Feature","id":1249,"geometry":{"type":"Point","coordinates":[98.989447099929052,18.829203219775753]},"properties":{"OBJECTID":1249,"SOURCE_ID":1249,"total_detect":1,"GiZScore":-1.5666601461435705,"GiPValue":0.11719415100270256,"NNeighbors":38,"Gi_Bin":0}},{"type":"Feature","id":1250,"geometry":{"type":"Point","coordinates":[98.981647230020457,18.823645750093377]},"properties":{"OBJECTID":1250,"SOURCE_ID":1250,"total_detect":1,"GiZScore":-1.4466336860029445,"GiPValue":0.1479995463599352,"NNeighbors":40,"Gi_Bin":0}},{"type":"Feature","id":1251,"geometry":{"type":"Point","coordinates":[98.975986510108257,18.840248989766927]},"properties":{"OBJECTID":1251,"SOURCE_ID":1251,"total_detect":1,"GiZScore":-1.2029933576221725,"GiPValue":0.22897891296275963,"NNeighbors":8,"Gi_Bin":0}},{"type":"Feature","id":1252,"geometry":{"type":"Point","coordinates":[98.989936880228242,18.799047590414503]},"properties":{"OBJECTID":1252,"SOURCE_ID":1252,"total_detect":1,"GiZScore":0.51866112397949238,"GiPValue":0.60399707834807048,"NNeighbors":266,"Gi_Bin":0}},{"type":"Feature","id":1253,"geometry":{"type":"Point","coordinates":[98.97814304007963,18.800210559890143]},"properties":{"OBJECTID":1253,"SOURCE_ID":1253,"total_detect":1,"GiZScore":0.010130123707110571,"GiPValue":0.99191746893188848,"NNeighbors":197,"Gi_Bin":0}},{"type":"Feature","id":1254,"geometry":{"type":"Point","coordinates":[98.980732100309964,18.825388280248809]},"properties":{"OBJECTID":1254,"SOURCE_ID":1254,"total_detect":1,"GiZScore":-1.6812414363296653,"GiPValue":0.092716028004709086,"NNeighbors":28,"Gi_Bin":-1}},{"type":"Feature","id":1255,"geometry":{"type":"Point","coordinates":[99.014688780240519,18.785665319635967]},"properties":{"OBJECTID":1255,"SOURCE_ID":1255,"total_detect":1,"GiZScore":-1.8773441993375033,"GiPValue":0.060470934053636322,"NNeighbors":180,"Gi_Bin":-1}},{"type":"Feature","id":1256,"geometry":{"type":"Point","coordinates":[99.010578509947351,18.777548029824651]},"properties":{"OBJECTID":1256,"SOURCE_ID":1256,"total_detect":1,"GiZScore":-1.2959262038978705,"GiPValue":0.19500091043507617,"NNeighbors":180,"Gi_Bin":0}},{"type":"Feature","id":1257,"geometry":{"type":"Point","coordinates":[99.011778640198244,18.778324420406889]},"properties":{"OBJECTID":1257,"SOURCE_ID":1257,"total_detect":1,"GiZScore":-1.7180861812499006,"GiPValue":0.085780896981107913,"NNeighbors":177,"Gi_Bin":-1}},{"type":"Feature","id":1258,"geometry":{"type":"Point","coordinates":[99.012530590376656,18.768409659655859]},"properties":{"OBJECTID":1258,"SOURCE_ID":1258,"total_detect":1,"GiZScore":-1.2108527752327829,"GiPValue":0.22595185686484265,"NNeighbors":160,"Gi_Bin":0}},{"type":"Feature","id":1259,"geometry":{"type":"Point","coordinates":[99.011649219803061,18.767533970193451]},"properties":{"OBJECTID":1259,"SOURCE_ID":1259,"total_detect":1,"GiZScore":-1.0589685888671481,"GiPValue":0.2896141009134503,"NNeighbors":165,"Gi_Bin":0}},{"type":"Feature","id":1260,"geometry":{"type":"Point","coordinates":[99.012137529952383,18.767526030053176]},"properties":{"OBJECTID":1260,"SOURCE_ID":1260,"total_detect":1,"GiZScore":-1.1314245239139817,"GiPValue":0.25787647301372629,"NNeighbors":167,"Gi_Bin":0}},{"type":"Feature","id":1261,"geometry":{"type":"Point","coordinates":[99.009152540153067,18.760494789921044]},"properties":{"OBJECTID":1261,"SOURCE_ID":1261,"total_detect":1,"GiZScore":-0.075136948418476651,"GiPValue":0.94010575031362642,"NNeighbors":125,"Gi_Bin":0}},{"type":"Feature","id":1262,"geometry":{"type":"Point","coordinates":[99.001454749679667,18.758806669793579]},"properties":{"OBJECTID":1262,"SOURCE_ID":1262,"total_detect":1,"GiZScore":-1.080991733579471,"GiPValue":0.27970080731061076,"NNeighbors":117,"Gi_Bin":0}},{"type":"Feature","id":1263,"geometry":{"type":"Point","coordinates":[98.973549679707702,18.800397359677216]},"properties":{"OBJECTID":1263,"SOURCE_ID":1263,"total_detect":1,"GiZScore":0.9616598721684837,"GiPValue":0.3362204977199752,"NNeighbors":165,"Gi_Bin":0}},{"type":"Feature","id":1264,"geometry":{"type":"Point","coordinates":[99.008964279764214,18.767343700260053]},"properties":{"OBJECTID":1264,"SOURCE_ID":1264,"total_detect":1,"GiZScore":-0.95404901346823534,"GiPValue":0.34005884476795922,"NNeighbors":172,"Gi_Bin":0}},{"type":"Feature","id":1265,"geometry":{"type":"Point","coordinates":[99.006387469783292,18.77397608991873]},"properties":{"OBJECTID":1265,"SOURCE_ID":1265,"total_detect":1,"GiZScore":-1.713811933649525,"GiPValue":0.086563270998608791,"NNeighbors":206,"Gi_Bin":-1}},{"type":"Feature","id":1266,"geometry":{"type":"Point","coordinates":[99.00634846006723,18.774209220396497]},"properties":{"OBJECTID":1266,"SOURCE_ID":1266,"total_detect":1,"GiZScore":-1.5795631851915928,"GiPValue":0.1142069357808996,"NNeighbors":212,"Gi_Bin":0}},{"type":"Feature","id":1267,"geometry":{"type":"Point","coordinates":[99.025299980444274,18.769393150043182]},"properties":{"OBJECTID":1267,"SOURCE_ID":1267,"total_detect":1,"GiZScore":-0.84525809735311486,"GiPValue":0.39796675950592308,"NNeighbors":142,"Gi_Bin":0}},{"type":"Feature","id":1268,"geometry":{"type":"Point","coordinates":[98.974316439885584,18.797884100022006]},"properties":{"OBJECTID":1268,"SOURCE_ID":1268,"total_detect":1,"GiZScore":0.25331898247951795,"GiPValue":0.80002172873404875,"NNeighbors":198,"Gi_Bin":0}},{"type":"Feature","id":1269,"geometry":{"type":"Point","coordinates":[98.985096700435207,18.777861350143738]},"properties":{"OBJECTID":1269,"SOURCE_ID":1269,"total_detect":1,"GiZScore":-0.20648441385471569,"GiPValue":0.8364125384925849,"NNeighbors":367,"Gi_Bin":0}},{"type":"Feature","id":1270,"geometry":{"type":"Point","coordinates":[98.980379250184328,18.789253610229622]},"properties":{"OBJECTID":1270,"SOURCE_ID":1270,"total_detect":2,"GiZScore":0.21498154419401169,"GiPValue":0.82978170789498695,"NNeighbors":299,"Gi_Bin":0}},{"type":"Feature","id":1271,"geometry":{"type":"Point","coordinates":[98.982667399905097,18.789496439766516]},"properties":{"OBJECTID":1271,"SOURCE_ID":1271,"total_detect":1,"GiZScore":1.2008555631507993,"GiPValue":0.22980725599636831,"NNeighbors":318,"Gi_Bin":0}},{"type":"Feature","id":1272,"geometry":{"type":"Point","coordinates":[98.985360059834107,18.789722509936997]},"properties":{"OBJECTID":1272,"SOURCE_ID":1272,"total_detect":1,"GiZScore":1.2530726444226199,"GiPValue":0.2101792948984329,"NNeighbors":323,"Gi_Bin":0}},{"type":"Feature","id":1273,"geometry":{"type":"Point","coordinates":[98.992033149735008,18.787316940393758]},"properties":{"OBJECTID":1273,"SOURCE_ID":1273,"total_detect":1,"GiZScore":1.5640773118997811,"GiPValue":0.11779941337705509,"NNeighbors":372,"Gi_Bin":0}},{"type":"Feature","id":1274,"geometry":{"type":"Point","coordinates":[98.992648200196868,18.786596269587431]},"properties":{"OBJECTID":1274,"SOURCE_ID":1274,"total_detect":3,"GiZScore":1.9164972995749945,"GiPValue":0.055301826605679782,"NNeighbors":367,"Gi_Bin":1}},{"type":"Feature","id":1275,"geometry":{"type":"Point","coordinates":[98.992160430200116,18.786499960040064]},"properties":{"OBJECTID":1275,"SOURCE_ID":1275,"total_detect":6,"GiZScore":1.6387781372664467,"GiPValue":0.10125947397013423,"NNeighbors":371,"Gi_Bin":0}},{"type":"Feature","id":1276,"geometry":{"type":"Point","coordinates":[98.981285820292555,18.787682299628724]},"properties":{"OBJECTID":1276,"SOURCE_ID":1276,"total_detect":1,"GiZScore":0.2766273252345971,"GiPValue":0.78206628098772091,"NNeighbors":310,"Gi_Bin":0}},{"type":"Feature","id":1277,"geometry":{"type":"Point","coordinates":[98.980360120348962,18.787741939629978]},"properties":{"OBJECTID":1277,"SOURCE_ID":1277,"total_detect":1,"GiZScore":0.47098857657806542,"GiPValue":0.63764889412420778,"NNeighbors":303,"Gi_Bin":0}},{"type":"Feature","id":1278,"geometry":{"type":"Point","coordinates":[98.980097680031875,18.787754120234972]},"properties":{"OBJECTID":1278,"SOURCE_ID":1278,"total_detect":1,"GiZScore":0.46147623500029544,"GiPValue":0.64445696923704654,"NNeighbors":298,"Gi_Bin":0}},{"type":"Feature","id":1279,"geometry":{"type":"Point","coordinates":[99.001083350021986,18.80831463016667]},"properties":{"OBJECTID":1279,"SOURCE_ID":1279,"total_detect":10,"GiZScore":2.789711126161357,"GiPValue":0.0052755088070978659,"NNeighbors":162,"Gi_Bin":3}},{"type":"Feature","id":1280,"geometry":{"type":"Point","coordinates":[99.02461356990527,18.773480690302197]},"properties":{"OBJECTID":1280,"SOURCE_ID":1280,"total_detect":1,"GiZScore":-0.81510859241588496,"GiPValue":0.41501016130838031,"NNeighbors":169,"Gi_Bin":0}}]
}