{
  "type" : "FeatureCollection",
  "features" : [{"type":"Feature","id":1,"geometry":{"type":"Point","coordinates":[98.971160129778099,18.79663916980132]},"properties":{"OBJECTID":1,"SOURCE_ID":1,"text_lanna":0,"GiZScore":0.45817834450711886,"GiPValue":0.64682431815365149,"NNeighbors":181,"Gi_Bin":0}},{"type":"Feature","id":2,"geometry":{"type":"Point","coordinates":[98.977009740390031,18.769203639615501]},"properties":{"OBJECTID":2,"SOURCE_ID":2,"text_lanna":1,"GiZScore":-1.1241932910476828,"GiPValue":0.26093105334779165,"NNeighbors":164,"Gi_Bin":0}},{"type":"Feature","id":3,"geometry":{"type":"Point","coordinates":[98.977957389535732,18.76876691000928]},"properties":{"OBJECTID":3,"SOURCE_ID":3,"text_lanna":0,"GiZScore":-0.97919536669589125,"GiPValue":0.32748347017450319,"NNeighbors":179,"Gi_Bin":0}},{"type":"Feature","id":4,"geometry":{"type":"Point","coordinates":[98.979201710387741,18.768381359771688]},"properties":{"OBJECTID":4,"SOURCE_ID":4,"text_lanna":0,"GiZScore":-1.0941250967025862,"GiPValue":0.27390013393680013,"NNeighbors":198,"Gi_Bin":0}},{"type":"Feature","id":5,"geometry":{"type":"Point","coordinates":[98.973238120451313,18.808296100048825]},"properties":{"OBJECTID":5,"SOURCE_ID":5,"text_lanna":0,"GiZScore":-0.24808282569107989,"GiPValue":0.80407032367686593,"NNeighbors":110,"Gi_Bin":0}},{"type":"Feature","id":6,"geometry":{"type":"Point","coordinates":[98.973695669898007,18.808618890314182]},"properties":{"OBJECTID":6,"SOURCE_ID":6,"text_lanna":0,"GiZScore":-0.29018427516003681,"GiPValue":0.77167526587468616,"NNeighbors":111,"Gi_Bin":0}},{"type":"Feature","id":7,"geometry":{"type":"Point","coordinates":[98.975710829725728,18.809824389743024]},"properties":{"OBJECTID":7,"SOURCE_ID":7,"text_lanna":0,"GiZScore":-0.40308489317852614,"GiPValue":0.68688577457603683,"NNeighbors":95,"Gi_Bin":0}},{"type":"Feature","id":8,"geometry":{"type":"Point","coordinates":[98.97607664005902,18.810010420096376]},"properties":{"OBJECTID":8,"SOURCE_ID":8,"text_lanna":0,"GiZScore":-0.23664984051126373,"GiPValue":0.81292845129006652,"NNeighbors":95,"Gi_Bin":0}},{"type":"Feature","id":9,"geometry":{"type":"Point","coordinates":[98.976245679549194,18.810092640214304]},"properties":{"OBJECTID":9,"SOURCE_ID":9,"text_lanna":0,"GiZScore":-0.14548852221043698,"GiPValue":0.88432517732139437,"NNeighbors":93,"Gi_Bin":0}},{"type":"Feature","id":10,"geometry":{"type":"Point","coordinates":[99.027213989630852,18.780919329701817]},"properties":{"OBJECTID":10,"SOURCE_ID":10,"text_lanna":0,"GiZScore":-0.087254091632332789,"GiPValue":0.93046954436011808,"NNeighbors":128,"Gi_Bin":0}},{"type":"Feature","id":11,"geometry":{"type":"Point","coordinates":[99.027296369852294,18.780382770213606]},"properties":{"OBJECTID":11,"SOURCE_ID":11,"text_lanna":1,"GiZScore":-0.24566226183803677,"GiPValue":0.80594368796335802,"NNeighbors":132,"Gi_Bin":0}},{"type":"Feature","id":12,"geometry":{"type":"Point","coordinates":[99.027384589620269,18.779768099762158]},"properties":{"OBJECTID":12,"SOURCE_ID":12,"text_lanna":0,"GiZScore":-0.14163400308941965,"GiPValue":0.88736910712572448,"NNeighbors":133,"Gi_Bin":0}},{"type":"Feature","id":13,"geometry":{"type":"Point","coordinates":[99.027482370103726,18.779051089879406]},"properties":{"OBJECTID":13,"SOURCE_ID":13,"text_lanna":0,"GiZScore":0.36837251634310952,"GiPValue":0.71259548840505271,"NNeighbors":138,"Gi_Bin":0}},{"type":"Feature","id":14,"geometry":{"type":"Point","coordinates":[99.027555699944344,18.778513330365573]},"properties":{"OBJECTID":14,"SOURCE_ID":14,"text_lanna":0,"GiZScore":0.87748251529871224,"GiPValue":0.38022462104962451,"NNeighbors":146,"Gi_Bin":0}},{"type":"Feature","id":15,"geometry":{"type":"Point","coordinates":[99.027629030270873,18.777975569888735]},"properties":{"OBJECTID":15,"SOURCE_ID":15,"text_lanna":1,"GiZScore":0.78074730673737824,"GiPValue":0.43495113785889994,"NNeighbors":145,"Gi_Bin":0}},{"type":"Feature","id":16,"geometry":{"type":"Point","coordinates":[99.02765347044793,18.777796320300201]},"properties":{"OBJECTID":16,"SOURCE_ID":16,"text_lanna":1,"GiZScore":1.1104886512669609,"GiPValue":0.26678853356082766,"NNeighbors":147,"Gi_Bin":0}},{"type":"Feature","id":17,"geometry":{"type":"Point","coordinates":[99.027775689537236,18.77690005960325]},"properties":{"OBJECTID":17,"SOURCE_ID":17,"text_lanna":0,"GiZScore":1.33135697760451,"GiPValue":0.18307157844790309,"NNeighbors":145,"Gi_Bin":0}},{"type":"Feature","id":18,"geometry":{"type":"Point","coordinates":[99.027800130354663,18.776720809975192]},"properties":{"OBJECTID":18,"SOURCE_ID":18,"text_lanna":0,"GiZScore":1.1519638495074982,"GiPValue":0.24933594839722073,"NNeighbors":146,"Gi_Bin":0}},{"type":"Feature","id":19,"geometry":{"type":"Point","coordinates":[99.027824579658784,18.776541550397621]},"properties":{"OBJECTID":19,"SOURCE_ID":19,"text_lanna":0,"GiZScore":1.1104886512669609,"GiPValue":0.26678853356082766,"NNeighbors":147,"Gi_Bin":0}},{"type":"Feature","id":20,"geometry":{"type":"Point","coordinates":[99.027946790306544,18.775645290375678]},"properties":{"OBJECTID":20,"SOURCE_ID":20,"text_lanna":0,"GiZScore":0.97365524025216399,"GiPValue":0.33022776090185257,"NNeighbors":147,"Gi_Bin":0}},{"type":"Feature","id":21,"geometry":{"type":"Point","coordinates":[99.027971240252469,18.775466039796459]},"properties":{"OBJECTID":21,"SOURCE_ID":21,"text_lanna":0,"GiZScore":1.0147231824031051,"GiPValue":0.31023781419104157,"NNeighbors":146,"Gi_Bin":0}},{"type":"Feature","id":22,"geometry":{"type":"Point","coordinates":[99.027995679709747,18.775286790116049]},"properties":{"OBJECTID":22,"SOURCE_ID":22,"text_lanna":1,"GiZScore":1.3841554732965546,"GiPValue":0.16631085406390925,"NNeighbors":147,"Gi_Bin":0}},{"type":"Feature","id":23,"geometry":{"type":"Point","coordinates":[99.028069010106378,18.774749030188055]},"properties":{"OBJECTID":23,"SOURCE_ID":23,"text_lanna":0,"GiZScore":1.3841554732965546,"GiPValue":0.16631085406390925,"NNeighbors":147,"Gi_Bin":0}},{"type":"Feature","id":24,"geometry":{"type":"Point","coordinates":[99.028093450306713,18.774569779577455]},"properties":{"OBJECTID":24,"SOURCE_ID":24,"text_lanna":1,"GiZScore":1.3841554732965546,"GiPValue":0.16631085406390925,"NNeighbors":147,"Gi_Bin":0}},{"type":"Feature","id":25,"geometry":{"type":"Point","coordinates":[99.028264550192986,18.773315009752015]},"properties":{"OBJECTID":25,"SOURCE_ID":25,"text_lanna":0,"GiZScore":1.7750456097774188,"GiPValue":0.075890356565024519,"NNeighbors":138,"Gi_Bin":1}},{"type":"Feature","id":26,"geometry":{"type":"Point","coordinates":[99.028337879842042,18.772777249607302]},"properties":{"OBJECTID":26,"SOURCE_ID":26,"text_lanna":0,"GiZScore":1.8142290383820798,"GiPValue":0.06964247129054206,"NNeighbors":134,"Gi_Bin":1}},{"type":"Feature","id":27,"geometry":{"type":"Point","coordinates":[99.028362320425956,18.772597999828164]},"properties":{"OBJECTID":27,"SOURCE_ID":27,"text_lanna":0,"GiZScore":1.9061239732396593,"GiPValue":0.056634123051497093,"NNeighbors":132,"Gi_Bin":1}},{"type":"Feature","id":28,"geometry":{"type":"Point","coordinates":[99.028405879662358,18.772286280357172]},"properties":{"OBJECTID":28,"SOURCE_ID":28,"text_lanna":0,"GiZScore":1.9061239732396593,"GiPValue":0.056634123051497093,"NNeighbors":132,"Gi_Bin":1}},{"type":"Feature","id":29,"geometry":{"type":"Point","coordinates":[99.028507819867301,18.771569800171161]},"properties":{"OBJECTID":29,"SOURCE_ID":29,"text_lanna":0,"GiZScore":2.0465653723515946,"GiPValue":0.04070077770213805,"NNeighbors":129,"Gi_Bin":2}},{"type":"Feature","id":30,"geometry":{"type":"Point","coordinates":[99.028635229684355,18.770674190071382]},"properties":{"OBJECTID":30,"SOURCE_ID":30,"text_lanna":0,"GiZScore":1.8411468269900604,"GiPValue":0.065600045047905509,"NNeighbors":121,"Gi_Bin":1}},{"type":"Feature","id":31,"geometry":{"type":"Point","coordinates":[99.028711679677215,18.770136830436105]},"properties":{"OBJECTID":31,"SOURCE_ID":31,"text_lanna":1,"GiZScore":1.8896333481691678,"GiPValue":0.058807013891820061,"NNeighbors":120,"Gi_Bin":1}},{"type":"Feature","id":32,"geometry":{"type":"Point","coordinates":[99.028762640061998,18.769778589742231]},"properties":{"OBJECTID":32,"SOURCE_ID":32,"text_lanna":0,"GiZScore":1.9878257175445182,"GiPValue":0.04683096841082654,"NNeighbors":118,"Gi_Bin":2}},{"type":"Feature","id":33,"geometry":{"type":"Point","coordinates":[99.028813609719293,18.769420339981686]},"properties":{"OBJECTID":33,"SOURCE_ID":33,"text_lanna":1,"GiZScore":2.0876995435206034,"GiPValue":0.036824946055942089,"NNeighbors":116,"Gi_Bin":2}},{"type":"Feature","id":34,"geometry":{"type":"Point","coordinates":[99.028966500332388,18.768345620363831]},"properties":{"OBJECTID":34,"SOURCE_ID":34,"text_lanna":0,"GiZScore":1.880142190143741,"GiPValue":0.060088701827395369,"NNeighbors":111,"Gi_Bin":1}},{"type":"Feature","id":35,"geometry":{"type":"Point","coordinates":[99.029093910074494,18.767450009648627]},"properties":{"OBJECTID":35,"SOURCE_ID":35,"text_lanna":0,"GiZScore":1.8234092225459384,"GiPValue":0.068241434533530293,"NNeighbors":106,"Gi_Bin":1}},{"type":"Feature","id":36,"geometry":{"type":"Point","coordinates":[99.029221309940837,18.766554409609562]},"properties":{"OBJECTID":36,"SOURCE_ID":36,"text_lanna":1,"GiZScore":1.5458684174332067,"GiPValue":0.12213634939720373,"NNeighbors":99,"Gi_Bin":0}},{"type":"Feature","id":37,"geometry":{"type":"Point","coordinates":[99.029272279568275,18.766196159602856]},"properties":{"OBJECTID":37,"SOURCE_ID":37,"text_lanna":2,"GiZScore":1.7060491259399628,"GiPValue":0.087998933414267927,"NNeighbors":96,"Gi_Bin":1}},{"type":"Feature","id":38,"geometry":{"type":"Point","coordinates":[99.029348719853047,18.765658800360118]},"properties":{"OBJECTID":38,"SOURCE_ID":38,"text_lanna":0,"GiZScore":1.5352453083794462,"GiPValue":0.12472358276866337,"NNeighbors":93,"Gi_Bin":0}},{"type":"Feature","id":39,"geometry":{"type":"Point","coordinates":[99.029399680407707,18.765300560228177]},"properties":{"OBJECTID":39,"SOURCE_ID":39,"text_lanna":0,"GiZScore":1.5352453083794462,"GiPValue":0.12472358276866337,"NNeighbors":93,"Gi_Bin":0}},{"type":"Feature","id":40,"geometry":{"type":"Point","coordinates":[99.026272230464755,18.786118980150292]},"properties":{"OBJECTID":40,"SOURCE_ID":40,"text_lanna":0,"GiZScore":-0.52716646462513805,"GiPValue":0.59807799676000206,"NNeighbors":113,"Gi_Bin":0}},{"type":"Feature","id":41,"geometry":{"type":"Point","coordinates":[99.026178420291401,18.7864778301958]},"properties":{"OBJECTID":41,"SOURCE_ID":41,"text_lanna":0,"GiZScore":-0.48634661405119289,"GiPValue":0.62672143644691514,"NNeighbors":112,"Gi_Bin":0}},{"type":"Feature","id":42,"geometry":{"type":"Point","coordinates":[99.026047860444919,18.786919629660211]},"properties":{"OBJECTID":42,"SOURCE_ID":42,"text_lanna":0,"GiZScore":-0.48634661405119289,"GiPValue":0.62672143644691514,"NNeighbors":112,"Gi_Bin":0}},{"type":"Feature","id":43,"geometry":{"type":"Point","coordinates":[99.025947240228248,18.787193849690865]},"properties":{"OBJECTID":43,"SOURCE_ID":43,"text_lanna":0,"GiZScore":-0.64074236454363498,"GiPValue":0.52169008849001086,"NNeighbors":112,"Gi_Bin":0}},{"type":"Feature","id":44,"geometry":{"type":"Point","coordinates":[99.025812300256931,18.787531749966377]},"properties":{"OBJECTID":44,"SOURCE_ID":44,"text_lanna":0,"GiZScore":-0.68094337317577081,"GiPValue":0.49590732659015846,"NNeighbors":113,"Gi_Bin":0}},{"type":"Feature","id":45,"geometry":{"type":"Point","coordinates":[99.025744839560474,18.787700710003602]},"properties":{"OBJECTID":45,"SOURCE_ID":45,"text_lanna":0,"GiZScore":-0.68094337317577081,"GiPValue":0.49590732659015846,"NNeighbors":113,"Gi_Bin":0}},{"type":"Feature","id":46,"geometry":{"type":"Point","coordinates":[99.025677370187836,18.787869660073081]},"properties":{"OBJECTID":46,"SOURCE_ID":46,"text_lanna":0,"GiZScore":-0.72084031579988439,"GiPValue":0.47100777291222928,"NNeighbors":114,"Gi_Bin":0}},{"type":"Feature","id":47,"geometry":{"type":"Point","coordinates":[99.025363970355841,18.788619270311049]},"properties":{"OBJECTID":47,"SOURCE_ID":47,"text_lanna":0,"GiZScore":-0.94953386552851915,"GiPValue":0.34234916805576754,"NNeighbors":112,"Gi_Bin":0}},{"type":"Feature","id":48,"geometry":{"type":"Point","coordinates":[99.024759190270416,18.789743449868258]},"properties":{"OBJECTID":48,"SOURCE_ID":48,"text_lanna":0,"GiZScore":-1.0654459473831117,"GiPValue":0.28667418954533219,"NNeighbors":107,"Gi_Bin":0}},{"type":"Feature","id":49,"geometry":{"type":"Point","coordinates":[99.02447883038576,18.790215420091986]},"properties":{"OBJECTID":49,"SOURCE_ID":49,"text_lanna":0,"GiZScore":-0.94609293582600018,"GiPValue":0.34410119804114991,"NNeighbors":104,"Gi_Bin":0}},{"type":"Feature","id":50,"geometry":{"type":"Point","coordinates":[99.023823070278439,18.791293950029509]},"properties":{"OBJECTID":50,"SOURCE_ID":50,"text_lanna":0,"GiZScore":-0.98619483923463291,"GiPValue":0.32403752417633647,"NNeighbors":105,"Gi_Bin":0}},{"type":"Feature","id":51,"geometry":{"type":"Point","coordinates":[99.023727990085561,18.791450389897669]},"properties":{"OBJECTID":51,"SOURCE_ID":51,"text_lanna":0,"GiZScore":-0.98619483923463291,"GiPValue":0.32403752417633647,"NNeighbors":105,"Gi_Bin":0}},{"type":"Feature","id":52,"geometry":{"type":"Point","coordinates":[99.023377290386222,18.792038439994332]},"properties":{"OBJECTID":52,"SOURCE_ID":52,"text_lanna":0,"GiZScore":-1.0259768658600865,"GiPValue":0.30490250311030132,"NNeighbors":106,"Gi_Bin":0}},{"type":"Feature","id":53,"geometry":{"type":"Point","coordinates":[98.995077410300098,18.791766810026267]},"properties":{"OBJECTID":53,"SOURCE_ID":53,"text_lanna":0,"GiZScore":0.35369031680219115,"GiPValue":0.723570980885059,"NNeighbors":304,"Gi_Bin":0}},{"type":"Feature","id":54,"geometry":{"type":"Point","coordinates":[98.989072159855567,18.794947689672231]},"properties":{"OBJECTID":54,"SOURCE_ID":54,"text_lanna":0,"GiZScore":0.34848410884708536,"GiPValue":0.72747664675213752,"NNeighbors":290,"Gi_Bin":0}},{"type":"Feature","id":55,"geometry":{"type":"Point","coordinates":[98.989030330105678,18.795232140182616]},"properties":{"OBJECTID":55,"SOURCE_ID":55,"text_lanna":0,"GiZScore":0.24426456227599441,"GiPValue":0.80702592772360737,"NNeighbors":290,"Gi_Bin":0}},{"type":"Feature","id":56,"geometry":{"type":"Point","coordinates":[98.991374890033143,18.790860420440339]},"properties":{"OBJECTID":56,"SOURCE_ID":56,"text_lanna":1,"GiZScore":0.54733504668254873,"GiPValue":0.58414857278726195,"NNeighbors":322,"Gi_Bin":0}},{"type":"Feature","id":57,"geometry":{"type":"Point","coordinates":[98.991469779634031,18.79190987999986]},"properties":{"OBJECTID":57,"SOURCE_ID":57,"text_lanna":0,"GiZScore":0.44268700413641848,"GiPValue":0.65799214508981918,"NNeighbors":308,"Gi_Bin":0}},{"type":"Feature","id":58,"geometry":{"type":"Point","coordinates":[98.988286650143692,18.793253749757042]},"properties":{"OBJECTID":58,"SOURCE_ID":58,"text_lanna":0,"GiZScore":-0.07973312424057688,"GiPValue":0.9364495139790302,"NNeighbors":294,"Gi_Bin":0}},{"type":"Feature","id":59,"geometry":{"type":"Point","coordinates":[98.988476390358002,18.793257710214839]},"properties":{"OBJECTID":59,"SOURCE_ID":59,"text_lanna":1,"GiZScore":-0.03362836339361739,"GiPValue":0.97317350433521654,"NNeighbors":296,"Gi_Bin":0}},{"type":"Feature","id":60,"geometry":{"type":"Point","coordinates":[98.982321570368939,18.793119989573526]},"properties":{"OBJECTID":60,"SOURCE_ID":60,"text_lanna":0,"GiZScore":0.36442080826035717,"GiPValue":0.7155438001901393,"NNeighbors":293,"Gi_Bin":0}},{"type":"Feature","id":61,"geometry":{"type":"Point","coordinates":[98.98368804964683,18.793109470017043]},"properties":{"OBJECTID":61,"SOURCE_ID":61,"text_lanna":1,"GiZScore":0.45441735671881583,"GiPValue":0.64952846357357785,"NNeighbors":297,"Gi_Bin":0}},{"type":"Feature","id":62,"geometry":{"type":"Point","coordinates":[98.98442826962436,18.793103779690053]},"properties":{"OBJECTID":62,"SOURCE_ID":62,"text_lanna":0,"GiZScore":0.4991109720883054,"GiPValue":0.6177012101807472,"NNeighbors":299,"Gi_Bin":0}},{"type":"Feature","id":63,"geometry":{"type":"Point","coordinates":[98.98529067018876,18.793097080234396]},"properties":{"OBJECTID":63,"SOURCE_ID":63,"text_lanna":2,"GiZScore":0.77885658852262996,"GiPValue":0.43606420542136692,"NNeighbors":300,"Gi_Bin":0}},{"type":"Feature","id":64,"geometry":{"type":"Point","coordinates":[98.985480449527444,18.793095620103522]},"properties":{"OBJECTID":64,"SOURCE_ID":64,"text_lanna":0,"GiZScore":0.77885658852262996,"GiPValue":0.43606420542136692,"NNeighbors":300,"Gi_Bin":0}},{"type":"Feature","id":65,"geometry":{"type":"Point","coordinates":[98.986837269979532,18.793085179782985]},"properties":{"OBJECTID":65,"SOURCE_ID":65,"text_lanna":2,"GiZScore":0.51311645314877508,"GiPValue":0.60786986504845286,"NNeighbors":295,"Gi_Bin":0}},{"type":"Feature","id":66,"geometry":{"type":"Point","coordinates":[98.984947980422831,18.786112389892569]},"properties":{"OBJECTID":66,"SOURCE_ID":66,"text_lanna":0,"GiZScore":-0.95970989484545477,"GiPValue":0.33720125388057987,"NNeighbors":348,"Gi_Bin":0}},{"type":"Feature","id":67,"geometry":{"type":"Point","coordinates":[98.984954629554679,18.786293039838796]},"properties":{"OBJECTID":67,"SOURCE_ID":67,"text_lanna":1,"GiZScore":-0.61210998469575617,"GiPValue":0.54046499524958724,"NNeighbors":346,"Gi_Bin":0}},{"type":"Feature","id":68,"geometry":{"type":"Point","coordinates":[98.985315310227634,18.788318470126722]},"properties":{"OBJECTID":68,"SOURCE_ID":68,"text_lanna":0,"GiZScore":0.16548331761023771,"GiPValue":0.86856357948583773,"NNeighbors":332,"Gi_Bin":0}},{"type":"Feature","id":69,"geometry":{"type":"Point","coordinates":[98.985697400344932,18.788304589557246]},"properties":{"OBJECTID":69,"SOURCE_ID":69,"text_lanna":0,"GiZScore":0.20538127243186377,"GiPValue":0.83727425096461139,"NNeighbors":327,"Gi_Bin":0}},{"type":"Feature","id":70,"geometry":{"type":"Point","coordinates":[98.986080650152815,18.788277149648014]},"properties":{"OBJECTID":70,"SOURCE_ID":70,"text_lanna":1,"GiZScore":-0.033594357710349694,"GiPValue":0.97320062162302867,"NNeighbors":332,"Gi_Bin":0}},{"type":"Feature","id":71,"geometry":{"type":"Point","coordinates":[98.986483120124433,18.788252289758343]},"properties":{"OBJECTID":71,"SOURCE_ID":71,"text_lanna":1,"GiZScore":0.16548331761023771,"GiPValue":0.86856357948583773,"NNeighbors":332,"Gi_Bin":0}},{"type":"Feature","id":72,"geometry":{"type":"Point","coordinates":[98.989223540221658,18.790758919848255]},"properties":{"OBJECTID":72,"SOURCE_ID":72,"text_lanna":0,"GiZScore":0.46001524575891861,"GiPValue":0.64550527889201015,"NNeighbors":318,"Gi_Bin":0}},{"type":"Feature","id":73,"geometry":{"type":"Point","coordinates":[98.990827060314373,18.7906100899996]},"properties":{"OBJECTID":73,"SOURCE_ID":73,"text_lanna":1,"GiZScore":0.40544826536396905,"GiPValue":0.68514804016798247,"NNeighbors":327,"Gi_Bin":0}},{"type":"Feature","id":74,"geometry":{"type":"Point","coordinates":[98.982474610279638,18.784153630006919]},"properties":{"OBJECTID":74,"SOURCE_ID":74,"text_lanna":0,"GiZScore":-0.8537252244138076,"GiPValue":0.39325726308451203,"NNeighbors":344,"Gi_Bin":0}},{"type":"Feature","id":75,"geometry":{"type":"Point","coordinates":[98.976068219570195,18.772363579818713]},"properties":{"OBJECTID":75,"SOURCE_ID":75,"text_lanna":1,"GiZScore":-1.8236447568935203,"GiPValue":0.068205795550633191,"NNeighbors":186,"Gi_Bin":-1}},{"type":"Feature","id":76,"geometry":{"type":"Point","coordinates":[98.976159119678016,18.805376800387116]},"properties":{"OBJECTID":76,"SOURCE_ID":76,"text_lanna":0,"GiZScore":0.3104535960628243,"GiPValue":0.75621604272005716,"NNeighbors":157,"Gi_Bin":0}},{"type":"Feature","id":77,"geometry":{"type":"Point","coordinates":[98.973414289779527,18.805689969700261]},"properties":{"OBJECTID":77,"SOURCE_ID":77,"text_lanna":0,"GiZScore":-0.1556707808608149,"GiPValue":0.87629252989009854,"NNeighbors":137,"Gi_Bin":0}},{"type":"Feature","id":78,"geometry":{"type":"Point","coordinates":[98.973037439847857,18.805733450172902]},"properties":{"OBJECTID":78,"SOURCE_ID":78,"text_lanna":1,"GiZScore":0.081413928224751714,"GiPValue":0.93511277276193572,"NNeighbors":131,"Gi_Bin":0}},{"type":"Feature","id":79,"geometry":{"type":"Point","coordinates":[98.972660589723617,18.805776929884171]},"properties":{"OBJECTID":79,"SOURCE_ID":79,"text_lanna":0,"GiZScore":-0.022566551899978294,"GiPValue":0.98199602474488745,"NNeighbors":130,"Gi_Bin":0}},{"type":"Feature","id":80,"geometry":{"type":"Point","coordinates":[98.972377070111833,18.805809609758803]},"properties":{"OBJECTID":80,"SOURCE_ID":80,"text_lanna":0,"GiZScore":-0.022566551899978294,"GiPValue":0.98199602474488745,"NNeighbors":130,"Gi_Bin":0}},{"type":"Feature","id":81,"geometry":{"type":"Point","coordinates":[98.978316370399625,18.80406648031439]},"properties":{"OBJECTID":81,"SOURCE_ID":81,"text_lanna":0,"GiZScore":0.42263478777878699,"GiPValue":0.67256174240939837,"NNeighbors":175,"Gi_Bin":0}},{"type":"Feature","id":82,"geometry":{"type":"Point","coordinates":[98.977940119780826,18.804114430055996]},"properties":{"OBJECTID":82,"SOURCE_ID":82,"text_lanna":0,"GiZScore":0.49566706625242357,"GiPValue":0.6201293284599847,"NNeighbors":173,"Gi_Bin":0}},{"type":"Feature","id":83,"geometry":{"type":"Point","coordinates":[98.977101540432514,18.804083249614035]},"properties":{"OBJECTID":83,"SOURCE_ID":83,"text_lanna":0,"GiZScore":0.58635562150291609,"GiPValue":0.55763656324426014,"NNeighbors":174,"Gi_Bin":0}},{"type":"Feature","id":84,"geometry":{"type":"Point","coordinates":[98.976850169950382,18.804022670261812]},"properties":{"OBJECTID":84,"SOURCE_ID":84,"text_lanna":0,"GiZScore":0.36806170728156629,"GiPValue":0.71282722363936801,"NNeighbors":173,"Gi_Bin":0}},{"type":"Feature","id":85,"geometry":{"type":"Point","coordinates":[98.975797029954549,18.803836569724886]},"properties":{"OBJECTID":85,"SOURCE_ID":85,"text_lanna":1,"GiZScore":0.204468649560718,"GiPValue":0.83798728861275362,"NNeighbors":174,"Gi_Bin":0}},{"type":"Feature","id":86,"geometry":{"type":"Point","coordinates":[98.975608560458042,18.803857929708816]},"properties":{"OBJECTID":86,"SOURCE_ID":86,"text_lanna":0,"GiZScore":0.22094925253048175,"GiPValue":0.82513194715680482,"NNeighbors":170,"Gi_Bin":0}},{"type":"Feature","id":87,"geometry":{"type":"Point","coordinates":[98.973966889874546,18.804043479681354]},"properties":{"OBJECTID":87,"SOURCE_ID":87,"text_lanna":0,"GiZScore":-0.39467886989580447,"GiPValue":0.69307989975203155,"NNeighbors":147,"Gi_Bin":0}},{"type":"Feature","id":88,"geometry":{"type":"Point","coordinates":[98.973212859992586,18.80412785001047]},"properties":{"OBJECTID":88,"SOURCE_ID":88,"text_lanna":0,"GiZScore":-0.014552792545061834,"GiPValue":0.98838896135024668,"NNeighbors":137,"Gi_Bin":0}},{"type":"Feature","id":89,"geometry":{"type":"Point","coordinates":[98.973024360473858,18.804148929916558]},"properties":{"OBJECTID":89,"SOURCE_ID":89,"text_lanna":0,"GiZScore":-0.11679849795660444,"GiPValue":0.90701973407991865,"NNeighbors":136,"Gi_Bin":0}},{"type":"Feature","id":90,"geometry":{"type":"Point","coordinates":[98.972647340414667,18.804191109941357]},"properties":{"OBJECTID":90,"SOURCE_ID":90,"text_lanna":0,"GiZScore":-0.077675528772300356,"GiPValue":0.93808616049147686,"NNeighbors":135,"Gi_Bin":0}},{"type":"Feature","id":91,"geometry":{"type":"Point","coordinates":[98.972458830314949,18.804212200119903]},"properties":{"OBJECTID":91,"SOURCE_ID":91,"text_lanna":0,"GiZScore":-0.038297422017884483,"GiPValue":0.96945054620951909,"NNeighbors":134,"Gi_Bin":0}},{"type":"Feature","id":92,"geometry":{"type":"Point","coordinates":[98.979711909608241,18.804904410310979]},"properties":{"OBJECTID":92,"SOURCE_ID":92,"text_lanna":2,"GiZScore":0.42263478777878699,"GiPValue":0.67256174240939837,"NNeighbors":175,"Gi_Bin":0}},{"type":"Feature","id":93,"geometry":{"type":"Point","coordinates":[98.979669250409898,18.804270930145069]},"properties":{"OBJECTID":93,"SOURCE_ID":93,"text_lanna":2,"GiZScore":0.79714012603556206,"GiPValue":0.42536966163312495,"NNeighbors":182,"Gi_Bin":0}},{"type":"Feature","id":94,"geometry":{"type":"Point","coordinates":[98.978748710398804,18.804018470231988]},"properties":{"OBJECTID":94,"SOURCE_ID":94,"text_lanna":0,"GiZScore":0.53028283808621246,"GiPValue":0.59591584603240255,"NNeighbors":179,"Gi_Bin":0}},{"type":"Feature","id":95,"geometry":{"type":"Point","coordinates":[98.979816920344007,18.800718440389559]},"properties":{"OBJECTID":95,"SOURCE_ID":95,"text_lanna":0,"GiZScore":0.25425832132705989,"GiPValue":0.79929599692085773,"NNeighbors":208,"Gi_Bin":0}},{"type":"Feature","id":96,"geometry":{"type":"Point","coordinates":[98.979659590334975,18.800819549948503]},"properties":{"OBJECTID":96,"SOURCE_ID":96,"text_lanna":0,"GiZScore":0.4228534093446738,"GiPValue":0.67240221837865244,"NNeighbors":203,"Gi_Bin":0}},{"type":"Feature","id":97,"geometry":{"type":"Point","coordinates":[98.97950226013802,18.800920660277377]},"properties":{"OBJECTID":97,"SOURCE_ID":97,"text_lanna":0,"GiZScore":0.38886161592445112,"GiPValue":0.69737851874636159,"NNeighbors":204,"Gi_Bin":0}},{"type":"Feature","id":98,"geometry":{"type":"Point","coordinates":[98.979344940192277,18.801021769569736]},"properties":{"OBJECTID":98,"SOURCE_ID":98,"text_lanna":2,"GiZScore":0.33731625474453431,"GiPValue":0.73587850809121935,"NNeighbors":202,"Gi_Bin":0}},{"type":"Feature","id":99,"geometry":{"type":"Point","coordinates":[98.978838370345173,18.801354150406336]},"properties":{"OBJECTID":99,"SOURCE_ID":99,"text_lanna":1,"GiZScore":0.49196510113531833,"GiPValue":0.62274401659325529,"NNeighbors":194,"Gi_Bin":0}},{"type":"Feature","id":100,"geometry":{"type":"Point","coordinates":[98.978272950263204,18.801765840335168]},"properties":{"OBJECTID":100,"SOURCE_ID":100,"text_lanna":0,"GiZScore":0.38729966524327541,"GiPValue":0.69853437421679332,"NNeighbors":190,"Gi_Bin":0}},{"type":"Feature","id":101,"geometry":{"type":"Point","coordinates":[98.9772453600727,18.798587570193259]},"properties":{"OBJECTID":101,"SOURCE_ID":101,"text_lanna":0,"GiZScore":0.27227259150036803,"GiPValue":0.78541242951313306,"NNeighbors":211,"Gi_Bin":0}},{"type":"Feature","id":102,"geometry":{"type":"Point","coordinates":[98.977071630206225,18.798660340030963]},"properties":{"OBJECTID":102,"SOURCE_ID":102,"text_lanna":0,"GiZScore":0.27227259150036803,"GiPValue":0.78541242951313306,"NNeighbors":211,"Gi_Bin":0}},{"type":"Feature","id":103,"geometry":{"type":"Point","coordinates":[98.976623010221729,18.798860189665454]},"properties":{"OBJECTID":103,"SOURCE_ID":103,"text_lanna":0,"GiZScore":0.38886161592445112,"GiPValue":0.69737851874636159,"NNeighbors":204,"Gi_Bin":0}},{"type":"Feature","id":104,"geometry":{"type":"Point","coordinates":[98.97757007985858,18.799559430185418]},"properties":{"OBJECTID":104,"SOURCE_ID":104,"text_lanna":0,"GiZScore":0.11709684354345817,"GiPValue":0.90678331103438892,"NNeighbors":205,"Gi_Bin":0}},{"type":"Feature","id":105,"geometry":{"type":"Point","coordinates":[98.977322389895733,18.799523930197729]},"properties":{"OBJECTID":105,"SOURCE_ID":105,"text_lanna":0,"GiZScore":0.18399534934415188,"GiPValue":0.85401710341291981,"NNeighbors":203,"Gi_Bin":0}},{"type":"Feature","id":106,"geometry":{"type":"Point","coordinates":[98.976769539574846,18.799362709589353]},"properties":{"OBJECTID":106,"SOURCE_ID":106,"text_lanna":0,"GiZScore":0.4228534093446738,"GiPValue":0.67240221837865244,"NNeighbors":203,"Gi_Bin":0}},{"type":"Feature","id":107,"geometry":{"type":"Point","coordinates":[98.987203109680365,18.800478099597367]},"properties":{"OBJECTID":107,"SOURCE_ID":107,"text_lanna":0,"GiZScore":1.0667162386321203,"GiPValue":0.28610000801450775,"NNeighbors":239,"Gi_Bin":0}},{"type":"Feature","id":108,"geometry":{"type":"Point","coordinates":[98.988017980087733,18.799991689798919]},"properties":{"OBJECTID":108,"SOURCE_ID":108,"text_lanna":0,"GiZScore":0.96402809205038531,"GiPValue":0.33503185407478431,"NNeighbors":249,"Gi_Bin":0}},{"type":"Feature","id":109,"geometry":{"type":"Point","coordinates":[98.98815426978301,18.799865890302154]},"properties":{"OBJECTID":109,"SOURCE_ID":109,"text_lanna":0,"GiZScore":1.0875573008743382,"GiPValue":0.27679060625128227,"NNeighbors":252,"Gi_Bin":0}},{"type":"Feature","id":110,"geometry":{"type":"Point","coordinates":[98.981251180299935,18.801540600380427]},"properties":{"OBJECTID":110,"SOURCE_ID":110,"text_lanna":1,"GiZScore":0.11709684354345817,"GiPValue":0.90678331103438892,"NNeighbors":205,"Gi_Bin":0}},{"type":"Feature","id":111,"geometry":{"type":"Point","coordinates":[98.981454180344016,18.801476870176632]},"properties":{"OBJECTID":111,"SOURCE_ID":111,"text_lanna":0,"GiZScore":0.017738952650724952,"GiPValue":0.98584710580722779,"NNeighbors":208,"Gi_Bin":0}},{"type":"Feature","id":112,"geometry":{"type":"Point","coordinates":[98.984749889544588,18.800524930357806]},"properties":{"OBJECTID":112,"SOURCE_ID":112,"text_lanna":0,"GiZScore":0.30274408464176106,"GiPValue":0.76208489909548882,"NNeighbors":249,"Gi_Bin":0}},{"type":"Feature","id":113,"geometry":{"type":"Point","coordinates":[98.985776709595825,18.800318329572132]},"properties":{"OBJECTID":113,"SOURCE_ID":113,"text_lanna":1,"GiZScore":0.14406325226413499,"GiPValue":0.88545052244627664,"NNeighbors":247,"Gi_Bin":0}},{"type":"Feature","id":114,"geometry":{"type":"Point","coordinates":[98.99652137959454,18.795990250285108]},"properties":{"OBJECTID":114,"SOURCE_ID":114,"text_lanna":0,"GiZScore":0.85745261580454857,"GiPValue":0.39119480014443897,"NNeighbors":280,"Gi_Bin":0}},{"type":"Feature","id":115,"geometry":{"type":"Point","coordinates":[98.996720739777118,18.796491909767038]},"properties":{"OBJECTID":115,"SOURCE_ID":115,"text_lanna":1,"GiZScore":0.6011092588548923,"GiPValue":0.54776722010605339,"NNeighbors":278,"Gi_Bin":0}},{"type":"Feature","id":116,"geometry":{"type":"Point","coordinates":[98.99724734032101,18.79761218014113]},"properties":{"OBJECTID":116,"SOURCE_ID":116,"text_lanna":0,"GiZScore":0.14397425038605741,"GiPValue":0.8855208030193169,"NNeighbors":272,"Gi_Bin":0}},{"type":"Feature","id":117,"geometry":{"type":"Point","coordinates":[98.997546520064148,18.798260899995455]},"properties":{"OBJECTID":117,"SOURCE_ID":117,"text_lanna":1,"GiZScore":0.019743133907251395,"GiPValue":0.98424828159253375,"NNeighbors":269,"Gi_Bin":0}},{"type":"Feature","id":118,"geometry":{"type":"Point","coordinates":[98.997706889526981,18.798607449665472]},"properties":{"OBJECTID":118,"SOURCE_ID":118,"text_lanna":0,"GiZScore":0.23390594239268694,"GiPValue":0.8150580000019978,"NNeighbors":269,"Gi_Bin":0}},{"type":"Feature","id":119,"geometry":{"type":"Point","coordinates":[99.011696989546479,18.802027950158777]},"properties":{"OBJECTID":119,"SOURCE_ID":119,"text_lanna":0,"GiZScore":-0.57055716701952275,"GiPValue":0.56829986308290781,"NNeighbors":133,"Gi_Bin":0}},{"type":"Feature","id":120,"geometry":{"type":"Point","coordinates":[99.011058360052033,18.801697109651002]},"properties":{"OBJECTID":120,"SOURCE_ID":120,"text_lanna":0,"GiZScore":-0.25784545888100763,"GiPValue":0.79652617950575211,"NNeighbors":147,"Gi_Bin":0}},{"type":"Feature","id":121,"geometry":{"type":"Point","coordinates":[99.010723680175019,18.801526520241627]},"properties":{"OBJECTID":121,"SOURCE_ID":121,"text_lanna":0,"GiZScore":-0.27007302622744278,"GiPValue":0.78710407353085454,"NNeighbors":151,"Gi_Bin":0}},{"type":"Feature","id":122,"geometry":{"type":"Point","coordinates":[99.010556339540017,18.801441220339832]},"properties":{"OBJECTID":122,"SOURCE_ID":122,"text_lanna":0,"GiZScore":-0.3433445676003567,"GiPValue":0.73133925678918277,"NNeighbors":153,"Gi_Bin":0}},{"type":"Feature","id":123,"geometry":{"type":"Point","coordinates":[99.010126239926535,18.80120940992305]},"properties":{"OBJECTID":123,"SOURCE_ID":123,"text_lanna":0,"GiZScore":-0.48749942192997664,"GiPValue":0.62590445412489193,"NNeighbors":157,"Gi_Bin":0}},{"type":"Feature","id":124,"geometry":{"type":"Point","coordinates":[99.009802950378145,18.801030300033954]},"properties":{"OBJECTID":124,"SOURCE_ID":124,"text_lanna":0,"GiZScore":-0.39042869409782799,"GiPValue":0.69621957418810232,"NNeighbors":158,"Gi_Bin":0}},{"type":"Feature","id":125,"geometry":{"type":"Point","coordinates":[99.002727579601142,18.808420449571081]},"properties":{"OBJECTID":125,"SOURCE_ID":125,"text_lanna":0,"GiZScore":-1.5205684752148545,"GiPValue":0.12836816288827771,"NNeighbors":152,"Gi_Bin":0}},{"type":"Feature","id":126,"geometry":{"type":"Point","coordinates":[99.002712070367409,18.808240299699992]},"properties":{"OBJECTID":126,"SOURCE_ID":126,"text_lanna":0,"GiZScore":-1.5205684752148545,"GiPValue":0.12836816288827771,"NNeighbors":152,"Gi_Bin":0}},{"type":"Feature","id":127,"geometry":{"type":"Point","coordinates":[99.002681210153312,18.807798960049169]},"properties":{"OBJECTID":127,"SOURCE_ID":127,"text_lanna":0,"GiZScore":-1.553665687170769,"GiPValue":0.12026418184405083,"NNeighbors":153,"Gi_Bin":0}},{"type":"Feature","id":128,"geometry":{"type":"Point","coordinates":[99.002686059863336,18.807149930440662]},"properties":{"OBJECTID":128,"SOURCE_ID":128,"text_lanna":0,"GiZScore":-1.3851157639919631,"GiPValue":0.1660170724060753,"NNeighbors":160,"Gi_Bin":0}},{"type":"Feature","id":129,"geometry":{"type":"Point","coordinates":[99.002723199673866,18.806938880195286]},"properties":{"OBJECTID":129,"SOURCE_ID":129,"text_lanna":0,"GiZScore":-1.1883264651062511,"GiPValue":0.23470483624632466,"NNeighbors":162,"Gi_Bin":0}},{"type":"Feature","id":130,"geometry":{"type":"Point","coordinates":[99.002817080400575,18.806526039578802]},"properties":{"OBJECTID":130,"SOURCE_ID":130,"text_lanna":0,"GiZScore":-0.89175872669225131,"GiPValue":0.37252227829331663,"NNeighbors":161,"Gi_Bin":0}},{"type":"Feature","id":131,"geometry":{"type":"Point","coordinates":[99.003160570179602,18.804259040406681]},"properties":{"OBJECTID":131,"SOURCE_ID":131,"text_lanna":0,"GiZScore":-0.68660095163774415,"GiPValue":0.49233423329941806,"NNeighbors":174,"Gi_Bin":0}},{"type":"Feature","id":132,"geometry":{"type":"Point","coordinates":[99.002933829815518,18.80186899013599]},"properties":{"OBJECTID":132,"SOURCE_ID":132,"text_lanna":0,"GiZScore":-0.32628618347683924,"GiPValue":0.74420784124596495,"NNeighbors":204,"Gi_Bin":0}},{"type":"Feature","id":133,"geometry":{"type":"Point","coordinates":[99.002880970472816,18.801315929726179]},"properties":{"OBJECTID":133,"SOURCE_ID":133,"text_lanna":0,"GiZScore":-0.42323053555083417,"GiPValue":0.67212707116627701,"NNeighbors":207,"Gi_Bin":0}},{"type":"Feature","id":134,"geometry":{"type":"Point","coordinates":[99.002870339572354,18.801135449773266]},"properties":{"OBJECTID":134,"SOURCE_ID":134,"text_lanna":0,"GiZScore":-0.42323053555083417,"GiPValue":0.67212707116627701,"NNeighbors":207,"Gi_Bin":0}},{"type":"Feature","id":135,"geometry":{"type":"Point","coordinates":[99.002521790088437,18.80084548981727]},"properties":{"OBJECTID":135,"SOURCE_ID":135,"text_lanna":0,"GiZScore":-0.32639597815392418,"GiPValue":0.74412478056475651,"NNeighbors":215,"Gi_Bin":0}},{"type":"Feature","id":136,"geometry":{"type":"Point","coordinates":[99.001699930346163,18.809977100424195]},"properties":{"OBJECTID":136,"SOURCE_ID":136,"text_lanna":1,"GiZScore":-1.4946768026944874,"GiPValue":0.13499881119645468,"NNeighbors":139,"Gi_Bin":0}},{"type":"Feature","id":137,"geometry":{"type":"Point","coordinates":[98.98099847968669,18.777044560311722]},"properties":{"OBJECTID":137,"SOURCE_ID":137,"text_lanna":0,"GiZScore":-2.0806120006079665,"GiPValue":0.037469434574394667,"NNeighbors":303,"Gi_Bin":-2}},{"type":"Feature","id":138,"geometry":{"type":"Point","coordinates":[98.98104133990087,18.777553080397581]},"properties":{"OBJECTID":138,"SOURCE_ID":138,"text_lanna":0,"GiZScore":-1.7958759355191221,"GiPValue":0.072514250448404274,"NNeighbors":300,"Gi_Bin":-1}},{"type":"Feature","id":139,"geometry":{"type":"Point","coordinates":[98.981104120401895,18.77825356024621]},"properties":{"OBJECTID":139,"SOURCE_ID":139,"text_lanna":0,"GiZScore":-1.8290033017589049,"GiPValue":0.067399113623471202,"NNeighbors":309,"Gi_Bin":-1}},{"type":"Feature","id":140,"geometry":{"type":"Point","coordinates":[98.981217239953267,18.779555050063294]},"properties":{"OBJECTID":140,"SOURCE_ID":140,"text_lanna":0,"GiZScore":-2.0094041371954598,"GiPValue":0.04449429183682261,"NNeighbors":312,"Gi_Bin":-2}},{"type":"Feature","id":141,"geometry":{"type":"Point","coordinates":[98.981289800228907,18.780228879727346]},"properties":{"OBJECTID":141,"SOURCE_ID":141,"text_lanna":1,"GiZScore":-1.6691133134498635,"GiPValue":0.095094925300267155,"NNeighbors":326,"Gi_Bin":-1}},{"type":"Feature","id":142,"geometry":{"type":"Point","coordinates":[98.981309489612073,18.780408659965964]},"properties":{"OBJECTID":142,"SOURCE_ID":142,"text_lanna":0,"GiZScore":-1.5689790314281242,"GiPValue":0.11665282498876693,"NNeighbors":326,"Gi_Bin":0}},{"type":"Feature","id":143,"geometry":{"type":"Point","coordinates":[98.981338390116548,18.780680769579096]},"properties":{"OBJECTID":143,"SOURCE_ID":143,"text_lanna":0,"GiZScore":-0.8299050589926994,"GiPValue":0.40659247236897977,"NNeighbors":332,"Gi_Bin":0}},{"type":"Feature","id":144,"geometry":{"type":"Point","coordinates":[98.989499389628364,18.782134999604118]},"properties":{"OBJECTID":144,"SOURCE_ID":144,"text_lanna":0,"GiZScore":0.19918284276483861,"GiPValue":0.84211972012501779,"NNeighbors":413,"Gi_Bin":0}},{"type":"Feature","id":145,"geometry":{"type":"Point","coordinates":[98.988775210159005,18.782114849985696]},"properties":{"OBJECTID":145,"SOURCE_ID":145,"text_lanna":0,"GiZScore":0.049151497608370807,"GiPValue":0.96079856381135753,"NNeighbors":408,"Gi_Bin":0}},{"type":"Feature","id":146,"geometry":{"type":"Point","coordinates":[98.984391859814792,18.789575160022764]},"properties":{"OBJECTID":146,"SOURCE_ID":146,"text_lanna":0,"GiZScore":0.43370660900665703,"GiPValue":0.66450150796226382,"NNeighbors":326,"Gi_Bin":0}},{"type":"Feature","id":147,"geometry":{"type":"Point","coordinates":[98.984325469657819,18.787215279749581]},"properties":{"OBJECTID":147,"SOURCE_ID":147,"text_lanna":0,"GiZScore":-0.40608480133331554,"GiPValue":0.68468029374818995,"NNeighbors":342,"Gi_Bin":0}},{"type":"Feature","id":148,"geometry":{"type":"Point","coordinates":[98.984025679925253,18.786110860005198]},"properties":{"OBJECTID":148,"SOURCE_ID":148,"text_lanna":0,"GiZScore":-0.94456932658697734,"GiPValue":0.34487880437331864,"NNeighbors":340,"Gi_Bin":0}},{"type":"Feature","id":149,"geometry":{"type":"Point","coordinates":[98.982541479607136,18.787799610131465]},"properties":{"OBJECTID":149,"SOURCE_ID":149,"text_lanna":1,"GiZScore":-0.094719216966294165,"GiPValue":0.92453785367831021,"NNeighbors":327,"Gi_Bin":0}},{"type":"Feature","id":150,"geometry":{"type":"Point","coordinates":[98.98330894007357,18.788014069921086]},"properties":{"OBJECTID":150,"SOURCE_ID":150,"text_lanna":0,"GiZScore":0.49226681984921489,"GiPValue":0.62253073469798315,"NNeighbors":331,"Gi_Bin":0}},{"type":"Feature","id":151,"geometry":{"type":"Point","coordinates":[98.981122569923301,18.78661412002749]},"properties":{"OBJECTID":151,"SOURCE_ID":151,"text_lanna":0,"GiZScore":-0.15226820483342296,"GiPValue":0.8789754013803025,"NNeighbors":311,"Gi_Bin":0}},{"type":"Feature","id":152,"geometry":{"type":"Point","coordinates":[98.981248950317919,18.787524199705469]},"properties":{"OBJECTID":152,"SOURCE_ID":152,"text_lanna":0,"GiZScore":-0.22594744355565241,"GiPValue":0.82124229736687038,"NNeighbors":310,"Gi_Bin":0}},{"type":"Feature","id":153,"geometry":{"type":"Point","coordinates":[98.978743030272383,18.78644131023848]},"properties":{"OBJECTID":153,"SOURCE_ID":153,"text_lanna":0,"GiZScore":-0.30340631020776332,"GiPValue":0.76158023776601225,"NNeighbors":280,"Gi_Bin":0}},{"type":"Feature","id":154,"geometry":{"type":"Point","coordinates":[98.978932299809401,18.786427970060167]},"properties":{"OBJECTID":154,"SOURCE_ID":154,"text_lanna":1,"GiZScore":-0.25592079103836951,"GiPValue":0.79801200043353049,"NNeighbors":282,"Gi_Bin":0}},{"type":"Feature","id":155,"geometry":{"type":"Point","coordinates":[98.979268900082019,18.786404920422633]},"properties":{"OBJECTID":155,"SOURCE_ID":155,"text_lanna":0,"GiZScore":-0.2193981647297587,"GiPValue":0.82633989969571187,"NNeighbors":288,"Gi_Bin":0}},{"type":"Feature","id":156,"geometry":{"type":"Point","coordinates":[98.979585019611221,18.786383630330342]},"properties":{"OBJECTID":156,"SOURCE_ID":156,"text_lanna":0,"GiZScore":-0.27683317057946033,"GiPValue":0.78190821004137023,"NNeighbors":290,"Gi_Bin":0}},{"type":"Feature","id":157,"geometry":{"type":"Point","coordinates":[98.980154519796088,18.786399160056071]},"properties":{"OBJECTID":157,"SOURCE_ID":157,"text_lanna":0,"GiZScore":-0.63508568494903095,"GiPValue":0.52537253651409022,"NNeighbors":299,"Gi_Bin":0}},{"type":"Feature","id":158,"geometry":{"type":"Point","coordinates":[98.980513900156353,18.786411739775069]},"properties":{"OBJECTID":158,"SOURCE_ID":158,"text_lanna":0,"GiZScore":-0.36394221004283378,"GiPValue":0.71590116459259656,"NNeighbors":304,"Gi_Bin":0}},{"type":"Feature","id":159,"geometry":{"type":"Point","coordinates":[98.980703500168588,18.786419680266597]},"properties":{"OBJECTID":159,"SOURCE_ID":159,"text_lanna":0,"GiZScore":-0.15890434522996952,"GiPValue":0.8737442372527674,"NNeighbors":304,"Gi_Bin":0}},{"type":"Feature","id":160,"geometry":{"type":"Point","coordinates":[98.980941160382898,18.791485050021919]},"properties":{"OBJECTID":160,"SOURCE_ID":160,"text_lanna":0,"GiZScore":0.70620225728177988,"GiPValue":0.48006237188650214,"NNeighbors":285,"Gi_Bin":0}},{"type":"Feature","id":161,"geometry":{"type":"Point","coordinates":[98.979382639813636,18.791466929799299]},"properties":{"OBJECTID":161,"SOURCE_ID":161,"text_lanna":2,"GiZScore":0.44952524806624239,"GiPValue":0.65305280024465318,"NNeighbors":276,"Gi_Bin":0}},{"type":"Feature","id":162,"geometry":{"type":"Point","coordinates":[98.979192919755619,18.791471500005297]},"properties":{"OBJECTID":162,"SOURCE_ID":162,"text_lanna":0,"GiZScore":0.40351549123856129,"GiPValue":0.68656904187994572,"NNeighbors":274,"Gi_Bin":0}},{"type":"Feature","id":163,"geometry":{"type":"Point","coordinates":[98.975844919942475,18.794110949751719]},"properties":{"OBJECTID":163,"SOURCE_ID":163,"text_lanna":0,"GiZScore":0.73329869916245027,"GiPValue":0.46337627390662151,"NNeighbors":232,"Gi_Bin":0}},{"type":"Feature","id":164,"geometry":{"type":"Point","coordinates":[98.976013200240246,18.793765579615503]},"properties":{"OBJECTID":164,"SOURCE_ID":164,"text_lanna":1,"GiZScore":0.60329097705809354,"GiPValue":0.54631513759610728,"NNeighbors":236,"Gi_Bin":0}},{"type":"Feature","id":165,"geometry":{"type":"Point","coordinates":[98.998161740321919,18.80088363042012]},"properties":{"OBJECTID":165,"SOURCE_ID":165,"text_lanna":1,"GiZScore":0.12179485559887068,"GiPValue":0.9030614882768998,"NNeighbors":237,"Gi_Bin":0}},{"type":"Feature","id":166,"geometry":{"type":"Point","coordinates":[98.997745479709337,18.800764289697746]},"properties":{"OBJECTID":166,"SOURCE_ID":166,"text_lanna":0,"GiZScore":0.2514930588904557,"GiPValue":0.80143292822989098,"NNeighbors":240,"Gi_Bin":0}},{"type":"Feature","id":167,"geometry":{"type":"Point","coordinates":[98.997498040083784,18.800656720415184]},"properties":{"OBJECTID":167,"SOURCE_ID":167,"text_lanna":0,"GiZScore":0.15747857790924777,"GiPValue":0.87486768964083028,"NNeighbors":243,"Gi_Bin":0}},{"type":"Feature","id":168,"geometry":{"type":"Point","coordinates":[98.990866290081513,18.833374739585782]},"properties":{"OBJECTID":168,"SOURCE_ID":168,"text_lanna":1,"GiZScore":0.29581026780869674,"GiPValue":0.76737498156347583,"NNeighbors":22,"Gi_Bin":0}},{"type":"Feature","id":169,"geometry":{"type":"Point","coordinates":[98.991684179962391,18.832575469671191]},"properties":{"OBJECTID":169,"SOURCE_ID":169,"text_lanna":0,"GiZScore":0.10453186430406812,"GiPValue":0.91674728273681361,"NNeighbors":24,"Gi_Bin":0}},{"type":"Feature","id":170,"geometry":{"type":"Point","coordinates":[98.994366130066879,18.829792359608401]},"properties":{"OBJECTID":170,"SOURCE_ID":170,"text_lanna":2,"GiZScore":-0.53312696097525825,"GiPValue":0.59394569923017004,"NNeighbors":28,"Gi_Bin":0}},{"type":"Feature","id":171,"geometry":{"type":"Point","coordinates":[98.994701879687483,18.828645820334401]},"properties":{"OBJECTID":171,"SOURCE_ID":171,"text_lanna":0,"GiZScore":-0.79493458223786784,"GiPValue":0.42665156360915923,"NNeighbors":36,"Gi_Bin":0}},{"type":"Feature","id":172,"geometry":{"type":"Point","coordinates":[98.994712829971007,18.828284460184936]},"properties":{"OBJECTID":172,"SOURCE_ID":172,"text_lanna":0,"GiZScore":-0.91733783264729152,"GiPValue":0.35896564890085236,"NNeighbors":38,"Gi_Bin":0}},{"type":"Feature","id":173,"geometry":{"type":"Point","coordinates":[98.994582769698496,18.82553269016784]},"properties":{"OBJECTID":173,"SOURCE_ID":173,"text_lanna":0,"GiZScore":-0.88919699903920391,"GiPValue":0.37389722506294942,"NNeighbors":46,"Gi_Bin":0}},{"type":"Feature","id":174,"geometry":{"type":"Point","coordinates":[98.993974510018475,18.823905800447832]},"properties":{"OBJECTID":174,"SOURCE_ID":174,"text_lanna":1,"GiZScore":-1.0523102225295347,"GiPValue":0.29265725849412727,"NNeighbors":49,"Gi_Bin":0}},{"type":"Feature","id":175,"geometry":{"type":"Point","coordinates":[98.994131609669552,18.822391519624457]},"properties":{"OBJECTID":175,"SOURCE_ID":175,"text_lanna":0,"GiZScore":-1.1254573126920642,"GiPValue":0.2603953147879321,"NNeighbors":59,"Gi_Bin":0}},{"type":"Feature","id":176,"geometry":{"type":"Point","coordinates":[98.994476759982135,18.821926169917731]},"properties":{"OBJECTID":176,"SOURCE_ID":176,"text_lanna":0,"GiZScore":-1.2077876531899663,"GiPValue":0.2271289740662702,"NNeighbors":65,"Gi_Bin":0}},{"type":"Feature","id":177,"geometry":{"type":"Point","coordinates":[98.995256959749909,18.820945639680929]},"properties":{"OBJECTID":177,"SOURCE_ID":177,"text_lanna":0,"GiZScore":-0.56653395383089156,"GiPValue":0.5710308608571335,"NNeighbors":68,"Gi_Bin":0}},{"type":"Feature","id":178,"geometry":{"type":"Point","coordinates":[98.995746670274613,18.820508239850177]},"properties":{"OBJECTID":178,"SOURCE_ID":178,"text_lanna":0,"GiZScore":-0.56653395383089156,"GiPValue":0.5710308608571335,"NNeighbors":68,"Gi_Bin":0}},{"type":"Feature","id":179,"geometry":{"type":"Point","coordinates":[98.996512709825055,18.819617779729249]},"properties":{"OBJECTID":179,"SOURCE_ID":179,"text_lanna":0,"GiZScore":-0.76380719095912075,"GiPValue":0.44498215724374213,"NNeighbors":76,"Gi_Bin":0}},{"type":"Feature","id":180,"geometry":{"type":"Point","coordinates":[98.997976630032852,18.818024589877119]},"properties":{"OBJECTID":180,"SOURCE_ID":180,"text_lanna":0,"GiZScore":0.049690751240969333,"GiPValue":0.96036882679441493,"NNeighbors":96,"Gi_Bin":0}},{"type":"Feature","id":181,"geometry":{"type":"Point","coordinates":[98.99833229021489,18.817736029798944]},"properties":{"OBJECTID":181,"SOURCE_ID":181,"text_lanna":0,"GiZScore":0.049690751240969333,"GiPValue":0.96036882679441493,"NNeighbors":96,"Gi_Bin":0}},{"type":"Feature","id":182,"geometry":{"type":"Point","coordinates":[98.998758900425287,18.817426440218881]},"properties":{"OBJECTID":182,"SOURCE_ID":182,"text_lanna":0,"GiZScore":0.096220264823261084,"GiPValue":0.92334563649397206,"NNeighbors":95,"Gi_Bin":0}},{"type":"Feature","id":183,"geometry":{"type":"Point","coordinates":[98.998912359652863,18.817277570394907]},"properties":{"OBJECTID":183,"SOURCE_ID":183,"text_lanna":0,"GiZScore":0.096220264823261084,"GiPValue":0.92334563649397206,"NNeighbors":95,"Gi_Bin":0}},{"type":"Feature","id":184,"geometry":{"type":"Point","coordinates":[98.999593280258679,18.816555089904853]},"properties":{"OBJECTID":184,"SOURCE_ID":184,"text_lanna":0,"GiZScore":-0.32609284353699103,"GiPValue":0.74435411191839673,"NNeighbors":97,"Gi_Bin":0}},{"type":"Feature","id":185,"geometry":{"type":"Point","coordinates":[99.000021609628021,18.815944870007385]},"properties":{"OBJECTID":185,"SOURCE_ID":185,"text_lanna":0,"GiZScore":-0.28158092369882937,"GiPValue":0.77826486958834729,"NNeighbors":96,"Gi_Bin":0}},{"type":"Feature","id":186,"geometry":{"type":"Point","coordinates":[99.000554399670392,18.814962699968966]},"properties":{"OBJECTID":186,"SOURCE_ID":186,"text_lanna":0,"GiZScore":-0.042044372344459666,"GiPValue":0.96646332535313406,"NNeighbors":98,"Gi_Bin":0}},{"type":"Feature","id":187,"geometry":{"type":"Point","coordinates":[99.004650599879099,18.800157509923316]},"properties":{"OBJECTID":187,"SOURCE_ID":187,"text_lanna":0,"GiZScore":-0.51907889771346138,"GiPValue":0.60370572535665634,"NNeighbors":210,"Gi_Bin":0}},{"type":"Feature","id":188,"geometry":{"type":"Point","coordinates":[99.004949670329907,18.80087788992893]},"properties":{"OBJECTID":188,"SOURCE_ID":188,"text_lanna":0,"GiZScore":-0.55571310310567823,"GiPValue":0.57840700017031987,"NNeighbors":200,"Gi_Bin":0}},{"type":"Feature","id":189,"geometry":{"type":"Point","coordinates":[99.005575909634302,18.802757740131558]},"properties":{"OBJECTID":189,"SOURCE_ID":189,"text_lanna":2,"GiZScore":-0.81389660895181015,"GiPValue":0.41570419108174717,"NNeighbors":174,"Gi_Bin":0}},{"type":"Feature","id":190,"geometry":{"type":"Point","coordinates":[98.999890380048569,18.792702009745145]},"properties":{"OBJECTID":190,"SOURCE_ID":190,"text_lanna":0,"GiZScore":0.17386945468184598,"GiPValue":0.86196805866185344,"NNeighbors":271,"Gi_Bin":0}},{"type":"Feature","id":191,"geometry":{"type":"Point","coordinates":[99.000776160304014,18.786519840002484]},"properties":{"OBJECTID":191,"SOURCE_ID":191,"text_lanna":0,"GiZScore":0.2898082561509156,"GiPValue":0.77196293168286867,"NNeighbors":292,"Gi_Bin":0}},{"type":"Feature","id":192,"geometry":{"type":"Point","coordinates":[99.000698469902559,18.78611126968481]},"properties":{"OBJECTID":192,"SOURCE_ID":192,"text_lanna":1,"GiZScore":0.27678729870130964,"GiPValue":0.78194343479073469,"NNeighbors":296,"Gi_Bin":0}},{"type":"Feature","id":193,"geometry":{"type":"Point","coordinates":[99.002876609572894,18.781462489624751]},"properties":{"OBJECTID":193,"SOURCE_ID":193,"text_lanna":0,"GiZScore":0.96973334234948938,"GiPValue":0.3321794385578315,"NNeighbors":266,"Gi_Bin":0}},{"type":"Feature","id":194,"geometry":{"type":"Point","coordinates":[99.001021569678031,18.781750789903526]},"properties":{"OBJECTID":194,"SOURCE_ID":194,"text_lanna":0,"GiZScore":0.96007281192280347,"GiPValue":0.33701858278480967,"NNeighbors":287,"Gi_Bin":0}},{"type":"Feature","id":195,"geometry":{"type":"Point","coordinates":[98.998843290291745,18.773287410369594]},"properties":{"OBJECTID":195,"SOURCE_ID":195,"text_lanna":0,"GiZScore":1.1010854012774998,"GiPValue":0.27085950750521337,"NNeighbors":303,"Gi_Bin":0}},{"type":"Feature","id":196,"geometry":{"type":"Point","coordinates":[98.998727540174741,18.772011899799868]},"properties":{"OBJECTID":196,"SOURCE_ID":196,"text_lanna":1,"GiZScore":1.3294791302349198,"GiPValue":0.18368994663049965,"NNeighbors":292,"Gi_Bin":0}},{"type":"Feature","id":197,"geometry":{"type":"Point","coordinates":[98.998708470107857,18.771812790051907]},"properties":{"OBJECTID":197,"SOURCE_ID":197,"text_lanna":0,"GiZScore":1.4334462176433203,"GiPValue":0.15173035837533333,"NNeighbors":292,"Gi_Bin":0}},{"type":"Feature","id":198,"geometry":{"type":"Point","coordinates":[98.998944960329197,18.768911250444631]},"properties":{"OBJECTID":198,"SOURCE_ID":198,"text_lanna":0,"GiZScore":1.7011113982004766,"GiPValue":0.088922070972768441,"NNeighbors":260,"Gi_Bin":1}},{"type":"Feature","id":199,"geometry":{"type":"Point","coordinates":[98.999821509845006,18.766660760097924]},"properties":{"OBJECTID":199,"SOURCE_ID":199,"text_lanna":1,"GiZScore":1.6426754142123492,"GiPValue":0.10045010822442851,"NNeighbors":222,"Gi_Bin":0}},{"type":"Feature","id":200,"geometry":{"type":"Point","coordinates":[99.000297179882125,18.76552499977188]},"properties":{"OBJECTID":200,"SOURCE_ID":200,"text_lanna":0,"GiZScore":1.5704521449716957,"GiPValue":0.1163099593103078,"NNeighbors":201,"Gi_Bin":0}},{"type":"Feature","id":201,"geometry":{"type":"Point","coordinates":[99.000471470156413,18.765093060346025]},"properties":{"OBJECTID":201,"SOURCE_ID":201,"text_lanna":2,"GiZScore":1.680775217470754,"GiPValue":0.092806584086254473,"NNeighbors":198,"Gi_Bin":1}},{"type":"Feature","id":202,"geometry":{"type":"Point","coordinates":[99.000629469895529,18.76471346025885]},"properties":{"OBJECTID":202,"SOURCE_ID":202,"text_lanna":1,"GiZScore":1.8680317952965373,"GiPValue":0.061757639221419587,"NNeighbors":193,"Gi_Bin":1}},{"type":"Feature","id":203,"geometry":{"type":"Point","coordinates":[99.000701730316365,18.764546329985631]},"properties":{"OBJECTID":203,"SOURCE_ID":203,"text_lanna":0,"GiZScore":1.8980670327867353,"GiPValue":0.05768725229610356,"NNeighbors":189,"Gi_Bin":1}},{"type":"Feature","id":204,"geometry":{"type":"Point","coordinates":[99.000882949569885,18.764133140163121]},"properties":{"OBJECTID":204,"SOURCE_ID":204,"text_lanna":0,"GiZScore":1.9535364607376926,"GiPValue":0.050756061290433627,"NNeighbors":178,"Gi_Bin":1}},{"type":"Feature","id":205,"geometry":{"type":"Point","coordinates":[99.000957400254791,18.763966870179907]},"properties":{"OBJECTID":205,"SOURCE_ID":205,"text_lanna":1,"GiZScore":1.9535364607376926,"GiPValue":0.050756061290433627,"NNeighbors":178,"Gi_Bin":1}},{"type":"Feature","id":206,"geometry":{"type":"Point","coordinates":[98.998120529532954,18.774760740318801]},"properties":{"OBJECTID":206,"SOURCE_ID":206,"text_lanna":0,"GiZScore":0.22608971960859092,"GiPValue":0.82113164033123731,"NNeighbors":312,"Gi_Bin":0}},{"type":"Feature","id":207,"geometry":{"type":"Point","coordinates":[98.997781000272738,18.77514135980482]},"properties":{"OBJECTID":207,"SOURCE_ID":207,"text_lanna":0,"GiZScore":0.1854005951166138,"GiPValue":0.85291484176800791,"NNeighbors":317,"Gi_Bin":0}},{"type":"Feature","id":208,"geometry":{"type":"Point","coordinates":[99.005668369708602,18.763951079722737]},"properties":{"OBJECTID":208,"SOURCE_ID":208,"text_lanna":0,"GiZScore":2.0341642321232354,"GiPValue":0.041935039522326793,"NNeighbors":154,"Gi_Bin":2}},{"type":"Feature","id":209,"geometry":{"type":"Point","coordinates":[99.005773609823308,18.763291869941252]},"properties":{"OBJECTID":209,"SOURCE_ID":209,"text_lanna":1,"GiZScore":2.1126485192382489,"GiPValue":0.034630862623749946,"NNeighbors":146,"Gi_Bin":2}},{"type":"Feature","id":210,"geometry":{"type":"Point","coordinates":[99.005989160061347,18.762411710228097]},"properties":{"OBJECTID":210,"SOURCE_ID":210,"text_lanna":0,"GiZScore":0.94503128839891792,"GiPValue":0.34464291404180336,"NNeighbors":131,"Gi_Bin":0}},{"type":"Feature","id":211,"geometry":{"type":"Point","coordinates":[99.006305859527814,18.761290150353236]},"properties":{"OBJECTID":211,"SOURCE_ID":211,"text_lanna":1,"GiZScore":1.0632142629604953,"GiPValue":0.28768481150870495,"NNeighbors":125,"Gi_Bin":0}},{"type":"Feature","id":212,"geometry":{"type":"Point","coordinates":[99.00428408035242,18.766499970020355]},"properties":{"OBJECTID":212,"SOURCE_ID":212,"text_lanna":0,"GiZScore":1.8823645432894911,"GiPValue":0.059786536610377805,"NNeighbors":183,"Gi_Bin":1}},{"type":"Feature","id":213,"geometry":{"type":"Point","coordinates":[99.005086469905677,18.766757009832407]},"properties":{"OBJECTID":213,"SOURCE_ID":213,"text_lanna":1,"GiZScore":2.2165683388360393,"GiPValue":0.026652603136513638,"NNeighbors":184,"Gi_Bin":2}},{"type":"Feature","id":214,"geometry":{"type":"Point","coordinates":[99.003654250190834,18.766292040001154]},"properties":{"OBJECTID":214,"SOURCE_ID":214,"text_lanna":0,"GiZScore":2.0529994731890717,"GiPValue":0.040072628601428809,"NNeighbors":185,"Gi_Bin":2}},{"type":"Feature","id":215,"geometry":{"type":"Point","coordinates":[99.005164190045733,18.783881579918699]},"properties":{"OBJECTID":215,"SOURCE_ID":215,"text_lanna":0,"GiZScore":1.2042520356766386,"GiPValue":0.22849220122114033,"NNeighbors":245,"Gi_Bin":0}},{"type":"Feature","id":216,"geometry":{"type":"Point","coordinates":[98.99425190046145,18.789313229967931]},"properties":{"OBJECTID":216,"SOURCE_ID":216,"text_lanna":1,"GiZScore":0.39263027187214417,"GiPValue":0.69459257867166535,"NNeighbors":331,"Gi_Bin":0}},{"type":"Feature","id":217,"geometry":{"type":"Point","coordinates":[98.9944793995613,18.789828680363325]},"properties":{"OBJECTID":217,"SOURCE_ID":217,"text_lanna":2,"GiZScore":0.28647076621936779,"GiPValue":0.77451758118925851,"NNeighbors":317,"Gi_Bin":0}},{"type":"Feature","id":218,"geometry":{"type":"Point","coordinates":[98.99455279999556,18.78999538007108]},"properties":{"OBJECTID":218,"SOURCE_ID":218,"text_lanna":0,"GiZScore":0.3563521035871956,"GiPValue":0.72157689454036689,"NNeighbors":311,"Gi_Bin":0}},{"type":"Feature","id":219,"geometry":{"type":"Point","coordinates":[98.996196539888828,18.791592659798209]},"properties":{"OBJECTID":219,"SOURCE_ID":219,"text_lanna":0,"GiZScore":0.85221844830652049,"GiPValue":0.3940928678333343,"NNeighbors":301,"Gi_Bin":0}},{"type":"Feature","id":220,"geometry":{"type":"Point","coordinates":[98.995733199955382,18.792221329793684]},"properties":{"OBJECTID":220,"SOURCE_ID":220,"text_lanna":0,"GiZScore":0.69054380103421376,"GiPValue":0.48985227973953893,"NNeighbors":303,"Gi_Bin":0}},{"type":"Feature","id":221,"geometry":{"type":"Point","coordinates":[98.99557092958571,18.792375720249503]},"properties":{"OBJECTID":221,"SOURCE_ID":221,"text_lanna":0,"GiZScore":0.95508902675166829,"GiPValue":0.33953268951136406,"NNeighbors":301,"Gi_Bin":0}},{"type":"Feature","id":222,"geometry":{"type":"Point","coordinates":[98.994944320091093,18.793058469716957]},"properties":{"OBJECTID":222,"SOURCE_ID":222,"text_lanna":0,"GiZScore":0.66152428863956669,"GiPValue":0.50827614768616425,"NNeighbors":311,"Gi_Bin":0}},{"type":"Feature","id":223,"geometry":{"type":"Point","coordinates":[98.994148610178073,18.793681510243708]},"properties":{"OBJECTID":223,"SOURCE_ID":223,"text_lanna":0,"GiZScore":0.77885658852262996,"GiPValue":0.43606420542136692,"NNeighbors":300,"Gi_Bin":0}},{"type":"Feature","id":224,"geometry":{"type":"Point","coordinates":[98.994756479925357,18.790810860202388]},"properties":{"OBJECTID":224,"SOURCE_ID":224,"text_lanna":0,"GiZScore":0.18139442651650967,"GiPValue":0.85605799339332334,"NNeighbors":310,"Gi_Bin":0}},{"type":"Feature","id":225,"geometry":{"type":"Point","coordinates":[99.000698999908863,18.795664869648636]},"properties":{"OBJECTID":225,"SOURCE_ID":225,"text_lanna":0,"GiZScore":-0.32951278829443048,"GiPValue":0.7417681300704364,"NNeighbors":259,"Gi_Bin":0}},{"type":"Feature","id":226,"geometry":{"type":"Point","coordinates":[99.00256147026505,18.797820270162038]},"properties":{"OBJECTID":226,"SOURCE_ID":226,"text_lanna":0,"GiZScore":-0.13386184982199678,"GiPValue":0.89351181817232694,"NNeighbors":238,"Gi_Bin":0}},{"type":"Feature","id":227,"geometry":{"type":"Point","coordinates":[99.00336582023165,18.798664250049846]},"properties":{"OBJECTID":227,"SOURCE_ID":227,"text_lanna":0,"GiZScore":-0.26587081848369354,"GiPValue":0.79033870022365704,"NNeighbors":235,"Gi_Bin":0}},{"type":"Feature","id":228,"geometry":{"type":"Point","coordinates":[99.003501339693429,18.798790810433271]},"properties":{"OBJECTID":228,"SOURCE_ID":228,"text_lanna":0,"GiZScore":-0.34779148204185539,"GiPValue":0.72799678778596022,"NNeighbors":234,"Gi_Bin":0}},{"type":"Feature","id":229,"geometry":{"type":"Point","coordinates":[99.003696990444794,18.798984190206188]},"properties":{"OBJECTID":229,"SOURCE_ID":229,"text_lanna":0,"GiZScore":-0.28595817998226913,"GiPValue":0.77491015251188311,"NNeighbors":232,"Gi_Bin":0}},{"type":"Feature","id":230,"geometry":{"type":"Point","coordinates":[99.003449160403378,18.791320189706383]},"properties":{"OBJECTID":230,"SOURCE_ID":230,"text_lanna":0,"GiZScore":-0.9679798681296975,"GiPValue":0.3330544363616974,"NNeighbors":251,"Gi_Bin":0}},{"type":"Feature","id":231,"geometry":{"type":"Point","coordinates":[99.002924410204471,18.794021559894556]},"properties":{"OBJECTID":231,"SOURCE_ID":231,"text_lanna":0,"GiZScore":-0.48770545043455232,"GiPValue":0.6257584923028785,"NNeighbors":257,"Gi_Bin":0}},{"type":"Feature","id":232,"geometry":{"type":"Point","coordinates":[99.003558539875073,18.792021469937055]},"properties":{"OBJECTID":232,"SOURCE_ID":232,"text_lanna":1,"GiZScore":-0.31793363837914246,"GiPValue":0.75053527619676097,"NNeighbors":244,"Gi_Bin":0}},{"type":"Feature","id":233,"geometry":{"type":"Point","coordinates":[99.003608170113921,18.791590529827989]},"properties":{"OBJECTID":233,"SOURCE_ID":233,"text_lanna":0,"GiZScore":-0.90275584257198382,"GiPValue":0.36665550178785244,"NNeighbors":245,"Gi_Bin":0}},{"type":"Feature","id":234,"geometry":{"type":"Point","coordinates":[99.002951879823542,18.796696719995513]},"properties":{"OBJECTID":234,"SOURCE_ID":234,"text_lanna":0,"GiZScore":-0.25696016315507042,"GiPValue":0.79720952614277352,"NNeighbors":242,"Gi_Bin":0}},{"type":"Feature","id":235,"geometry":{"type":"Point","coordinates":[99.00305465040158,18.795465960092987]},"properties":{"OBJECTID":235,"SOURCE_ID":235,"text_lanna":0,"GiZScore":-0.52845726039432595,"GiPValue":0.5971820060170635,"NNeighbors":251,"Gi_Bin":0}},{"type":"Feature","id":236,"geometry":{"type":"Point","coordinates":[99.003069699639155,18.795285769732654]},"properties":{"OBJECTID":236,"SOURCE_ID":236,"text_lanna":0,"GiZScore":-0.55817884168456045,"GiPValue":0.57672226996738141,"NNeighbors":252,"Gi_Bin":0}},{"type":"Feature","id":237,"geometry":{"type":"Point","coordinates":[99.003084740304075,18.795105580271567]},"properties":{"OBJECTID":237,"SOURCE_ID":237,"text_lanna":2,"GiZScore":-0.55817884168456045,"GiPValue":0.57672226996738141,"NNeighbors":252,"Gi_Bin":0}},{"type":"Feature","id":238,"geometry":{"type":"Point","coordinates":[99.002379139691826,18.797123700366956]},"properties":{"OBJECTID":238,"SOURCE_ID":238,"text_lanna":0,"GiZScore":-0.034122081286175207,"GiPValue":0.9727798004138194,"NNeighbors":242,"Gi_Bin":0}},{"type":"Feature","id":239,"geometry":{"type":"Point","coordinates":[99.002567380037519,18.797100599755908]},"properties":{"OBJECTID":239,"SOURCE_ID":239,"text_lanna":0,"GiZScore":-0.034122081286175207,"GiPValue":0.9727798004138194,"NNeighbors":242,"Gi_Bin":0}},{"type":"Feature","id":240,"geometry":{"type":"Point","coordinates":[99.00275562033184,18.797077499858808]},"properties":{"OBJECTID":240,"SOURCE_ID":240,"text_lanna":1,"GiZScore":-0.1147348626704254,"GiPValue":0.90865527999065931,"NNeighbors":241,"Gi_Bin":0}},{"type":"Feature","id":241,"geometry":{"type":"Point","coordinates":[99.005017110324673,18.797531700387577]},"properties":{"OBJECTID":241,"SOURCE_ID":241,"text_lanna":1,"GiZScore":-0.33735009362347856,"GiPValue":0.73585300187460401,"NNeighbors":230,"Gi_Bin":0}},{"type":"Feature","id":242,"geometry":{"type":"Point","coordinates":[99.005400920308148,18.799604369644268]},"properties":{"OBJECTID":242,"SOURCE_ID":242,"text_lanna":0,"GiZScore":-0.33704010036377746,"GiPValue":0.73608667165517705,"NNeighbors":208,"Gi_Bin":0}},{"type":"Feature","id":243,"geometry":{"type":"Point","coordinates":[99.0051092301034,18.797803169666839]},"properties":{"OBJECTID":243,"SOURCE_ID":243,"text_lanna":0,"GiZScore":-0.35800543190217077,"GiPValue":0.72033924924251558,"NNeighbors":227,"Gi_Bin":0}},{"type":"Feature","id":244,"geometry":{"type":"Point","coordinates":[99.000927279729552,18.795320959976152]},"properties":{"OBJECTID":244,"SOURCE_ID":244,"text_lanna":0,"GiZScore":-0.43810608618754876,"GiPValue":0.66130938397501637,"NNeighbors":259,"Gi_Bin":0}},{"type":"Feature","id":245,"geometry":{"type":"Point","coordinates":[98.982868690403166,18.79703066997358]},"properties":{"OBJECTID":245,"SOURCE_ID":245,"text_lanna":0,"GiZScore":0.53963678025408157,"GiPValue":0.58944754873397387,"NNeighbors":266,"Gi_Bin":0}},{"type":"Feature","id":246,"geometry":{"type":"Point","coordinates":[98.98585160017727,18.798378440055778]},"properties":{"OBJECTID":246,"SOURCE_ID":246,"text_lanna":0,"GiZScore":0.38547214837535282,"GiPValue":0.69988763845494506,"NNeighbors":264,"Gi_Bin":0}},{"type":"Feature","id":247,"geometry":{"type":"Point","coordinates":[98.985323640352703,18.798400329718387]},"properties":{"OBJECTID":247,"SOURCE_ID":247,"text_lanna":0,"GiZScore":0.46266062197235924,"GiPValue":0.64360764962834904,"NNeighbors":265,"Gi_Bin":0}},{"type":"Feature","id":248,"geometry":{"type":"Point","coordinates":[98.984675779870017,18.798425939826039]},"properties":{"OBJECTID":248,"SOURCE_ID":248,"text_lanna":0,"GiZScore":0.55560790247715508,"GiPValue":0.57847893054302524,"NNeighbors":276,"Gi_Bin":0}},{"type":"Feature","id":249,"geometry":{"type":"Point","coordinates":[98.983895379557964,18.798460729632254]},"properties":{"OBJECTID":249,"SOURCE_ID":249,"text_lanna":2,"GiZScore":0.31078222874013078,"GiPValue":0.75596618102665525,"NNeighbors":270,"Gi_Bin":0}},{"type":"Feature","id":250,"geometry":{"type":"Point","coordinates":[98.987689390260854,18.802700540287773]},"properties":{"OBJECTID":250,"SOURCE_ID":250,"text_lanna":0,"GiZScore":0.4738879814624497,"GiPValue":0.63557979170051015,"NNeighbors":219,"Gi_Bin":0}},{"type":"Feature","id":251,"geometry":{"type":"Point","coordinates":[99.007881809571856,18.798628769571195]},"properties":{"OBJECTID":251,"SOURCE_ID":251,"text_lanna":0,"GiZScore":-0.37023805822258443,"GiPValue":0.71120512260343727,"NNeighbors":198,"Gi_Bin":0}},{"type":"Feature","id":252,"geometry":{"type":"Point","coordinates":[99.01281973025911,18.807088830079262]},"properties":{"OBJECTID":252,"SOURCE_ID":252,"text_lanna":0,"GiZScore":-0.66943883254788084,"GiPValue":0.50321559158534779,"NNeighbors":74,"Gi_Bin":0}},{"type":"Feature","id":253,"geometry":{"type":"Point","coordinates":[99.012786720224824,18.806864380377007]},"properties":{"OBJECTID":253,"SOURCE_ID":253,"text_lanna":0,"GiZScore":-0.66943883254788084,"GiPValue":0.50321559158534779,"NNeighbors":74,"Gi_Bin":0}},{"type":"Feature","id":254,"geometry":{"type":"Point","coordinates":[99.012575949705308,18.806066959600063]},"properties":{"OBJECTID":254,"SOURCE_ID":254,"text_lanna":0,"GiZScore":-0.50864090640021653,"GiPValue":0.61100395242717265,"NNeighbors":86,"Gi_Bin":0}},{"type":"Feature","id":255,"geometry":{"type":"Point","coordinates":[99.012000120413504,18.804227969797239]},"properties":{"OBJECTID":255,"SOURCE_ID":255,"text_lanna":0,"GiZScore":-0.79068800628016167,"GiPValue":0.42912608364489591,"NNeighbors":108,"Gi_Bin":0}},{"type":"Feature","id":256,"geometry":{"type":"Point","coordinates":[98.976461930084028,18.790463539793194]},"properties":{"OBJECTID":256,"SOURCE_ID":256,"text_lanna":0,"GiZScore":0.87535837920247439,"GiPValue":0.38137894785998572,"NNeighbors":238,"Gi_Bin":0}},{"type":"Feature","id":257,"geometry":{"type":"Point","coordinates":[98.997868780184263,18.76255637986765]},"properties":{"OBJECTID":257,"SOURCE_ID":257,"text_lanna":0,"GiZScore":1.9193136974923124,"GiPValue":0.054944645556039645,"NNeighbors":163,"Gi_Bin":1}},{"type":"Feature","id":258,"geometry":{"type":"Point","coordinates":[98.99840059964643,18.76209749038124]},"properties":{"OBJECTID":258,"SOURCE_ID":258,"text_lanna":0,"GiZScore":1.9370781665436709,"GiPValue":0.052735789079401067,"NNeighbors":150,"Gi_Bin":1}},{"type":"Feature","id":259,"geometry":{"type":"Point","coordinates":[98.99853136960148,18.761916130287265]},"properties":{"OBJECTID":259,"SOURCE_ID":259,"text_lanna":0,"GiZScore":1.9370781665436709,"GiPValue":0.052735789079401067,"NNeighbors":150,"Gi_Bin":1}},{"type":"Feature","id":260,"geometry":{"type":"Point","coordinates":[98.998634449916111,18.761764369980551]},"properties":{"OBJECTID":260,"SOURCE_ID":260,"text_lanna":0,"GiZScore":1.9370781665436709,"GiPValue":0.052735789079401067,"NNeighbors":150,"Gi_Bin":1}},{"type":"Feature","id":261,"geometry":{"type":"Point","coordinates":[98.99948735954024,18.762625519620187]},"properties":{"OBJECTID":261,"SOURCE_ID":261,"text_lanna":0,"GiZScore":1.8710898871260642,"GiPValue":0.061332623072591436,"NNeighbors":161,"Gi_Bin":1}},{"type":"Feature","id":262,"geometry":{"type":"Point","coordinates":[98.998441889795117,18.762074379872768]},"properties":{"OBJECTID":262,"SOURCE_ID":262,"text_lanna":0,"GiZScore":1.9370781665436709,"GiPValue":0.052735789079401067,"NNeighbors":150,"Gi_Bin":1}},{"type":"Feature","id":263,"geometry":{"type":"Point","coordinates":[99.000360790028154,18.764108810025338]},"properties":{"OBJECTID":263,"SOURCE_ID":263,"text_lanna":0,"GiZScore":1.8746107309482434,"GiPValue":0.060846295816100682,"NNeighbors":180,"Gi_Bin":1}},{"type":"Feature","id":264,"geometry":{"type":"Point","coordinates":[98.997724629912554,18.762903439573332]},"properties":{"OBJECTID":264,"SOURCE_ID":264,"text_lanna":1,"GiZScore":1.7151151013835439,"GiPValue":0.086324126131718221,"NNeighbors":168,"Gi_Bin":1}},{"type":"Feature","id":265,"geometry":{"type":"Point","coordinates":[98.998120780445603,18.76324707005362]},"properties":{"OBJECTID":265,"SOURCE_ID":265,"text_lanna":0,"GiZScore":1.7235401768780889,"GiPValue":0.084790886192011777,"NNeighbors":171,"Gi_Bin":1}},{"type":"Feature","id":266,"geometry":{"type":"Point","coordinates":[98.998395949740228,18.763496030134863]},"properties":{"OBJECTID":266,"SOURCE_ID":266,"text_lanna":1,"GiZScore":1.6837207190194048,"GiPValue":0.092235655244143622,"NNeighbors":172,"Gi_Bin":1}},{"type":"Feature","id":267,"geometry":{"type":"Point","coordinates":[98.998591079676231,18.763672590094838]},"properties":{"OBJECTID":267,"SOURCE_ID":267,"text_lanna":0,"GiZScore":1.6047208800154442,"GiPValue":0.10855524471625203,"NNeighbors":174,"Gi_Bin":0}},{"type":"Feature","id":268,"geometry":{"type":"Point","coordinates":[98.9989583603612,18.763985820429749]},"properties":{"OBJECTID":268,"SOURCE_ID":268,"text_lanna":0,"GiZScore":1.7491137782487793,"GiPValue":0.080271354024377586,"NNeighbors":180,"Gi_Bin":1}},{"type":"Feature","id":269,"geometry":{"type":"Point","coordinates":[99.000326460372463,18.764831150040926]},"properties":{"OBJECTID":269,"SOURCE_ID":269,"text_lanna":0,"GiZScore":1.7178823200921678,"GiPValue":0.085818082256888792,"NNeighbors":197,"Gi_Bin":1}},{"type":"Feature","id":270,"geometry":{"type":"Point","coordinates":[98.996545720039052,18.764915480116567]},"properties":{"OBJECTID":270,"SOURCE_ID":270,"text_lanna":0,"GiZScore":1.2503385546752082,"GiPValue":0.21117592438719313,"NNeighbors":220,"Gi_Bin":0}},{"type":"Feature","id":271,"geometry":{"type":"Point","coordinates":[98.997754530242332,18.765672979645309]},"properties":{"OBJECTID":271,"SOURCE_ID":271,"text_lanna":0,"GiZScore":1.284819286638835,"GiPValue":0.19885544106896774,"NNeighbors":219,"Gi_Bin":0}},{"type":"Feature","id":272,"geometry":{"type":"Point","coordinates":[98.999957639817296,18.765989539707093]},"properties":{"OBJECTID":272,"SOURCE_ID":272,"text_lanna":1,"GiZScore":1.6733745333850696,"GiPValue":0.094253588003359728,"NNeighbors":208,"Gi_Bin":1}},{"type":"Feature","id":273,"geometry":{"type":"Point","coordinates":[99.004364490422361,18.784004869979665]},"properties":{"OBJECTID":273,"SOURCE_ID":273,"text_lanna":1,"GiZScore":1.6798109608271943,"GiPValue":0.092994101885844352,"NNeighbors":254,"Gi_Bin":1}},{"type":"Feature","id":274,"geometry":{"type":"Point","coordinates":[99.004553779660867,18.784017850206162]},"properties":{"OBJECTID":274,"SOURCE_ID":274,"text_lanna":0,"GiZScore":1.6253120994590096,"GiPValue":0.10409607461682517,"NNeighbors":249,"Gi_Bin":0}},{"type":"Feature","id":275,"geometry":{"type":"Point","coordinates":[98.999728030059742,18.786004710411355]},"properties":{"OBJECTID":275,"SOURCE_ID":275,"text_lanna":0,"GiZScore":0.10800071752242998,"GiPValue":0.9139951230518355,"NNeighbors":309,"Gi_Bin":0}},{"type":"Feature","id":276,"geometry":{"type":"Point","coordinates":[98.999926049813823,18.786974869687143]},"properties":{"OBJECTID":276,"SOURCE_ID":276,"text_lanna":0,"GiZScore":0.2605787257640842,"GiPValue":0.79441739766785724,"NNeighbors":293,"Gi_Bin":0}},{"type":"Feature","id":277,"geometry":{"type":"Point","coordinates":[98.999077500012291,18.781414129623112]},"properties":{"OBJECTID":277,"SOURCE_ID":277,"text_lanna":0,"GiZScore":0.52729562967376076,"GiPValue":0.59798831087720017,"NNeighbors":291,"Gi_Bin":0}},{"type":"Feature","id":278,"geometry":{"type":"Point","coordinates":[98.999313819751251,18.78299794985212]},"properties":{"OBJECTID":278,"SOURCE_ID":278,"text_lanna":1,"GiZScore":0.46988868563761976,"GiPValue":0.63843454982012715,"NNeighbors":300,"Gi_Bin":0}},{"type":"Feature","id":279,"geometry":{"type":"Point","coordinates":[98.999363359606733,18.783538159552858]},"properties":{"OBJECTID":279,"SOURCE_ID":279,"text_lanna":0,"GiZScore":0.69054380103421376,"GiPValue":0.48985227973953893,"NNeighbors":303,"Gi_Bin":0}},{"type":"Feature","id":280,"geometry":{"type":"Point","coordinates":[98.999379869799014,18.783718239686181]},"properties":{"OBJECTID":280,"SOURCE_ID":280,"text_lanna":1,"GiZScore":0.66124711402148761,"GiPValue":0.5084538555152196,"NNeighbors":304,"Gi_Bin":0}},{"type":"Feature","id":281,"geometry":{"type":"Point","coordinates":[98.999396390464341,18.783898309872942]},"properties":{"OBJECTID":281,"SOURCE_ID":281,"text_lanna":1,"GiZScore":0.55872818161505544,"GiPValue":0.57634724564335027,"NNeighbors":304,"Gi_Bin":0}},{"type":"Feature","id":282,"geometry":{"type":"Point","coordinates":[98.998410420415397,18.784271080221799]},"properties":{"OBJECTID":282,"SOURCE_ID":282,"text_lanna":0,"GiZScore":0.34062659972456388,"GiPValue":0.73338470265976652,"NNeighbors":308,"Gi_Bin":0}},{"type":"Feature","id":283,"geometry":{"type":"Point","coordinates":[98.998359220045785,18.783526039940323]},"properties":{"OBJECTID":283,"SOURCE_ID":283,"text_lanna":0,"GiZScore":0.29599651123642057,"GiPValue":0.76723274611077952,"NNeighbors":306,"Gi_Bin":0}},{"type":"Feature","id":284,"geometry":{"type":"Point","coordinates":[98.998440230010075,18.781716389754084]},"properties":{"OBJECTID":284,"SOURCE_ID":284,"text_lanna":0,"GiZScore":0.32481016491412701,"GiPValue":0.74532475137051446,"NNeighbors":305,"Gi_Bin":0}},{"type":"Feature","id":285,"geometry":{"type":"Point","coordinates":[98.998259339672074,18.780678170429358]},"properties":{"OBJECTID":285,"SOURCE_ID":285,"text_lanna":0,"GiZScore":0.46988868563761976,"GiPValue":0.63843454982012715,"NNeighbors":300,"Gi_Bin":0}},{"type":"Feature","id":286,"geometry":{"type":"Point","coordinates":[98.997433310214632,18.779224710305499]},"properties":{"OBJECTID":286,"SOURCE_ID":286,"text_lanna":1,"GiZScore":0.98483519044597012,"GiPValue":0.3247050448436144,"NNeighbors":300,"Gi_Bin":0}},{"type":"Feature","id":287,"geometry":{"type":"Point","coordinates":[98.997065120428132,18.778871800180156]},"properties":{"OBJECTID":287,"SOURCE_ID":287,"text_lanna":0,"GiZScore":1.0713228436472162,"GiPValue":0.2840243080259347,"NNeighbors":304,"Gi_Bin":0}},{"type":"Feature","id":288,"geometry":{"type":"Point","coordinates":[99.002966619872566,18.784592189788334]},"properties":{"OBJECTID":288,"SOURCE_ID":288,"text_lanna":0,"GiZScore":1.4671477580947354,"GiPValue":0.14233586478286592,"NNeighbors":274,"Gi_Bin":0}},{"type":"Feature","id":289,"geometry":{"type":"Point","coordinates":[99.002941220191659,18.785119910156201]},"properties":{"OBJECTID":289,"SOURCE_ID":289,"text_lanna":1,"GiZScore":1.17920928685102,"GiPValue":0.23831486985239614,"NNeighbors":273,"Gi_Bin":0}},{"type":"Feature","id":290,"geometry":{"type":"Point","coordinates":[99.002903640340634,18.785660080379621]},"properties":{"OBJECTID":290,"SOURCE_ID":290,"text_lanna":0,"GiZScore":0.88794784818222972,"GiPValue":0.37456881462718106,"NNeighbors":279,"Gi_Bin":0}},{"type":"Feature","id":291,"geometry":{"type":"Point","coordinates":[99.004107550458343,18.789874760315943]},"properties":{"OBJECTID":291,"SOURCE_ID":291,"text_lanna":0,"GiZScore":-1.0488829357246017,"GiPValue":0.29423201546408739,"NNeighbors":250,"Gi_Bin":0}},{"type":"Feature","id":292,"geometry":{"type":"Point","coordinates":[99.003602940100706,18.790724929753065]},"properties":{"OBJECTID":292,"SOURCE_ID":292,"text_lanna":1,"GiZScore":-0.94553461897599045,"GiPValue":0.34438601689067494,"NNeighbors":254,"Gi_Bin":0}},{"type":"Feature","id":293,"geometry":{"type":"Point","coordinates":[98.979308320006524,18.768281399660562]},"properties":{"OBJECTID":293,"SOURCE_ID":293,"text_lanna":0,"GiZScore":-1.1564840253820872,"GiPValue":0.24748324980544256,"NNeighbors":200,"Gi_Bin":0}},{"type":"Feature","id":294,"geometry":{"type":"Point","coordinates":[98.979093949757115,18.768342529927626]},"properties":{"OBJECTID":294,"SOURCE_ID":294,"text_lanna":0,"GiZScore":-0.99968745461909536,"GiPValue":0.31746179855153889,"NNeighbors":195,"Gi_Bin":0}},{"type":"Feature","id":295,"geometry":{"type":"Point","coordinates":[98.988296329814844,18.766324859563412]},"properties":{"OBJECTID":295,"SOURCE_ID":295,"text_lanna":0,"GiZScore":-1.666054730276977,"GiPValue":0.095702514003850714,"NNeighbors":268,"Gi_Bin":-1}},{"type":"Feature","id":296,"geometry":{"type":"Point","coordinates":[98.989019040291069,18.766083069649632]},"properties":{"OBJECTID":296,"SOURCE_ID":296,"text_lanna":1,"GiZScore":-0.72175057027688039,"GiPValue":0.47044784992943034,"NNeighbors":265,"Gi_Bin":0}},{"type":"Feature","id":297,"geometry":{"type":"Point","coordinates":[98.989735620203646,18.765844629664404]},"properties":{"OBJECTID":297,"SOURCE_ID":297,"text_lanna":0,"GiZScore":-0.52645192245917993,"GiPValue":0.59857425014931398,"NNeighbors":262,"Gi_Bin":0}},{"type":"Feature","id":298,"geometry":{"type":"Point","coordinates":[98.991831910360261,18.764702710359241]},"properties":{"OBJECTID":298,"SOURCE_ID":298,"text_lanna":0,"GiZScore":-0.1147348626704254,"GiPValue":0.90865527999065931,"NNeighbors":241,"Gi_Bin":0}},{"type":"Feature","id":299,"geometry":{"type":"Point","coordinates":[98.991976920074762,18.764586120313208]},"properties":{"OBJECTID":299,"SOURCE_ID":299,"text_lanna":0,"GiZScore":-0.14554112222062279,"GiPValue":0.88428365057638769,"NNeighbors":242,"Gi_Bin":0}},{"type":"Feature","id":300,"geometry":{"type":"Point","coordinates":[98.99212192010252,18.764469520211108]},"properties":{"OBJECTID":300,"SOURCE_ID":300,"text_lanna":0,"GiZScore":-0.083831019630151896,"GiPValue":0.93319078472284445,"NNeighbors":240,"Gi_Bin":0}},{"type":"Feature","id":301,"geometry":{"type":"Point","coordinates":[98.992483779955222,18.764174850286711]},"properties":{"OBJECTID":301,"SOURCE_ID":301,"text_lanna":0,"GiZScore":0.10370253115649686,"GiPValue":0.91740541792552521,"NNeighbors":234,"Gi_Bin":0}},{"type":"Feature","id":302,"geometry":{"type":"Point","coordinates":[98.992723820123956,18.76398027980175]},"properties":{"OBJECTID":302,"SOURCE_ID":302,"text_lanna":0,"GiZScore":0.24528183579473292,"GiPValue":0.8062382154010953,"NNeighbors":226,"Gi_Bin":0}},{"type":"Feature","id":303,"geometry":{"type":"Point","coordinates":[99.024446169703808,18.762811130182545]},"properties":{"OBJECTID":303,"SOURCE_ID":303,"text_lanna":1,"GiZScore":1.7251188711934711,"GiPValue":0.08450605232142272,"NNeighbors":111,"Gi_Bin":1}},{"type":"Feature","id":304,"geometry":{"type":"Point","coordinates":[99.023088600395354,18.76232558977221]},"properties":{"OBJECTID":304,"SOURCE_ID":304,"text_lanna":0,"GiZScore":1.8295896433354384,"GiPValue":0.067311323552836935,"NNeighbors":112,"Gi_Bin":1}},{"type":"Feature","id":305,"geometry":{"type":"Point","coordinates":[99.022759610428935,18.762203529663818]},"properties":{"OBJECTID":305,"SOURCE_ID":305,"text_lanna":0,"GiZScore":1.8295896433354384,"GiPValue":0.067311323552836935,"NNeighbors":112,"Gi_Bin":1}},{"type":"Feature","id":306,"geometry":{"type":"Point","coordinates":[98.987020880441008,18.766620660356764]},"properties":{"OBJECTID":306,"SOURCE_ID":306,"text_lanna":0,"GiZScore":-1.4834139970349995,"GiPValue":0.13796445084404815,"NNeighbors":273,"Gi_Bin":0}},{"type":"Feature","id":307,"geometry":{"type":"Point","coordinates":[98.986577200224886,18.766765980348641]},"properties":{"OBJECTID":307,"SOURCE_ID":307,"text_lanna":0,"GiZScore":-1.3163571964470229,"GiPValue":0.18805418182196484,"NNeighbors":267,"Gi_Bin":0}},{"type":"Feature","id":308,"geometry":{"type":"Point","coordinates":[98.986397650201539,18.766824469776676]},"properties":{"OBJECTID":308,"SOURCE_ID":308,"text_lanna":0,"GiZScore":-1.3957977491752533,"GiPValue":0.16277540838711155,"NNeighbors":266,"Gi_Bin":0}},{"type":"Feature","id":309,"geometry":{"type":"Point","coordinates":[98.985091660465642,18.767246700067826]},"properties":{"OBJECTID":309,"SOURCE_ID":309,"text_lanna":0,"GiZScore":-1.7913219388188821,"GiPValue":0.073241647523369757,"NNeighbors":249,"Gi_Bin":-1}},{"type":"Feature","id":310,"geometry":{"type":"Point","coordinates":[98.984679549952546,18.767355870028879]},"properties":{"OBJECTID":310,"SOURCE_ID":310,"text_lanna":0,"GiZScore":-1.8458751962764435,"GiPValue":0.064910328909759424,"NNeighbors":247,"Gi_Bin":-1}},{"type":"Feature","id":311,"geometry":{"type":"Point","coordinates":[98.984496419809702,18.767403249740056]},"properties":{"OBJECTID":311,"SOURCE_ID":311,"text_lanna":0,"GiZScore":-1.761824397830271,"GiPValue":0.078098971218838631,"NNeighbors":244,"Gi_Bin":-1}},{"type":"Feature","id":312,"geometry":{"type":"Point","coordinates":[98.984244620055904,18.767454659828445]},"properties":{"OBJECTID":312,"SOURCE_ID":312,"text_lanna":1,"GiZScore":-1.7899170544661407,"GiPValue":0.073467246730465452,"NNeighbors":245,"Gi_Bin":-1}},{"type":"Feature","id":313,"geometry":{"type":"Point","coordinates":[98.98314323002603,18.767642339930237]},"properties":{"OBJECTID":313,"SOURCE_ID":313,"text_lanna":0,"GiZScore":-1.531716587825815,"GiPValue":0.12559238722143837,"NNeighbors":232,"Gi_Bin":0}},{"type":"Feature","id":314,"geometry":{"type":"Point","coordinates":[98.982902810200954,18.767677829858759]},"properties":{"OBJECTID":314,"SOURCE_ID":314,"text_lanna":0,"GiZScore":-1.4736872510920378,"GiPValue":0.14056581700643908,"NNeighbors":230,"Gi_Bin":0}},{"type":"Feature","id":315,"geometry":{"type":"Point","coordinates":[98.982715210470303,18.767705070044599]},"properties":{"OBJECTID":315,"SOURCE_ID":315,"text_lanna":1,"GiZScore":-1.5583677473016035,"GiPValue":0.11914609764645281,"NNeighbors":229,"Gi_Bin":0}},{"type":"Feature","id":316,"geometry":{"type":"Point","coordinates":[98.982024920230302,18.767803379900005]},"properties":{"OBJECTID":316,"SOURCE_ID":316,"text_lanna":0,"GiZScore":-1.4122608460490385,"GiPValue":0.15787317053652447,"NNeighbors":224,"Gi_Bin":0}},{"type":"Feature","id":317,"geometry":{"type":"Point","coordinates":[98.993049320251174,18.763548230132496]},"properties":{"OBJECTID":317,"SOURCE_ID":317,"text_lanna":0,"GiZScore":0.67463539218424873,"GiPValue":0.49990744575975044,"NNeighbors":213,"Gi_Bin":0}},{"type":"Feature","id":318,"geometry":{"type":"Point","coordinates":[98.992545789942767,18.763962420196023]},"properties":{"OBJECTID":318,"SOURCE_ID":318,"text_lanna":0,"GiZScore":0.21308997292681445,"GiPValue":0.83125678563184335,"NNeighbors":227,"Gi_Bin":0}},{"type":"Feature","id":319,"geometry":{"type":"Point","coordinates":[98.991774709975147,18.764594270052676]},"properties":{"OBJECTID":319,"SOURCE_ID":319,"text_lanna":0,"GiZScore":-0.083831019630151896,"GiPValue":0.93319078472284445,"NNeighbors":240,"Gi_Bin":0}},{"type":"Feature","id":320,"geometry":{"type":"Point","coordinates":[98.991629420236293,18.764710539987028]},"properties":{"OBJECTID":320,"SOURCE_ID":320,"text_lanna":0,"GiZScore":-0.17625085871962368,"GiPValue":0.8600968667144786,"NNeighbors":243,"Gi_Bin":0}},{"type":"Feature","id":321,"geometry":{"type":"Point","coordinates":[98.990725409962934,18.765303770402337]},"properties":{"OBJECTID":321,"SOURCE_ID":321,"text_lanna":0,"GiZScore":-0.61736642150059229,"GiPValue":0.53699306828331139,"NNeighbors":254,"Gi_Bin":0}},{"type":"Feature","id":322,"geometry":{"type":"Point","coordinates":[99.008257780455111,18.760089509847869]},"properties":{"OBJECTID":322,"SOURCE_ID":322,"text_lanna":0,"GiZScore":0.98367801984469372,"GiPValue":0.32527386323324947,"NNeighbors":107,"Gi_Bin":0}},{"type":"Feature","id":323,"geometry":{"type":"Point","coordinates":[99.007852100336763,18.760026339615628]},"properties":{"OBJECTID":323,"SOURCE_ID":323,"text_lanna":2,"GiZScore":1.3574150110291532,"GiPValue":0.17464938125712762,"NNeighbors":109,"Gi_Bin":0}},{"type":"Feature","id":324,"geometry":{"type":"Point","coordinates":[99.007480310086038,18.759953810193114]},"properties":{"OBJECTID":324,"SOURCE_ID":324,"text_lanna":0,"GiZScore":1.4150722332929313,"GiPValue":0.15704731839224778,"NNeighbors":111,"Gi_Bin":0}},{"type":"Feature","id":325,"geometry":{"type":"Point","coordinates":[99.009376330162993,18.761468189693456]},"properties":{"OBJECTID":325,"SOURCE_ID":325,"text_lanna":1,"GiZScore":2.292972736157834,"GiPValue":0.021849574640450387,"NNeighbors":142,"Gi_Bin":2}},{"type":"Feature","id":326,"geometry":{"type":"Point","coordinates":[99.012218499750261,18.769110339782966]},"properties":{"OBJECTID":326,"SOURCE_ID":326,"text_lanna":0,"GiZScore":3.8823875836979593,"GiPValue":0.00010343583847249474,"NNeighbors":163,"Gi_Bin":3}},{"type":"Feature","id":327,"geometry":{"type":"Point","coordinates":[99.012217599585654,18.768929589776935]},"properties":{"OBJECTID":327,"SOURCE_ID":327,"text_lanna":1,"GiZScore":3.8823875836979593,"GiPValue":0.00010343583847249474,"NNeighbors":163,"Gi_Bin":3}},{"type":"Feature","id":328,"geometry":{"type":"Point","coordinates":[99.012215800210683,18.768568079812624]},"properties":{"OBJECTID":328,"SOURCE_ID":328,"text_lanna":1,"GiZScore":3.8359628842570404,"GiPValue":0.0001250732971075999,"NNeighbors":164,"Gi_Bin":3}},{"type":"Feature","id":329,"geometry":{"type":"Point","coordinates":[99.012221370363406,18.768247239950913]},"properties":{"OBJECTID":329,"SOURCE_ID":329,"text_lanna":1,"GiZScore":2.5736716595608615,"GiPValue":0.010062571623132606,"NNeighbors":163,"Gi_Bin":2}},{"type":"Feature","id":330,"geometry":{"type":"Point","coordinates":[99.012252389733163,18.767600749819707]},"properties":{"OBJECTID":330,"SOURCE_ID":330,"text_lanna":1,"GiZScore":2.7045432519745711,"GiPValue":0.006839836465682223,"NNeighbors":163,"Gi_Bin":3}},{"type":"Feature","id":331,"geometry":{"type":"Point","coordinates":[99.011631320466648,18.771379990448288]},"properties":{"OBJECTID":331,"SOURCE_ID":331,"text_lanna":0,"GiZScore":4.0036883927342943,"GiPValue":6.2362495967541745e-05,"NNeighbors":166,"Gi_Bin":3}},{"type":"Feature","id":332,"geometry":{"type":"Point","coordinates":[99.01087845020075,18.773435460021929]},"properties":{"OBJECTID":332,"SOURCE_ID":332,"text_lanna":0,"GiZScore":3.3466547624953602,"GiPValue":0.00081793007795705989,"NNeighbors":172,"Gi_Bin":3}},{"type":"Feature","id":333,"geometry":{"type":"Point","coordinates":[99.010772369593127,18.773585339947733]},"properties":{"OBJECTID":333,"SOURCE_ID":333,"text_lanna":0,"GiZScore":3.6024907691839685,"GiPValue":0.00031518259606958383,"NNeighbors":172,"Gi_Bin":3}},{"type":"Feature","id":334,"geometry":{"type":"Point","coordinates":[99.010654879677901,18.773762040446126]},"properties":{"OBJECTID":334,"SOURCE_ID":334,"text_lanna":1,"GiZScore":3.5535118708432338,"GiPValue":0.00038012404130864007,"NNeighbors":176,"Gi_Bin":3}},{"type":"Feature","id":335,"geometry":{"type":"Point","coordinates":[99.017897449727911,18.785410820090206]},"properties":{"OBJECTID":335,"SOURCE_ID":335,"text_lanna":0,"GiZScore":-0.30550337354075396,"GiPValue":0.75998280143145802,"NNeighbors":163,"Gi_Bin":0}},{"type":"Feature","id":336,"geometry":{"type":"Point","coordinates":[99.017901100297536,18.785591549599722]},"properties":{"OBJECTID":336,"SOURCE_ID":336,"text_lanna":2,"GiZScore":-0.46170525466398765,"GiPValue":0.64429270382393988,"NNeighbors":160,"Gi_Bin":0}},{"type":"Feature","id":337,"geometry":{"type":"Point","coordinates":[99.017919359904695,18.786495169979375]},"properties":{"OBJECTID":337,"SOURCE_ID":337,"text_lanna":0,"GiZScore":-0.75348376126091032,"GiPValue":0.45115927193725291,"NNeighbors":157,"Gi_Bin":0}},{"type":"Feature","id":338,"geometry":{"type":"Point","coordinates":[99.01791789960167,18.786845900006586]},"properties":{"OBJECTID":338,"SOURCE_ID":338,"text_lanna":0,"GiZScore":-0.92094751410336906,"GiPValue":0.35707784083192484,"NNeighbors":158,"Gi_Bin":0}},{"type":"Feature","id":339,"geometry":{"type":"Point","coordinates":[99.013378260458168,18.800863130340769]},"properties":{"OBJECTID":339,"SOURCE_ID":339,"text_lanna":0,"GiZScore":-1.8868143514256539,"GiPValue":0.059185300139949597,"NNeighbors":121,"Gi_Bin":-1}},{"type":"Feature","id":340,"geometry":{"type":"Point","coordinates":[99.013150180394092,18.801117959604429]},"properties":{"OBJECTID":340,"SOURCE_ID":340,"text_lanna":0,"GiZScore":-1.104365551875,"GiPValue":0.26943461518858358,"NNeighbors":124,"Gi_Bin":0}},{"type":"Feature","id":341,"geometry":{"type":"Point","coordinates":[99.011184690022446,18.803763760108058]},"properties":{"OBJECTID":341,"SOURCE_ID":341,"text_lanna":0,"GiZScore":-1.0297768966010199,"GiPValue":0.30311476299756857,"NNeighbors":122,"Gi_Bin":0}},{"type":"Feature","id":342,"geometry":{"type":"Point","coordinates":[99.009685419607791,18.801838269928449]},"properties":{"OBJECTID":342,"SOURCE_ID":342,"text_lanna":0,"GiZScore":-0.44167288304466934,"GiPValue":0.65872593638310017,"NNeighbors":152,"Gi_Bin":0}},{"type":"Feature","id":343,"geometry":{"type":"Point","coordinates":[99.015537390432968,18.802617349946207]},"properties":{"OBJECTID":343,"SOURCE_ID":343,"text_lanna":0,"GiZScore":-1.9408088205316965,"GiPValue":0.052281470739631533,"NNeighbors":87,"Gi_Bin":-1}},{"type":"Feature","id":344,"geometry":{"type":"Point","coordinates":[99.014424190303984,18.803391259608752]},"properties":{"OBJECTID":344,"SOURCE_ID":344,"text_lanna":0,"GiZScore":-1.9408088205316965,"GiPValue":0.052281470739631533,"NNeighbors":87,"Gi_Bin":-1}},{"type":"Feature","id":345,"geometry":{"type":"Point","coordinates":[99.015204239613794,18.805013229797005]},"properties":{"OBJECTID":345,"SOURCE_ID":345,"text_lanna":0,"GiZScore":-1.7754735419413568,"GiPValue":0.075819730443427838,"NNeighbors":69,"Gi_Bin":-1}},{"type":"Feature","id":346,"geometry":{"type":"Point","coordinates":[99.014372820123427,18.806026320310743]},"properties":{"OBJECTID":346,"SOURCE_ID":346,"text_lanna":0,"GiZScore":-1.6671565036041467,"GiPValue":0.095483289163322882,"NNeighbors":71,"Gi_Bin":-1}},{"type":"Feature","id":347,"geometry":{"type":"Point","coordinates":[99.014509560150231,18.805900949896383]},"properties":{"OBJECTID":347,"SOURCE_ID":347,"text_lanna":0,"GiZScore":-1.6671565036041467,"GiPValue":0.095483289163322882,"NNeighbors":71,"Gi_Bin":-1}},{"type":"Feature","id":348,"geometry":{"type":"Point","coordinates":[99.014783039597958,18.805650229549538]},"properties":{"OBJECTID":348,"SOURCE_ID":348,"text_lanna":0,"GiZScore":-1.6249626495316969,"GiPValue":0.10417051757682168,"NNeighbors":70,"Gi_Bin":0}},{"type":"Feature","id":349,"geometry":{"type":"Point","coordinates":[99.013866090383118,18.806298999672933]},"properties":{"OBJECTID":349,"SOURCE_ID":349,"text_lanna":0,"GiZScore":-1.6671565036041467,"GiPValue":0.095483289163322882,"NNeighbors":71,"Gi_Bin":-1}},{"type":"Feature","id":350,"geometry":{"type":"Point","coordinates":[99.014373040260224,18.805299420318473]},"properties":{"OBJECTID":350,"SOURCE_ID":350,"text_lanna":0,"GiZScore":-1.7501673062779908,"GiPValue":0.080089448479591832,"NNeighbors":73,"Gi_Bin":-1}},{"type":"Feature","id":351,"geometry":{"type":"Point","coordinates":[98.99807433020186,18.789860779597067]},"properties":{"OBJECTID":351,"SOURCE_ID":351,"text_lanna":0,"GiZScore":-0.50388676439658886,"GiPValue":0.61434095387781706,"NNeighbors":298,"Gi_Bin":0}},{"type":"Feature","id":352,"geometry":{"type":"Point","coordinates":[98.997767029767601,18.790092169654745]},"properties":{"OBJECTID":352,"SOURCE_ID":352,"text_lanna":0,"GiZScore":-0.44751591285352005,"GiPValue":0.65450260235656876,"NNeighbors":296,"Gi_Bin":0}},{"type":"Feature","id":353,"geometry":{"type":"Point","coordinates":[99.000184430018095,18.788782769738106]},"properties":{"OBJECTID":353,"SOURCE_ID":353,"text_lanna":0,"GiZScore":-0.32387348126773863,"GiPValue":0.74603382218468628,"NNeighbors":288,"Gi_Bin":0}},{"type":"Feature","id":354,"geometry":{"type":"Point","coordinates":[99.000388639667463,18.789679039862168]},"properties":{"OBJECTID":354,"SOURCE_ID":354,"text_lanna":0,"GiZScore":-0.42807904698222837,"GiPValue":0.66859357226530236,"NNeighbors":277,"Gi_Bin":0}},{"type":"Feature","id":355,"geometry":{"type":"Point","coordinates":[99.000218319736888,18.790002120303956]},"properties":{"OBJECTID":355,"SOURCE_ID":355,"text_lanna":1,"GiZScore":-0.42807904698222837,"GiPValue":0.66859357226530236,"NNeighbors":277,"Gi_Bin":0}},{"type":"Feature","id":356,"geometry":{"type":"Point","coordinates":[98.999034340108707,18.799017610246818]},"properties":{"OBJECTID":356,"SOURCE_ID":356,"text_lanna":0,"GiZScore":0.02094599927488849,"GiPValue":0.98328873254462279,"NNeighbors":251,"Gi_Bin":0}},{"type":"Feature","id":357,"geometry":{"type":"Point","coordinates":[98.999339509671202,18.798947609571197]},"properties":{"OBJECTID":357,"SOURCE_ID":357,"text_lanna":0,"GiZScore":-0.0096001274982608666,"GiPValue":0.99234032414252349,"NNeighbors":252,"Gi_Bin":0}},{"type":"Feature","id":358,"geometry":{"type":"Point","coordinates":[98.999826229574836,18.798689629759266]},"properties":{"OBJECTID":358,"SOURCE_ID":358,"text_lanna":0,"GiZScore":-0.10762290294739033,"GiPValue":0.91429482859823885,"NNeighbors":248,"Gi_Bin":0}},{"type":"Feature","id":359,"geometry":{"type":"Point","coordinates":[98.999971469753632,18.798573259883383]},"properties":{"OBJECTID":359,"SOURCE_ID":359,"text_lanna":0,"GiZScore":-0.24832592153209243,"GiPValue":0.80388224474805592,"NNeighbors":249,"Gi_Bin":0}},{"type":"Feature","id":360,"geometry":{"type":"Point","coordinates":[99.000116700242984,18.798456889893085]},"properties":{"OBJECTID":360,"SOURCE_ID":360,"text_lanna":0,"GiZScore":-0.27855579604489422,"GiPValue":0.78058574033791006,"NNeighbors":250,"Gi_Bin":0}},{"type":"Feature","id":361,"geometry":{"type":"Point","coordinates":[99.000261929583729,18.798340519788344]},"properties":{"OBJECTID":361,"SOURCE_ID":361,"text_lanna":0,"GiZScore":-0.13811192029732172,"GiPValue":0.89015196506033822,"NNeighbors":249,"Gi_Bin":0}},{"type":"Feature","id":362,"geometry":{"type":"Point","coordinates":[98.996898149892502,18.786241800320635]},"properties":{"OBJECTID":362,"SOURCE_ID":362,"text_lanna":1,"GiZScore":0.27395052212283977,"GiPValue":0.78412264541978105,"NNeighbors":321,"Gi_Bin":0}},{"type":"Feature","id":363,"geometry":{"type":"Point","coordinates":[98.996851790372489,18.786053410076658]},"properties":{"OBJECTID":363,"SOURCE_ID":363,"text_lanna":0,"GiZScore":0.24570379248321045,"GiPValue":0.80591153642942304,"NNeighbors":322,"Gi_Bin":0}},{"type":"Feature","id":364,"geometry":{"type":"Point","coordinates":[98.996020340285327,18.789190969863377]},"properties":{"OBJECTID":364,"SOURCE_ID":364,"text_lanna":0,"GiZScore":0.011382462804019857,"GiPValue":0.99091830476900711,"NNeighbors":316,"Gi_Bin":0}},{"type":"Feature","id":365,"geometry":{"type":"Point","coordinates":[99.006931209707673,18.788454829681207]},"properties":{"OBJECTID":365,"SOURCE_ID":365,"text_lanna":0,"GiZScore":0.10370253115649686,"GiPValue":0.91740541792552521,"NNeighbors":234,"Gi_Bin":0}},{"type":"Feature","id":366,"geometry":{"type":"Point","coordinates":[99.007233379741237,18.791219179777627]},"properties":{"OBJECTID":366,"SOURCE_ID":366,"text_lanna":0,"GiZScore":-0.45289065302484782,"GiPValue":0.65062748320961494,"NNeighbors":219,"Gi_Bin":0}},{"type":"Feature","id":367,"geometry":{"type":"Point","coordinates":[99.005535370326598,18.792433860386009]},"properties":{"OBJECTID":367,"SOURCE_ID":367,"text_lanna":0,"GiZScore":-0.30626674969794165,"GiPValue":0.75940155391063002,"NNeighbors":229,"Gi_Bin":0}},{"type":"Feature","id":368,"geometry":{"type":"Point","coordinates":[99.004867509902837,18.792389099870523]},"properties":{"OBJECTID":368,"SOURCE_ID":368,"text_lanna":0,"GiZScore":0.13971836605025317,"GiPValue":0.88888251477059288,"NNeighbors":240,"Gi_Bin":0}},{"type":"Feature","id":369,"geometry":{"type":"Point","coordinates":[99.004324240014299,18.792226809951337]},"properties":{"OBJECTID":369,"SOURCE_ID":369,"text_lanna":0,"GiZScore":-0.034122081286175207,"GiPValue":0.9727798004138194,"NNeighbors":242,"Gi_Bin":0}},{"type":"Feature","id":370,"geometry":{"type":"Point","coordinates":[99.004427719643047,18.809778339974894]},"properties":{"OBJECTID":370,"SOURCE_ID":370,"text_lanna":0,"GiZScore":-1.5325378671275625,"GiPValue":0.12538976059369547,"NNeighbors":136,"Gi_Bin":0}},{"type":"Feature","id":371,"geometry":{"type":"Point","coordinates":[99.004481820043125,18.810280120346896]},"properties":{"OBJECTID":371,"SOURCE_ID":371,"text_lanna":2,"GiZScore":-1.5713778828564298,"GiPValue":0.11609490021720799,"NNeighbors":133,"Gi_Bin":0}},{"type":"Feature","id":372,"geometry":{"type":"Point","coordinates":[98.985013719800861,18.794216519702672]},"properties":{"OBJECTID":372,"SOURCE_ID":372,"text_lanna":0,"GiZScore":0.48227885665192022,"GiPValue":0.6296078667010736,"NNeighbors":289,"Gi_Bin":0}},{"type":"Feature","id":373,"geometry":{"type":"Point","coordinates":[98.984992439606302,18.794396139640021]},"properties":{"OBJECTID":373,"SOURCE_ID":373,"text_lanna":1,"GiZScore":0.48227885665192022,"GiPValue":0.6296078667010736,"NNeighbors":289,"Gi_Bin":0}},{"type":"Feature","id":374,"geometry":{"type":"Point","coordinates":[98.985911890225211,18.794268789741274]},"properties":{"OBJECTID":374,"SOURCE_ID":374,"text_lanna":0,"GiZScore":0.63138853621022195,"GiPValue":0.52778651346065208,"NNeighbors":291,"Gi_Bin":0}},{"type":"Feature","id":375,"geometry":{"type":"Point","coordinates":[98.984335800235215,18.794495100263298]},"properties":{"OBJECTID":375,"SOURCE_ID":375,"text_lanna":0,"GiZScore":0.43705051056887551,"GiPValue":0.66207471826732611,"NNeighbors":287,"Gi_Bin":0}},{"type":"Feature","id":376,"geometry":{"type":"Point","coordinates":[98.978952489925931,18.79450880031969]},"properties":{"OBJECTID":376,"SOURCE_ID":376,"text_lanna":0,"GiZScore":-0.20206562877444811,"GiPValue":0.83986541796509062,"NNeighbors":262,"Gi_Bin":0}},{"type":"Feature","id":377,"geometry":{"type":"Point","coordinates":[98.979458160159339,18.793567429811009]},"properties":{"OBJECTID":377,"SOURCE_ID":377,"text_lanna":0,"GiZScore":-0.057635038939590592,"GiPValue":0.95403933901113769,"NNeighbors":268,"Gi_Bin":0}},{"type":"Feature","id":378,"geometry":{"type":"Point","coordinates":[98.979578889637608,18.793500330422884]},"properties":{"OBJECTID":378,"SOURCE_ID":378,"text_lanna":0,"GiZScore":-0.027850534617666386,"GiPValue":0.9777813607766046,"NNeighbors":267,"Gi_Bin":0}},{"type":"Feature","id":379,"geometry":{"type":"Point","coordinates":[98.978567839860261,18.793505090348415]},"properties":{"OBJECTID":379,"SOURCE_ID":379,"text_lanna":0,"GiZScore":-0.21303220341288195,"GiPValue":0.83130184461312728,"NNeighbors":266,"Gi_Bin":0}},{"type":"Feature","id":380,"geometry":{"type":"Point","coordinates":[98.967817229831212,18.788932699577938]},"properties":{"OBJECTID":380,"SOURCE_ID":380,"text_lanna":0,"GiZScore":-0.18079945743326634,"GiPValue":0.85652498908084285,"NNeighbors":134,"Gi_Bin":0}},{"type":"Feature","id":381,"geometry":{"type":"Point","coordinates":[98.949559039931941,18.794307800023205]},"properties":{"OBJECTID":381,"SOURCE_ID":381,"text_lanna":0,"GiZScore":-0.46879728074220856,"GiPValue":0.63921454537237399,"NNeighbors":39,"Gi_Bin":0}},{"type":"Feature","id":382,"geometry":{"type":"Point","coordinates":[98.950182259886972,18.794193930035004]},"properties":{"OBJECTID":382,"SOURCE_ID":382,"text_lanna":1,"GiZScore":-0.3476438546706227,"GiPValue":0.72810766752564615,"NNeighbors":41,"Gi_Bin":0}},{"type":"Feature","id":383,"geometry":{"type":"Point","coordinates":[98.950561059699481,18.794109070089387]},"properties":{"OBJECTID":383,"SOURCE_ID":383,"text_lanna":0,"GiZScore":-0.3476438546706227,"GiPValue":0.72810766752564615,"NNeighbors":41,"Gi_Bin":0}},{"type":"Feature","id":384,"geometry":{"type":"Point","coordinates":[98.95092652011283,18.79401600037443]},"properties":{"OBJECTID":384,"SOURCE_ID":384,"text_lanna":0,"GiZScore":-0.41173056231056782,"GiPValue":0.68053692245247865,"NNeighbors":42,"Gi_Bin":0}},{"type":"Feature","id":385,"geometry":{"type":"Point","coordinates":[98.951436370139717,18.793871700155396]},"properties":{"OBJECTID":385,"SOURCE_ID":385,"text_lanna":0,"GiZScore":-0.5357883250048141,"GiPValue":0.59210485420847458,"NNeighbors":44,"Gi_Bin":0}},{"type":"Feature","id":386,"geometry":{"type":"Point","coordinates":[98.948232599914164,18.796901990446489]},"properties":{"OBJECTID":386,"SOURCE_ID":386,"text_lanna":1,"GiZScore":-1.2008082041416726,"GiPValue":0.22982563055429528,"NNeighbors":43,"Gi_Bin":0}},{"type":"Feature","id":387,"geometry":{"type":"Point","coordinates":[98.948491080397744,18.796212830449512]},"properties":{"OBJECTID":387,"SOURCE_ID":387,"text_lanna":0,"GiZScore":-1.1464170675487555,"GiPValue":0.25162264335871176,"NNeighbors":42,"Gi_Bin":0}},{"type":"Feature","id":388,"geometry":{"type":"Point","coordinates":[98.954717540405269,18.801582910095618]},"properties":{"OBJECTID":388,"SOURCE_ID":388,"text_lanna":0,"GiZScore":-1.2860717559551609,"GiPValue":0.19841802015158364,"NNeighbors":58,"Gi_Bin":0}},{"type":"Feature","id":389,"geometry":{"type":"Point","coordinates":[98.995630580106422,18.794562159918524]},"properties":{"OBJECTID":389,"SOURCE_ID":389,"text_lanna":1,"GiZScore":0.77978913824544915,"GiPValue":0.43551500743839922,"NNeighbors":293,"Gi_Bin":0}},{"type":"Feature","id":390,"geometry":{"type":"Point","coordinates":[98.995705979631623,18.794195330159809]},"properties":{"OBJECTID":390,"SOURCE_ID":390,"text_lanna":1,"GiZScore":0.63163270466614474,"GiPValue":0.52762691450067356,"NNeighbors":298,"Gi_Bin":0}},{"type":"Feature","id":391,"geometry":{"type":"Point","coordinates":[98.995742460183521,18.794017939890573]},"properties":{"OBJECTID":391,"SOURCE_ID":391,"text_lanna":0,"GiZScore":0.54360671297107732,"GiPValue":0.58671214168742025,"NNeighbors":301,"Gi_Bin":0}},{"type":"Feature","id":392,"geometry":{"type":"Point","coordinates":[98.995815440036793,18.7936631701665]},"properties":{"OBJECTID":392,"SOURCE_ID":392,"text_lanna":1,"GiZScore":0.30890004419703249,"GiPValue":0.75739756363543009,"NNeighbors":302,"Gi_Bin":0}},{"type":"Feature","id":393,"geometry":{"type":"Point","coordinates":[98.996026769714106,18.792733590173032]},"properties":{"OBJECTID":393,"SOURCE_ID":393,"text_lanna":0,"GiZScore":0.76376604642791968,"GiPValue":0.44500668032159951,"NNeighbors":304,"Gi_Bin":0}},{"type":"Feature","id":394,"geometry":{"type":"Point","coordinates":[98.994992139852542,18.784481969761035]},"properties":{"OBJECTID":394,"SOURCE_ID":394,"text_lanna":0,"GiZScore":0.086886125930192779,"GiPValue":0.93076202771906813,"NNeighbors":342,"Gi_Bin":0}},{"type":"Feature","id":395,"geometry":{"type":"Point","coordinates":[98.994954120416963,18.783578430433089]},"properties":{"OBJECTID":395,"SOURCE_ID":395,"text_lanna":0,"GiZScore":0.31178625621919742,"GiPValue":0.75520297017915272,"NNeighbors":341,"Gi_Bin":0}},{"type":"Feature","id":396,"geometry":{"type":"Point","coordinates":[98.995266790322162,18.782700119571306]},"properties":{"OBJECTID":396,"SOURCE_ID":396,"text_lanna":1,"GiZScore":0.20924586872823753,"GiPValue":0.83425630692973618,"NNeighbors":334,"Gi_Bin":0}},{"type":"Feature","id":397,"geometry":{"type":"Point","coordinates":[98.994824050418032,18.781668949717339]},"properties":{"OBJECTID":397,"SOURCE_ID":397,"text_lanna":0,"GiZScore":-0.039093329749594313,"GiPValue":0.96881597899211302,"NNeighbors":343,"Gi_Bin":0}},{"type":"Feature","id":398,"geometry":{"type":"Point","coordinates":[98.995160089959484,18.782566819607119]},"properties":{"OBJECTID":398,"SOURCE_ID":398,"text_lanna":1,"GiZScore":0.25284264227981784,"GiPValue":0.80038981450713109,"NNeighbors":336,"Gi_Bin":0}},{"type":"Feature","id":399,"geometry":{"type":"Point","coordinates":[98.995384259624444,18.782842369968211]},"properties":{"OBJECTID":399,"SOURCE_ID":399,"text_lanna":1,"GiZScore":0.16548331761023771,"GiPValue":0.86856357948583773,"NNeighbors":332,"Gi_Bin":0}},{"type":"Feature","id":400,"geometry":{"type":"Point","coordinates":[98.995971410123559,18.78390031991766]},"properties":{"OBJECTID":400,"SOURCE_ID":400,"text_lanna":0,"GiZScore":0.42075646061386279,"GiPValue":0.67393292900177271,"NNeighbors":330,"Gi_Bin":0}},{"type":"Feature","id":401,"geometry":{"type":"Point","coordinates":[98.996061710205268,18.784155380294735]},"properties":{"OBJECTID":401,"SOURCE_ID":401,"text_lanna":0,"GiZScore":0.42075646061386279,"GiPValue":0.67393292900177271,"NNeighbors":330,"Gi_Bin":0}},{"type":"Feature","id":402,"geometry":{"type":"Point","coordinates":[98.994178519941244,18.779965350083295]},"properties":{"OBJECTID":402,"SOURCE_ID":402,"text_lanna":0,"GiZScore":-0.2360990859680181,"GiPValue":0.81335578337329917,"NNeighbors":343,"Gi_Bin":0}},{"type":"Feature","id":403,"geometry":{"type":"Point","coordinates":[98.995254320182724,18.778251679817078]},"properties":{"OBJECTID":403,"SOURCE_ID":403,"text_lanna":1,"GiZScore":0.36456099293082511,"GiPValue":0.71543913752572164,"NNeighbors":332,"Gi_Bin":0}},{"type":"Feature","id":404,"geometry":{"type":"Point","coordinates":[98.995596700466578,18.778816669978639]},"properties":{"OBJECTID":404,"SOURCE_ID":404,"text_lanna":0,"GiZScore":0.54733504668254873,"GiPValue":0.58414857278726195,"NNeighbors":322,"Gi_Bin":0}},{"type":"Feature","id":405,"geometry":{"type":"Point","coordinates":[98.995576119532075,18.779611929699424]},"properties":{"OBJECTID":405,"SOURCE_ID":405,"text_lanna":0,"GiZScore":0.46202391019487404,"GiPValue":0.6440641755674239,"NNeighbors":325,"Gi_Bin":0}},{"type":"Feature","id":406,"geometry":{"type":"Point","coordinates":[98.994562590337381,18.778662560099047]},"properties":{"OBJECTID":406,"SOURCE_ID":406,"text_lanna":0,"GiZScore":0.20125271331486283,"GiPValue":0.8405009754395274,"NNeighbors":345,"Gi_Bin":0}},{"type":"Feature","id":407,"geometry":{"type":"Point","coordinates":[98.994284879531207,18.779017659963891]},"properties":{"OBJECTID":407,"SOURCE_ID":407,"text_lanna":1,"GiZScore":0.1462947082063675,"GiPValue":0.88368874319574675,"NNeighbors":347,"Gi_Bin":0}},{"type":"Feature","id":408,"geometry":{"type":"Point","coordinates":[98.993734469719953,18.779971850239004]},"properties":{"OBJECTID":408,"SOURCE_ID":408,"text_lanna":2,"GiZScore":0.069009152821192771,"GiPValue":0.94498233397208209,"NNeighbors":357,"Gi_Bin":0}},{"type":"Feature","id":409,"geometry":{"type":"Point","coordinates":[98.991390849834502,18.77695234971269]},"properties":{"OBJECTID":409,"SOURCE_ID":409,"text_lanna":1,"GiZScore":-0.85546847873566323,"GiPValue":0.39229185623535245,"NNeighbors":381,"Gi_Bin":0}},{"type":"Feature","id":410,"geometry":{"type":"Point","coordinates":[98.991884559815389,18.778802529655799]},"properties":{"OBJECTID":410,"SOURCE_ID":410,"text_lanna":0,"GiZScore":-0.36176767201884696,"GiPValue":0.71752565285932324,"NNeighbors":384,"Gi_Bin":0}},{"type":"Feature","id":411,"geometry":{"type":"Point","coordinates":[98.991887160430636,18.780413650191669]},"properties":{"OBJECTID":411,"SOURCE_ID":411,"text_lanna":1,"GiZScore":0.1674488861667475,"GiPValue":0.86701686258990729,"NNeighbors":382,"Gi_Bin":0}},{"type":"Feature","id":412,"geometry":{"type":"Point","coordinates":[98.989961900289899,18.776654510262198]},"properties":{"OBJECTID":412,"SOURCE_ID":412,"text_lanna":1,"GiZScore":-1.1051662697143014,"GiPValue":0.26908756711153392,"NNeighbors":387,"Gi_Bin":0}},{"type":"Feature","id":413,"geometry":{"type":"Point","coordinates":[98.990150800420224,18.776671819762718]},"properties":{"OBJECTID":413,"SOURCE_ID":413,"text_lanna":2,"GiZScore":-1.0795389304130816,"GiPValue":0.28034756529304983,"NNeighbors":386,"Gi_Bin":0}},{"type":"Feature","id":414,"geometry":{"type":"Point","coordinates":[98.990339699640273,18.776689129976042]},"properties":{"OBJECTID":414,"SOURCE_ID":414,"text_lanna":0,"GiZScore":-0.88941649908001275,"GiPValue":0.37377929075442784,"NNeighbors":386,"Gi_Bin":0}},{"type":"Feature","id":415,"geometry":{"type":"Point","coordinates":[98.990717500094135,18.776723749829912]},"properties":{"OBJECTID":415,"SOURCE_ID":415,"text_lanna":0,"GiZScore":-0.83777776678048621,"GiPValue":0.40215553601070542,"NNeighbors":384,"Gi_Bin":0}},{"type":"Feature","id":416,"geometry":{"type":"Point","coordinates":[98.99102849002513,18.776747769687546]},"properties":{"OBJECTID":416,"SOURCE_ID":416,"text_lanna":0,"GiZScore":-0.768483349648035,"GiPValue":0.44220008538348254,"NNeighbors":385,"Gi_Bin":0}},{"type":"Feature","id":417,"geometry":{"type":"Point","coordinates":[98.989762379734458,18.774057620441571]},"properties":{"OBJECTID":417,"SOURCE_ID":417,"text_lanna":0,"GiZScore":-0.59469281995668044,"GiPValue":0.55204882524199506,"NNeighbors":371,"Gi_Bin":0}},{"type":"Feature","id":418,"geometry":{"type":"Point","coordinates":[98.989566329548623,18.774805750184608]},"properties":{"OBJECTID":418,"SOURCE_ID":418,"text_lanna":0,"GiZScore":-0.76925893511150167,"GiPValue":0.44173961646369475,"NNeighbors":374,"Gi_Bin":0}},{"type":"Feature","id":419,"geometry":{"type":"Point","coordinates":[98.989480139676729,18.775204660369138]},"properties":{"OBJECTID":419,"SOURCE_ID":419,"text_lanna":0,"GiZScore":-0.62977206857503332,"GiPValue":0.52884372634803833,"NNeighbors":376,"Gi_Bin":0}},{"type":"Feature","id":420,"geometry":{"type":"Point","coordinates":[98.98932170999818,18.775863160277872]},"properties":{"OBJECTID":420,"SOURCE_ID":420,"text_lanna":0,"GiZScore":-1.0795389304130816,"GiPValue":0.28034756529304983,"NNeighbors":386,"Gi_Bin":0}},{"type":"Feature","id":421,"geometry":{"type":"Point","coordinates":[98.989147479905881,18.776561610233689]},"properties":{"OBJECTID":421,"SOURCE_ID":421,"text_lanna":0,"GiZScore":-1.1818473510535432,"GiPValue":0.23726629655065323,"NNeighbors":390,"Gi_Bin":0}},{"type":"Feature","id":422,"geometry":{"type":"Point","coordinates":[98.988935109661369,18.777668100007563]},"properties":{"OBJECTID":422,"SOURCE_ID":422,"text_lanna":0,"GiZScore":-0.785324717181897,"GiPValue":0.43226321425019709,"NNeighbors":393,"Gi_Bin":0}},{"type":"Feature","id":423,"geometry":{"type":"Point","coordinates":[98.988772430143641,18.778142900069096]},"properties":{"OBJECTID":423,"SOURCE_ID":423,"text_lanna":0,"GiZScore":-0.63904167337965534,"GiPValue":0.52279582582872897,"NNeighbors":391,"Gi_Bin":0}},{"type":"Feature","id":424,"geometry":{"type":"Point","coordinates":[98.988673350051528,18.778442809604659]},"properties":{"OBJECTID":424,"SOURCE_ID":424,"text_lanna":0,"GiZScore":-0.54432498255914141,"GiPValue":0.58621786069728898,"NNeighbors":391,"Gi_Bin":0}},{"type":"Feature","id":425,"geometry":{"type":"Point","coordinates":[98.988430929932377,18.779189550378646]},"properties":{"OBJECTID":425,"SOURCE_ID":425,"text_lanna":0,"GiZScore":-0.6131388512984548,"GiPValue":0.53978453640184298,"NNeighbors":390,"Gi_Bin":0}},{"type":"Feature","id":426,"geometry":{"type":"Point","coordinates":[98.981961929763415,18.77539361984136]},"properties":{"OBJECTID":426,"SOURCE_ID":426,"text_lanna":0,"GiZScore":-1.7992072637328838,"GiPValue":0.071985900870392222,"NNeighbors":304,"Gi_Bin":-1}},{"type":"Feature","id":427,"geometry":{"type":"Point","coordinates":[98.982556160257303,18.775464290294256]},"properties":{"OBJECTID":427,"SOURCE_ID":427,"text_lanna":0,"GiZScore":-1.7045640658130892,"GiPValue":0.088275758007853367,"NNeighbors":312,"Gi_Bin":-1}},{"type":"Feature","id":428,"geometry":{"type":"Point","coordinates":[98.983310130157548,18.77530181967985]},"properties":{"OBJECTID":428,"SOURCE_ID":428,"text_lanna":0,"GiZScore":-1.7390039458291422,"GiPValue":0.082034068862698178,"NNeighbors":321,"Gi_Bin":-1}},{"type":"Feature","id":429,"geometry":{"type":"Point","coordinates":[98.986396110192686,18.775437359976177]},"properties":{"OBJECTID":429,"SOURCE_ID":429,"text_lanna":0,"GiZScore":-0.83101685490092225,"GiPValue":0.40596411579072622,"NNeighbors":369,"Gi_Bin":0}},{"type":"Feature","id":430,"geometry":{"type":"Point","coordinates":[98.977220759992207,18.775537760070787]},"properties":{"OBJECTID":430,"SOURCE_ID":430,"text_lanna":1,"GiZScore":-1.7072106821270208,"GiPValue":0.087782900264803759,"NNeighbors":246,"Gi_Bin":-1}},{"type":"Feature","id":431,"geometry":{"type":"Point","coordinates":[98.978358240176362,18.77518197990187]},"properties":{"OBJECTID":431,"SOURCE_ID":431,"text_lanna":0,"GiZScore":-2.1213315230694776,"GiPValue":0.033893913379905001,"NNeighbors":257,"Gi_Bin":-2}},{"type":"Feature","id":432,"geometry":{"type":"Point","coordinates":[98.97889259010087,18.774879100420204]},"properties":{"OBJECTID":432,"SOURCE_ID":432,"text_lanna":0,"GiZScore":-2.094488526487055,"GiPValue":0.036216484082556732,"NNeighbors":264,"Gi_Bin":-2}},{"type":"Feature","id":433,"geometry":{"type":"Point","coordinates":[98.979431810337772,18.774498990139165]},"properties":{"OBJECTID":433,"SOURCE_ID":433,"text_lanna":1,"GiZScore":-2.1484667328422171,"GiPValue":0.031676696418461235,"NNeighbors":266,"Gi_Bin":-2}},{"type":"Feature","id":434,"geometry":{"type":"Point","coordinates":[98.976236470460833,18.772713640291709]},"properties":{"OBJECTID":434,"SOURCE_ID":434,"text_lanna":0,"GiZScore":-1.8515728153580244,"GiPValue":0.064087189684507148,"NNeighbors":191,"Gi_Bin":-1}},{"type":"Feature","id":435,"geometry":{"type":"Point","coordinates":[98.976120129793927,18.771667329632393]},"properties":{"OBJECTID":435,"SOURCE_ID":435,"text_lanna":0,"GiZScore":-1.5138069919372843,"GiPValue":0.13007479875545455,"NNeighbors":180,"Gi_Bin":0}},{"type":"Feature","id":436,"geometry":{"type":"Point","coordinates":[98.976098990439979,18.771487700336252]},"properties":{"OBJECTID":436,"SOURCE_ID":436,"text_lanna":0,"GiZScore":-1.4190530291375527,"GiPValue":0.15588355643634544,"NNeighbors":177,"Gi_Bin":0}},{"type":"Feature","id":437,"geometry":{"type":"Point","coordinates":[98.99197066047158,18.815431960154072]},"properties":{"OBJECTID":437,"SOURCE_ID":437,"text_lanna":0,"GiZScore":-0.12347329018413103,"GiPValue":0.90173232379263624,"NNeighbors":118,"Gi_Bin":0}},{"type":"Feature","id":438,"geometry":{"type":"Point","coordinates":[98.991945080410872,18.814944219799173]},"properties":{"OBJECTID":438,"SOURCE_ID":438,"text_lanna":1,"GiZScore":-0.081842542418619782,"GiPValue":0.93477192557171063,"NNeighbors":117,"Gi_Bin":0}},{"type":"Feature","id":439,"geometry":{"type":"Point","coordinates":[98.991933289832218,18.814709850258694]},"properties":{"OBJECTID":439,"SOURCE_ID":439,"text_lanna":0,"GiZScore":0.02733378179648676,"GiPValue":0.97819351294862134,"NNeighbors":118,"Gi_Bin":0}},{"type":"Feature","id":440,"geometry":{"type":"Point","coordinates":[98.994202469527323,18.81625311028569]},"properties":{"OBJECTID":440,"SOURCE_ID":440,"text_lanna":0,"GiZScore":-0.092423013492755252,"GiPValue":0.92636195556266554,"NNeighbors":110,"Gi_Bin":0}},{"type":"Feature","id":441,"geometry":{"type":"Point","coordinates":[98.99325464995519,18.816299619807538]},"properties":{"OBJECTID":441,"SOURCE_ID":441,"text_lanna":0,"GiZScore":-0.081842542418619782,"GiPValue":0.93477192557171063,"NNeighbors":117,"Gi_Bin":0}},{"type":"Feature","id":442,"geometry":{"type":"Point","coordinates":[98.992875519892976,18.816318220098569]},"properties":{"OBJECTID":442,"SOURCE_ID":442,"text_lanna":0,"GiZScore":0.22092755670228656,"GiPValue":0.82514884053543402,"NNeighbors":117,"Gi_Bin":0}},{"type":"Feature","id":443,"geometry":{"type":"Point","coordinates":[98.992306820372491,18.816346129935518]},"properties":{"OBJECTID":443,"SOURCE_ID":443,"text_lanna":0,"GiZScore":0.002383822522793593,"GiPValue":0.99809798661456628,"NNeighbors":115,"Gi_Bin":0}},{"type":"Feature","id":444,"geometry":{"type":"Point","coordinates":[98.99674164953899,18.816008499752652]},"properties":{"OBJECTID":444,"SOURCE_ID":444,"text_lanna":0,"GiZScore":-0.38160343188266721,"GiPValue":0.70275553911484212,"NNeighbors":102,"Gi_Bin":0}},{"type":"Feature","id":445,"geometry":{"type":"Point","coordinates":[98.995499189608438,18.815591239978289]},"properties":{"OBJECTID":445,"SOURCE_ID":445,"text_lanna":0,"GiZScore":-0.40374263788940451,"GiPValue":0.68640198300871447,"NNeighbors":110,"Gi_Bin":0}},{"type":"Feature","id":446,"geometry":{"type":"Point","coordinates":[98.99779194007624,18.816084170202124]},"properties":{"OBJECTID":446,"SOURCE_ID":446,"text_lanna":0,"GiZScore":-0.38160343188266721,"GiPValue":0.70275553911484212,"NNeighbors":102,"Gi_Bin":0}},{"type":"Feature","id":447,"geometry":{"type":"Point","coordinates":[98.997603130152186,18.813508300185863]},"properties":{"OBJECTID":447,"SOURCE_ID":447,"text_lanna":0,"GiZScore":-0.5359976910999793,"GiPValue":0.59196014846266698,"NNeighbors":117,"Gi_Bin":0}},{"type":"Feature","id":448,"geometry":{"type":"Point","coordinates":[98.997666830172676,18.814021790109809]},"properties":{"OBJECTID":448,"SOURCE_ID":448,"text_lanna":0,"GiZScore":-0.29018427516003681,"GiPValue":0.77167526587468616,"NNeighbors":111,"Gi_Bin":0}},{"type":"Feature","id":449,"geometry":{"type":"Point","coordinates":[99.001536130116563,18.810989489701281]},"properties":{"OBJECTID":449,"SOURCE_ID":449,"text_lanna":0,"GiZScore":-1.6400633075065705,"GiPValue":0.10099200459293968,"NNeighbors":135,"Gi_Bin":0}},{"type":"Feature","id":450,"geometry":{"type":"Point","coordinates":[99.000500580277759,18.812983340443587]},"properties":{"OBJECTID":450,"SOURCE_ID":450,"text_lanna":0,"GiZScore":-0.48634661405119289,"GiPValue":0.62672143644691514,"NNeighbors":112,"Gi_Bin":0}},{"type":"Feature","id":451,"geometry":{"type":"Point","coordinates":[98.993190479919818,18.79076422025544]},"properties":{"OBJECTID":451,"SOURCE_ID":451,"text_lanna":1,"GiZScore":0.35905168016025313,"GiPValue":0.71955642892197691,"NNeighbors":318,"Gi_Bin":0}},{"type":"Feature","id":452,"geometry":{"type":"Point","coordinates":[98.991617289798455,18.791674769637421]},"properties":{"OBJECTID":452,"SOURCE_ID":452,"text_lanna":0,"GiZScore":0.38506536155259069,"GiPValue":0.70018899132291079,"NNeighbors":310,"Gi_Bin":0}},{"type":"Feature","id":453,"geometry":{"type":"Point","coordinates":[98.992261940272229,18.791512200428837]},"properties":{"OBJECTID":453,"SOURCE_ID":453,"text_lanna":0,"GiZScore":0.29911768033647801,"GiPValue":0.76485025696053643,"NNeighbors":313,"Gi_Bin":0}},{"type":"Feature","id":454,"geometry":{"type":"Point","coordinates":[98.989204499727094,18.786752929634879]},"properties":{"OBJECTID":454,"SOURCE_ID":454,"text_lanna":1,"GiZScore":-0.055075123867778825,"GiPValue":0.95607861433295915,"NNeighbors":376,"Gi_Bin":0}},{"type":"Feature","id":455,"geometry":{"type":"Point","coordinates":[98.980071070040594,18.783447819553707]},"properties":{"OBJECTID":455,"SOURCE_ID":455,"text_lanna":0,"GiZScore":-0.67400001670237286,"GiPValue":0.50031130748671337,"NNeighbors":293,"Gi_Bin":0}},{"type":"Feature","id":456,"geometry":{"type":"Point","coordinates":[98.980257549671208,18.783414269896721]},"properties":{"OBJECTID":456,"SOURCE_ID":456,"text_lanna":0,"GiZScore":-0.42886811094224253,"GiPValue":0.66801920949925497,"NNeighbors":299,"Gi_Bin":0}},{"type":"Feature","id":457,"geometry":{"type":"Point","coordinates":[98.980342850156489,18.783641789839113]},"properties":{"OBJECTID":457,"SOURCE_ID":457,"text_lanna":0,"GiZScore":-0.54108099969564416,"GiPValue":0.58845175615844902,"NNeighbors":303,"Gi_Bin":0}},{"type":"Feature","id":458,"geometry":{"type":"Point","coordinates":[98.978285770273615,18.784147910149837]},"properties":{"OBJECTID":458,"SOURCE_ID":458,"text_lanna":0,"GiZScore":-0.60899409213898048,"GiPValue":0.54252835813477707,"NNeighbors":287,"Gi_Bin":0}},{"type":"Feature","id":459,"geometry":{"type":"Point","coordinates":[98.979694560124443,18.78399514016969]},"properties":{"OBJECTID":459,"SOURCE_ID":459,"text_lanna":0,"GiZScore":-0.54108099969564416,"GiPValue":0.58845175615844902,"NNeighbors":303,"Gi_Bin":0}},{"type":"Feature","id":460,"geometry":{"type":"Point","coordinates":[98.979877420232995,18.783946770160615]},"properties":{"OBJECTID":460,"SOURCE_ID":460,"text_lanna":0,"GiZScore":-0.74635179981728716,"GiPValue":0.4554549337689785,"NNeighbors":303,"Gi_Bin":0}},{"type":"Feature","id":461,"geometry":{"type":"Point","coordinates":[98.978149219684923,18.783122339827088]},"properties":{"OBJECTID":461,"SOURCE_ID":461,"text_lanna":1,"GiZScore":-0.55375354893199524,"GiPValue":0.57974752469111435,"NNeighbors":274,"Gi_Bin":0}},{"type":"Feature","id":462,"geometry":{"type":"Point","coordinates":[98.978640229741799,18.78290081993368]},"properties":{"OBJECTID":462,"SOURCE_ID":462,"text_lanna":1,"GiZScore":-0.58062162112398419,"GiPValue":0.5614954999097046,"NNeighbors":286,"Gi_Bin":0}},{"type":"Feature","id":463,"geometry":{"type":"Point","coordinates":[98.987319109617886,18.783319050239985]},"properties":{"OBJECTID":463,"SOURCE_ID":463,"text_lanna":0,"GiZScore":-0.73407063499414638,"GiPValue":0.46290569510420698,"NNeighbors":380,"Gi_Bin":0}},{"type":"Feature","id":464,"geometry":{"type":"Point","coordinates":[98.987014530279069,18.783295340088504]},"properties":{"OBJECTID":464,"SOURCE_ID":464,"text_lanna":0,"GiZScore":-0.82133771681078471,"GiPValue":0.41145393741554559,"NNeighbors":376,"Gi_Bin":0}},{"type":"Feature","id":465,"geometry":{"type":"Point","coordinates":[98.991067729983314,18.788995189798882]},"properties":{"OBJECTID":465,"SOURCE_ID":465,"text_lanna":0,"GiZScore":0.39789658586678983,"GiPValue":0.69070641775348696,"NNeighbors":345,"Gi_Bin":0}},{"type":"Feature","id":466,"geometry":{"type":"Point","coordinates":[98.991110080026246,18.789171390016406]},"properties":{"OBJECTID":466,"SOURCE_ID":466,"text_lanna":0,"GiZScore":0.49621852214275336,"GiPValue":0.61974024617556389,"NNeighbors":345,"Gi_Bin":0}},{"type":"Feature","id":467,"geometry":{"type":"Point","coordinates":[98.990123130057214,18.789773969782324]},"properties":{"OBJECTID":467,"SOURCE_ID":467,"text_lanna":0,"GiZScore":0.87618525769432654,"GiPValue":0.38092933890989855,"NNeighbors":335,"Gi_Bin":0}},{"type":"Feature","id":468,"geometry":{"type":"Point","coordinates":[98.99012873965745,18.790450289820264]},"properties":{"OBJECTID":468,"SOURCE_ID":468,"text_lanna":0,"GiZScore":0.73410945507187431,"GiPValue":0.4628820370859893,"NNeighbors":326,"Gi_Bin":0}},{"type":"Feature","id":469,"geometry":{"type":"Point","coordinates":[98.990140880313064,18.790630680403702]},"properties":{"OBJECTID":469,"SOURCE_ID":469,"text_lanna":0,"GiZScore":0.71971842675009301,"GiPValue":0.47169838383166129,"NNeighbors":323,"Gi_Bin":0}},{"type":"Feature","id":470,"geometry":{"type":"Point","coordinates":[98.990127219797117,18.791323770067287]},"properties":{"OBJECTID":470,"SOURCE_ID":470,"text_lanna":0,"GiZScore":0.24570379248321045,"GiPValue":0.80591153642942304,"NNeighbors":322,"Gi_Bin":0}},{"type":"Feature","id":471,"geometry":{"type":"Point","coordinates":[98.97761275984351,18.772817439734503]},"properties":{"OBJECTID":471,"SOURCE_ID":471,"text_lanna":0,"GiZScore":-1.7266176616566382,"GiPValue":0.08423635187111897,"NNeighbors":207,"Gi_Bin":-1}},{"type":"Feature","id":472,"geometry":{"type":"Point","coordinates":[98.978662989752578,18.772452770088076]},"properties":{"OBJECTID":472,"SOURCE_ID":472,"text_lanna":0,"GiZScore":-1.3200327189049599,"GiPValue":0.18682409423364044,"NNeighbors":217,"Gi_Bin":0}},{"type":"Feature","id":473,"geometry":{"type":"Point","coordinates":[98.978590050195635,18.772990569576457]},"properties":{"OBJECTID":473,"SOURCE_ID":473,"text_lanna":0,"GiZScore":-1.7567147109390477,"GiPValue":0.078966448785239854,"NNeighbors":224,"Gi_Bin":-1}},{"type":"Feature","id":474,"geometry":{"type":"Point","coordinates":[98.980833299742258,18.772057839942114]},"properties":{"OBJECTID":474,"SOURCE_ID":474,"text_lanna":0,"GiZScore":-1.8737423359301904,"GiPValue":0.060965947703441978,"NNeighbors":248,"Gi_Bin":-1}},{"type":"Feature","id":475,"geometry":{"type":"Point","coordinates":[98.981063199627329,18.770885479589932]},"properties":{"OBJECTID":475,"SOURCE_ID":475,"text_lanna":0,"GiZScore":-1.703759983860063,"GiPValue":0.088425936688675225,"NNeighbors":238,"Gi_Bin":-1}},{"type":"Feature","id":476,"geometry":{"type":"Point","coordinates":[98.98107706979286,18.770705200035966]},"properties":{"OBJECTID":476,"SOURCE_ID":476,"text_lanna":0,"GiZScore":-1.6752935036697783,"GiPValue":0.093876659421219311,"NNeighbors":237,"Gi_Bin":-1}},{"type":"Feature","id":477,"geometry":{"type":"Point","coordinates":[98.978883460226442,18.773972630113843]},"properties":{"OBJECTID":477,"SOURCE_ID":477,"text_lanna":0,"GiZScore":-2.313630727080719,"GiPValue":0.020687986706676816,"NNeighbors":252,"Gi_Bin":-2}},{"type":"Feature","id":478,"geometry":{"type":"Point","coordinates":[98.97973519998169,18.77775424992101]},"properties":{"OBJECTID":478,"SOURCE_ID":478,"text_lanna":2,"GiZScore":-1.7895334920170929,"GiPValue":0.073528938642144548,"NNeighbors":292,"Gi_Bin":-1}},{"type":"Feature","id":479,"geometry":{"type":"Point","coordinates":[98.979924749552694,18.7777454801174]},"properties":{"OBJECTID":479,"SOURCE_ID":479,"text_lanna":0,"GiZScore":-1.8695567930184078,"GiPValue":0.061545390027567835,"NNeighbors":295,"Gi_Bin":-1}},{"type":"Feature","id":480,"geometry":{"type":"Point","coordinates":[98.98046454961117,18.777720370387694]},"properties":{"OBJECTID":480,"SOURCE_ID":480,"text_lanna":0,"GiZScore":-1.8723911289897615,"GiPValue":0.061152511424385977,"NNeighbors":299,"Gi_Bin":-1}},{"type":"Feature","id":481,"geometry":{"type":"Point","coordinates":[98.97840321955178,18.77670939973483]},"properties":{"OBJECTID":481,"SOURCE_ID":481,"text_lanna":2,"GiZScore":-1.8279341840951779,"GiPValue":0.067559429927013442,"NNeighbors":270,"Gi_Bin":-1}},{"type":"Feature","id":482,"geometry":{"type":"Point","coordinates":[98.97872021975104,18.776800919553203]},"properties":{"OBJECTID":482,"SOURCE_ID":482,"text_lanna":0,"GiZScore":-1.751011036624514,"GiPValue":0.079944008944515157,"NNeighbors":275,"Gi_Bin":-1}},{"type":"Feature","id":483,"geometry":{"type":"Point","coordinates":[98.978901839597171,18.776853330152854]},"properties":{"OBJECTID":483,"SOURCE_ID":483,"text_lanna":0,"GiZScore":-1.699404290920167,"GiPValue":0.089243034044732356,"NNeighbors":277,"Gi_Bin":-1}},{"type":"Feature","id":484,"geometry":{"type":"Point","coordinates":[98.978039639597526,18.776761130082594]},"properties":{"OBJECTID":484,"SOURCE_ID":484,"text_lanna":0,"GiZScore":-1.8258943112706612,"GiPValue":0.067866183264089677,"NNeighbors":266,"Gi_Bin":-1}},{"type":"Feature","id":485,"geometry":{"type":"Point","coordinates":[98.979473340078897,18.777081149833588]},"properties":{"OBJECTID":485,"SOURCE_ID":485,"text_lanna":0,"GiZScore":-1.7836367259278778,"GiPValue":0.074482713844028242,"NNeighbors":284,"Gi_Bin":-1}},{"type":"Feature","id":486,"geometry":{"type":"Point","coordinates":[98.979309239569531,18.769446840037737]},"properties":{"OBJECTID":486,"SOURCE_ID":486,"text_lanna":0,"GiZScore":-1.1914139160532808,"GiPValue":0.23349115393387454,"NNeighbors":205,"Gi_Bin":0}},{"type":"Feature","id":487,"geometry":{"type":"Point","coordinates":[98.984673130014215,18.768661299920474]},"properties":{"OBJECTID":487,"SOURCE_ID":487,"text_lanna":0,"GiZScore":-2.0124231182271495,"GiPValue":0.044175353545170395,"NNeighbors":257,"Gi_Bin":-2}},{"type":"Feature","id":488,"geometry":{"type":"Point","coordinates":[98.982628699699504,18.771837919790709]},"properties":{"OBJECTID":488,"SOURCE_ID":488,"text_lanna":0,"GiZScore":-1.638483861904362,"GiPValue":0.10132079781855212,"NNeighbors":267,"Gi_Bin":0}},{"type":"Feature","id":489,"geometry":{"type":"Point","coordinates":[98.982436699760129,18.772319540037358]},"properties":{"OBJECTID":489,"SOURCE_ID":489,"text_lanna":0,"GiZScore":-1.7756824214280493,"GiPValue":0.075785276359616363,"NNeighbors":272,"Gi_Bin":-1}},{"type":"Feature","id":490,"geometry":{"type":"Point","coordinates":[98.982405890400258,18.772508560435263]},"properties":{"OBJECTID":490,"SOURCE_ID":490,"text_lanna":0,"GiZScore":-1.7782104945629249,"GiPValue":0.075369289967165382,"NNeighbors":276,"Gi_Bin":-1}},{"type":"Feature","id":491,"geometry":{"type":"Point","coordinates":[98.982341650471369,18.772935110109557]},"properties":{"OBJECTID":491,"SOURCE_ID":491,"text_lanna":0,"GiZScore":-1.8594400643786289,"GiPValue":0.062964787358957761,"NNeighbors":279,"Gi_Bin":-1}},{"type":"Feature","id":492,"geometry":{"type":"Point","coordinates":[98.982304440220688,18.773249419649279]},"properties":{"OBJECTID":492,"SOURCE_ID":492,"text_lanna":0,"GiZScore":-1.9421695038048032,"GiPValue":0.052116583633102447,"NNeighbors":286,"Gi_Bin":-1}},{"type":"Feature","id":493,"geometry":{"type":"Point","coordinates":[98.984903619553393,18.779252649858634]},"properties":{"OBJECTID":493,"SOURCE_ID":493,"text_lanna":0,"GiZScore":-1.9157272260509997,"GiPValue":0.055399825050318638,"NNeighbors":370,"Gi_Bin":-1}},{"type":"Feature","id":494,"geometry":{"type":"Point","coordinates":[98.983536220047114,18.779855619868627]},"properties":{"OBJECTID":494,"SOURCE_ID":494,"text_lanna":2,"GiZScore":-1.707653154396376,"GiPValue":0.08770071922801638,"NNeighbors":358,"Gi_Bin":-1}},{"type":"Feature","id":495,"geometry":{"type":"Point","coordinates":[98.982827520384618,18.779940720205484]},"properties":{"OBJECTID":495,"SOURCE_ID":495,"text_lanna":0,"GiZScore":-1.8891298123458788,"GiPValue":0.058874436618672671,"NNeighbors":346,"Gi_Bin":-1}},{"type":"Feature","id":496,"geometry":{"type":"Point","coordinates":[98.982189979619875,18.780149739668289]},"properties":{"OBJECTID":496,"SOURCE_ID":496,"text_lanna":0,"GiZScore":-1.5580160628995143,"GiPValue":0.11922944041427005,"NNeighbors":337,"Gi_Bin":0}},{"type":"Feature","id":497,"geometry":{"type":"Point","coordinates":[98.986054730427682,18.779026010030389]},"properties":{"OBJECTID":497,"SOURCE_ID":497,"text_lanna":0,"GiZScore":-1.5740897798699998,"GiPValue":0.11546669498203956,"NNeighbors":383,"Gi_Bin":0}},{"type":"Feature","id":498,"geometry":{"type":"Point","coordinates":[98.978918089991723,18.792008759856049]},"properties":{"OBJECTID":498,"SOURCE_ID":498,"text_lanna":0,"GiZScore":0.41604520702642117,"GiPValue":0.67737692447435083,"NNeighbors":263,"Gi_Bin":0}},{"type":"Feature","id":499,"geometry":{"type":"Point","coordinates":[98.97242320956812,18.788625109705265]},"properties":{"OBJECTID":499,"SOURCE_ID":499,"text_lanna":0,"GiZScore":0.68063609874878195,"GiPValue":0.49610178387619386,"NNeighbors":199,"Gi_Bin":0}},{"type":"Feature","id":500,"geometry":{"type":"Point","coordinates":[98.972416320375444,18.788082880441628]},"properties":{"OBJECTID":500,"SOURCE_ID":500,"text_lanna":1,"GiZScore":1.0418360184827959,"GiPValue":0.29748772679646396,"NNeighbors":199,"Gi_Bin":0}},{"type":"Feature","id":501,"geometry":{"type":"Point","coordinates":[98.972420999693568,18.787790339965309]},"properties":{"OBJECTID":501,"SOURCE_ID":501,"text_lanna":0,"GiZScore":0.99249545961779706,"GiPValue":0.32095590634605053,"NNeighbors":197,"Gi_Bin":0}},{"type":"Feature","id":502,"geometry":{"type":"Point","coordinates":[98.971127370270537,18.785230660378911]},"properties":{"OBJECTID":502,"SOURCE_ID":502,"text_lanna":0,"GiZScore":0.34950154491185292,"GiPValue":0.72671281183770331,"NNeighbors":170,"Gi_Bin":0}},{"type":"Feature","id":503,"geometry":{"type":"Point","coordinates":[98.971460979714536,18.785193280303012]},"properties":{"OBJECTID":503,"SOURCE_ID":503,"text_lanna":0,"GiZScore":0.44120384439497201,"GiPValue":0.65906543160990239,"NNeighbors":171,"Gi_Bin":0}},{"type":"Feature","id":504,"geometry":{"type":"Point","coordinates":[98.992366899909371,18.794591809553562]},"properties":{"OBJECTID":504,"SOURCE_ID":504,"text_lanna":0,"GiZScore":0.87895950467471462,"GiPValue":0.37942324237300595,"NNeighbors":314,"Gi_Bin":0}},{"type":"Feature","id":505,"geometry":{"type":"Point","coordinates":[98.992329130222245,18.7941953403699]},"properties":{"OBJECTID":505,"SOURCE_ID":505,"text_lanna":0,"GiZScore":0.93738321950078884,"GiPValue":0.34856148071114634,"NNeighbors":312,"Gi_Bin":0}},{"type":"Feature","id":506,"geometry":{"type":"Point","coordinates":[98.992259039526857,18.793584899676418]},"properties":{"OBJECTID":506,"SOURCE_ID":506,"text_lanna":0,"GiZScore":0.76324835032369043,"GiPValue":0.44531530483808179,"NNeighbors":311,"Gi_Bin":0}},{"type":"Feature","id":507,"geometry":{"type":"Point","coordinates":[98.989847979812055,18.782108949959603]},"properties":{"OBJECTID":507,"SOURCE_ID":507,"text_lanna":0,"GiZScore":0.049151497608370807,"GiPValue":0.96079856381135753,"NNeighbors":408,"Gi_Bin":0}},{"type":"Feature","id":508,"geometry":{"type":"Point","coordinates":[98.98984937032543,18.781928190278723]},"properties":{"OBJECTID":508,"SOURCE_ID":508,"text_lanna":0,"GiZScore":0.023097881931845768,"GiPValue":0.98157219520843686,"NNeighbors":409,"Gi_Bin":0}},{"type":"Feature","id":509,"geometry":{"type":"Point","coordinates":[98.970734509803805,18.795277159657353]},"properties":{"OBJECTID":509,"SOURCE_ID":509,"text_lanna":0,"GiZScore":0.31599519747858229,"GiPValue":0.75200615385608582,"NNeighbors":185,"Gi_Bin":0}},{"type":"Feature","id":510,"geometry":{"type":"Point","coordinates":[98.970769410185142,18.79581982043894]},"properties":{"OBJECTID":510,"SOURCE_ID":510,"text_lanna":0,"GiZScore":0.33297162354872589,"GiPValue":0.73915570379195583,"NNeighbors":181,"Gi_Bin":0}},{"type":"Feature","id":511,"geometry":{"type":"Point","coordinates":[98.970780470035621,18.796014499981354]},"properties":{"OBJECTID":511,"SOURCE_ID":511,"text_lanna":0,"GiZScore":0.40449298768770381,"GiPValue":0.68585023440744863,"NNeighbors":179,"Gi_Bin":0}},{"type":"Feature","id":512,"geometry":{"type":"Point","coordinates":[98.970790539732064,18.796195009771385]},"properties":{"OBJECTID":512,"SOURCE_ID":512,"text_lanna":0,"GiZScore":0.44051104540232749,"GiPValue":0.65956701550375207,"NNeighbors":178,"Gi_Bin":0}},{"type":"Feature","id":513,"geometry":{"type":"Point","coordinates":[98.970813690249315,18.79656170017768]},"properties":{"OBJECTID":513,"SOURCE_ID":513,"text_lanna":0,"GiZScore":0.47670387035041106,"GiPValue":0.63357300808464534,"NNeighbors":177,"Gi_Bin":0}},{"type":"Feature","id":514,"geometry":{"type":"Point","coordinates":[98.970839219820505,18.796879509552355]},"properties":{"OBJECTID":514,"SOURCE_ID":514,"text_lanna":1,"GiZScore":0.54962364420058218,"GiPValue":0.5825775405611211,"NNeighbors":175,"Gi_Bin":0}},{"type":"Feature","id":515,"geometry":{"type":"Point","coordinates":[98.970878049785711,18.797239130229695]},"properties":{"OBJECTID":515,"SOURCE_ID":515,"text_lanna":0,"GiZScore":0.7508777841941382,"GiPValue":0.45272621747563435,"NNeighbors":173,"Gi_Bin":0}},{"type":"Feature","id":516,"geometry":{"type":"Point","coordinates":[98.980288420463452,18.784594940404748]},"properties":{"OBJECTID":516,"SOURCE_ID":516,"text_lanna":0,"GiZScore":-0.95162259993893017,"GiPValue":0.34128842738247023,"NNeighbors":303,"Gi_Bin":0}},{"type":"Feature","id":517,"geometry":{"type":"Point","coordinates":[98.978649889819096,18.796889219844783]},"properties":{"OBJECTID":517,"SOURCE_ID":517,"text_lanna":0,"GiZScore":-0.24832592153209243,"GiPValue":0.80388224474805592,"NNeighbors":249,"Gi_Bin":0}},{"type":"Feature","id":518,"geometry":{"type":"Point","coordinates":[98.978964979961873,18.797558859661201]},"properties":{"OBJECTID":518,"SOURCE_ID":518,"text_lanna":0,"GiZScore":-0.14554112222062279,"GiPValue":0.88428365057638769,"NNeighbors":242,"Gi_Bin":0}},{"type":"Feature","id":519,"geometry":{"type":"Point","coordinates":[98.984363080358904,18.801829100415322]},"properties":{"OBJECTID":519,"SOURCE_ID":519,"text_lanna":1,"GiZScore":0.54029415166850314,"GiPValue":0.58899419329934777,"NNeighbors":217,"Gi_Bin":0}},{"type":"Feature","id":520,"geometry":{"type":"Point","coordinates":[98.98485295962972,18.80186397008012]},"properties":{"OBJECTID":520,"SOURCE_ID":520,"text_lanna":0,"GiZScore":0.4738879814624497,"GiPValue":0.63557979170051015,"NNeighbors":219,"Gi_Bin":0}},{"type":"Feature","id":521,"geometry":{"type":"Point","coordinates":[98.987775380390815,18.804360970166382]},"properties":{"OBJECTID":521,"SOURCE_ID":521,"text_lanna":0,"GiZScore":0.72729705867972982,"GiPValue":0.4670440050763448,"NNeighbors":208,"Gi_Bin":0}},{"type":"Feature","id":522,"geometry":{"type":"Point","coordinates":[98.987913900181482,18.804926270283936]},"properties":{"OBJECTID":522,"SOURCE_ID":522,"text_lanna":0,"GiZScore":0.69632246821987087,"GiPValue":0.48622691028124942,"NNeighbors":202,"Gi_Bin":0}},{"type":"Feature","id":523,"geometry":{"type":"Point","coordinates":[99.001973389802373,18.786517370172863]},"properties":{"OBJECTID":523,"SOURCE_ID":523,"text_lanna":0,"GiZScore":0.61640436757408057,"GiPValue":0.53762767490269947,"NNeighbors":288,"Gi_Bin":0}},{"type":"Feature","id":524,"geometry":{"type":"Point","coordinates":[98.999174470377341,18.792957999778373]},"properties":{"OBJECTID":524,"SOURCE_ID":524,"text_lanna":0,"GiZScore":0.55515015512084032,"GiPValue":0.57879196181541626,"NNeighbors":269,"Gi_Bin":0}},{"type":"Feature","id":525,"geometry":{"type":"Point","coordinates":[98.999339289748349,18.793047610179453]},"properties":{"OBJECTID":525,"SOURCE_ID":525,"text_lanna":0,"GiZScore":0.58573283759536399,"GiPValue":0.55805506634383306,"NNeighbors":268,"Gi_Bin":0}},{"type":"Feature","id":526,"geometry":{"type":"Point","coordinates":[98.997680349749615,18.776739929616433]},"properties":{"OBJECTID":526,"SOURCE_ID":526,"text_lanna":1,"GiZScore":0.98035353549515758,"GiPValue":0.32691164974853526,"NNeighbors":314,"Gi_Bin":0}},{"type":"Feature","id":527,"geometry":{"type":"Point","coordinates":[98.998010849763105,18.776562179570643]},"properties":{"OBJECTID":527,"SOURCE_ID":527,"text_lanna":0,"GiZScore":0.34062659972456388,"GiPValue":0.73338470265976652,"NNeighbors":308,"Gi_Bin":0}},{"type":"Feature","id":528,"geometry":{"type":"Point","coordinates":[98.998176100458792,18.77647330975002]},"properties":{"OBJECTID":528,"SOURCE_ID":528,"text_lanna":0,"GiZScore":0.38263760085174925,"GiPValue":0.70198848756355336,"NNeighbors":303,"Gi_Bin":0}},{"type":"Feature","id":529,"geometry":{"type":"Point","coordinates":[98.99905023976811,18.779150430364268]},"properties":{"OBJECTID":529,"SOURCE_ID":529,"text_lanna":0,"GiZScore":0.57094155057905371,"GiPValue":0.5680392668746761,"NNeighbors":279,"Gi_Bin":0}},{"type":"Feature","id":530,"geometry":{"type":"Point","coordinates":[98.998802029646953,18.77869397971244]},"properties":{"OBJECTID":530,"SOURCE_ID":530,"text_lanna":0,"GiZScore":0.96007281192280347,"GiPValue":0.33701858278480967,"NNeighbors":287,"Gi_Bin":0}},{"type":"Feature","id":531,"geometry":{"type":"Point","coordinates":[98.99453368969769,18.773802970034641]},"properties":{"OBJECTID":531,"SOURCE_ID":531,"text_lanna":0,"GiZScore":-0.6388508955846226,"GiPValue":0.52291993875127818,"NNeighbors":347,"Gi_Bin":0}},{"type":"Feature","id":532,"geometry":{"type":"Point","coordinates":[98.995084340313014,18.774333429926635]},"properties":{"OBJECTID":532,"SOURCE_ID":532,"text_lanna":0,"GiZScore":-0.56749129158805334,"GiPValue":0.57038044417524236,"NNeighbors":348,"Gi_Bin":0}},{"type":"Feature","id":533,"geometry":{"type":"Point","coordinates":[98.995570640259245,18.774798780300387]},"properties":{"OBJECTID":533,"SOURCE_ID":533,"text_lanna":0,"GiZScore":-0.16484031710583583,"GiPValue":0.86906966969112187,"NNeighbors":344,"Gi_Bin":0}},{"type":"Feature","id":534,"geometry":{"type":"Point","coordinates":[98.995796679586874,18.775014400094832]},"properties":{"OBJECTID":534,"SOURCE_ID":534,"text_lanna":0,"GiZScore":-0.072127506985016798,"GiPValue":0.94250043582219734,"NNeighbors":337,"Gi_Bin":0}},{"type":"Feature","id":535,"geometry":{"type":"Point","coordinates":[98.996644939755015,18.77583171037967]},"properties":{"OBJECTID":535,"SOURCE_ID":535,"text_lanna":0,"GiZScore":0.24570379248321045,"GiPValue":0.80591153642942304,"NNeighbors":322,"Gi_Bin":0}},{"type":"Feature","id":536,"geometry":{"type":"Point","coordinates":[98.996777160423576,18.775961380411299]},"properties":{"OBJECTID":536,"SOURCE_ID":536,"text_lanna":2,"GiZScore":0.2175162973126093,"GiPValue":0.82780600775919155,"NNeighbors":323,"Gi_Bin":0}},{"type":"Feature","id":537,"geometry":{"type":"Point","coordinates":[98.992018009639949,18.778594010247698]},"properties":{"OBJECTID":537,"SOURCE_ID":537,"text_lanna":0,"GiZScore":-0.37838602283567691,"GiPValue":0.70514385069631946,"NNeighbors":381,"Gi_Bin":0}},{"type":"Feature","id":538,"geometry":{"type":"Point","coordinates":[98.993282250464929,18.778304610350187]},"properties":{"OBJECTID":538,"SOURCE_ID":538,"text_lanna":0,"GiZScore":-0.055281550000025777,"GiPValue":0.95591416065191126,"NNeighbors":358,"Gi_Bin":0}},{"type":"Feature","id":539,"geometry":{"type":"Point","coordinates":[98.993668900346734,18.77821605964915]},"properties":{"OBJECTID":539,"SOURCE_ID":539,"text_lanna":0,"GiZScore":0.20518223231183474,"GiPValue":0.83742975081304249,"NNeighbors":352,"Gi_Bin":0}},{"type":"Feature","id":540,"geometry":{"type":"Point","coordinates":[98.998128410433353,18.796348999573116]},"properties":{"OBJECTID":540,"SOURCE_ID":540,"text_lanna":0,"GiZScore":-0.20535482076971018,"GiPValue":0.83729491592694361,"NNeighbors":273,"Gi_Bin":0}},{"type":"Feature","id":541,"geometry":{"type":"Point","coordinates":[98.996841850062353,18.796664660151926]},"properties":{"OBJECTID":541,"SOURCE_ID":541,"text_lanna":0,"GiZScore":0.46527278471132838,"GiPValue":0.641736123192023,"NNeighbors":279,"Gi_Bin":0}},{"type":"Feature","id":542,"geometry":{"type":"Point","coordinates":[98.998369090263495,18.796562279615248]},"properties":{"OBJECTID":542,"SOURCE_ID":542,"text_lanna":0,"GiZScore":-0.22389687446869638,"GiPValue":0.82283754797850162,"NNeighbors":270,"Gi_Bin":0}},{"type":"Feature","id":543,"geometry":{"type":"Point","coordinates":[98.992412579861863,18.782857020052678]},"properties":{"OBJECTID":543,"SOURCE_ID":543,"text_lanna":0,"GiZScore":-0.30264108597647105,"GiPValue":0.76216340024519402,"NNeighbors":389,"Gi_Bin":0}},{"type":"Feature","id":544,"geometry":{"type":"Point","coordinates":[98.991648919541987,18.783059110093433]},"properties":{"OBJECTID":544,"SOURCE_ID":544,"text_lanna":0,"GiZScore":-0.12325194093520996,"GiPValue":0.90190759617648875,"NNeighbors":393,"Gi_Bin":0}},{"type":"Feature","id":545,"geometry":{"type":"Point","coordinates":[98.990189790358301,18.783372870179861]},"properties":{"OBJECTID":545,"SOURCE_ID":545,"text_lanna":0,"GiZScore":0.12311649708772544,"GiPValue":0.90201484789858877,"NNeighbors":398,"Gi_Bin":0}},{"type":"Feature","id":546,"geometry":{"type":"Point","coordinates":[98.993916650438152,18.784423339737881]},"properties":{"OBJECTID":546,"SOURCE_ID":546,"text_lanna":0,"GiZScore":0.030877372932356009,"GiPValue":0.9753673350995492,"NNeighbors":362,"Gi_Bin":0}},{"type":"Feature","id":547,"geometry":{"type":"Point","coordinates":[98.980337819928323,18.788565959783838]},"properties":{"OBJECTID":547,"SOURCE_ID":547,"text_lanna":0,"GiZScore":0.23499497763563407,"GiPValue":0.81421263154735912,"NNeighbors":301,"Gi_Bin":0}},{"type":"Feature","id":548,"geometry":{"type":"Point","coordinates":[98.980300769786936,18.787931159714535]},"properties":{"OBJECTID":548,"SOURCE_ID":548,"text_lanna":0,"GiZScore":0.10339481728840343,"GiPValue":0.91764962531725858,"NNeighbors":302,"Gi_Bin":0}},{"type":"Feature","id":549,"geometry":{"type":"Point","coordinates":[98.981308070301665,18.786592810158808]},"properties":{"OBJECTID":549,"SOURCE_ID":549,"text_lanna":0,"GiZScore":-0.23637483435015721,"GiPValue":0.81314182243194977,"NNeighbors":314,"Gi_Bin":0}},{"type":"Feature","id":550,"geometry":{"type":"Point","coordinates":[98.996562109713224,18.781568519990138]},"properties":{"OBJECTID":550,"SOURCE_ID":550,"text_lanna":0,"GiZScore":0.28972523063330269,"GiPValue":0.77202645291796046,"NNeighbors":324,"Gi_Bin":0}},{"type":"Feature","id":551,"geometry":{"type":"Point","coordinates":[98.996661880040591,18.782030099890729]},"properties":{"OBJECTID":551,"SOURCE_ID":551,"text_lanna":0,"GiZScore":0.24570379248321045,"GiPValue":0.80591153642942304,"NNeighbors":322,"Gi_Bin":0}},{"type":"Feature","id":552,"geometry":{"type":"Point","coordinates":[98.996830459545691,18.783172030264826]},"properties":{"OBJECTID":552,"SOURCE_ID":552,"text_lanna":0,"GiZScore":0.34624754388298989,"GiPValue":0.72915668765288055,"NNeighbors":322,"Gi_Bin":0}},{"type":"Feature","id":553,"geometry":{"type":"Point","coordinates":[98.997510019532328,18.783529599617314]},"properties":{"OBJECTID":553,"SOURCE_ID":553,"text_lanna":0,"GiZScore":0.15712454896292224,"GiPValue":0.87514669065837947,"NNeighbors":318,"Gi_Bin":0}},{"type":"Feature","id":554,"geometry":{"type":"Point","coordinates":[98.996060990356924,18.781975579724595]},"properties":{"OBJECTID":554,"SOURCE_ID":554,"text_lanna":0,"GiZScore":0.065944479949944013,"GiPValue":0.94742202774981943,"NNeighbors":332,"Gi_Bin":0}},{"type":"Feature","id":555,"geometry":{"type":"Point","coordinates":[98.995777209883443,18.782184600211469]},"properties":{"OBJECTID":555,"SOURCE_ID":555,"text_lanna":2,"GiZScore":-0.0059159200361388591,"GiPValue":0.99527980627271284,"NNeighbors":331,"Gi_Bin":0}},{"type":"Feature","id":556,"geometry":{"type":"Point","coordinates":[98.993579180142774,18.769666389764012]},"properties":{"OBJECTID":556,"SOURCE_ID":556,"text_lanna":0,"GiZScore":-0.34769327903040503,"GiPValue":0.72807054531948312,"NNeighbors":318,"Gi_Bin":0}},{"type":"Feature","id":557,"geometry":{"type":"Point","coordinates":[98.995974120138996,18.769836220252962]},"properties":{"OBJECTID":557,"SOURCE_ID":557,"text_lanna":0,"GiZScore":0.37793184236617688,"GiPValue":0.70548122775424771,"NNeighbors":289,"Gi_Bin":0}},{"type":"Feature","id":558,"geometry":{"type":"Point","coordinates":[98.996823939805608,18.771920350261087]},"properties":{"OBJECTID":558,"SOURCE_ID":558,"text_lanna":0,"GiZScore":0.54360671297107732,"GiPValue":0.58671214168742025,"NNeighbors":301,"Gi_Bin":0}},{"type":"Feature","id":559,"geometry":{"type":"Point","coordinates":[98.997053470133352,18.772976459638837]},"properties":{"OBJECTID":559,"SOURCE_ID":559,"text_lanna":0,"GiZScore":0.82080203997878565,"GiPValue":0.4117590441846587,"NNeighbors":316,"Gi_Bin":0}},{"type":"Feature","id":560,"geometry":{"type":"Point","coordinates":[98.99715594993377,18.773128589974956]},"properties":{"OBJECTID":560,"SOURCE_ID":560,"text_lanna":1,"GiZScore":0.76290594255491495,"GiPValue":0.44551949823592418,"NNeighbors":318,"Gi_Bin":0}},{"type":"Feature","id":561,"geometry":{"type":"Point","coordinates":[98.993712810207782,18.771051509861092]},"properties":{"OBJECTID":561,"SOURCE_ID":561,"text_lanna":0,"GiZScore":-0.65918997011480451,"GiPValue":0.5097737909543234,"NNeighbors":322,"Gi_Bin":0}},{"type":"Feature","id":562,"geometry":{"type":"Point","coordinates":[98.99363067045519,18.77088855992228]},"properties":{"OBJECTID":562,"SOURCE_ID":562,"text_lanna":0,"GiZScore":-0.63187898845555213,"GiPValue":0.52746595780113403,"NNeighbors":321,"Gi_Bin":0}},{"type":"Feature","id":563,"geometry":{"type":"Point","coordinates":[98.993548529911209,18.770725619886257]},"properties":{"OBJECTID":563,"SOURCE_ID":563,"text_lanna":0,"GiZScore":-0.54962041022773589,"GiPValue":0.58257975916431715,"NNeighbors":318,"Gi_Bin":0}},{"type":"Feature","id":564,"geometry":{"type":"Point","coordinates":[98.9933020997385,18.77023677966115]},"properties":{"OBJECTID":564,"SOURCE_ID":564,"text_lanna":0,"GiZScore":-0.62316077370541822,"GiPValue":0.53317887958130905,"NNeighbors":317,"Gi_Bin":0}},{"type":"Feature","id":565,"geometry":{"type":"Point","coordinates":[98.993219959826021,18.770073830431699]},"properties":{"OBJECTID":565,"SOURCE_ID":565,"text_lanna":0,"GiZScore":-0.54055692681148593,"GiPValue":0.58881301575794676,"NNeighbors":314,"Gi_Bin":0}},{"type":"Feature","id":566,"geometry":{"type":"Point","coordinates":[98.99416289018933,18.772242439592024]},"properties":{"OBJECTID":566,"SOURCE_ID":566,"text_lanna":0,"GiZScore":-0.66648292935081588,"GiPValue":0.50510247560562926,"NNeighbors":337,"Gi_Bin":0}},{"type":"Feature","id":567,"geometry":{"type":"Point","coordinates":[98.994007190198275,18.776692289577348]},"properties":{"OBJECTID":567,"SOURCE_ID":567,"text_lanna":0,"GiZScore":-0.47070689036417995,"GiPValue":0.6378500647780313,"NNeighbors":359,"Gi_Bin":0}},{"type":"Feature","id":568,"geometry":{"type":"Point","coordinates":[98.990735139701982,18.774617519692296]},"properties":{"OBJECTID":568,"SOURCE_ID":568,"text_lanna":0,"GiZScore":-0.68199669283990383,"GiPValue":0.49524104663856416,"NNeighbors":378,"Gi_Bin":0}},{"type":"Feature","id":569,"geometry":{"type":"Point","coordinates":[98.992051290404959,18.775274030406582]},"properties":{"OBJECTID":569,"SOURCE_ID":569,"text_lanna":0,"GiZScore":-0.47216510908949288,"GiPValue":0.63680894353196882,"NNeighbors":370,"Gi_Bin":0}},{"type":"Feature","id":570,"geometry":{"type":"Point","coordinates":[98.992863760224623,18.776243259954754]},"properties":{"OBJECTID":570,"SOURCE_ID":570,"text_lanna":0,"GiZScore":-0.61209407047043529,"GiPValue":0.54047552376743324,"NNeighbors":368,"Gi_Bin":0}},{"type":"Feature","id":571,"geometry":{"type":"Point","coordinates":[98.99114249962669,18.77954272980768]},"properties":{"OBJECTID":571,"SOURCE_ID":571,"text_lanna":1,"GiZScore":-0.30264108597647105,"GiPValue":0.76216340024519402,"NNeighbors":389,"Gi_Bin":0}},{"type":"Feature","id":572,"geometry":{"type":"Point","coordinates":[98.990878350151092,18.780162050012208]},"properties":{"OBJECTID":572,"SOURCE_ID":572,"text_lanna":0,"GiZScore":0.11869185318445627,"GiPValue":0.90551949115625985,"NNeighbors":391,"Gi_Bin":0}},{"type":"Feature","id":573,"geometry":{"type":"Point","coordinates":[98.991629260061544,18.779970400353527]},"properties":{"OBJECTID":573,"SOURCE_ID":573,"text_lanna":0,"GiZScore":-0.15525166775734123,"GiPValue":0.87662291711086926,"NNeighbors":387,"Gi_Bin":0}},{"type":"Feature","id":574,"geometry":{"type":"Point","coordinates":[99.008724280137244,18.786349129893349]},"properties":{"OBJECTID":574,"SOURCE_ID":574,"text_lanna":0,"GiZScore":0.13599863698889242,"GiPValue":0.89182235851018488,"NNeighbors":208,"Gi_Bin":0}},{"type":"Feature","id":575,"geometry":{"type":"Point","coordinates":[99.008722839965941,18.786594250276398]},"properties":{"OBJECTID":575,"SOURCE_ID":575,"text_lanna":0,"GiZScore":0.13599863698889242,"GiPValue":0.89182235851018488,"NNeighbors":208,"Gi_Bin":0}},{"type":"Feature","id":576,"geometry":{"type":"Point","coordinates":[99.011069049829558,18.78462307970619]},"properties":{"OBJECTID":576,"SOURCE_ID":576,"text_lanna":0,"GiZScore":0.45755361833628805,"GiPValue":0.64727317383796024,"NNeighbors":188,"Gi_Bin":0}},{"type":"Feature","id":577,"geometry":{"type":"Point","coordinates":[99.009671380262361,18.78538786982006]},"properties":{"OBJECTID":577,"SOURCE_ID":577,"text_lanna":0,"GiZScore":-0.041763740719245872,"GiPValue":0.96668704049088794,"NNeighbors":199,"Gi_Bin":0}},{"type":"Feature","id":578,"geometry":{"type":"Point","coordinates":[99.012769909726742,18.785779389643071]},"properties":{"OBJECTID":578,"SOURCE_ID":578,"text_lanna":0,"GiZScore":-0.50469612388039586,"GiPValue":0.61377228583740295,"NNeighbors":191,"Gi_Bin":0}},{"type":"Feature","id":579,"geometry":{"type":"Point","coordinates":[99.012830969684316,18.786134459895031]},"properties":{"OBJECTID":579,"SOURCE_ID":579,"text_lanna":0,"GiZScore":-0.56146506072108193,"GiPValue":0.57448054490833944,"NNeighbors":189,"Gi_Bin":0}},{"type":"Feature","id":580,"geometry":{"type":"Point","coordinates":[99.016657810440023,18.77812652041462]},"properties":{"OBJECTID":580,"SOURCE_ID":580,"text_lanna":0,"GiZScore":1.5394701012101495,"GiPValue":0.12368957164841762,"NNeighbors":192,"Gi_Bin":0}},{"type":"Feature","id":581,"geometry":{"type":"Point","coordinates":[99.016328989563689,18.778395060049945]},"properties":{"OBJECTID":581,"SOURCE_ID":581,"text_lanna":0,"GiZScore":1.4435277453909159,"GiPValue":0.14887186243597803,"NNeighbors":188,"Gi_Bin":0}},{"type":"Feature","id":582,"geometry":{"type":"Point","coordinates":[99.016113330131859,18.778603600311087]},"properties":{"OBJECTID":582,"SOURCE_ID":582,"text_lanna":0,"GiZScore":1.4435277453909159,"GiPValue":0.14887186243597803,"NNeighbors":188,"Gi_Bin":0}},{"type":"Feature","id":583,"geometry":{"type":"Point","coordinates":[99.013598279575731,18.782515579986562]},"properties":{"OBJECTID":583,"SOURCE_ID":583,"text_lanna":0,"GiZScore":-0.58570177385167388,"GiPValue":0.55807594479507228,"NNeighbors":186,"Gi_Bin":0}},{"type":"Feature","id":584,"geometry":{"type":"Point","coordinates":[99.013370729889303,18.782993909918055]},"properties":{"OBJECTID":584,"SOURCE_ID":584,"text_lanna":0,"GiZScore":-0.49523527275372264,"GiPValue":0.62043405663732365,"NNeighbors":187,"Gi_Bin":0}},{"type":"Feature","id":585,"geometry":{"type":"Point","coordinates":[99.014182120345467,18.782977319774357]},"properties":{"OBJECTID":585,"SOURCE_ID":585,"text_lanna":1,"GiZScore":-0.85958587772396189,"GiPValue":0.39001737129148706,"NNeighbors":183,"Gi_Bin":0}},{"type":"Feature","id":586,"geometry":{"type":"Point","coordinates":[99.014555139992424,18.782910549835879]},"properties":{"OBJECTID":586,"SOURCE_ID":586,"text_lanna":0,"GiZScore":-0.39481652038173554,"GiPValue":0.69297830280075123,"NNeighbors":184,"Gi_Bin":0}},{"type":"Feature","id":587,"geometry":{"type":"Point","coordinates":[99.015009340245868,18.782801339723878]},"properties":{"OBJECTID":587,"SOURCE_ID":587,"text_lanna":1,"GiZScore":-0.45205106069989243,"GiPValue":0.65123219993141035,"NNeighbors":182,"Gi_Bin":0}},{"type":"Feature","id":588,"geometry":{"type":"Point","coordinates":[99.015651939579257,18.782655500298954]},"properties":{"OBJECTID":588,"SOURCE_ID":588,"text_lanna":0,"GiZScore":-0.48568354758576376,"GiPValue":0.62719155200095178,"NNeighbors":183,"Gi_Bin":0}},{"type":"Feature","id":589,"geometry":{"type":"Point","coordinates":[99.016301660241453,18.782549539568091]},"properties":{"OBJECTID":589,"SOURCE_ID":589,"text_lanna":0,"GiZScore":-0.42843520639734167,"GiPValue":0.66833429838017921,"NNeighbors":185,"Gi_Bin":0}},{"type":"Feature","id":590,"geometry":{"type":"Point","coordinates":[99.015743569749063,18.782453020213932]},"properties":{"OBJECTID":590,"SOURCE_ID":590,"text_lanna":0,"GiZScore":-0.61031765763182988,"GiPValue":0.54165140553748869,"NNeighbors":183,"Gi_Bin":0}},{"type":"Feature","id":591,"geometry":{"type":"Point","coordinates":[99.015399390194332,18.774464089635234]},"properties":{"OBJECTID":591,"SOURCE_ID":591,"text_lanna":0,"GiZScore":1.7881813420712989,"GiPValue":0.073746755485746177,"NNeighbors":179,"Gi_Bin":1}},{"type":"Feature","id":592,"geometry":{"type":"Point","coordinates":[99.015436619912478,18.774700989923772]},"properties":{"OBJECTID":592,"SOURCE_ID":592,"text_lanna":0,"GiZScore":1.5850388331326555,"GiPValue":0.11295751146480909,"NNeighbors":181,"Gi_Bin":0}},{"type":"Feature","id":593,"geometry":{"type":"Point","coordinates":[99.015163880103273,18.77057852038892]},"properties":{"OBJECTID":593,"SOURCE_ID":593,"text_lanna":0,"GiZScore":2.0734899212621238,"GiPValue":0.038126708134472782,"NNeighbors":175,"Gi_Bin":2}},{"type":"Feature","id":594,"geometry":{"type":"Point","coordinates":[99.015697040213013,18.77265981967339]},"properties":{"OBJECTID":594,"SOURCE_ID":594,"text_lanna":0,"GiZScore":1.8132680430364014,"GiPValue":0.069790489664831007,"NNeighbors":188,"Gi_Bin":1}},{"type":"Feature","id":595,"geometry":{"type":"Point","coordinates":[99.017051879779828,18.77425058022536]},"properties":{"OBJECTID":595,"SOURCE_ID":595,"text_lanna":0,"GiZScore":1.6143877135388014,"GiPValue":0.10644335504441069,"NNeighbors":190,"Gi_Bin":0}},{"type":"Feature","id":596,"geometry":{"type":"Point","coordinates":[99.017071839792067,18.772630019581353]},"properties":{"OBJECTID":596,"SOURCE_ID":596,"text_lanna":2,"GiZScore":2.0529994731890717,"GiPValue":0.040072628601428809,"NNeighbors":185,"Gi_Bin":2}},{"type":"Feature","id":597,"geometry":{"type":"Point","coordinates":[99.017055290377712,18.771952949931837]},"properties":{"OBJECTID":597,"SOURCE_ID":597,"text_lanna":0,"GiZScore":1.851631803117388,"GiPValue":0.064078712969056581,"NNeighbors":187,"Gi_Bin":1}},{"type":"Feature","id":598,"geometry":{"type":"Point","coordinates":[99.017050830276105,18.771229930407017]},"properties":{"OBJECTID":598,"SOURCE_ID":598,"text_lanna":0,"GiZScore":2.1377727888403881,"GiPValue":0.032535188530515416,"NNeighbors":186,"Gi_Bin":2}},{"type":"Feature","id":599,"geometry":{"type":"Point","coordinates":[99.013511010391511,18.771449299567273]},"properties":{"OBJECTID":599,"SOURCE_ID":599,"text_lanna":0,"GiZScore":2.3515291276507355,"GiPValue":0.018696425748847053,"NNeighbors":159,"Gi_Bin":2}},{"type":"Feature","id":600,"geometry":{"type":"Point","coordinates":[99.01214285003249,18.772258929646345]},"properties":{"OBJECTID":600,"SOURCE_ID":600,"text_lanna":1,"GiZScore":3.9664933099229542,"GiPValue":7.2937821948071586e-05,"NNeighbors":164,"Gi_Bin":3}},{"type":"Feature","id":601,"geometry":{"type":"Point","coordinates":[99.015418870246009,18.769237519666625]},"properties":{"OBJECTID":601,"SOURCE_ID":601,"text_lanna":0,"GiZScore":2.1904556996228339,"GiPValue":0.028491204268465714,"NNeighbors":169,"Gi_Bin":2}},{"type":"Feature","id":602,"geometry":{"type":"Point","coordinates":[99.015600830120036,18.769186229797349]},"properties":{"OBJECTID":602,"SOURCE_ID":602,"text_lanna":0,"GiZScore":2.4482037503230756,"GiPValue":0.014357044158153903,"NNeighbors":169,"Gi_Bin":2}},{"type":"Feature","id":603,"geometry":{"type":"Point","coordinates":[99.015231460291119,18.769384459807092]},"properties":{"OBJECTID":603,"SOURCE_ID":603,"text_lanna":2,"GiZScore":2.1027117344645707,"GiPValue":0.035490975674434863,"NNeighbors":168,"Gi_Bin":2}},{"type":"Feature","id":604,"geometry":{"type":"Point","coordinates":[99.018364050089446,18.78039699006538]},"properties":{"OBJECTID":604,"SOURCE_ID":604,"text_lanna":0,"GiZScore":0.067851729519940993,"GiPValue":0.94590366440699158,"NNeighbors":185,"Gi_Bin":0}},{"type":"Feature","id":605,"geometry":{"type":"Point","coordinates":[99.018362009646353,18.780577740105102]},"properties":{"OBJECTID":605,"SOURCE_ID":605,"text_lanna":0,"GiZScore":-0.14611320045623319,"GiPValue":0.88383202583816045,"NNeighbors":184,"Gi_Bin":0}},{"type":"Feature","id":606,"geometry":{"type":"Point","coordinates":[99.020175770245103,18.782008010065983]},"properties":{"OBJECTID":606,"SOURCE_ID":606,"text_lanna":2,"GiZScore":0.041668218513401536,"GiPValue":0.96676318989680898,"NNeighbors":175,"Gi_Bin":0}},{"type":"Feature","id":607,"geometry":{"type":"Point","coordinates":[99.018840169895427,18.777394270240826]},"properties":{"OBJECTID":607,"SOURCE_ID":607,"text_lanna":2,"GiZScore":1.5498000956808367,"GiPValue":0.12118950406846345,"NNeighbors":195,"Gi_Bin":0}},{"type":"Feature","id":608,"geometry":{"type":"Point","coordinates":[99.022823559611595,18.781095429951495]},"properties":{"OBJECTID":608,"SOURCE_ID":608,"text_lanna":0,"GiZScore":-0.14835494948393146,"GiPValue":0.8820626517138983,"NNeighbors":155,"Gi_Bin":0}},{"type":"Feature","id":609,"geometry":{"type":"Point","coordinates":[99.022839419835776,18.781275549701189]},"properties":{"OBJECTID":609,"SOURCE_ID":609,"text_lanna":0,"GiZScore":-0.24557483313230719,"GiPValue":0.80601137319943794,"NNeighbors":154,"Gi_Bin":0}},{"type":"Feature","id":610,"geometry":{"type":"Point","coordinates":[99.022855280095328,18.781455680291511]},"properties":{"OBJECTID":610,"SOURCE_ID":610,"text_lanna":1,"GiZScore":-0.16161854261055389,"GiPValue":0.87160625445387652,"NNeighbors":159,"Gi_Bin":0}},{"type":"Feature","id":611,"geometry":{"type":"Point","coordinates":[99.022931910471954,18.781835139674765]},"properties":{"OBJECTID":611,"SOURCE_ID":611,"text_lanna":0,"GiZScore":-0.28208335465254569,"GiPValue":0.7778795965858154,"NNeighbors":155,"Gi_Bin":0}},{"type":"Feature","id":612,"geometry":{"type":"Point","coordinates":[99.02659133972999,18.780107080407436]},"properties":{"OBJECTID":612,"SOURCE_ID":612,"text_lanna":0,"GiZScore":-0.39994637179079601,"GiPValue":0.68919601750980397,"NNeighbors":136,"Gi_Bin":0}},{"type":"Feature","id":613,"geometry":{"type":"Point","coordinates":[99.0261246400093,18.779536850300687]},"properties":{"OBJECTID":613,"SOURCE_ID":613,"text_lanna":0,"GiZScore":0.23013763587024649,"GiPValue":0.8179848206511926,"NNeighbors":145,"Gi_Bin":0}},{"type":"Feature","id":614,"geometry":{"type":"Point","coordinates":[98.976528510214592,18.795861649832641]},"properties":{"OBJECTID":614,"SOURCE_ID":614,"text_lanna":0,"GiZScore":0.26578553534727184,"GiPValue":0.79040438407297919,"NNeighbors":236,"Gi_Bin":0}},{"type":"Feature","id":615,"geometry":{"type":"Point","coordinates":[98.974410190115307,18.796097090374552]},"properties":{"OBJECTID":615,"SOURCE_ID":615,"text_lanna":0,"GiZScore":0.25710521184191792,"GiPValue":0.79709755455049613,"NNeighbors":215,"Gi_Bin":0}},{"type":"Feature","id":616,"geometry":{"type":"Point","coordinates":[98.972239719788078,18.795159099872812]},"properties":{"OBJECTID":616,"SOURCE_ID":616,"text_lanna":0,"GiZScore":0.30342437934441285,"GiPValue":0.76156646926384985,"NNeighbors":203,"Gi_Bin":0}},{"type":"Feature","id":617,"geometry":{"type":"Point","coordinates":[98.972792230126373,18.795930240108326]},"properties":{"OBJECTID":617,"SOURCE_ID":617,"text_lanna":0,"GiZScore":0.45698499256964648,"GiPValue":0.64768183384397493,"NNeighbors":202,"Gi_Bin":0}},{"type":"Feature","id":618,"geometry":{"type":"Point","coordinates":[98.9726055503439,18.795962880241756]},"properties":{"OBJECTID":618,"SOURCE_ID":618,"text_lanna":0,"GiZScore":0.49125811549937776,"GiPValue":0.62324390154665932,"NNeighbors":201,"Gi_Bin":0}},{"type":"Feature","id":619,"geometry":{"type":"Point","coordinates":[98.972232209541602,18.79602816989258]},"properties":{"OBJECTID":619,"SOURCE_ID":619,"text_lanna":0,"GiZScore":0.43983615225943934,"GiPValue":0.66005578284584132,"NNeighbors":199,"Gi_Bin":0}},{"type":"Feature","id":620,"geometry":{"type":"Point","coordinates":[98.971858859913269,18.796093449756903]},"properties":{"OBJECTID":620,"SOURCE_ID":620,"text_lanna":2,"GiZScore":0.5436602248434298,"GiPValue":0.58667531055427125,"NNeighbors":196,"Gi_Bin":0}},{"type":"Feature","id":621,"geometry":{"type":"Point","coordinates":[98.973662059933332,18.795342869858413]},"properties":{"OBJECTID":621,"SOURCE_ID":621,"text_lanna":2,"GiZScore":0.37380544984108638,"GiPValue":0.70854906537286699,"NNeighbors":215,"Gi_Bin":0}},{"type":"Feature","id":622,"geometry":{"type":"Point","coordinates":[98.973329359689643,18.795400410221681]},"properties":{"OBJECTID":622,"SOURCE_ID":622,"text_lanna":1,"GiZScore":0.62501441044821371,"GiPValue":0.53196160380705027,"NNeighbors":211,"Gi_Bin":0}},{"type":"Feature","id":623,"geometry":{"type":"Point","coordinates":[98.972339559983212,18.795568040069167]},"properties":{"OBJECTID":623,"SOURCE_ID":623,"text_lanna":2,"GiZScore":0.33731625474453431,"GiPValue":0.73587850809121935,"NNeighbors":202,"Gi_Bin":0}},{"type":"Feature","id":624,"geometry":{"type":"Point","coordinates":[98.97159208034553,18.795694469960985]},"properties":{"OBJECTID":624,"SOURCE_ID":624,"text_lanna":0,"GiZScore":0.40500057075264501,"GiPValue":0.68547709241534749,"NNeighbors":193,"Gi_Bin":0}},{"type":"Feature","id":625,"geometry":{"type":"Point","coordinates":[98.973298330452224,18.795658929931655]},"properties":{"OBJECTID":625,"SOURCE_ID":625,"text_lanna":0,"GiZScore":0.52468737434429602,"GiPValue":0.59980053780656295,"NNeighbors":207,"Gi_Bin":0}},{"type":"Feature","id":626,"geometry":{"type":"Point","coordinates":[98.973048020349822,18.793655489600667]},"properties":{"OBJECTID":626,"SOURCE_ID":626,"text_lanna":0,"GiZScore":0.65656458107934457,"GiPValue":0.51146093348985566,"NNeighbors":217,"Gi_Bin":0}},{"type":"Feature","id":627,"geometry":{"type":"Point","coordinates":[98.972925620187382,18.793121239755646]},"properties":{"OBJECTID":627,"SOURCE_ID":627,"text_lanna":0,"GiZScore":0.54029415166850314,"GiPValue":0.58899419329934777,"NNeighbors":217,"Gi_Bin":0}},{"type":"Feature","id":628,"geometry":{"type":"Point","coordinates":[98.971512269914655,18.794348229717542]},"properties":{"OBJECTID":628,"SOURCE_ID":628,"text_lanna":1,"GiZScore":0.57856674318562451,"GiPValue":0.56288155306292897,"NNeighbors":195,"Gi_Bin":0}},{"type":"Feature","id":629,"geometry":{"type":"Point","coordinates":[98.971487339982687,18.793879179565852]},"properties":{"OBJECTID":629,"SOURCE_ID":629,"text_lanna":0,"GiZScore":0.40552037253657602,"GiPValue":0.68509504750914507,"NNeighbors":200,"Gi_Bin":0}},{"type":"Feature","id":630,"geometry":{"type":"Point","coordinates":[98.972570609825368,18.793592350104689]},"properties":{"OBJECTID":630,"SOURCE_ID":630,"text_lanna":0,"GiZScore":0.27227259150036803,"GiPValue":0.78541242951313306,"NNeighbors":211,"Gi_Bin":0}},{"type":"Feature","id":631,"geometry":{"type":"Point","coordinates":[98.972753179767423,18.793542970327461]},"properties":{"OBJECTID":631,"SOURCE_ID":631,"text_lanna":0,"GiZScore":0.44036157178385849,"GiPValue":0.65967525393343163,"NNeighbors":213,"Gi_Bin":0}},{"type":"Feature","id":632,"geometry":{"type":"Point","coordinates":[98.971498049830018,18.793467999893284]},"properties":{"OBJECTID":632,"SOURCE_ID":632,"text_lanna":1,"GiZScore":0.23300114051075041,"GiPValue":0.81576052033077395,"NNeighbors":198,"Gi_Bin":0}},{"type":"Feature","id":633,"geometry":{"type":"Point","coordinates":[98.972321660283811,18.793014659611124]},"properties":{"OBJECTID":633,"SOURCE_ID":633,"text_lanna":0,"GiZScore":0.16921815813362218,"GiPValue":0.86562504769479787,"NNeighbors":207,"Gi_Bin":0}},{"type":"Feature","id":634,"geometry":{"type":"Point","coordinates":[98.972242260304569,18.794243370048719]},"properties":{"OBJECTID":634,"SOURCE_ID":634,"text_lanna":1,"GiZScore":0.26967031602423608,"GiPValue":0.78741389941690032,"NNeighbors":204,"Gi_Bin":0}},{"type":"Feature","id":635,"geometry":{"type":"Point","coordinates":[98.971851170167938,18.795044330167141]},"properties":{"OBJECTID":635,"SOURCE_ID":635,"text_lanna":0,"GiZScore":0.35364898025741737,"GiPValue":0.72360196313629155,"NNeighbors":198,"Gi_Bin":0}},{"type":"Feature","id":636,"geometry":{"type":"Point","coordinates":[98.966587469948891,18.793581860317463]},"properties":{"OBJECTID":636,"SOURCE_ID":636,"text_lanna":0,"GiZScore":-0.64581653922112581,"GiPValue":0.51839817945025746,"NNeighbors":135,"Gi_Bin":0}},{"type":"Feature","id":637,"geometry":{"type":"Point","coordinates":[98.968116640332028,18.793281659552562]},"properties":{"OBJECTID":637,"SOURCE_ID":637,"text_lanna":0,"GiZScore":-0.19787368057028043,"GiPValue":0.84314389698601877,"NNeighbors":160,"Gi_Bin":0}},{"type":"Feature","id":638,"geometry":{"type":"Point","coordinates":[98.954739639777614,18.796299870313693]},"properties":{"OBJECTID":638,"SOURCE_ID":638,"text_lanna":0,"GiZScore":-1.1254573126920642,"GiPValue":0.2603953147879321,"NNeighbors":59,"Gi_Bin":0}},{"type":"Feature","id":639,"geometry":{"type":"Point","coordinates":[98.955142779920507,18.796234280278263]},"properties":{"OBJECTID":639,"SOURCE_ID":639,"text_lanna":0,"GiZScore":-0.9174005015647041,"GiPValue":0.35893282059646781,"NNeighbors":59,"Gi_Bin":0}},{"type":"Feature","id":640,"geometry":{"type":"Point","coordinates":[98.956168239653408,18.796089569756838]},"properties":{"OBJECTID":640,"SOURCE_ID":640,"text_lanna":0,"GiZScore":-0.9174005015647041,"GiPValue":0.35893282059646781,"NNeighbors":59,"Gi_Bin":0}},{"type":"Feature","id":641,"geometry":{"type":"Point","coordinates":[98.956544270120133,18.796040230379425]},"properties":{"OBJECTID":641,"SOURCE_ID":641,"text_lanna":0,"GiZScore":-1.1610127649723676,"GiPValue":0.24563672835548778,"NNeighbors":64,"Gi_Bin":0}},{"type":"Feature","id":642,"geometry":{"type":"Point","coordinates":[98.949344379848611,18.796626300212239]},"properties":{"OBJECTID":642,"SOURCE_ID":642,"text_lanna":2,"GiZScore":-1.1464170675487555,"GiPValue":0.25162264335871176,"NNeighbors":42,"Gi_Bin":0}},{"type":"Feature","id":643,"geometry":{"type":"Point","coordinates":[98.949288509557462,18.796799049555027]},"properties":{"OBJECTID":643,"SOURCE_ID":643,"text_lanna":0,"GiZScore":-1.1464170675487555,"GiPValue":0.25162264335871176,"NNeighbors":42,"Gi_Bin":0}},{"type":"Feature","id":644,"geometry":{"type":"Point","coordinates":[98.955259719571274,18.797833010040264]},"properties":{"OBJECTID":644,"SOURCE_ID":644,"text_lanna":2,"GiZScore":-1.0655854084405658,"GiPValue":0.28661111406354423,"NNeighbors":62,"Gi_Bin":0}},{"type":"Feature","id":645,"geometry":{"type":"Point","coordinates":[98.95525927988534,18.798013770245909]},"properties":{"OBJECTID":645,"SOURCE_ID":645,"text_lanna":0,"GiZScore":-1.0655854084405658,"GiPValue":0.28661111406354423,"NNeighbors":62,"Gi_Bin":0}},{"type":"Feature","id":646,"geometry":{"type":"Point","coordinates":[98.955249219757235,18.799087410062199]},"properties":{"OBJECTID":646,"SOURCE_ID":646,"text_lanna":0,"GiZScore":-1.1136193869341036,"GiPValue":0.26544252365860921,"NNeighbors":63,"Gi_Bin":0}},{"type":"Feature","id":647,"geometry":{"type":"Point","coordinates":[98.954539469941579,18.797482819741546]},"properties":{"OBJECTID":647,"SOURCE_ID":647,"text_lanna":0,"GiZScore":-1.1739014653264015,"GiPValue":0.24043451607345834,"NNeighbors":60,"Gi_Bin":0}},{"type":"Feature","id":648,"geometry":{"type":"Point","coordinates":[98.955813839550117,18.796903630331919]},"properties":{"OBJECTID":648,"SOURCE_ID":648,"text_lanna":0,"GiZScore":-0.9174005015647041,"GiPValue":0.35893282059646781,"NNeighbors":59,"Gi_Bin":0}},{"type":"Feature","id":649,"geometry":{"type":"Point","coordinates":[98.954356940376513,18.797889250251615]},"properties":{"OBJECTID":649,"SOURCE_ID":649,"text_lanna":0,"GiZScore":-1.2687959750084923,"GiPValue":0.20451386629349366,"NNeighbors":62,"Gi_Bin":0}},{"type":"Feature","id":650,"geometry":{"type":"Point","coordinates":[98.954361980289193,18.796762860440513]},"properties":{"OBJECTID":650,"SOURCE_ID":650,"text_lanna":0,"GiZScore":-1.2216729427365995,"GiPValue":0.22183135510902452,"NNeighbors":61,"Gi_Bin":0}},{"type":"Feature","id":651,"geometry":{"type":"Point","coordinates":[98.954147100374584,18.807124530160639]},"properties":{"OBJECTID":651,"SOURCE_ID":651,"text_lanna":0,"GiZScore":-1.4581880280343729,"GiPValue":0.14478872278299448,"NNeighbors":48,"Gi_Bin":0}},{"type":"Feature","id":652,"geometry":{"type":"Point","coordinates":[98.954055989903807,18.806965950054515]},"properties":{"OBJECTID":652,"SOURCE_ID":652,"text_lanna":0,"GiZScore":-1.4581880280343729,"GiPValue":0.14478872278299448,"NNeighbors":48,"Gi_Bin":0}},{"type":"Feature","id":653,"geometry":{"type":"Point","coordinates":[98.953782680387278,18.806490230247586]},"properties":{"OBJECTID":653,"SOURCE_ID":653,"text_lanna":0,"GiZScore":-1.4581880280343729,"GiPValue":0.14478872278299448,"NNeighbors":48,"Gi_Bin":0}},{"type":"Feature","id":654,"geometry":{"type":"Point","coordinates":[98.953597690179208,18.806164849884574]},"properties":{"OBJECTID":654,"SOURCE_ID":654,"text_lanna":0,"GiZScore":-1.4581880280343729,"GiPValue":0.14478872278299448,"NNeighbors":48,"Gi_Bin":0}},{"type":"Feature","id":655,"geometry":{"type":"Point","coordinates":[98.951650360216505,18.802904550138198]},"properties":{"OBJECTID":655,"SOURCE_ID":655,"text_lanna":0,"GiZScore":-1.3579664219264282,"GiPValue":0.17447433909372068,"NNeighbors":46,"Gi_Bin":0}},{"type":"Feature","id":656,"geometry":{"type":"Point","coordinates":[98.981142199536421,18.791300360399752]},"properties":{"OBJECTID":656,"SOURCE_ID":656,"text_lanna":0,"GiZScore":0.49647165651132086,"GiPValue":0.61956168168009307,"NNeighbors":285,"Gi_Bin":0}},{"type":"Feature","id":657,"geometry":{"type":"Point","coordinates":[98.98115351013216,18.791119930043635]},"properties":{"OBJECTID":657,"SOURCE_ID":657,"text_lanna":0,"GiZScore":0.51192905103610065,"GiPValue":0.60870066738397655,"NNeighbors":288,"Gi_Bin":0}},{"type":"Feature","id":658,"geometry":{"type":"Point","coordinates":[98.981348589527926,18.79023474987719]},"properties":{"OBJECTID":658,"SOURCE_ID":658,"text_lanna":1,"GiZScore":0.11092400352791613,"GiPValue":0.91167661101006936,"NNeighbors":291,"Gi_Bin":0}},{"type":"Feature","id":659,"geometry":{"type":"Point","coordinates":[98.979512889883537,18.768133199555379]},"properties":{"OBJECTID":659,"SOURCE_ID":659,"text_lanna":0,"GiZScore":-1.1564840253820872,"GiPValue":0.24748324980544256,"NNeighbors":200,"Gi_Bin":0}},{"type":"Feature","id":660,"geometry":{"type":"Point","coordinates":[98.999013299838438,18.801511330213955]},"properties":{"OBJECTID":660,"SOURCE_ID":660,"text_lanna":0,"GiZScore":0.035215340557602504,"GiPValue":0.97190802982005409,"NNeighbors":229,"Gi_Bin":0}},{"type":"Feature","id":661,"geometry":{"type":"Point","coordinates":[98.999088100086851,18.801677460360381]},"properties":{"OBJECTID":661,"SOURCE_ID":661,"text_lanna":0,"GiZScore":-0.015348189004779626,"GiPValue":0.98775439773388385,"NNeighbors":227,"Gi_Bin":0}},{"type":"Feature","id":662,"geometry":{"type":"Point","coordinates":[98.995842689946173,18.808864999725383]},"properties":{"OBJECTID":662,"SOURCE_ID":662,"text_lanna":0,"GiZScore":-0.62863028728098325,"GiPValue":0.52959113073636843,"NNeighbors":161,"Gi_Bin":0}},{"type":"Feature","id":663,"geometry":{"type":"Point","coordinates":[98.996459060457781,18.809663030256061]},"properties":{"OBJECTID":663,"SOURCE_ID":663,"text_lanna":1,"GiZScore":-1.0815600533897112,"GiPValue":0.27944807924158688,"NNeighbors":151,"Gi_Bin":0}},{"type":"Feature","id":664,"geometry":{"type":"Point","coordinates":[98.996521280370175,18.81019445008091]},"properties":{"OBJECTID":664,"SOURCE_ID":664,"text_lanna":0,"GiZScore":-1.0087341235808001,"GiPValue":0.31310217564248233,"NNeighbors":145,"Gi_Bin":0}},{"type":"Feature","id":665,"geometry":{"type":"Point","coordinates":[98.996541519909186,18.810374180255529]},"properties":{"OBJECTID":665,"SOURCE_ID":665,"text_lanna":0,"GiZScore":-0.93783504522617966,"GiPValue":0.34832919928463402,"NNeighbors":143,"Gi_Bin":0}},{"type":"Feature","id":666,"geometry":{"type":"Point","coordinates":[98.996571479954795,18.81063354960164]},"properties":{"OBJECTID":666,"SOURCE_ID":666,"text_lanna":0,"GiZScore":-0.76316661684314102,"GiPValue":0.44536404139933716,"NNeighbors":142,"Gi_Bin":0}},{"type":"Feature","id":667,"geometry":{"type":"Point","coordinates":[98.995938110246101,18.807802329729824]},"properties":{"OBJECTID":667,"SOURCE_ID":667,"text_lanna":0,"GiZScore":-0.57598991524426646,"GiPValue":0.56462200092063686,"NNeighbors":167,"Gi_Bin":0}},{"type":"Feature","id":668,"geometry":{"type":"Point","coordinates":[98.995593860028492,18.806852449594473]},"properties":{"OBJECTID":668,"SOURCE_ID":668,"text_lanna":0,"GiZScore":-0.95708466876422782,"GiPValue":0.33852453308253538,"NNeighbors":186,"Gi_Bin":0}},{"type":"Feature","id":669,"geometry":{"type":"Point","coordinates":[98.996013340096511,18.806722529652276]},"properties":{"OBJECTID":669,"SOURCE_ID":669,"text_lanna":0,"GiZScore":-0.67657867435598296,"GiPValue":0.49867331796080383,"NNeighbors":185,"Gi_Bin":0}},{"type":"Feature","id":670,"geometry":{"type":"Point","coordinates":[98.999441080401468,18.805610679691647]},"properties":{"OBJECTID":670,"SOURCE_ID":670,"text_lanna":0,"GiZScore":-1.0580306537912472,"GiPValue":0.29004148306066246,"NNeighbors":193,"Gi_Bin":0}},{"type":"Feature","id":671,"geometry":{"type":"Point","coordinates":[98.997441400440039,18.805729800254571]},"properties":{"OBJECTID":671,"SOURCE_ID":671,"text_lanna":0,"GiZScore":-0.85282941720925221,"GiPValue":0.39375391663940207,"NNeighbors":198,"Gi_Bin":0}},{"type":"Feature","id":672,"geometry":{"type":"Point","coordinates":[98.997954970441128,18.805803199552976]},"properties":{"OBJECTID":672,"SOURCE_ID":672,"text_lanna":0,"GiZScore":-0.75687911649529227,"GiPValue":0.44912229403343862,"NNeighbors":195,"Gi_Bin":0}},{"type":"Feature","id":673,"geometry":{"type":"Point","coordinates":[98.998140759561153,18.805840199843267]},"properties":{"OBJECTID":673,"SOURCE_ID":673,"text_lanna":0,"GiZScore":-0.84630163456508534,"GiPValue":0.39738450468988784,"NNeighbors":194,"Gi_Bin":0}},{"type":"Feature","id":674,"geometry":{"type":"Point","coordinates":[98.998839109702928,18.805969429926481]},"properties":{"OBJECTID":674,"SOURCE_ID":674,"text_lanna":0,"GiZScore":-1.0580306537912472,"GiPValue":0.29004148306066246,"NNeighbors":193,"Gi_Bin":0}},{"type":"Feature","id":675,"geometry":{"type":"Point","coordinates":[98.999269230198919,18.805423180250333]},"properties":{"OBJECTID":675,"SOURCE_ID":675,"text_lanna":2,"GiZScore":-1.089622859237886,"GiPValue":0.27587932619377387,"NNeighbors":194,"Gi_Bin":0}},{"type":"Feature","id":676,"geometry":{"type":"Point","coordinates":[98.998861370404725,18.805350500136218]},"properties":{"OBJECTID":676,"SOURCE_ID":676,"text_lanna":0,"GiZScore":-1.1253634999212876,"GiPValue":0.26043504990068211,"NNeighbors":199,"Gi_Bin":0}},{"type":"Feature","id":677,"geometry":{"type":"Point","coordinates":[98.998214390306899,18.805235580294092]},"properties":{"OBJECTID":677,"SOURCE_ID":677,"text_lanna":0,"GiZScore":-1.1564840253820872,"GiPValue":0.24748324980544256,"NNeighbors":200,"Gi_Bin":0}},{"type":"Feature","id":678,"geometry":{"type":"Point","coordinates":[98.997780229593246,18.805503179883097]},"properties":{"OBJECTID":678,"SOURCE_ID":678,"text_lanna":1,"GiZScore":-0.94766725713037958,"GiPValue":0.34329888636745465,"NNeighbors":201,"Gi_Bin":0}},{"type":"Feature","id":679,"geometry":{"type":"Point","coordinates":[98.998707439534016,18.8056644902701]},"properties":{"OBJECTID":679,"SOURCE_ID":679,"text_lanna":0,"GiZScore":-1.062767311726253,"GiPValue":0.28788750264940921,"NNeighbors":197,"Gi_Bin":0}},{"type":"Feature","id":680,"geometry":{"type":"Point","coordinates":[98.998382579739697,18.806314999591219]},"properties":{"OBJECTID":680,"SOURCE_ID":680,"text_lanna":1,"GiZScore":-0.68444166539647278,"GiPValue":0.49369631815033488,"NNeighbors":189,"Gi_Bin":0}},{"type":"Feature","id":681,"geometry":{"type":"Point","coordinates":[98.997600530446348,18.805290170311213]},"properties":{"OBJECTID":681,"SOURCE_ID":681,"text_lanna":0,"GiZScore":-0.85937112350658762,"GiPValue":0.39013580473534037,"NNeighbors":202,"Gi_Bin":0}},{"type":"Feature","id":682,"geometry":{"type":"Point","coordinates":[98.99913048032009,18.805053550447003]},"properties":{"OBJECTID":682,"SOURCE_ID":682,"text_lanna":0,"GiZScore":-1.2457634731659588,"GiPValue":0.21285126726035553,"NNeighbors":199,"Gi_Bin":0}},{"type":"Feature","id":683,"geometry":{"type":"Point","coordinates":[98.999557769886266,18.804714230337545]},"properties":{"OBJECTID":683,"SOURCE_ID":683,"text_lanna":6,"GiZScore":-1.34081294620731,"GiPValue":0.1799811918370369,"NNeighbors":206,"Gi_Bin":0}},{"type":"Feature","id":684,"geometry":{"type":"Point","coordinates":[99.002465570287683,18.80369195035216]},"properties":{"OBJECTID":684,"SOURCE_ID":684,"text_lanna":0,"GiZScore":-1.0852059927113558,"GiPValue":0.27783044732978524,"NNeighbors":190,"Gi_Bin":0}},{"type":"Feature","id":685,"geometry":{"type":"Point","coordinates":[99.002086439637267,18.803753109767023]},"properties":{"OBJECTID":685,"SOURCE_ID":685,"text_lanna":0,"GiZScore":-1.2112834715742864,"GiPValue":0.22578680350358205,"NNeighbors":194,"Gi_Bin":0}},{"type":"Feature","id":686,"geometry":{"type":"Point","coordinates":[99.002028690194948,18.803980779933582]},"properties":{"OBJECTID":686,"SOURCE_ID":686,"text_lanna":0,"GiZScore":-1.0852059927113558,"GiPValue":0.27783044732978524,"NNeighbors":190,"Gi_Bin":0}},{"type":"Feature","id":687,"geometry":{"type":"Point","coordinates":[99.002333989615252,18.803959830183416]},"properties":{"OBJECTID":687,"SOURCE_ID":687,"text_lanna":0,"GiZScore":-0.98931255188448275,"GiPValue":0.32251025774571596,"NNeighbors":187,"Gi_Bin":0}},{"type":"Feature","id":688,"geometry":{"type":"Point","coordinates":[99.017104909967514,18.798542370226901]},"properties":{"OBJECTID":688,"SOURCE_ID":688,"text_lanna":0,"GiZScore":-2.4605107404638145,"GiPValue":0.013873941925933844,"NNeighbors":111,"Gi_Bin":-2}},{"type":"Feature","id":689,"geometry":{"type":"Point","coordinates":[99.016683760466989,18.798271560203581]},"properties":{"OBJECTID":689,"SOURCE_ID":689,"text_lanna":0,"GiZScore":-2.2843220680686551,"GiPValue":0.022352609881095584,"NNeighbors":124,"Gi_Bin":-2}},{"type":"Feature","id":690,"geometry":{"type":"Point","coordinates":[99.006386239613306,18.782603629693455]},"properties":{"OBJECTID":690,"SOURCE_ID":690,"text_lanna":1,"GiZScore":1.8822227952203847,"GiPValue":0.059805771874000782,"NNeighbors":225,"Gi_Bin":1}},{"type":"Feature","id":691,"geometry":{"type":"Point","coordinates":[99.007369429525795,18.783078469897756]},"properties":{"OBJECTID":691,"SOURCE_ID":691,"text_lanna":0,"GiZScore":1.6474111007087755,"GiPValue":0.099473575208140416,"NNeighbors":212,"Gi_Bin":1}},{"type":"Feature","id":692,"geometry":{"type":"Point","coordinates":[99.007703929915465,18.783161840036215]},"properties":{"OBJECTID":692,"SOURCE_ID":692,"text_lanna":0,"GiZScore":1.4480786546598536,"GiPValue":0.14759505446033702,"NNeighbors":211,"Gi_Bin":0}},{"type":"Feature","id":693,"geometry":{"type":"Point","coordinates":[99.00998021047171,18.765799860381826]},"properties":{"OBJECTID":693,"SOURCE_ID":693,"text_lanna":1,"GiZScore":3.449860523593673,"GiPValue":0.00056087625483492137,"NNeighbors":161,"Gi_Bin":3}},{"type":"Feature","id":694,"geometry":{"type":"Point","coordinates":[98.993301499641944,18.793970039790086]},"properties":{"OBJECTID":694,"SOURCE_ID":694,"text_lanna":0,"GiZScore":0.88029240631210459,"GiPValue":0.3787009346971808,"NNeighbors":307,"Gi_Bin":0}},{"type":"Feature","id":695,"geometry":{"type":"Point","coordinates":[98.993115010018556,18.794003569890563]},"properties":{"OBJECTID":695,"SOURCE_ID":695,"text_lanna":0,"GiZScore":0.92358135721983414,"GiPValue":0.35570433463471685,"NNeighbors":309,"Gi_Bin":0}},{"type":"Feature","id":696,"geometry":{"type":"Point","coordinates":[98.992605429878608,18.794070560003973]},"properties":{"OBJECTID":696,"SOURCE_ID":696,"text_lanna":0,"GiZScore":0.87895950467471462,"GiPValue":0.37942324237300595,"NNeighbors":314,"Gi_Bin":0}},{"type":"Feature","id":697,"geometry":{"type":"Point","coordinates":[98.990218770411971,18.794456029939685]},"properties":{"OBJECTID":697,"SOURCE_ID":697,"text_lanna":0,"GiZScore":0.29289339808151699,"GiPValue":0.76960363563428758,"NNeighbors":299,"Gi_Bin":0}},{"type":"Feature","id":698,"geometry":{"type":"Point","coordinates":[98.99040592992128,18.794426060079822]},"properties":{"OBJECTID":698,"SOURCE_ID":698,"text_lanna":0,"GiZScore":0.77885658852262996,"GiPValue":0.43606420542136692,"NNeighbors":300,"Gi_Bin":0}},{"type":"Feature","id":699,"geometry":{"type":"Point","coordinates":[98.991173739717681,18.794185670310718]},"properties":{"OBJECTID":699,"SOURCE_ID":699,"text_lanna":0,"GiZScore":0.69054380103421376,"GiPValue":0.48985227973953893,"NNeighbors":303,"Gi_Bin":0}},{"type":"Feature","id":700,"geometry":{"type":"Point","coordinates":[98.991403260331609,18.794809210155751]},"properties":{"OBJECTID":700,"SOURCE_ID":700,"text_lanna":0,"GiZScore":1.0713228436472162,"GiPValue":0.2840243080259347,"NNeighbors":304,"Gi_Bin":0}},{"type":"Feature","id":701,"geometry":{"type":"Point","coordinates":[98.991011809735639,18.794285390232069]},"properties":{"OBJECTID":701,"SOURCE_ID":701,"text_lanna":0,"GiZScore":0.69054380103421376,"GiPValue":0.48985227973953893,"NNeighbors":303,"Gi_Bin":0}},{"type":"Feature","id":702,"geometry":{"type":"Point","coordinates":[98.998749579766411,18.790141560039423]},"properties":{"OBJECTID":702,"SOURCE_ID":702,"text_lanna":4,"GiZScore":-0.2193981647297587,"GiPValue":0.82633989969571187,"NNeighbors":288,"Gi_Bin":0}},{"type":"Feature","id":703,"geometry":{"type":"Point","coordinates":[98.998590970101134,18.791129749968785]},"properties":{"OBJECTID":703,"SOURCE_ID":703,"text_lanna":0,"GiZScore":-0.17970589621049443,"GiPValue":0.8573834643817827,"NNeighbors":283,"Gi_Bin":0}},{"type":"Feature","id":704,"geometry":{"type":"Point","coordinates":[98.999241429664096,18.790991149584467]},"properties":{"OBJECTID":704,"SOURCE_ID":704,"text_lanna":0,"GiZScore":-0.033725601981958606,"GiPValue":0.97309596315060953,"NNeighbors":278,"Gi_Bin":0}},{"type":"Feature","id":705,"geometry":{"type":"Point","coordinates":[98.984615379706369,18.794730699598002]},"properties":{"OBJECTID":705,"SOURCE_ID":705,"text_lanna":0,"GiZScore":0.43705051056887551,"GiPValue":0.66207471826732611,"NNeighbors":287,"Gi_Bin":0}},{"type":"Feature","id":706,"geometry":{"type":"Point","coordinates":[98.98794270982529,18.797953160162713]},"properties":{"OBJECTID":706,"SOURCE_ID":706,"text_lanna":2,"GiZScore":1.2104501791716722,"GiPValue":0.22610621936829345,"NNeighbors":272,"Gi_Bin":0}},{"type":"Feature","id":707,"geometry":{"type":"Point","coordinates":[98.988048710109553,18.797803230322302]},"properties":{"OBJECTID":707,"SOURCE_ID":707,"text_lanna":0,"GiZScore":1.2981864833535441,"GiPValue":0.19422326168054879,"NNeighbors":276,"Gi_Bin":0}},{"type":"Feature","id":708,"geometry":{"type":"Point","coordinates":[98.979364329528693,18.800372449814077]},"properties":{"OBJECTID":708,"SOURCE_ID":708,"text_lanna":0,"GiZScore":0.18775194172614562,"GiPValue":0.85107111072310104,"NNeighbors":210,"Gi_Bin":0}},{"type":"Feature","id":709,"geometry":{"type":"Point","coordinates":[98.97921255027839,18.800480969770756]},"properties":{"OBJECTID":709,"SOURCE_ID":709,"text_lanna":0,"GiZScore":0.28770789687051346,"GiPValue":0.77357034503986155,"NNeighbors":207,"Gi_Bin":0}},{"type":"Feature","id":710,"geometry":{"type":"Point","coordinates":[98.978453619789619,18.801023590272333]},"properties":{"OBJECTID":710,"SOURCE_ID":710,"text_lanna":0,"GiZScore":0.5436602248434298,"GiPValue":0.58667531055427125,"NNeighbors":196,"Gi_Bin":0}},{"type":"Feature","id":711,"geometry":{"type":"Point","coordinates":[98.976592409712168,18.799701179569617]},"properties":{"OBJECTID":711,"SOURCE_ID":711,"text_lanna":0,"GiZScore":0.62980202938061169,"GiPValue":0.52882412138392865,"NNeighbors":197,"Gi_Bin":0}},{"type":"Feature","id":712,"geometry":{"type":"Point","coordinates":[98.975975650028815,18.799485130231801]},"properties":{"OBJECTID":712,"SOURCE_ID":712,"text_lanna":2,"GiZScore":0.56023612550411062,"GiPValue":0.57531839172446941,"NNeighbors":199,"Gi_Bin":0}},{"type":"Feature","id":713,"geometry":{"type":"Point","coordinates":[98.976788230084125,18.799742079639103]},"properties":{"OBJECTID":713,"SOURCE_ID":713,"text_lanna":0,"GiZScore":0.66481013567204938,"GiPValue":0.50617194324432546,"NNeighbors":196,"Gi_Bin":0}},{"type":"Feature","id":714,"geometry":{"type":"Point","coordinates":[98.975781050463226,18.801156559624989]},"properties":{"OBJECTID":714,"SOURCE_ID":714,"text_lanna":0,"GiZScore":0.76644373684854039,"GiPValue":0.44341232355166893,"NNeighbors":176,"Gi_Bin":0}},{"type":"Feature","id":715,"geometry":{"type":"Point","coordinates":[98.975718140012063,18.80096095007071]},"properties":{"OBJECTID":715,"SOURCE_ID":715,"text_lanna":0,"GiZScore":0.72947145694880622,"GiPValue":0.46571332695987122,"NNeighbors":177,"Gi_Bin":0}},{"type":"Feature","id":716,"geometry":{"type":"Point","coordinates":[98.975446750349079,18.800079130291667]},"properties":{"OBJECTID":716,"SOURCE_ID":716,"text_lanna":0,"GiZScore":0.63602344282883061,"GiPValue":0.52476114618635128,"NNeighbors":183,"Gi_Bin":0}},{"type":"Feature","id":717,"geometry":{"type":"Point","coordinates":[98.975235050157664,18.799384769926821]},"properties":{"OBJECTID":717,"SOURCE_ID":717,"text_lanna":0,"GiZScore":0.63271727490238061,"GiPValue":0.52691829049090044,"NNeighbors":190,"Gi_Bin":0}},{"type":"Feature","id":718,"geometry":{"type":"Point","coordinates":[98.975068409908246,18.799035509593274]},"properties":{"OBJECTID":718,"SOURCE_ID":718,"text_lanna":1,"GiZScore":0.56202876710846683,"GiPValue":0.57409642208762657,"NNeighbors":192,"Gi_Bin":0}},{"type":"Feature","id":719,"geometry":{"type":"Point","coordinates":[98.995125720087358,18.78741586972162]},"properties":{"OBJECTID":719,"SOURCE_ID":719,"text_lanna":0,"GiZScore":1.2572128934539557,"GiPValue":0.20867658034903558,"NNeighbors":339,"Gi_Bin":0}},{"type":"Feature","id":720,"geometry":{"type":"Point","coordinates":[98.99515981012506,18.786882830164856]},"properties":{"OBJECTID":720,"SOURCE_ID":720,"text_lanna":0,"GiZScore":1.1999607546477724,"GiPValue":0.23015460442654456,"NNeighbors":341,"Gi_Bin":0}},{"type":"Feature","id":721,"geometry":{"type":"Point","coordinates":[98.995119759620025,18.786141080191008]},"properties":{"OBJECTID":721,"SOURCE_ID":721,"text_lanna":0,"GiZScore":0.6793374325250453,"GiPValue":0.49692408825217715,"NNeighbors":349,"Gi_Bin":0}},{"type":"Feature","id":722,"geometry":{"type":"Point","coordinates":[98.995088339870875,18.785396900087164]},"properties":{"OBJECTID":722,"SOURCE_ID":722,"text_lanna":0,"GiZScore":0.49621852214275336,"GiPValue":0.61974024617556389,"NNeighbors":345,"Gi_Bin":0}},{"type":"Feature","id":723,"geometry":{"type":"Point","coordinates":[98.998300600094538,18.786627909914849]},"properties":{"OBJECTID":723,"SOURCE_ID":723,"text_lanna":0,"GiZScore":0.2099482974846055,"GiPValue":0.83370802636352237,"NNeighbors":309,"Gi_Bin":0}},{"type":"Feature","id":724,"geometry":{"type":"Point","coordinates":[98.998021299853463,18.785235030359114]},"properties":{"OBJECTID":724,"SOURCE_ID":724,"text_lanna":0,"GiZScore":0.27059531975205725,"GiPValue":0.78670229617766885,"NNeighbors":314,"Gi_Bin":0}},{"type":"Feature","id":725,"geometry":{"type":"Point","coordinates":[98.998099169618797,18.789344660284932]},"properties":{"OBJECTID":725,"SOURCE_ID":725,"text_lanna":0,"GiZScore":-0.43844559963482266,"GiPValue":0.66106329840284372,"NNeighbors":303,"Gi_Bin":0}},{"type":"Feature","id":726,"geometry":{"type":"Point","coordinates":[98.996261079556248,18.779333120022965]},"properties":{"OBJECTID":726,"SOURCE_ID":726,"text_lanna":0,"GiZScore":0.87783686250843429,"GiPValue":0.38003226605838358,"NNeighbors":321,"Gi_Bin":0}},{"type":"Feature","id":727,"geometry":{"type":"Point","coordinates":[98.995761300004148,18.779558650149333]},"properties":{"OBJECTID":727,"SOURCE_ID":727,"text_lanna":0,"GiZScore":0.70554875476212697,"GiPValue":0.48046880723788221,"NNeighbors":327,"Gi_Bin":0}},{"type":"Feature","id":728,"geometry":{"type":"Point","coordinates":[98.996289450369659,18.777235199591832]},"properties":{"OBJECTID":728,"SOURCE_ID":728,"text_lanna":0,"GiZScore":0.84896630088188707,"GiPValue":0.39590005268711681,"NNeighbors":322,"Gi_Bin":0}},{"type":"Feature","id":729,"geometry":{"type":"Point","coordinates":[98.989279680207204,18.769456959619127]},"properties":{"OBJECTID":729,"SOURCE_ID":729,"text_lanna":1,"GiZScore":-0.2773875925528429,"GiPValue":0.78148250801593455,"NNeighbors":330,"Gi_Bin":0}},{"type":"Feature","id":730,"geometry":{"type":"Point","coordinates":[98.988273390164338,18.769433079793497]},"properties":{"OBJECTID":730,"SOURCE_ID":730,"text_lanna":0,"GiZScore":-0.21196348042003479,"GiPValue":0.83213552548614,"NNeighbors":324,"Gi_Bin":0}},{"type":"Feature","id":731,"geometry":{"type":"Point","coordinates":[98.987658480110781,18.769685450040281]},"properties":{"OBJECTID":731,"SOURCE_ID":731,"text_lanna":1,"GiZScore":-0.30225703975094093,"GiPValue":0.76245612531574558,"NNeighbors":320,"Gi_Bin":0}},{"type":"Feature","id":732,"geometry":{"type":"Point","coordinates":[98.989582769722801,18.769887320423898]},"properties":{"OBJECTID":732,"SOURCE_ID":732,"text_lanna":0,"GiZScore":-0.41405568814935428,"GiPValue":0.67883332486062764,"NNeighbors":335,"Gi_Bin":0}},{"type":"Feature","id":733,"geometry":{"type":"Point","coordinates":[98.989393049924871,18.769883729839549]},"properties":{"OBJECTID":733,"SOURCE_ID":733,"text_lanna":0,"GiZScore":-0.41405568814935428,"GiPValue":0.67883332486062764,"NNeighbors":335,"Gi_Bin":0}},{"type":"Feature","id":734,"geometry":{"type":"Point","coordinates":[98.989203319697339,18.769880149907543]},"properties":{"OBJECTID":734,"SOURCE_ID":734,"text_lanna":2,"GiZScore":-0.38682544871718605,"GiPValue":0.69888543660164426,"NNeighbors":334,"Gi_Bin":0}},{"type":"Feature","id":735,"geometry":{"type":"Point","coordinates":[98.989022769642915,18.769695970300866]},"properties":{"OBJECTID":735,"SOURCE_ID":735,"text_lanna":0,"GiZScore":-0.33221087069123079,"GiPValue":0.73973003640590962,"NNeighbors":332,"Gi_Bin":0}},{"type":"Feature","id":736,"geometry":{"type":"Point","coordinates":[98.989776299790918,18.770020350150606]},"properties":{"OBJECTID":736,"SOURCE_ID":736,"text_lanna":0,"GiZScore":-0.28033007606651927,"GiPValue":0.77922427841807396,"NNeighbors":341,"Gi_Bin":0}},{"type":"Feature","id":737,"geometry":{"type":"Point","coordinates":[99.012413769749401,18.806895040332812]},"properties":{"OBJECTID":737,"SOURCE_ID":737,"text_lanna":0,"GiZScore":-0.39459525575229493,"GiPValue":0.69314161630142546,"NNeighbors":76,"Gi_Bin":0}},{"type":"Feature","id":738,"geometry":{"type":"Point","coordinates":[98.979923270014908,18.821519810445658]},"properties":{"OBJECTID":738,"SOURCE_ID":738,"text_lanna":2,"GiZScore":0.14752532017856859,"GiPValue":0.88271739580406605,"NNeighbors":34,"Gi_Bin":0}},{"type":"Feature","id":739,"geometry":{"type":"Point","coordinates":[98.979395640244306,18.821723819617628]},"properties":{"OBJECTID":739,"SOURCE_ID":739,"text_lanna":0,"GiZScore":0.1892428405170688,"GiPValue":0.84990249246356797,"NNeighbors":30,"Gi_Bin":0}},{"type":"Feature","id":740,"geometry":{"type":"Point","coordinates":[98.97834037024468,18.822131829850385]},"properties":{"OBJECTID":740,"SOURCE_ID":740,"text_lanna":0,"GiZScore":0.74780487540602725,"GiPValue":0.45457786690214275,"NNeighbors":24,"Gi_Bin":0}},{"type":"Feature","id":741,"geometry":{"type":"Point","coordinates":[98.980498259582362,18.785773360113431]},"properties":{"OBJECTID":741,"SOURCE_ID":741,"text_lanna":0,"GiZScore":-0.56000432397908106,"GiPValue":0.57547649094326947,"NNeighbors":300,"Gi_Bin":0}},{"type":"Feature","id":742,"geometry":{"type":"Point","coordinates":[98.980723060081203,18.785769780038578]},"properties":{"OBJECTID":742,"SOURCE_ID":742,"text_lanna":0,"GiZScore":-0.4944154727017992,"GiPValue":0.62101279066543058,"NNeighbors":305,"Gi_Bin":0}},{"type":"Feature","id":743,"geometry":{"type":"Point","coordinates":[98.980912809600028,18.785766750137924]},"properties":{"OBJECTID":743,"SOURCE_ID":743,"text_lanna":0,"GiZScore":-0.22594744355565241,"GiPValue":0.82124229736687038,"NNeighbors":310,"Gi_Bin":0}},{"type":"Feature","id":744,"geometry":{"type":"Point","coordinates":[98.982627150052551,18.78574732961264]},"properties":{"OBJECTID":744,"SOURCE_ID":744,"text_lanna":0,"GiZScore":-0.40446211194442189,"GiPValue":0.68587293471474797,"NNeighbors":331,"Gi_Bin":0}},{"type":"Feature","id":745,"geometry":{"type":"Point","coordinates":[98.983534679695751,18.785748800029552]},"properties":{"OBJECTID":745,"SOURCE_ID":745,"text_lanna":0,"GiZScore":-0.87244640835223597,"GiPValue":0.38296490156484098,"NNeighbors":341,"Gi_Bin":0}},{"type":"Feature","id":746,"geometry":{"type":"Point","coordinates":[98.983981060091111,18.785749550123558]},"properties":{"OBJECTID":746,"SOURCE_ID":746,"text_lanna":2,"GiZScore":-1.0840621219338367,"GiPValue":0.27833727257157004,"NNeighbors":349,"Gi_Bin":0}},{"type":"Feature","id":747,"geometry":{"type":"Point","coordinates":[98.984568579723302,18.785750509697099]},"properties":{"OBJECTID":747,"SOURCE_ID":747,"text_lanna":0,"GiZScore":-1.2216615060445082,"GiPValue":0.22183568178643709,"NNeighbors":358,"Gi_Bin":0}},{"type":"Feature","id":748,"geometry":{"type":"Point","coordinates":[98.985800270308076,18.785748740154965]},"properties":{"OBJECTID":748,"SOURCE_ID":748,"text_lanna":0,"GiZScore":-0.47216510908949288,"GiPValue":0.63680894353196882,"NNeighbors":370,"Gi_Bin":0}},{"type":"Feature","id":749,"geometry":{"type":"Point","coordinates":[98.989780840207843,18.767747589849915]},"properties":{"OBJECTID":749,"SOURCE_ID":749,"text_lanna":1,"GiZScore":-0.63508568494903095,"GiPValue":0.52537253651409022,"NNeighbors":299,"Gi_Bin":0}},{"type":"Feature","id":750,"geometry":{"type":"Point","coordinates":[98.990050020266395,18.7698427501225]},"properties":{"OBJECTID":750,"SOURCE_ID":750,"text_lanna":0,"GiZScore":-0.34208122190798951,"GiPValue":0.73228976928620326,"NNeighbors":336,"Gi_Bin":0}},{"type":"Feature","id":751,"geometry":{"type":"Point","coordinates":[98.99005588004097,18.770023420045241]},"properties":{"OBJECTID":751,"SOURCE_ID":751,"text_lanna":1,"GiZScore":-0.37901613144747204,"GiPValue":0.70467588566403427,"NNeighbors":341,"Gi_Bin":0}},{"type":"Feature","id":752,"geometry":{"type":"Point","coordinates":[99.000268770200321,18.774631330396588]},"properties":{"OBJECTID":752,"SOURCE_ID":752,"text_lanna":0,"GiZScore":1.1951574682305413,"GiPValue":0.23202553395990733,"NNeighbors":293,"Gi_Bin":0}},{"type":"Feature","id":753,"geometry":{"type":"Point","coordinates":[98.999995959794873,18.774771929656879]},"properties":{"OBJECTID":753,"SOURCE_ID":753,"text_lanna":0,"GiZScore":1.1346833869315185,"GiPValue":0.2565080193331547,"NNeighbors":295,"Gi_Bin":0}},{"type":"Feature","id":754,"geometry":{"type":"Point","coordinates":[98.999827719989497,18.774855560019404]},"properties":{"OBJECTID":754,"SOURCE_ID":754,"text_lanna":0,"GiZScore":1.238277875895309,"GiPValue":0.21561306800717217,"NNeighbors":295,"Gi_Bin":0}},{"type":"Feature","id":755,"geometry":{"type":"Point","coordinates":[98.999659490455528,18.774939190229734]},"properties":{"OBJECTID":755,"SOURCE_ID":755,"text_lanna":10,"GiZScore":1.104562397621115,"GiPValue":0.26934926961197136,"NNeighbors":296,"Gi_Bin":0}},{"type":"Feature","id":756,"geometry":{"type":"Point","coordinates":[98.983067959952081,18.767471109900555]},"properties":{"OBJECTID":756,"SOURCE_ID":756,"text_lanna":0,"GiZScore":-1.6161871722674421,"GiPValue":0.10605385137149201,"NNeighbors":231,"Gi_Bin":0}},{"type":"Feature","id":757,"geometry":{"type":"Point","coordinates":[98.996064480064035,18.767107699554071]},"properties":{"OBJECTID":757,"SOURCE_ID":757,"text_lanna":1,"GiZScore":0.91408516671793205,"GiPValue":0.36067210657505322,"NNeighbors":254,"Gi_Bin":0}},{"type":"Feature","id":758,"geometry":{"type":"Point","coordinates":[98.997160050226029,18.768007799590968]},"properties":{"OBJECTID":758,"SOURCE_ID":758,"text_lanna":0,"GiZScore":0.8999912147456316,"GiPValue":0.36812493599634888,"NNeighbors":251,"Gi_Bin":0}},{"type":"Feature","id":759,"geometry":{"type":"Point","coordinates":[99.008816609660201,18.758316670217095]},"properties":{"OBJECTID":759,"SOURCE_ID":759,"text_lanna":0,"GiZScore":1.3224017841381592,"GiPValue":0.18603439508500619,"NNeighbors":97,"Gi_Bin":0}},{"type":"Feature","id":760,"geometry":{"type":"Point","coordinates":[99.008629560398006,18.75828626001217]},"properties":{"OBJECTID":760,"SOURCE_ID":760,"text_lanna":0,"GiZScore":1.2705604227996397,"GiPValue":0.20388509959959666,"NNeighbors":98,"Gi_Bin":0}},{"type":"Feature","id":761,"geometry":{"type":"Point","coordinates":[98.984499689893426,18.779014090337043]},"properties":{"OBJECTID":761,"SOURCE_ID":761,"text_lanna":1,"GiZScore":-1.6414877214675769,"GiPValue":0.1006962138074988,"NNeighbors":363,"Gi_Bin":0}},{"type":"Feature","id":762,"geometry":{"type":"Point","coordinates":[98.98476140035423,18.779082029875195]},"properties":{"OBJECTID":762,"SOURCE_ID":762,"text_lanna":0,"GiZScore":-1.743414158729141,"GiPValue":0.081261296858442245,"NNeighbors":367,"Gi_Bin":-1}},{"type":"Feature","id":763,"geometry":{"type":"Point","coordinates":[98.982245139584393,18.777308269706364]},"properties":{"OBJECTID":763,"SOURCE_ID":763,"text_lanna":0,"GiZScore":-1.7873862356995665,"GiPValue":0.073875084728929799,"NNeighbors":319,"Gi_Bin":-1}},{"type":"Feature","id":764,"geometry":{"type":"Point","coordinates":[98.981859020065386,18.777777810352742]},"properties":{"OBJECTID":764,"SOURCE_ID":764,"text_lanna":0,"GiZScore":-2.2660010254050484,"GiPValue":0.023451320464485528,"NNeighbors":318,"Gi_Bin":-2}},{"type":"Feature","id":765,"geometry":{"type":"Point","coordinates":[98.983033759687558,18.777860529830505]},"properties":{"OBJECTID":765,"SOURCE_ID":765,"text_lanna":0,"GiZScore":-1.6050473304665982,"GiPValue":0.10848338898773002,"NNeighbors":335,"Gi_Bin":0}},{"type":"Feature","id":766,"geometry":{"type":"Point","coordinates":[98.982983729853615,18.777953440328702]},"properties":{"OBJECTID":766,"SOURCE_ID":766,"text_lanna":0,"GiZScore":-1.6310829276482388,"GiPValue":0.10287282251367603,"NNeighbors":336,"Gi_Bin":0}},{"type":"Feature","id":767,"geometry":{"type":"Point","coordinates":[98.985388779769266,18.776993520442456]},"properties":{"OBJECTID":767,"SOURCE_ID":767,"text_lanna":0,"GiZScore":-1.906526418901781,"GiPValue":0.05658194140281083,"NNeighbors":362,"Gi_Bin":-1}},{"type":"Feature","id":768,"geometry":{"type":"Point","coordinates":[98.983940680057628,18.777237010125152]},"properties":{"OBJECTID":768,"SOURCE_ID":768,"text_lanna":0,"GiZScore":-1.4239964993756127,"GiPValue":0.1544474854234919,"NNeighbors":347,"Gi_Bin":0}},{"type":"Feature","id":769,"geometry":{"type":"Point","coordinates":[98.983759120080123,18.777172969937247]},"properties":{"OBJECTID":769,"SOURCE_ID":769,"text_lanna":0,"GiZScore":-1.3457858724909302,"GiPValue":0.17837158285539781,"NNeighbors":344,"Gi_Bin":0}},{"type":"Feature","id":770,"geometry":{"type":"Point","coordinates":[98.983220349643773,18.780354310272457]},"properties":{"OBJECTID":770,"SOURCE_ID":770,"text_lanna":0,"GiZScore":-1.6254902631231429,"GiPValue":0.10405813686378965,"NNeighbors":351,"Gi_Bin":0}},{"type":"Feature","id":771,"geometry":{"type":"Point","coordinates":[98.983226019684935,18.78095363010366]},"properties":{"OBJECTID":771,"SOURCE_ID":771,"text_lanna":2,"GiZScore":-1.0983703486474519,"GiPValue":0.27204282183284945,"NNeighbors":357,"Gi_Bin":0}},{"type":"Feature","id":772,"geometry":{"type":"Point","coordinates":[98.986738409872558,18.777553259729107]},"properties":{"OBJECTID":772,"SOURCE_ID":772,"text_lanna":1,"GiZScore":-1.1233838236374698,"GiPValue":0.26127453534634237,"NNeighbors":384,"Gi_Bin":0}},{"type":"Feature","id":773,"geometry":{"type":"Point","coordinates":[98.988188979830952,18.778116850311914]},"properties":{"OBJECTID":773,"SOURCE_ID":773,"text_lanna":0,"GiZScore":-0.62202693694366995,"GiPValue":0.5339241592634677,"NNeighbors":394,"Gi_Bin":0}},{"type":"Feature","id":774,"geometry":{"type":"Point","coordinates":[98.988002230431164,18.778084659871698]},"properties":{"OBJECTID":774,"SOURCE_ID":774,"text_lanna":0,"GiZScore":-0.71654195110415153,"GiPValue":0.47365677875305345,"NNeighbors":394,"Gi_Bin":0}},{"type":"Feature","id":775,"geometry":{"type":"Point","coordinates":[98.988653610411518,18.777936560317897]},"properties":{"OBJECTID":775,"SOURCE_ID":775,"text_lanna":0,"GiZScore":-0.6907428920037989,"GiPValue":0.48972713432807169,"NNeighbors":393,"Gi_Bin":0}},{"type":"Feature","id":776,"geometry":{"type":"Point","coordinates":[98.979988119770496,18.776530470255153]},"properties":{"OBJECTID":776,"SOURCE_ID":776,"text_lanna":0,"GiZScore":-1.8133554576344328,"GiPValue":0.069777014865964243,"NNeighbors":289,"Gi_Bin":-1}},{"type":"Feature","id":777,"geometry":{"type":"Point","coordinates":[98.983951229808966,18.775920870090879]},"properties":{"OBJECTID":777,"SOURCE_ID":777,"text_lanna":0,"GiZScore":-1.5057980269401612,"GiPValue":0.13211902999585187,"NNeighbors":335,"Gi_Bin":0}},{"type":"Feature","id":778,"geometry":{"type":"Point","coordinates":[98.984316259863732,18.775355710366117]},"properties":{"OBJECTID":778,"SOURCE_ID":778,"text_lanna":0,"GiZScore":-1.5319289502836042,"GiPValue":0.12553996855941618,"NNeighbors":336,"Gi_Bin":0}},{"type":"Feature","id":779,"geometry":{"type":"Point","coordinates":[98.98341242038552,18.776445899896096]},"properties":{"OBJECTID":779,"SOURCE_ID":779,"text_lanna":1,"GiZScore":-1.5266769226147552,"GiPValue":0.12684136864657719,"NNeighbors":332,"Gi_Bin":0}},{"type":"Feature","id":780,"geometry":{"type":"Point","coordinates":[98.983144249951636,18.776864770025359]},"properties":{"OBJECTID":780,"SOURCE_ID":780,"text_lanna":0,"GiZScore":-1.4742059694100527,"GiPValue":0.14042614311595478,"NNeighbors":330,"Gi_Bin":0}},{"type":"Feature","id":781,"geometry":{"type":"Point","coordinates":[98.984279300471954,18.775832869702231]},"properties":{"OBJECTID":781,"SOURCE_ID":781,"text_lanna":0,"GiZScore":-1.610060552417931,"GiPValue":0.10738463776664835,"NNeighbors":339,"Gi_Bin":0}},{"type":"Feature","id":782,"geometry":{"type":"Point","coordinates":[98.985522059869325,18.776360379653084]},"properties":{"OBJECTID":782,"SOURCE_ID":782,"text_lanna":0,"GiZScore":-0.96396192524731339,"GiPValue":0.33506502733921528,"NNeighbors":363,"Gi_Bin":0}},{"type":"Feature","id":783,"geometry":{"type":"Point","coordinates":[98.985940440268962,18.775824109659446]},"properties":{"OBJECTID":783,"SOURCE_ID":783,"text_lanna":0,"GiZScore":-0.8933503221205531,"GiPValue":0.37166960711419061,"NNeighbors":364,"Gi_Bin":0}},{"type":"Feature","id":784,"geometry":{"type":"Point","coordinates":[98.988674280103737,18.775983100330144]},"properties":{"OBJECTID":784,"SOURCE_ID":784,"text_lanna":0,"GiZScore":-1.0614669234884819,"GiPValue":0.28847777280664855,"NNeighbors":389,"Gi_Bin":0}},{"type":"Feature","id":785,"geometry":{"type":"Point","coordinates":[98.988427319796472,18.775473079922044]},"properties":{"OBJECTID":785,"SOURCE_ID":785,"text_lanna":0,"GiZScore":-0.93297978573281415,"GiPValue":0.35083041648448909,"NNeighbors":384,"Gi_Bin":0}},{"type":"Feature","id":786,"geometry":{"type":"Point","coordinates":[98.987867620188453,18.775219029619642]},"properties":{"OBJECTID":786,"SOURCE_ID":786,"text_lanna":0,"GiZScore":-1.0311866216978995,"GiPValue":0.30245332765134036,"NNeighbors":373,"Gi_Bin":0}},{"type":"Feature","id":787,"geometry":{"type":"Point","coordinates":[98.988884639599448,18.780675849635248]},"properties":{"OBJECTID":787,"SOURCE_ID":787,"text_lanna":0,"GiZScore":-0.15525166775734123,"GiPValue":0.87662291711086926,"NNeighbors":387,"Gi_Bin":0}},{"type":"Feature","id":788,"geometry":{"type":"Point","coordinates":[98.988131110236708,18.780772649795626]},"properties":{"OBJECTID":788,"SOURCE_ID":788,"text_lanna":0,"GiZScore":-0.48308914629712069,"GiPValue":0.62903244195331975,"NNeighbors":385,"Gi_Bin":0}},{"type":"Feature","id":789,"geometry":{"type":"Point","coordinates":[98.99085883041937,18.778865630104125]},"properties":{"OBJECTID":789,"SOURCE_ID":789,"text_lanna":1,"GiZScore":-0.40699741646950444,"GiPValue":0.68400988672455942,"NNeighbors":393,"Gi_Bin":0}},{"type":"Feature","id":790,"geometry":{"type":"Point","coordinates":[98.991372650207509,18.778937530244672]},"properties":{"OBJECTID":790,"SOURCE_ID":790,"text_lanna":0,"GiZScore":-0.32878460142091054,"GiPValue":0.74231850343858463,"NNeighbors":390,"Gi_Bin":0}},{"type":"Feature","id":791,"geometry":{"type":"Point","coordinates":[98.981608450153956,18.773164899558648]},"properties":{"OBJECTID":791,"SOURCE_ID":791,"text_lanna":1,"GiZScore":-1.8078946683538486,"GiPValue":0.070622895735843155,"NNeighbors":281,"Gi_Bin":-1}},{"type":"Feature","id":792,"geometry":{"type":"Point","coordinates":[98.981601869611922,18.772984250153176]},"properties":{"OBJECTID":792,"SOURCE_ID":792,"text_lanna":0,"GiZScore":-1.8301122691594041,"GiPValue":0.067233152674435831,"NNeighbors":274,"Gi_Bin":-1}},{"type":"Feature","id":793,"geometry":{"type":"Point","coordinates":[98.981595300469891,18.772803599841332]},"properties":{"OBJECTID":793,"SOURCE_ID":793,"text_lanna":0,"GiZScore":-1.9606105273617009,"GiPValue":0.049924473390276766,"NNeighbors":267,"Gi_Bin":-2}},{"type":"Feature","id":794,"geometry":{"type":"Point","coordinates":[98.981914960338514,18.77282441009373]},"properties":{"OBJECTID":794,"SOURCE_ID":794,"text_lanna":0,"GiZScore":-1.8029287911013219,"GiPValue":0.071399398700195196,"NNeighbors":273,"Gi_Bin":-1}},{"type":"Feature","id":795,"geometry":{"type":"Point","coordinates":[98.981894019759622,18.772101650304581]},"properties":{"OBJECTID":795,"SOURCE_ID":795,"text_lanna":0,"GiZScore":-1.9309975634375869,"GiPValue":0.053483353739114559,"NNeighbors":258,"Gi_Bin":-1}},{"type":"Feature","id":796,"geometry":{"type":"Point","coordinates":[98.982954489920729,18.771134489683071]},"properties":{"OBJECTID":796,"SOURCE_ID":796,"text_lanna":2,"GiZScore":-1.666054730276977,"GiPValue":0.095702514003850714,"NNeighbors":268,"Gi_Bin":-1}},{"type":"Feature","id":797,"geometry":{"type":"Point","coordinates":[98.98164456033588,18.770726599641417]},"properties":{"OBJECTID":797,"SOURCE_ID":797,"text_lanna":0,"GiZScore":-1.8728929177880502,"GiPValue":0.061083173367951715,"NNeighbors":244,"Gi_Bin":-1}},{"type":"Feature","id":798,"geometry":{"type":"Point","coordinates":[98.983749750233912,18.769833940416639]},"properties":{"OBJECTID":798,"SOURCE_ID":798,"text_lanna":0,"GiZScore":-1.8222472606744704,"GiPValue":0.068417476515895054,"NNeighbors":258,"Gi_Bin":-1}},{"type":"Feature","id":799,"geometry":{"type":"Point","coordinates":[98.985053440470722,18.771328750232332]},"properties":{"OBJECTID":799,"SOURCE_ID":799,"text_lanna":0,"GiZScore":-1.7692823419863672,"GiPValue":0.076846768723874914,"NNeighbors":299,"Gi_Bin":-1}},{"type":"Feature","id":800,"geometry":{"type":"Point","coordinates":[98.985481800225813,18.770059859865253]},"properties":{"OBJECTID":800,"SOURCE_ID":800,"text_lanna":1,"GiZScore":-1.5736427037435801,"GiPValue":0.11557007483230357,"NNeighbors":284,"Gi_Bin":0}},{"type":"Feature","id":801,"geometry":{"type":"Point","coordinates":[98.985679999740896,18.769861579814972]},"properties":{"OBJECTID":801,"SOURCE_ID":801,"text_lanna":0,"GiZScore":-1.5190773946210643,"GiPValue":0.12874301600438343,"NNeighbors":282,"Gi_Bin":0}},{"type":"Feature","id":802,"geometry":{"type":"Point","coordinates":[98.985490100325364,18.769873799789146]},"properties":{"OBJECTID":802,"SOURCE_ID":802,"text_lanna":0,"GiZScore":-1.5424337667754529,"GiPValue":0.12296822135235626,"NNeighbors":279,"Gi_Bin":0}},{"type":"Feature","id":803,"geometry":{"type":"Point","coordinates":[98.985050040122644,18.769355850433545]},"properties":{"OBJECTID":803,"SOURCE_ID":803,"text_lanna":1,"GiZScore":-1.4834139970349995,"GiPValue":0.13796445084404815,"NNeighbors":273,"Gi_Bin":0}},{"type":"Feature","id":804,"geometry":{"type":"Point","coordinates":[98.987440440130712,18.772628979985118]},"properties":{"OBJECTID":804,"SOURCE_ID":804,"text_lanna":0,"GiZScore":-0.71180359872866528,"GiPValue":0.4765864091014107,"NNeighbors":335,"Gi_Bin":0}},{"type":"Feature","id":805,"geometry":{"type":"Point","coordinates":[98.987183410028138,18.772606679579088]},"properties":{"OBJECTID":805,"SOURCE_ID":805,"text_lanna":2,"GiZScore":-0.68486110743989781,"GiPValue":0.49343157497343504,"NNeighbors":334,"Gi_Bin":0}},{"type":"Feature","id":806,"geometry":{"type":"Point","coordinates":[98.986994419770824,18.772590360333787]},"properties":{"OBJECTID":806,"SOURCE_ID":806,"text_lanna":0,"GiZScore":-0.60373520789856339,"GiPValue":0.54601970552552004,"NNeighbors":331,"Gi_Bin":0}},{"type":"Feature","id":807,"geometry":{"type":"Point","coordinates":[98.986587430359748,18.77257200992825]},"properties":{"OBJECTID":807,"SOURCE_ID":807,"text_lanna":0,"GiZScore":-0.54939783768786987,"GiPValue":0.58273246013343205,"NNeighbors":329,"Gi_Bin":0}},{"type":"Feature","id":808,"geometry":{"type":"Point","coordinates":[98.983817009913963,18.772135930321777]},"properties":{"OBJECTID":808,"SOURCE_ID":808,"text_lanna":0,"GiZScore":-1.6550386948468365,"GiPValue":0.097916649027313216,"NNeighbors":287,"Gi_Bin":-1}},{"type":"Feature","id":809,"geometry":{"type":"Point","coordinates":[98.984267989778004,18.772154470321603]},"properties":{"OBJECTID":809,"SOURCE_ID":809,"text_lanna":0,"GiZScore":-1.7627483141283848,"GiPValue":0.077942948192208497,"NNeighbors":291,"Gi_Bin":-1}},{"type":"Feature","id":810,"geometry":{"type":"Point","coordinates":[98.984790759535144,18.772247920356161]},"properties":{"OBJECTID":810,"SOURCE_ID":810,"text_lanna":0,"GiZScore":-1.6740562518296587,"GiPValue":0.094119544579098144,"NNeighbors":307,"Gi_Bin":-1}},{"type":"Feature","id":811,"geometry":{"type":"Point","coordinates":[98.984980520006417,18.772249529987146]},"properties":{"OBJECTID":811,"SOURCE_ID":811,"text_lanna":0,"GiZScore":-1.6474795020653492,"GiPValue":0.099459526038490412,"NNeighbors":306,"Gi_Bin":-1}},{"type":"Feature","id":812,"geometry":{"type":"Point","coordinates":[98.984617320136181,18.773939380080915]},"properties":{"OBJECTID":812,"SOURCE_ID":812,"text_lanna":0,"GiZScore":-1.4635399813130401,"GiPValue":0.14331968183113797,"NNeighbors":322,"Gi_Bin":0}},{"type":"Feature","id":813,"geometry":{"type":"Point","coordinates":[98.984237420187853,18.774788129689011]},"properties":{"OBJECTID":813,"SOURCE_ID":813,"text_lanna":0,"GiZScore":-1.5739408341481533,"GiPValue":0.11550112843329129,"NNeighbors":330,"Gi_Bin":0}},{"type":"Feature","id":814,"geometry":{"type":"Point","coordinates":[98.98606995019928,18.773888739827466]},"properties":{"OBJECTID":814,"SOURCE_ID":814,"text_lanna":0,"GiZScore":-0.7286134765140776,"GiPValue":0.46623813808396419,"NNeighbors":343,"Gi_Bin":0}},{"type":"Feature","id":815,"geometry":{"type":"Point","coordinates":[98.9854835495955,18.773898370280264]},"properties":{"OBJECTID":815,"SOURCE_ID":815,"text_lanna":0,"GiZScore":-0.58551588786566056,"GiPValue":0.55820088975011761,"NNeighbors":334,"Gi_Bin":0}},{"type":"Feature","id":816,"geometry":{"type":"Point","coordinates":[98.981216770320472,18.774475560198553]},"properties":{"OBJECTID":816,"SOURCE_ID":816,"text_lanna":0,"GiZScore":-1.7627483141283848,"GiPValue":0.077942948192208497,"NNeighbors":291,"Gi_Bin":-1}},{"type":"Feature","id":817,"geometry":{"type":"Point","coordinates":[98.981391039934621,18.774404010080747]},"properties":{"OBJECTID":817,"SOURCE_ID":817,"text_lanna":0,"GiZScore":-1.7627483141283848,"GiPValue":0.077942948192208497,"NNeighbors":291,"Gi_Bin":-1}},{"type":"Feature","id":818,"geometry":{"type":"Point","coordinates":[98.981576949900358,18.774297230291541]},"properties":{"OBJECTID":818,"SOURCE_ID":818,"text_lanna":0,"GiZScore":-1.8162629241613759,"GiPValue":0.069330049716091746,"NNeighbors":293,"Gi_Bin":-1}},{"type":"Feature","id":819,"geometry":{"type":"Point","coordinates":[98.981954460382525,18.774109749578137]},"properties":{"OBJECTID":819,"SOURCE_ID":819,"text_lanna":0,"GiZScore":-1.9201050066576488,"GiPValue":0.054844637027837005,"NNeighbors":293,"Gi_Bin":-1}},{"type":"Feature","id":820,"geometry":{"type":"Point","coordinates":[98.983300160453567,18.77369387977414]},"properties":{"OBJECTID":820,"SOURCE_ID":820,"text_lanna":0,"GiZScore":-1.8753412004863235,"GiPValue":0.060745798723527054,"NNeighbors":303,"Gi_Bin":-1}},{"type":"Feature","id":821,"geometry":{"type":"Point","coordinates":[98.984008760300384,18.773381649573299]},"properties":{"OBJECTID":821,"SOURCE_ID":821,"text_lanna":0,"GiZScore":-1.6740562518296587,"GiPValue":0.094119544579098144,"NNeighbors":307,"Gi_Bin":-1}},{"type":"Feature","id":822,"geometry":{"type":"Point","coordinates":[98.987776580275977,18.774446900155787]},"properties":{"OBJECTID":822,"SOURCE_ID":822,"text_lanna":0,"GiZScore":-0.95628459802548771,"GiPValue":0.33892848101150852,"NNeighbors":359,"Gi_Bin":0}},{"type":"Feature","id":823,"geometry":{"type":"Point","coordinates":[98.986525060021734,18.77459460012307]},"properties":{"OBJECTID":823,"SOURCE_ID":823,"text_lanna":0,"GiZScore":-1.0272648467037613,"GiPValue":0.30429578492249132,"NNeighbors":358,"Gi_Bin":0}},{"type":"Feature","id":824,"geometry":{"type":"Point","coordinates":[98.986725749738753,18.774564289603497]},"properties":{"OBJECTID":824,"SOURCE_ID":824,"text_lanna":0,"GiZScore":-1.0272648467037613,"GiPValue":0.30429578492249132,"NNeighbors":358,"Gi_Bin":0}},{"type":"Feature","id":825,"geometry":{"type":"Point","coordinates":[98.986909609544313,18.77460907002413]},"properties":{"OBJECTID":825,"SOURCE_ID":825,"text_lanna":0,"GiZScore":-1.079494990254023,"GiPValue":0.28036714235962179,"NNeighbors":360,"Gi_Bin":0}},{"type":"Feature","id":826,"geometry":{"type":"Point","coordinates":[98.987271759799711,18.774697269738439]},"properties":{"OBJECTID":826,"SOURCE_ID":826,"text_lanna":0,"GiZScore":-1.0867685244741236,"GiPValue":0.2771391381798527,"NNeighbors":364,"Gi_Bin":0}},{"type":"Feature","id":827,"geometry":{"type":"Point","coordinates":[98.988529400401319,18.774210559666255]},"properties":{"OBJECTID":827,"SOURCE_ID":827,"text_lanna":0,"GiZScore":-0.74408414380129884,"GiPValue":0.4568255772283345,"NNeighbors":362,"Gi_Bin":0}},{"type":"Feature","id":828,"geometry":{"type":"Point","coordinates":[98.994045480182166,18.77648639020433]},"properties":{"OBJECTID":828,"SOURCE_ID":828,"text_lanna":0,"GiZScore":-0.49729544494848249,"GiPValue":0.61898072527179626,"NNeighbors":360,"Gi_Bin":0}},{"type":"Feature","id":829,"geometry":{"type":"Point","coordinates":[98.992862779550734,18.774902690252141]},"properties":{"OBJECTID":829,"SOURCE_ID":829,"text_lanna":0,"GiZScore":-0.87517401051196575,"GiPValue":0.38147924133541877,"NNeighbors":367,"Gi_Bin":0}},{"type":"Feature","id":830,"geometry":{"type":"Point","coordinates":[98.992722759975393,18.774780690314767]},"properties":{"OBJECTID":830,"SOURCE_ID":830,"text_lanna":0,"GiZScore":-0.97164513809165187,"GiPValue":0.33122713101997014,"NNeighbors":367,"Gi_Bin":0}},{"type":"Feature","id":831,"geometry":{"type":"Point","coordinates":[98.992582739653116,18.774658680329235]},"properties":{"OBJECTID":831,"SOURCE_ID":831,"text_lanna":0,"GiZScore":-0.97164513809165187,"GiPValue":0.33122713101997014,"NNeighbors":367,"Gi_Bin":0}},{"type":"Feature","id":832,"geometry":{"type":"Point","coordinates":[98.990170799863492,18.773327440156706]},"properties":{"OBJECTID":832,"SOURCE_ID":832,"text_lanna":0,"GiZScore":-0.69993211976698266,"GiPValue":0.48396970212410906,"NNeighbors":364,"Gi_Bin":0}},{"type":"Feature","id":833,"geometry":{"type":"Point","coordinates":[98.992402080429954,18.775021380445153]},"properties":{"OBJECTID":833,"SOURCE_ID":833,"text_lanna":0,"GiZScore":-0.63838708773808617,"GiPValue":0.52322173793755999,"NNeighbors":369,"Gi_Bin":0}},{"type":"Feature","id":834,"geometry":{"type":"Point","coordinates":[98.991191909758953,18.774242099981247]},"properties":{"OBJECTID":834,"SOURCE_ID":834,"text_lanna":1,"GiZScore":-0.38552883497793872,"GiPValue":0.69984564804655469,"NNeighbors":374,"Gi_Bin":0}},{"type":"Feature","id":835,"geometry":{"type":"Point","coordinates":[98.990864709584685,18.774058889554315]},"properties":{"OBJECTID":835,"SOURCE_ID":835,"text_lanna":0,"GiZScore":-0.38552883497793872,"GiPValue":0.69984564804655469,"NNeighbors":374,"Gi_Bin":0}},{"type":"Feature","id":836,"geometry":{"type":"Point","coordinates":[98.990537519605411,18.773875690301061]},"properties":{"OBJECTID":836,"SOURCE_ID":836,"text_lanna":0,"GiZScore":-0.47216510908949288,"GiPValue":0.63680894353196882,"NNeighbors":370,"Gi_Bin":0}},{"type":"Feature","id":837,"geometry":{"type":"Point","coordinates":[98.990128729683178,18.773758270382356]},"properties":{"OBJECTID":837,"SOURCE_ID":837,"text_lanna":1,"GiZScore":-0.33269108505298639,"GiPValue":0.73936748024208532,"NNeighbors":372,"Gi_Bin":0}},{"type":"Feature","id":838,"geometry":{"type":"Point","coordinates":[98.99136260021325,18.769986819999776]},"properties":{"OBJECTID":838,"SOURCE_ID":838,"text_lanna":0,"GiZScore":-0.53128854601181819,"GiPValue":0.5952188436350796,"NNeighbors":332,"Gi_Bin":0}},{"type":"Feature","id":839,"geometry":{"type":"Point","coordinates":[98.982777559909593,18.768927010331698]},"properties":{"OBJECTID":839,"SOURCE_ID":839,"text_lanna":0,"GiZScore":-1.6486767193929872,"GiPValue":0.099213882054164995,"NNeighbors":240,"Gi_Bin":-1}},{"type":"Feature","id":840,"geometry":{"type":"Point","coordinates":[98.982791139651852,18.768746719739102]},"properties":{"OBJECTID":840,"SOURCE_ID":840,"text_lanna":0,"GiZScore":-1.6201911777977522,"GiPValue":0.10519121595004467,"NNeighbors":239,"Gi_Bin":0}},{"type":"Feature","id":841,"geometry":{"type":"Point","coordinates":[98.982811209957575,18.768456590207698]},"properties":{"OBJECTID":841,"SOURCE_ID":841,"text_lanna":0,"GiZScore":-1.7604514122331898,"GiPValue":0.078331298800955573,"NNeighbors":240,"Gi_Bin":-1}},{"type":"Feature","id":842,"geometry":{"type":"Point","coordinates":[98.982823029586982,18.768276190083121]},"properties":{"OBJECTID":842,"SOURCE_ID":842,"text_lanna":0,"GiZScore":-1.6467453010140516,"GiPValue":0.099610408624309268,"NNeighbors":236,"Gi_Bin":-1}},{"type":"Feature","id":843,"geometry":{"type":"Point","coordinates":[98.982834839703969,18.768095780011723]},"properties":{"OBJECTID":843,"SOURCE_ID":843,"text_lanna":0,"GiZScore":-1.531716587825815,"GiPValue":0.12559238722143837,"NNeighbors":232,"Gi_Bin":0}},{"type":"Feature","id":844,"geometry":{"type":"Point","coordinates":[98.987489319792317,18.767981880405873]},"properties":{"OBJECTID":844,"SOURCE_ID":844,"text_lanna":0,"GiZScore":0.012258448813744539,"GiPValue":0.99021941790569568,"NNeighbors":298,"Gi_Bin":0}},{"type":"Feature","id":845,"geometry":{"type":"Point","coordinates":[98.979130579807233,18.767793979846772]},"properties":{"OBJECTID":845,"SOURCE_ID":845,"text_lanna":0,"GiZScore":-1.3911478698911393,"GiPValue":0.16418059135348212,"NNeighbors":188,"Gi_Bin":0}},{"type":"Feature","id":846,"geometry":{"type":"Point","coordinates":[98.979209940391854,18.767491179808317]},"properties":{"OBJECTID":846,"SOURCE_ID":846,"text_lanna":0,"GiZScore":-1.3598705112325529,"GiPValue":0.17387090417517606,"NNeighbors":187,"Gi_Bin":0}},{"type":"Feature","id":847,"geometry":{"type":"Point","coordinates":[98.994399930201368,18.763883870421981]},"properties":{"OBJECTID":847,"SOURCE_ID":847,"text_lanna":0,"GiZScore":1.2603199431852246,"GiPValue":0.20755399325125412,"NNeighbors":213,"Gi_Bin":0}},{"type":"Feature","id":848,"geometry":{"type":"Point","coordinates":[98.995258550157786,18.764577270328957]},"properties":{"OBJECTID":848,"SOURCE_ID":848,"text_lanna":0,"GiZScore":1.2379167281335519,"GiPValue":0.21574696264940207,"NNeighbors":217,"Gi_Bin":0}},{"type":"Feature","id":849,"geometry":{"type":"Point","coordinates":[98.995985169828273,18.765158439680135]},"properties":{"OBJECTID":849,"SOURCE_ID":849,"text_lanna":0,"GiZScore":1.0126235396873937,"GiPValue":0.31124002556029429,"NNeighbors":227,"Gi_Bin":0}},{"type":"Feature","id":850,"geometry":{"type":"Point","coordinates":[98.997206879960174,18.766155239828411]},"properties":{"OBJECTID":850,"SOURCE_ID":850,"text_lanna":0,"GiZScore":1.0262544953387926,"GiPValue":0.30477165472533552,"NNeighbors":230,"Gi_Bin":0}},{"type":"Feature","id":851,"geometry":{"type":"Point","coordinates":[98.994719930249843,18.764618479629977]},"properties":{"OBJECTID":851,"SOURCE_ID":851,"text_lanna":0,"GiZScore":1.0531246280170106,"GiPValue":0.29228389220010453,"NNeighbors":219,"Gi_Bin":0}},{"type":"Feature","id":852,"geometry":{"type":"Point","coordinates":[98.994203219734814,18.764406640013146]},"properties":{"OBJECTID":852,"SOURCE_ID":852,"text_lanna":0,"GiZScore":0.62308665754115389,"GiPValue":0.53322758063613751,"NNeighbors":218,"Gi_Bin":0}},{"type":"Feature","id":853,"geometry":{"type":"Point","coordinates":[98.994499090470299,18.764633059553343]},"properties":{"OBJECTID":853,"SOURCE_ID":853,"text_lanna":2,"GiZScore":0.93727729870609844,"GiPValue":0.34861594831884368,"NNeighbors":219,"Gi_Bin":0}},{"type":"Feature","id":854,"geometry":{"type":"Point","coordinates":[98.992236950128031,18.767221049885016]},"properties":{"OBJECTID":854,"SOURCE_ID":854,"text_lanna":0,"GiZScore":-0.3524972576340264,"GiPValue":0.72446537542135969,"NNeighbors":289,"Gi_Bin":0}},{"type":"Feature","id":855,"geometry":{"type":"Point","coordinates":[98.99157104040772,18.767260990309858]},"properties":{"OBJECTID":855,"SOURCE_ID":855,"text_lanna":3,"GiZScore":-0.49460466500455563,"GiPValue":0.62087921040488703,"NNeighbors":294,"Gi_Bin":0}},{"type":"Feature","id":856,"geometry":{"type":"Point","coordinates":[98.991378110070016,18.767272530155775]},"properties":{"OBJECTID":856,"SOURCE_ID":856,"text_lanna":1,"GiZScore":-0.50388676439658886,"GiPValue":0.61434095387781706,"NNeighbors":298,"Gi_Bin":0}},{"type":"Feature","id":857,"geometry":{"type":"Point","coordinates":[98.992225330362544,18.766780000200523]},"properties":{"OBJECTID":857,"SOURCE_ID":857,"text_lanna":0,"GiZScore":-0.39978517159740934,"GiPValue":0.68931475431811107,"NNeighbors":287,"Gi_Bin":0}},{"type":"Feature","id":858,"geometry":{"type":"Point","coordinates":[98.991912959928953,18.766797250266119]},"properties":{"OBJECTID":858,"SOURCE_ID":858,"text_lanna":1,"GiZScore":-0.50438963186819497,"GiPValue":0.61398760438850508,"NNeighbors":287,"Gi_Bin":0}},{"type":"Feature","id":859,"geometry":{"type":"Point","coordinates":[98.991723510415412,18.766807689802061]},"properties":{"OBJECTID":859,"SOURCE_ID":859,"text_lanna":0,"GiZScore":-0.55218134734097402,"GiPValue":0.58082411506052178,"NNeighbors":285,"Gi_Bin":0}},{"type":"Feature","id":860,"geometry":{"type":"Point","coordinates":[98.991569400364469,18.767290189921084]},"properties":{"OBJECTID":860,"SOURCE_ID":860,"text_lanna":0,"GiZScore":-0.52282843648913047,"GiPValue":0.60109365099211254,"NNeighbors":295,"Gi_Bin":0}},{"type":"Feature","id":861,"geometry":{"type":"Point","coordinates":[98.991543809554287,18.766900389951942]},"properties":{"OBJECTID":861,"SOURCE_ID":861,"text_lanna":0,"GiZScore":-0.42834879780571855,"GiPValue":0.66839719773416495,"NNeighbors":288,"Gi_Bin":0}},{"type":"Feature","id":862,"geometry":{"type":"Point","coordinates":[99.024713800369327,18.784079749594188]},"properties":{"OBJECTID":862,"SOURCE_ID":862,"text_lanna":0,"GiZScore":-0.9629243401972688,"GiPValue":0.33558550577907553,"NNeighbors":132,"Gi_Bin":0}},{"type":"Feature","id":863,"geometry":{"type":"Point","coordinates":[99.024704599559385,18.784260289990193]},"properties":{"OBJECTID":863,"SOURCE_ID":863,"text_lanna":0,"GiZScore":-0.85186755153648008,"GiPValue":0.39428761692797398,"NNeighbors":129,"Gi_Bin":0}},{"type":"Feature","id":864,"geometry":{"type":"Point","coordinates":[99.024686210218505,18.784621379806708]},"properties":{"OBJECTID":864,"SOURCE_ID":864,"text_lanna":2,"GiZScore":-0.92256115817915485,"GiPValue":0.35623595590134338,"NNeighbors":127,"Gi_Bin":0}},{"type":"Feature","id":865,"geometry":{"type":"Point","coordinates":[99.024649410428694,18.785343560299332]},"properties":{"OBJECTID":865,"SOURCE_ID":865,"text_lanna":0,"GiZScore":-0.91916701121788036,"GiPValue":0.35800823376526103,"NNeighbors":123,"Gi_Bin":0}},{"type":"Feature","id":866,"geometry":{"type":"Point","coordinates":[99.024562070100188,18.786346260076993]},"properties":{"OBJECTID":866,"SOURCE_ID":866,"text_lanna":1,"GiZScore":-0.7657379437791485,"GiPValue":0.44383225148233119,"NNeighbors":119,"Gi_Bin":0}},{"type":"Feature","id":867,"geometry":{"type":"Point","coordinates":[99.024491280163332,18.787055890336756]},"properties":{"OBJECTID":867,"SOURCE_ID":867,"text_lanna":0,"GiZScore":-0.91597469547094945,"GiPValue":0.35968017769099203,"NNeighbors":119,"Gi_Bin":0}},{"type":"Feature","id":868,"geometry":{"type":"Point","coordinates":[99.022965339911963,18.786212120351795]},"properties":{"OBJECTID":868,"SOURCE_ID":868,"text_lanna":0,"GiZScore":-0.55342254292328164,"GiPValue":0.57997410859006848,"NNeighbors":125,"Gi_Bin":0}},{"type":"Feature","id":869,"geometry":{"type":"Point","coordinates":[99.022775680298082,18.786218499922597]},"properties":{"OBJECTID":869,"SOURCE_ID":869,"text_lanna":0,"GiZScore":-0.70694590534207635,"GiPValue":0.47960010008997733,"NNeighbors":129,"Gi_Bin":0}},{"type":"Feature","id":870,"geometry":{"type":"Point","coordinates":[99.020711490310148,18.786053350367197]},"properties":{"OBJECTID":870,"SOURCE_ID":870,"text_lanna":0,"GiZScore":-1.0763247611802071,"GiPValue":0.28178205476047169,"NNeighbors":143,"Gi_Bin":0}},{"type":"Feature","id":871,"geometry":{"type":"Point","coordinates":[99.02456384007786,18.78168659956885]},"properties":{"OBJECTID":871,"SOURCE_ID":871,"text_lanna":1,"GiZScore":-0.2075049162975092,"GiPValue":0.83561555371136542,"NNeighbors":142,"Gi_Bin":0}},{"type":"Feature","id":872,"geometry":{"type":"Point","coordinates":[99.024181489807745,18.782543410431714]},"properties":{"OBJECTID":872,"SOURCE_ID":872,"text_lanna":0,"GiZScore":-0.49492415574521759,"GiPValue":0.62065366059727722,"NNeighbors":146,"Gi_Bin":0}},{"type":"Feature","id":873,"geometry":{"type":"Point","coordinates":[99.023611189852232,18.783684039626092]},"properties":{"OBJECTID":873,"SOURCE_ID":873,"text_lanna":0,"GiZScore":-0.69017057698747475,"GiPValue":0.49008692878858517,"NNeighbors":140,"Gi_Bin":0}},{"type":"Feature","id":874,"geometry":{"type":"Point","coordinates":[99.024966950040906,18.782260380287394]},"properties":{"OBJECTID":874,"SOURCE_ID":874,"text_lanna":1,"GiZScore":-0.32047203499688531,"GiPValue":0.74861052674672357,"NNeighbors":145,"Gi_Bin":0}},{"type":"Feature","id":875,"geometry":{"type":"Point","coordinates":[99.02517330000984,18.781212969679327]},"properties":{"OBJECTID":875,"SOURCE_ID":875,"text_lanna":0,"GiZScore":-0.37290236267751697,"GiPValue":0.70922111427938062,"NNeighbors":139,"Gi_Bin":0}},{"type":"Feature","id":876,"geometry":{"type":"Point","coordinates":[99.021089109666676,18.784422919948245]},"properties":{"OBJECTID":876,"SOURCE_ID":876,"text_lanna":0,"GiZScore":-0.63216482284961051,"GiPValue":0.5272791845395326,"NNeighbors":146,"Gi_Bin":0}},{"type":"Feature","id":877,"geometry":{"type":"Point","coordinates":[99.021101990083665,18.78368359969495]},"properties":{"OBJECTID":877,"SOURCE_ID":877,"text_lanna":0,"GiZScore":-0.51377942904472396,"GiPValue":0.60740621370400416,"NNeighbors":154,"Gi_Bin":0}},{"type":"Feature","id":878,"geometry":{"type":"Point","coordinates":[99.025450170327304,18.764480220429576]},"properties":{"OBJECTID":878,"SOURCE_ID":878,"text_lanna":0,"GiZScore":1.7794871636343528,"GiPValue":0.075159927531304072,"NNeighbors":113,"Gi_Bin":1}},{"type":"Feature","id":879,"geometry":{"type":"Point","coordinates":[99.024680099998093,18.766366920194482]},"properties":{"OBJECTID":879,"SOURCE_ID":879,"text_lanna":0,"GiZScore":1.8933822732334087,"GiPValue":0.058307051096514836,"NNeighbors":123,"Gi_Bin":1}},{"type":"Feature","id":880,"geometry":{"type":"Point","coordinates":[99.02497452022827,18.767577970264774]},"properties":{"OBJECTID":880,"SOURCE_ID":880,"text_lanna":1,"GiZScore":1.8086486485730842,"GiPValue":0.070505605485039577,"NNeighbors":131,"Gi_Bin":1}},{"type":"Feature","id":881,"geometry":{"type":"Point","coordinates":[99.026159989708276,18.766806069953262]},"properties":{"OBJECTID":881,"SOURCE_ID":881,"text_lanna":0,"GiZScore":1.8933822732334087,"GiPValue":0.058307051096514836,"NNeighbors":123,"Gi_Bin":1}},{"type":"Feature","id":882,"geometry":{"type":"Point","coordinates":[99.02614299982659,18.766235959951146]},"properties":{"OBJECTID":882,"SOURCE_ID":882,"text_lanna":0,"GiZScore":1.9878257175445182,"GiPValue":0.04683096841082654,"NNeighbors":118,"Gi_Bin":2}},{"type":"Feature","id":883,"geometry":{"type":"Point","coordinates":[99.026755290142631,18.765336600142238]},"properties":{"OBJECTID":883,"SOURCE_ID":883,"text_lanna":1,"GiZScore":1.8208507583964906,"GiPValue":0.068629546101574762,"NNeighbors":103,"Gi_Bin":1}},{"type":"Feature","id":884,"geometry":{"type":"Point","coordinates":[99.027361919583967,18.765151689744602]},"properties":{"OBJECTID":884,"SOURCE_ID":884,"text_lanna":0,"GiZScore":1.8737836061573692,"GiPValue":0.060960256873142271,"NNeighbors":102,"Gi_Bin":1}},{"type":"Feature","id":885,"geometry":{"type":"Point","coordinates":[99.027542719983714,18.765096820239123]},"properties":{"OBJECTID":885,"SOURCE_ID":885,"text_lanna":0,"GiZScore":1.9812505523937409,"GiPValue":0.047563182622942991,"NNeighbors":100,"Gi_Bin":2}},{"type":"Feature","id":886,"geometry":{"type":"Point","coordinates":[99.028113389627322,18.764850790190717]},"properties":{"OBJECTID":886,"SOURCE_ID":886,"text_lanna":0,"GiZScore":2.1466490979757342,"GiPValue":0.031821228002119568,"NNeighbors":97,"Gi_Bin":2}},{"type":"Feature","id":887,"geometry":{"type":"Point","coordinates":[99.026928839781021,18.765721260424357]},"properties":{"OBJECTID":887,"SOURCE_ID":887,"text_lanna":0,"GiZScore":1.7684353188646329,"GiPValue":0.076988156446516257,"NNeighbors":104,"Gi_Bin":1}},{"type":"Feature","id":888,"geometry":{"type":"Point","coordinates":[99.02531907012937,18.766299820447323]},"properties":{"OBJECTID":888,"SOURCE_ID":888,"text_lanna":0,"GiZScore":1.8896333481691678,"GiPValue":0.058807013891820061,"NNeighbors":120,"Gi_Bin":1}},{"type":"Feature","id":889,"geometry":{"type":"Point","coordinates":[99.025731530226551,18.766282839743319]},"properties":{"OBJECTID":889,"SOURCE_ID":889,"text_lanna":0,"GiZScore":1.8896333481691678,"GiPValue":0.058807013891820061,"NNeighbors":120,"Gi_Bin":1}},{"type":"Feature","id":890,"geometry":{"type":"Point","coordinates":[99.022446260135453,18.764659819761622]},"properties":{"OBJECTID":890,"SOURCE_ID":890,"text_lanna":1,"GiZScore":1.8501387141536492,"GiPValue":0.064293559322026572,"NNeighbors":127,"Gi_Bin":1}},{"type":"Feature","id":891,"geometry":{"type":"Point","coordinates":[99.020224839694393,18.77037373038085]},"properties":{"OBJECTID":891,"SOURCE_ID":891,"text_lanna":0,"GiZScore":2.3193297249729548,"GiPValue":0.020377164872645275,"NNeighbors":169,"Gi_Bin":2}},{"type":"Feature","id":892,"geometry":{"type":"Point","coordinates":[99.020175300042297,18.770026449580044]},"properties":{"OBJECTID":892,"SOURCE_ID":892,"text_lanna":0,"GiZScore":2.361109489851922,"GiPValue":0.018220350278737963,"NNeighbors":168,"Gi_Bin":2}},{"type":"Feature","id":893,"geometry":{"type":"Point","coordinates":[99.020268150390464,18.769409999915631]},"properties":{"OBJECTID":893,"SOURCE_ID":893,"text_lanna":0,"GiZScore":2.4428000671471515,"GiPValue":0.014573808543910612,"NNeighbors":163,"Gi_Bin":2}},{"type":"Feature","id":894,"geometry":{"type":"Point","coordinates":[99.020303120009416,18.769218879585519]},"properties":{"OBJECTID":894,"SOURCE_ID":894,"text_lanna":2,"GiZScore":2.485726373869598,"GiPValue":0.012928733045880283,"NNeighbors":162,"Gi_Bin":2}},{"type":"Feature","id":895,"geometry":{"type":"Point","coordinates":[99.021750189530067,18.767498819679737]},"properties":{"OBJECTID":895,"SOURCE_ID":895,"text_lanna":0,"GiZScore":1.7443142307548589,"GiPValue":0.081104311531823667,"NNeighbors":145,"Gi_Bin":1}},{"type":"Feature","id":896,"geometry":{"type":"Point","coordinates":[99.021715359700153,18.768040079804109]},"properties":{"OBJECTID":896,"SOURCE_ID":896,"text_lanna":0,"GiZScore":2.0291402173989841,"GiPValue":0.04244401060070388,"NNeighbors":151,"Gi_Bin":2}},{"type":"Feature","id":897,"geometry":{"type":"Point","coordinates":[99.021703750340507,18.768220500439671]},"properties":{"OBJECTID":897,"SOURCE_ID":897,"text_lanna":0,"GiZScore":1.9858421993382471,"GiPValue":0.047050848414601679,"NNeighbors":152,"Gi_Bin":2}},{"type":"Feature","id":898,"geometry":{"type":"Point","coordinates":[99.022000480079484,18.766703279756143]},"properties":{"OBJECTID":898,"SOURCE_ID":898,"text_lanna":4,"GiZScore":1.9157129191208497,"GiPValue":0.055401647098048436,"NNeighbors":138,"Gi_Bin":1}},{"type":"Feature","id":899,"geometry":{"type":"Point","coordinates":[99.021810579870746,18.766631909732229]},"properties":{"OBJECTID":899,"SOURCE_ID":899,"text_lanna":0,"GiZScore":1.8706465173564242,"GiPValue":0.061394092434420934,"NNeighbors":139,"Gi_Bin":1}},{"type":"Feature","id":900,"geometry":{"type":"Point","coordinates":[99.021633959961861,18.766565819734303]},"properties":{"OBJECTID":900,"SOURCE_ID":900,"text_lanna":0,"GiZScore":1.961099043875481,"GiPValue":0.049867470258685244,"NNeighbors":137,"Gi_Bin":2}},{"type":"Feature","id":901,"geometry":{"type":"Point","coordinates":[99.022130450113991,18.766374810427902]},"properties":{"OBJECTID":901,"SOURCE_ID":901,"text_lanna":2,"GiZScore":2.0068105557998326,"GiPValue":0.044769838479892375,"NNeighbors":136,"Gi_Bin":2}},{"type":"Feature","id":902,"geometry":{"type":"Point","coordinates":[99.021954489560855,18.766307129980223]},"properties":{"OBJECTID":902,"SOURCE_ID":902,"text_lanna":2,"GiZScore":1.961099043875481,"GiPValue":0.049867470258685244,"NNeighbors":137,"Gi_Bin":2}},{"type":"Feature","id":903,"geometry":{"type":"Point","coordinates":[99.021250669621054,18.76603638031489]},"properties":{"OBJECTID":903,"SOURCE_ID":903,"text_lanna":0,"GiZScore":1.961099043875481,"GiPValue":0.049867470258685244,"NNeighbors":137,"Gi_Bin":2}},{"type":"Feature","id":904,"geometry":{"type":"Point","coordinates":[99.022051539677008,18.765948700260552]},"properties":{"OBJECTID":904,"SOURCE_ID":904,"text_lanna":0,"GiZScore":2.0992331092128436,"GiPValue":0.035796356700368098,"NNeighbors":134,"Gi_Bin":2}},{"type":"Feature","id":905,"geometry":{"type":"Point","coordinates":[99.021874119854829,18.765884599823007]},"properties":{"OBJECTID":905,"SOURCE_ID":905,"text_lanna":0,"GiZScore":2.0992331092128436,"GiPValue":0.035796356700368098,"NNeighbors":134,"Gi_Bin":2}},{"type":"Feature","id":906,"geometry":{"type":"Point","coordinates":[99.021341829881706,18.765692300211768]},"properties":{"OBJECTID":906,"SOURCE_ID":906,"text_lanna":1,"GiZScore":1.9567310737974617,"GiPValue":0.05037909450732856,"NNeighbors":134,"Gi_Bin":1}},{"type":"Feature","id":907,"geometry":{"type":"Point","coordinates":[99.022747129781436,18.763481609928316]},"properties":{"OBJECTID":907,"SOURCE_ID":907,"text_lanna":0,"GiZScore":1.7399594196013131,"GiPValue":0.081866143808149175,"NNeighbors":120,"Gi_Bin":1}},{"type":"Feature","id":908,"geometry":{"type":"Point","coordinates":[99.023212830401576,18.763077920314085]},"properties":{"OBJECTID":908,"SOURCE_ID":908,"text_lanna":0,"GiZScore":1.8829919006352887,"GiPValue":0.059701465597517482,"NNeighbors":114,"Gi_Bin":1}},{"type":"Feature","id":909,"geometry":{"type":"Point","coordinates":[99.022609880339104,18.762856660160619]},"properties":{"OBJECTID":909,"SOURCE_ID":909,"text_lanna":1,"GiZScore":1.8331595200282729,"GiPValue":0.066778851825293722,"NNeighbors":115,"Gi_Bin":1}},{"type":"Feature","id":910,"geometry":{"type":"Point","coordinates":[99.022144430194686,18.77209765003818]},"properties":{"OBJECTID":910,"SOURCE_ID":910,"text_lanna":0,"GiZScore":2.4512287390852303,"GiPValue":0.014236944921898392,"NNeighbors":172,"Gi_Bin":2}},{"type":"Feature","id":911,"geometry":{"type":"Point","coordinates":[99.023018730005361,18.771308949978597]},"properties":{"OBJECTID":911,"SOURCE_ID":911,"text_lanna":1,"GiZScore":2.1810568823197323,"GiPValue":0.029179209478898151,"NNeighbors":163,"Gi_Bin":2}},{"type":"Feature","id":912,"geometry":{"type":"Point","coordinates":[99.023573819571965,18.771095299682397]},"properties":{"OBJECTID":912,"SOURCE_ID":912,"text_lanna":0,"GiZScore":1.815340988025792,"GiPValue":0.069471523766459375,"NNeighbors":156,"Gi_Bin":1}},{"type":"Feature","id":913,"geometry":{"type":"Point","coordinates":[99.024846579970216,18.770668650438129]},"properties":{"OBJECTID":913,"SOURCE_ID":913,"text_lanna":0,"GiZScore":1.7514274862304087,"GiPValue":0.079872301851329167,"NNeighbors":148,"Gi_Bin":1}},{"type":"Feature","id":914,"geometry":{"type":"Point","coordinates":[99.02511608007768,18.770629650194021]},"properties":{"OBJECTID":914,"SOURCE_ID":914,"text_lanna":0,"GiZScore":1.9260589332600955,"GiPValue":0.054097015616498108,"NNeighbors":144,"Gi_Bin":1}},{"type":"Feature","id":915,"geometry":{"type":"Point","coordinates":[99.025947109729415,18.770178969860407]},"properties":{"OBJECTID":915,"SOURCE_ID":915,"text_lanna":1,"GiZScore":2.1054570766326761,"GiPValue":0.035251539920888086,"NNeighbors":140,"Gi_Bin":2}},{"type":"Feature","id":916,"geometry":{"type":"Point","coordinates":[99.026232699604222,18.768794380199811]},"properties":{"OBJECTID":916,"SOURCE_ID":916,"text_lanna":0,"GiZScore":1.9567310737974617,"GiPValue":0.05037909450732856,"NNeighbors":134,"Gi_Bin":1}},{"type":"Feature","id":917,"geometry":{"type":"Point","coordinates":[99.023308609599567,18.7708350502384]},"properties":{"OBJECTID":917,"SOURCE_ID":917,"text_lanna":1,"GiZScore":1.9063596320484264,"GiPValue":0.056603562354187426,"NNeighbors":157,"Gi_Bin":1}},{"type":"Feature","id":918,"geometry":{"type":"Point","coordinates":[99.023579499745949,18.770709730074891]},"properties":{"OBJECTID":918,"SOURCE_ID":918,"text_lanna":0,"GiZScore":1.7161183012957009,"GiPValue":0.086140392238545763,"NNeighbors":152,"Gi_Bin":1}},{"type":"Feature","id":919,"geometry":{"type":"Point","coordinates":[99.024286149891211,18.770281309641579]},"properties":{"OBJECTID":919,"SOURCE_ID":919,"text_lanna":1,"GiZScore":1.8878580596466041,"GiPValue":0.059045008270424616,"NNeighbors":148,"Gi_Bin":1}},{"type":"Feature","id":920,"geometry":{"type":"Point","coordinates":[99.024469419697127,18.769639660211578]},"properties":{"OBJECTID":920,"SOURCE_ID":920,"text_lanna":1,"GiZScore":1.838167185029463,"GiPValue":0.066037773613171605,"NNeighbors":146,"Gi_Bin":1}},{"type":"Feature","id":921,"geometry":{"type":"Point","coordinates":[99.025545670323837,18.763189729702574]},"properties":{"OBJECTID":921,"SOURCE_ID":921,"text_lanna":0,"GiZScore":1.6604675371779722,"GiPValue":0.096820433290132554,"NNeighbors":103,"Gi_Bin":1}},{"type":"Feature","id":922,"geometry":{"type":"Point","coordinates":[99.023513969618577,18.792137700410787]},"properties":{"OBJECTID":922,"SOURCE_ID":922,"text_lanna":0,"GiZScore":-1.0259768658600865,"GiPValue":0.30490250311030132,"NNeighbors":106,"Gi_Bin":0}},{"type":"Feature","id":923,"geometry":{"type":"Point","coordinates":[99.023880640071212,18.791504589633107]},"properties":{"OBJECTID":923,"SOURCE_ID":923,"text_lanna":0,"GiZScore":-0.98619483923463291,"GiPValue":0.32403752417633647,"NNeighbors":105,"Gi_Bin":0}},{"type":"Feature","id":924,"geometry":{"type":"Point","coordinates":[99.02406397000118,18.791188040286432]},"properties":{"OBJECTID":924,"SOURCE_ID":924,"text_lanna":0,"GiZScore":-0.94609293582600018,"GiPValue":0.34410119804114991,"NNeighbors":104,"Gi_Bin":0}},{"type":"Feature","id":925,"geometry":{"type":"Point","coordinates":[99.024155630438358,18.791029759667801]},"properties":{"OBJECTID":925,"SOURCE_ID":925,"text_lanna":0,"GiZScore":-0.82721128832527135,"GiPValue":0.40811732249696742,"NNeighbors":105,"Gi_Bin":0}},{"type":"Feature","id":926,"geometry":{"type":"Point","coordinates":[99.024430629705009,18.790554940119321]},"properties":{"OBJECTID":926,"SOURCE_ID":926,"text_lanna":0,"GiZScore":-0.94609293582600018,"GiPValue":0.34410119804114991,"NNeighbors":104,"Gi_Bin":0}},{"type":"Feature","id":927,"geometry":{"type":"Point","coordinates":[99.024996469701108,18.789572089702837]},"properties":{"OBJECTID":927,"SOURCE_ID":927,"text_lanna":0,"GiZScore":-0.79068800628016167,"GiPValue":0.42912608364489591,"NNeighbors":108,"Gi_Bin":0}},{"type":"Feature","id":928,"geometry":{"type":"Point","coordinates":[99.025174610098674,18.789252860164854]},"properties":{"OBJECTID":928,"SOURCE_ID":928,"text_lanna":0,"GiZScore":-0.75019610627114164,"GiPValue":0.45313660957413782,"NNeighbors":107,"Gi_Bin":0}},{"type":"Feature","id":929,"geometry":{"type":"Point","coordinates":[99.025263679570656,18.789093239905682]},"properties":{"OBJECTID":929,"SOURCE_ID":929,"text_lanna":0,"GiZScore":-0.75019610627114164,"GiPValue":0.45313660957413782,"NNeighbors":107,"Gi_Bin":0}},{"type":"Feature","id":930,"geometry":{"type":"Point","coordinates":[99.004487229718933,18.80996156963058]},"properties":{"OBJECTID":930,"SOURCE_ID":930,"text_lanna":0,"GiZScore":-1.4980280548943641,"GiPValue":0.13412596158227633,"NNeighbors":135,"Gi_Bin":0}},{"type":"Feature","id":931,"geometry":{"type":"Point","coordinates":[99.003919210456658,18.809999780081348]},"properties":{"OBJECTID":931,"SOURCE_ID":931,"text_lanna":0,"GiZScore":-1.5325378671275625,"GiPValue":0.12538976059369547,"NNeighbors":136,"Gi_Bin":0}},{"type":"Feature","id":932,"geometry":{"type":"Point","coordinates":[99.002783179703115,18.810076200314096]},"properties":{"OBJECTID":932,"SOURCE_ID":932,"text_lanna":0,"GiZScore":-1.5628519437975623,"GiPValue":0.1180874231708758,"NNeighbors":141,"Gi_Bin":0}},{"type":"Feature","id":933,"geometry":{"type":"Point","coordinates":[99.00345585004095,18.810176899865517]},"properties":{"OBJECTID":933,"SOURCE_ID":933,"text_lanna":2,"GiZScore":-1.4603025051214924,"GiPValue":0.14420695387430263,"NNeighbors":138,"Gi_Bin":0}},{"type":"Feature","id":934,"geometry":{"type":"Point","coordinates":[99.005070479813469,18.810076000343116]},"properties":{"OBJECTID":934,"SOURCE_ID":934,"text_lanna":0,"GiZScore":-1.4668258734985891,"GiPValue":0.14242342936283758,"NNeighbors":130,"Gi_Bin":0}},{"type":"Feature","id":935,"geometry":{"type":"Point","coordinates":[98.999533520283364,18.758273399616517]},"properties":{"OBJECTID":935,"SOURCE_ID":935,"text_lanna":0,"GiZScore":0.97785280450455248,"GiPValue":0.32814714282395463,"NNeighbors":117,"Gi_Bin":0}},{"type":"Feature","id":936,"geometry":{"type":"Point","coordinates":[98.999820209670347,18.758000290418909]},"properties":{"OBJECTID":936,"SOURCE_ID":936,"text_lanna":0,"GiZScore":1.0106026208811891,"GiPValue":0.3122066747070571,"NNeighbors":113,"Gi_Bin":0}},{"type":"Feature","id":937,"geometry":{"type":"Point","coordinates":[98.996720959894333,18.760731239932632]},"properties":{"OBJECTID":937,"SOURCE_ID":937,"text_lanna":2,"GiZScore":0.80602924156291045,"GiPValue":0.42022599603084232,"NNeighbors":141,"Gi_Bin":0}},{"type":"Feature","id":938,"geometry":{"type":"Point","coordinates":[98.997149840190644,18.76037466041387]},"properties":{"OBJECTID":938,"SOURCE_ID":938,"text_lanna":0,"GiZScore":1.0293156873436962,"GiPValue":0.30333136847953079,"NNeighbors":139,"Gi_Bin":0}},{"type":"Feature","id":939,"geometry":{"type":"Point","coordinates":[98.997721679679884,18.759899209562434]},"properties":{"OBJECTID":939,"SOURCE_ID":939,"text_lanna":1,"GiZScore":0.93104175371683329,"GiPValue":0.35183197726083737,"NNeighbors":138,"Gi_Bin":0}},{"type":"Feature","id":940,"geometry":{"type":"Point","coordinates":[98.997312910355575,18.760053680244809]},"properties":{"OBJECTID":940,"SOURCE_ID":940,"text_lanna":0,"GiZScore":1.0717090630602641,"GiPValue":0.28385074496891383,"NNeighbors":138,"Gi_Bin":0}},{"type":"Feature","id":941,"geometry":{"type":"Point","coordinates":[99.005475320134735,18.763032080410316]},"properties":{"OBJECTID":941,"SOURCE_ID":941,"text_lanna":1,"GiZScore":2.292972736157834,"GiPValue":0.021849574640450387,"NNeighbors":142,"Gi_Bin":2}},{"type":"Feature","id":942,"geometry":{"type":"Point","coordinates":[99.003668320285627,18.760600539886401]},"properties":{"OBJECTID":942,"SOURCE_ID":942,"text_lanna":1,"GiZScore":1.1204808530134376,"GiPValue":0.26250892558717132,"NNeighbors":127,"Gi_Bin":0}},{"type":"Feature","id":943,"geometry":{"type":"Point","coordinates":[99.002906090256928,18.759625950224535]},"properties":{"OBJECTID":943,"SOURCE_ID":943,"text_lanna":0,"GiZScore":1.3012666344015584,"GiPValue":0.19316720380272517,"NNeighbors":123,"Gi_Bin":0}},{"type":"Feature","id":944,"geometry":{"type":"Point","coordinates":[99.002109429842506,18.758873010022079]},"properties":{"OBJECTID":944,"SOURCE_ID":944,"text_lanna":0,"GiZScore":1.2337903576414291,"GiPValue":0.21728105684103172,"NNeighbors":118,"Gi_Bin":0}},{"type":"Feature","id":945,"geometry":{"type":"Point","coordinates":[99.001899710092871,18.758720109643388]},"properties":{"OBJECTID":945,"SOURCE_ID":945,"text_lanna":0,"GiZScore":1.0239035977776205,"GiPValue":0.30588082501496672,"NNeighbors":116,"Gi_Bin":0}},{"type":"Feature","id":946,"geometry":{"type":"Point","coordinates":[99.001683580404404,18.758612900290299]},"properties":{"OBJECTID":946,"SOURCE_ID":946,"text_lanna":2,"GiZScore":0.87193274838576595,"GiPValue":0.38324507610404834,"NNeighbors":116,"Gi_Bin":0}},{"type":"Feature","id":947,"geometry":{"type":"Point","coordinates":[98.997295999765655,18.792880079959225]},"properties":{"OBJECTID":947,"SOURCE_ID":947,"text_lanna":1,"GiZScore":0.86958184170254005,"GiPValue":0.3845289737421691,"NNeighbors":290,"Gi_Bin":0}},{"type":"Feature","id":948,"geometry":{"type":"Point","coordinates":[98.996966849765272,18.793642689973492]},"properties":{"OBJECTID":948,"SOURCE_ID":948,"text_lanna":0,"GiZScore":0.72087968411206049,"GiPValue":0.47098354875722082,"NNeighbors":288,"Gi_Bin":0}},{"type":"Feature","id":949,"geometry":{"type":"Point","coordinates":[99.020513069835303,18.775210689563789]},"properties":{"OBJECTID":949,"SOURCE_ID":949,"text_lanna":0,"GiZScore":1.8680317952965373,"GiPValue":0.061757639221419587,"NNeighbors":193,"Gi_Bin":1}},{"type":"Feature","id":950,"geometry":{"type":"Point","coordinates":[98.98558618980077,18.805377199836045]},"properties":{"OBJECTID":950,"SOURCE_ID":950,"text_lanna":1,"GiZScore":0.71559249949741821,"GiPValue":0.47424301157706217,"NNeighbors":198,"Gi_Bin":0}},{"type":"Feature","id":951,"geometry":{"type":"Point","coordinates":[98.985772980222151,18.805409300431084]},"properties":{"OBJECTID":951,"SOURCE_ID":951,"text_lanna":0,"GiZScore":0.64582874144713953,"GiPValue":0.51839027612512112,"NNeighbors":200,"Gi_Bin":0}},{"type":"Feature","id":952,"geometry":{"type":"Point","coordinates":[98.986146549889668,18.805473500155486]},"properties":{"OBJECTID":952,"SOURCE_ID":952,"text_lanna":0,"GiZScore":0.66171146934519576,"GiPValue":0.50815615701497396,"NNeighbors":203,"Gi_Bin":0}},{"type":"Feature","id":953,"geometry":{"type":"Point","coordinates":[98.987645739664302,18.805354379578027]},"properties":{"OBJECTID":953,"SOURCE_ID":953,"text_lanna":0,"GiZScore":0.90710995732928845,"GiPValue":0.36434866325189841,"NNeighbors":196,"Gi_Bin":0}},{"type":"Feature","id":954,"geometry":{"type":"Point","coordinates":[98.988010840072818,18.805255369970496]},"properties":{"OBJECTID":954,"SOURCE_ID":954,"text_lanna":0,"GiZScore":0.71559249949741821,"GiPValue":0.47424301157706217,"NNeighbors":198,"Gi_Bin":0}},{"type":"Feature","id":955,"geometry":{"type":"Point","coordinates":[98.997917879804206,18.810579660396783]},"properties":{"OBJECTID":955,"SOURCE_ID":955,"text_lanna":0,"GiZScore":-1.2492961077115048,"GiPValue":0.21155681526825454,"NNeighbors":140,"Gi_Bin":0}},{"type":"Feature","id":956,"geometry":{"type":"Point","coordinates":[98.996336140051056,18.810845800404341]},"properties":{"OBJECTID":956,"SOURCE_ID":956,"text_lanna":0,"GiZScore":-0.76316661684314102,"GiPValue":0.44536404139933716,"NNeighbors":142,"Gi_Bin":0}},{"type":"Feature","id":957,"geometry":{"type":"Point","coordinates":[98.984878589784046,18.812045890070024]},"properties":{"OBJECTID":957,"SOURCE_ID":957,"text_lanna":0,"GiZScore":-0.73263658378557672,"GiPValue":0.46378011749572345,"NNeighbors":122,"Gi_Bin":0}},{"type":"Feature","id":958,"geometry":{"type":"Point","coordinates":[98.985768289727446,18.812140570266667]},"properties":{"OBJECTID":958,"SOURCE_ID":958,"text_lanna":0,"GiZScore":-0.77662958595111253,"GiPValue":0.43737734764969682,"NNeighbors":127,"Gi_Bin":0}},{"type":"Feature","id":959,"geometry":{"type":"Point","coordinates":[98.985957289790775,18.812157329949418]},"properties":{"OBJECTID":959,"SOURCE_ID":959,"text_lanna":1,"GiZScore":-0.73863715653559725,"GiPValue":0.4601273611589034,"NNeighbors":126,"Gi_Bin":0}},{"type":"Feature","id":960,"geometry":{"type":"Point","coordinates":[98.943804320194033,18.802822990421287]},"properties":{"OBJECTID":960,"SOURCE_ID":960,"text_lanna":0,"GiZScore":-0.97646269474392322,"GiPValue":0.32883523852339802,"NNeighbors":39,"Gi_Bin":0}},{"type":"Feature","id":961,"geometry":{"type":"Point","coordinates":[98.945050930182276,18.802589530066395]},"properties":{"OBJECTID":961,"SOURCE_ID":961,"text_lanna":0,"GiZScore":-1.1464170675487555,"GiPValue":0.25162264335871176,"NNeighbors":42,"Gi_Bin":0}},{"type":"Feature","id":962,"geometry":{"type":"Point","coordinates":[98.946059069829204,18.802993789985802]},"properties":{"OBJECTID":962,"SOURCE_ID":962,"text_lanna":0,"GiZScore":-1.2008082041416726,"GiPValue":0.22982563055429528,"NNeighbors":43,"Gi_Bin":0}},{"type":"Feature","id":963,"geometry":{"type":"Point","coordinates":[98.946413689804444,18.80318471960814]},"properties":{"OBJECTID":963,"SOURCE_ID":963,"text_lanna":0,"GiZScore":-1.2008082041416726,"GiPValue":0.22982563055429528,"NNeighbors":43,"Gi_Bin":0}},{"type":"Feature","id":964,"geometry":{"type":"Point","coordinates":[98.945797940207029,18.804681970081774]},"properties":{"OBJECTID":964,"SOURCE_ID":964,"text_lanna":0,"GiZScore":-1.2008082041416726,"GiPValue":0.22982563055429528,"NNeighbors":43,"Gi_Bin":0}},{"type":"Feature","id":965,"geometry":{"type":"Point","coordinates":[98.946157470437029,18.806055489930117]},"properties":{"OBJECTID":965,"SOURCE_ID":965,"text_lanna":0,"GiZScore":-1.034305633726001,"GiPValue":0.30099331864524381,"NNeighbors":40,"Gi_Bin":0}},{"type":"Feature","id":966,"geometry":{"type":"Point","coordinates":[98.947081440338621,18.807643660146137]},"properties":{"OBJECTID":966,"SOURCE_ID":966,"text_lanna":0,"GiZScore":-0.8103665230914685,"GiPValue":0.41772955982312665,"NNeighbors":32,"Gi_Bin":0}},{"type":"Feature","id":967,"geometry":{"type":"Point","coordinates":[98.946962879761912,18.80778480976149]},"properties":{"OBJECTID":967,"SOURCE_ID":967,"text_lanna":0,"GiZScore":-0.67586728756096004,"GiPValue":0.49912491313373442,"NNeighbors":30,"Gi_Bin":0}},{"type":"Feature","id":968,"geometry":{"type":"Point","coordinates":[98.946844319932978,18.807925970144606]},"properties":{"OBJECTID":968,"SOURCE_ID":968,"text_lanna":0,"GiZScore":-0.67586728756096004,"GiPValue":0.49912491313373442,"NNeighbors":30,"Gi_Bin":0}},{"type":"Feature","id":969,"geometry":{"type":"Point","coordinates":[98.94650459968058,18.808714330432998]},"properties":{"OBJECTID":969,"SOURCE_ID":969,"text_lanna":0,"GiZScore":-0.99931151963294484,"GiPValue":0.31764382011833481,"NNeighbors":26,"Gi_Bin":0}},{"type":"Feature","id":970,"geometry":{"type":"Point","coordinates":[99.003977990425881,18.787609619987492]},"properties":{"OBJECTID":970,"SOURCE_ID":970,"text_lanna":0,"GiZScore":1.2548290270427014,"GiPValue":0.20954085734027661,"NNeighbors":257,"Gi_Bin":0}},{"type":"Feature","id":971,"geometry":{"type":"Point","coordinates":[99.004356779925359,18.787632849764606]},"properties":{"OBJECTID":971,"SOURCE_ID":971,"text_lanna":0,"GiZScore":1.1844560945199267,"GiPValue":0.23623258753717169,"NNeighbors":249,"Gi_Bin":0}},{"type":"Feature","id":972,"geometry":{"type":"Point","coordinates":[99.005754930361022,18.787565250061458]},"properties":{"OBJECTID":972,"SOURCE_ID":972,"text_lanna":0,"GiZScore":0.13532039907177856,"GiPValue":0.89235855732295521,"NNeighbors":233,"Gi_Bin":0}},{"type":"Feature","id":973,"geometry":{"type":"Point","coordinates":[99.007787519581129,18.787175360333443]},"properties":{"OBJECTID":973,"SOURCE_ID":973,"text_lanna":0,"GiZScore":0.24219332284062531,"GiPValue":0.8086303688779225,"NNeighbors":219,"Gi_Bin":0}},{"type":"Feature","id":974,"geometry":{"type":"Point","coordinates":[99.009215790336341,18.786900679863628]},"properties":{"OBJECTID":974,"SOURCE_ID":974,"text_lanna":1,"GiZScore":-0.24959021847591745,"GiPValue":0.8029042639931302,"NNeighbors":198,"Gi_Bin":0}},{"type":"Feature","id":975,"geometry":{"type":"Point","coordinates":[99.010621579763495,18.786630759946195]},"properties":{"OBJECTID":975,"SOURCE_ID":975,"text_lanna":0,"GiZScore":0.18021049235757122,"GiPValue":0.85698732165801006,"NNeighbors":196,"Gi_Bin":0}},{"type":"Feature","id":976,"geometry":{"type":"Point","coordinates":[99.01117969993237,18.78652359038524]},"properties":{"OBJECTID":976,"SOURCE_ID":976,"text_lanna":0,"GiZScore":-0.041763740719245872,"GiPValue":0.96668704049088794,"NNeighbors":199,"Gi_Bin":0}},{"type":"Feature","id":977,"geometry":{"type":"Point","coordinates":[99.01169793035487,18.786424029756542]},"properties":{"OBJECTID":977,"SOURCE_ID":977,"text_lanna":0,"GiZScore":0.078636232525425426,"GiPValue":0.93732196737302031,"NNeighbors":199,"Gi_Bin":0}},{"type":"Feature","id":978,"geometry":{"type":"Point","coordinates":[99.012757129788909,18.786220680128476]},"properties":{"OBJECTID":978,"SOURCE_ID":978,"text_lanna":0,"GiZScore":-0.47166196856359283,"GiPValue":0.63716808879465336,"NNeighbors":190,"Gi_Bin":0}},{"type":"Feature","id":979,"geometry":{"type":"Point","coordinates":[99.01591274970302,18.785614690326423]},"properties":{"OBJECTID":979,"SOURCE_ID":979,"text_lanna":0,"GiZScore":-0.72761566589887394,"GiPValue":0.46684889355747983,"NNeighbors":179,"Gi_Bin":0}},{"type":"Feature","id":980,"geometry":{"type":"Point","coordinates":[98.993792080307145,18.792266839865515]},"properties":{"OBJECTID":980,"SOURCE_ID":980,"text_lanna":1,"GiZScore":0.55776743074157431,"GiPValue":0.57700320801920157,"NNeighbors":297,"Gi_Bin":0}},{"type":"Feature","id":981,"geometry":{"type":"Point","coordinates":[98.993783270254184,18.792086279748283]},"properties":{"OBJECTID":981,"SOURCE_ID":981,"text_lanna":1,"GiZScore":0.67586728756095993,"GiPValue":0.49912491313373453,"NNeighbors":300,"Gi_Bin":0}},{"type":"Feature","id":982,"geometry":{"type":"Point","coordinates":[98.981710220426464,18.796056830303549]},"properties":{"OBJECTID":982,"SOURCE_ID":982,"text_lanna":1,"GiZScore":0.2608932420444936,"GiPValue":0.79417483675798795,"NNeighbors":261,"Gi_Bin":0}},{"type":"Feature","id":983,"geometry":{"type":"Point","coordinates":[98.981759310429055,18.797353790294828]},"properties":{"OBJECTID":983,"SOURCE_ID":983,"text_lanna":0,"GiZScore":0.20983135817625895,"GiPValue":0.83379929770482175,"NNeighbors":252,"Gi_Bin":0}},{"type":"Feature","id":984,"geometry":{"type":"Point","coordinates":[99.018467389625798,18.790729619700336]},"properties":{"OBJECTID":984,"SOURCE_ID":984,"text_lanna":0,"GiZScore":-1.7251440126548667,"GiPValue":0.084501522476375199,"NNeighbors":150,"Gi_Bin":-1}},{"type":"Feature","id":985,"geometry":{"type":"Point","coordinates":[99.01903658983305,18.790742850053096]},"properties":{"OBJECTID":985,"SOURCE_ID":985,"text_lanna":1,"GiZScore":-1.6593368491744771,"GiPValue":0.097047933844308876,"NNeighbors":148,"Gi_Bin":-1}},{"type":"Feature","id":986,"geometry":{"type":"Point","coordinates":[99.019663530421781,18.790757370441415]},"properties":{"OBJECTID":986,"SOURCE_ID":986,"text_lanna":0,"GiZScore":-1.3208157407563212,"GiPValue":0.18656280990519264,"NNeighbors":134,"Gi_Bin":0}},{"type":"Feature","id":987,"geometry":{"type":"Point","coordinates":[99.00827015012689,18.796805510046198]},"properties":{"OBJECTID":987,"SOURCE_ID":987,"text_lanna":0,"GiZScore":-0.8100788377164474,"GiPValue":0.41789487364861699,"NNeighbors":208,"Gi_Bin":0}},{"type":"Feature","id":988,"geometry":{"type":"Point","coordinates":[99.00833839990203,18.796122380392678]},"properties":{"OBJECTID":988,"SOURCE_ID":988,"text_lanna":0,"GiZScore":-0.9535028688538737,"GiPValue":0.34033535507815527,"NNeighbors":205,"Gi_Bin":0}},{"type":"Feature","id":989,"geometry":{"type":"Point","coordinates":[99.008483540421793,18.79468867976987]},"properties":{"OBJECTID":989,"SOURCE_ID":989,"text_lanna":0,"GiZScore":-0.53257883065741396,"GiPValue":0.59432516165567617,"NNeighbors":203,"Gi_Bin":0}},{"type":"Feature","id":990,"geometry":{"type":"Point","coordinates":[99.008577360102819,18.793762760364562]},"properties":{"OBJECTID":990,"SOURCE_ID":990,"text_lanna":0,"GiZScore":-1.0156792292352905,"GiPValue":0.30978217614962444,"NNeighbors":207,"Gi_Bin":0}},{"type":"Feature","id":991,"geometry":{"type":"Point","coordinates":[99.00867424984672,18.792805229764479]},"properties":{"OBJECTID":991,"SOURCE_ID":991,"text_lanna":0,"GiZScore":-0.86592623587378581,"GiPValue":0.38653062356834622,"NNeighbors":206,"Gi_Bin":0}},{"type":"Feature","id":992,"geometry":{"type":"Point","coordinates":[99.008709860160806,18.792453880241446]},"properties":{"OBJECTID":992,"SOURCE_ID":992,"text_lanna":0,"GiZScore":-0.89718949049839924,"GiPValue":0.36961782212557692,"NNeighbors":207,"Gi_Bin":0}},{"type":"Feature","id":993,"geometry":{"type":"Point","coordinates":[99.008785110366986,18.790741829552559]},"properties":{"OBJECTID":993,"SOURCE_ID":993,"text_lanna":0,"GiZScore":-0.74720455829040477,"GiPValue":0.45494009893959719,"NNeighbors":206,"Gi_Bin":0}},{"type":"Feature","id":994,"geometry":{"type":"Point","coordinates":[99.00870149961014,18.789177830252545]},"properties":{"OBJECTID":994,"SOURCE_ID":994,"text_lanna":0,"GiZScore":-0.9652813506184833,"GiPValue":0.33440392231292282,"NNeighbors":213,"Gi_Bin":0}},{"type":"Feature","id":995,"geometry":{"type":"Point","coordinates":[99.00869858045715,18.788285939673543]},"properties":{"OBJECTID":995,"SOURCE_ID":995,"text_lanna":0,"GiZScore":-0.71559182165446666,"GiPValue":0.474243430249218,"NNeighbors":205,"Gi_Bin":0}},{"type":"Feature","id":996,"geometry":{"type":"Point","coordinates":[99.008713369945653,18.787723160314307]},"properties":{"OBJECTID":996,"SOURCE_ID":996,"text_lanna":0,"GiZScore":-0.53257883065741396,"GiPValue":0.59432516165567617,"NNeighbors":203,"Gi_Bin":0}},{"type":"Feature","id":997,"geometry":{"type":"Point","coordinates":[99.020472949956286,18.767259959960036]},"properties":{"OBJECTID":997,"SOURCE_ID":997,"text_lanna":0,"GiZScore":2.0683225283705386,"GiPValue":0.038609704715185773,"NNeighbors":147,"Gi_Bin":2}},{"type":"Feature","id":998,"geometry":{"type":"Point","coordinates":[99.020545200445056,18.767092810323089]},"properties":{"OBJECTID":998,"SOURCE_ID":998,"text_lanna":2,"GiZScore":2.0641276739955865,"GiPValue":0.039005612716535791,"NNeighbors":144,"Gi_Bin":2}},{"type":"Feature","id":999,"geometry":{"type":"Point","coordinates":[99.020617440355835,18.766925669694441]},"properties":{"OBJECTID":999,"SOURCE_ID":999,"text_lanna":0,"GiZScore":2.0601428102831609,"GiPValue":0.039384890286417236,"NNeighbors":141,"Gi_Bin":2}},{"type":"Feature","id":1000,"geometry":{"type":"Point","coordinates":[99.021170740262491,18.765645230328747]},"properties":{"OBJECTID":1000,"SOURCE_ID":1000,"text_lanna":0,"GiZScore":1.7687827551863824,"GiPValue":0.076930135673814667,"NNeighbors":135,"Gi_Bin":1}},{"type":"Feature","id":1001,"geometry":{"type":"Point","coordinates":[99.021592690117615,18.764667230144855]},"properties":{"OBJECTID":1001,"SOURCE_ID":1001,"text_lanna":0,"GiZScore":1.8549705661782159,"GiPValue":0.063600429870313197,"NNeighbors":130,"Gi_Bin":1}},{"type":"Feature","id":1002,"geometry":{"type":"Point","coordinates":[98.976715370252876,18.796685860390461]},"properties":{"OBJECTID":1002,"SOURCE_ID":1002,"text_lanna":0,"GiZScore":0.13532039907177856,"GiPValue":0.89235855732295521,"NNeighbors":233,"Gi_Bin":0}},{"type":"Feature","id":1003,"geometry":{"type":"Point","coordinates":[98.98070179955009,18.781654479673836]},"properties":{"OBJECTID":1003,"SOURCE_ID":1003,"text_lanna":0,"GiZScore":-1.0677847599905363,"GiPValue":0.2856176301229727,"NNeighbors":311,"Gi_Bin":0}},{"type":"Feature","id":1004,"geometry":{"type":"Point","coordinates":[98.990442729816436,18.792791890121048]},"properties":{"OBJECTID":1004,"SOURCE_ID":1004,"text_lanna":0,"GiZScore":0.44073613452592952,"GiPValue":0.659404035015693,"NNeighbors":301,"Gi_Bin":0}},{"type":"Feature","id":1005,"geometry":{"type":"Point","coordinates":[99.016935729815501,18.801245270299614]},"properties":{"OBJECTID":1005,"SOURCE_ID":1005,"text_lanna":0,"GiZScore":-1.7275743715412619,"GiPValue":0.084064560876187841,"NNeighbors":77,"Gi_Bin":-1}},{"type":"Feature","id":1006,"geometry":{"type":"Point","coordinates":[98.986739589810242,18.783466240043364]},"properties":{"OBJECTID":1006,"SOURCE_ID":1006,"text_lanna":0,"GiZScore":-0.69945979893495314,"GiPValue":0.4842647329590446,"NNeighbors":375,"Gi_Bin":0}},{"type":"Feature","id":1007,"geometry":{"type":"Point","coordinates":[98.984862230250286,18.784175339886065]},"properties":{"OBJECTID":1007,"SOURCE_ID":1007,"text_lanna":0,"GiZScore":-1.2669676719056224,"GiPValue":0.20516687468401296,"NNeighbors":356,"Gi_Bin":0}},{"type":"Feature","id":1008,"geometry":{"type":"Point","coordinates":[98.982533969639761,18.781761609892783]},"properties":{"OBJECTID":1008,"SOURCE_ID":1008,"text_lanna":0,"GiZScore":-0.91796006548333753,"GiPValue":0.35863978391417894,"NNeighbors":339,"Gi_Bin":0}},{"type":"Feature","id":1009,"geometry":{"type":"Point","coordinates":[98.982625479550094,18.782011989872565]},"properties":{"OBJECTID":1009,"SOURCE_ID":1009,"text_lanna":0,"GiZScore":-0.93700508609579691,"GiPValue":0.34875595290665529,"NNeighbors":336,"Gi_Bin":0}},{"type":"Feature","id":1010,"geometry":{"type":"Point","coordinates":[98.991860179594696,18.785340160390845]},"properties":{"OBJECTID":1010,"SOURCE_ID":1010,"text_lanna":0,"GiZScore":0.72537287551643614,"GiPValue":0.4682233142771437,"NNeighbors":379,"Gi_Bin":0}},{"type":"Feature","id":1011,"geometry":{"type":"Point","coordinates":[98.990272969717168,18.782780089747796]},"properties":{"OBJECTID":1011,"SOURCE_ID":1011,"text_lanna":1,"GiZScore":0.23639529802121501,"GiPValue":0.81312594464850163,"NNeighbors":408,"Gi_Bin":0}},{"type":"Feature","id":1012,"geometry":{"type":"Point","coordinates":[98.990665159922784,18.782651929783949]},"properties":{"OBJECTID":1012,"SOURCE_ID":1012,"text_lanna":0,"GiZScore":0.059841604437923877,"GiPValue":0.95228178938091967,"NNeighbors":404,"Gi_Bin":0}},{"type":"Feature","id":1013,"geometry":{"type":"Point","coordinates":[98.988897830382157,18.784378939794003]},"properties":{"OBJECTID":1013,"SOURCE_ID":1013,"text_lanna":0,"GiZScore":-0.91518334932290935,"GiPValue":0.36009539482159703,"NNeighbors":387,"Gi_Bin":0}},{"type":"Feature","id":1014,"geometry":{"type":"Point","coordinates":[98.989167420405479,18.784398460302359]},"properties":{"OBJECTID":1014,"SOURCE_ID":1014,"text_lanna":0,"GiZScore":-0.97668585205444902,"GiPValue":0.32872471406143722,"NNeighbors":382,"Gi_Bin":0}},{"type":"Feature","id":1015,"geometry":{"type":"Point","coordinates":[98.990319000360643,18.784479139744999]},"properties":{"OBJECTID":1015,"SOURCE_ID":1015,"text_lanna":1,"GiZScore":0.24756447665834747,"GiPValue":0.80447139897108322,"NNeighbors":379,"Gi_Bin":0}},{"type":"Feature","id":1016,"geometry":{"type":"Point","coordinates":[98.9848494602915,18.793743049572754]},"properties":{"OBJECTID":1016,"SOURCE_ID":1016,"text_lanna":0,"GiZScore":0.34848410884708536,"GiPValue":0.72747664675213752,"NNeighbors":290,"Gi_Bin":0}},{"type":"Feature","id":1017,"geometry":{"type":"Point","coordinates":[98.983697880469265,18.793951010144667]},"properties":{"OBJECTID":1017,"SOURCE_ID":1017,"text_lanna":2,"GiZScore":0.49647165651132086,"GiPValue":0.61956168168009307,"NNeighbors":285,"Gi_Bin":0}},{"type":"Feature","id":1018,"geometry":{"type":"Point","coordinates":[98.983502770264437,18.793977569816064]},"properties":{"OBJECTID":1018,"SOURCE_ID":1018,"text_lanna":2,"GiZScore":0.52629751809939629,"GiPValue":0.5986815093488298,"NNeighbors":284,"Gi_Bin":0}},{"type":"Feature","id":1019,"geometry":{"type":"Point","coordinates":[98.982253070042248,18.793818789721282]},"properties":{"OBJECTID":1019,"SOURCE_ID":1019,"text_lanna":1,"GiZScore":0.43532209725461696,"GiPValue":0.66332864889192256,"NNeighbors":280,"Gi_Bin":0}},{"type":"Feature","id":1020,"geometry":{"type":"Point","coordinates":[98.988034880125099,18.789736739907269]},"properties":{"OBJECTID":1020,"SOURCE_ID":1020,"text_lanna":0,"GiZScore":0.76273099750814799,"GiPValue":0.44562384655287102,"NNeighbors":325,"Gi_Bin":0}},{"type":"Feature","id":1021,"geometry":{"type":"Point","coordinates":[98.988224259745692,18.789724879771345]},"properties":{"OBJECTID":1021,"SOURCE_ID":1021,"text_lanna":0,"GiZScore":0.79141394168664014,"GiPValue":0.4287024839838024,"NNeighbors":324,"Gi_Bin":0}},{"type":"Feature","id":1022,"geometry":{"type":"Point","coordinates":[98.990030350420952,18.789232850097608]},"properties":{"OBJECTID":1022,"SOURCE_ID":1022,"text_lanna":0,"GiZScore":0.31178625621919742,"GiPValue":0.75520297017915272,"NNeighbors":341,"Gi_Bin":0}},{"type":"Feature","id":1023,"geometry":{"type":"Point","coordinates":[98.989945079799853,18.787116180376252]},"properties":{"OBJECTID":1023,"SOURCE_ID":1023,"text_lanna":0,"GiZScore":0.094133790189014924,"GiPValue":0.92500287886335708,"NNeighbors":374,"Gi_Bin":0}},{"type":"Feature","id":1024,"geometry":{"type":"Point","coordinates":[98.988508989820602,18.787576880028006]},"properties":{"OBJECTID":1024,"SOURCE_ID":1024,"text_lanna":0,"GiZScore":0.069009152821192771,"GiPValue":0.94498233397208209,"NNeighbors":357,"Gi_Bin":0}},{"type":"Feature","id":1025,"geometry":{"type":"Point","coordinates":[98.983552770342925,18.787082089675771]},"properties":{"OBJECTID":1025,"SOURCE_ID":1025,"text_lanna":0,"GiZScore":-0.37712245729094368,"GiPValue":0.70608260355638974,"NNeighbors":330,"Gi_Bin":0}},{"type":"Feature","id":1026,"geometry":{"type":"Point","coordinates":[98.991727329539586,18.783762890034982]},"properties":{"OBJECTID":1026,"SOURCE_ID":1026,"text_lanna":0,"GiZScore":0.24756447665834747,"GiPValue":0.80447139897108322,"NNeighbors":379,"Gi_Bin":0}},{"type":"Feature","id":1027,"geometry":{"type":"Point","coordinates":[98.963688730354647,18.794901049996508]},"properties":{"OBJECTID":1027,"SOURCE_ID":1027,"text_lanna":2,"GiZScore":-0.24651143292273953,"GiPValue":0.80528635549773631,"NNeighbors":121,"Gi_Bin":0}},{"type":"Feature","id":1028,"geometry":{"type":"Point","coordinates":[98.964043839986488,18.794829100338095]},"properties":{"OBJECTID":1028,"SOURCE_ID":1028,"text_lanna":0,"GiZScore":-0.28692611456241207,"GiPValue":0.7741688946494969,"NNeighbors":122,"Gi_Bin":0}},{"type":"Feature","id":1029,"geometry":{"type":"Point","coordinates":[99.000933420333311,18.793915839906173]},"properties":{"OBJECTID":1029,"SOURCE_ID":1029,"text_lanna":2,"GiZScore":0.2170643586825258,"GiPValue":0.82815818954862541,"NNeighbors":266,"Gi_Bin":0}},{"type":"Feature","id":1030,"geometry":{"type":"Point","coordinates":[98.9999652502283,18.793393020396252]},"properties":{"OBJECTID":1030,"SOURCE_ID":1030,"text_lanna":2,"GiZScore":0.18690057568722634,"GiPValue":0.85173858791256007,"NNeighbors":267,"Gi_Bin":0}},{"type":"Feature","id":1031,"geometry":{"type":"Point","coordinates":[99.000458380009931,18.79366410039491]},"properties":{"OBJECTID":1031,"SOURCE_ID":1031,"text_lanna":0,"GiZScore":0.23390594239268694,"GiPValue":0.8150580000019978,"NNeighbors":269,"Gi_Bin":0}},{"type":"Feature","id":1032,"geometry":{"type":"Point","coordinates":[99.01636131960322,18.759873920111836]},"properties":{"OBJECTID":1032,"SOURCE_ID":1032,"text_lanna":0,"GiZScore":2.2927768948127647,"GiPValue":0.021860852890109677,"NNeighbors":112,"Gi_Bin":2}},{"type":"Feature","id":1033,"geometry":{"type":"Point","coordinates":[99.019686909990639,18.761097180054325]},"properties":{"OBJECTID":1033,"SOURCE_ID":1033,"text_lanna":0,"GiZScore":2.539470593440472,"GiPValue":0.011102037796291856,"NNeighbors":119,"Gi_Bin":2}},{"type":"Feature","id":1034,"geometry":{"type":"Point","coordinates":[99.01950977024724,18.761032359695001]},"properties":{"OBJECTID":1034,"SOURCE_ID":1034,"text_lanna":0,"GiZScore":2.6380029910084422,"GiPValue":0.0083395846308314953,"NNeighbors":120,"Gi_Bin":3}},{"type":"Feature","id":1035,"geometry":{"type":"Point","coordinates":[99.019726870330587,18.761202259707677]},"properties":{"OBJECTID":1035,"SOURCE_ID":1035,"text_lanna":0,"GiZScore":2.539470593440472,"GiPValue":0.011102037796291856,"NNeighbors":119,"Gi_Bin":2}},{"type":"Feature","id":1036,"geometry":{"type":"Point","coordinates":[99.024063319987974,18.762788160269753]},"properties":{"OBJECTID":1036,"SOURCE_ID":1036,"text_lanna":0,"GiZScore":1.7251188711934711,"GiPValue":0.08450605232142272,"NNeighbors":111,"Gi_Bin":1}},{"type":"Feature","id":1037,"geometry":{"type":"Point","coordinates":[99.024716000085874,18.763027200306524]},"properties":{"OBJECTID":1037,"SOURCE_ID":1037,"text_lanna":0,"GiZScore":1.826331315666788,"GiPValue":0.06780037088735423,"NNeighbors":109,"Gi_Bin":1}},{"type":"Feature","id":1038,"geometry":{"type":"Point","coordinates":[99.024893109751687,18.76309209977331]},"properties":{"OBJECTID":1038,"SOURCE_ID":1038,"text_lanna":0,"GiZScore":1.826331315666788,"GiPValue":0.06780037088735423,"NNeighbors":109,"Gi_Bin":1}},{"type":"Feature","id":1039,"geometry":{"type":"Point","coordinates":[99.025610539991249,18.763354820036774]},"properties":{"OBJECTID":1039,"SOURCE_ID":1039,"text_lanna":0,"GiZScore":1.6604675371779722,"GiPValue":0.096820433290132554,"NNeighbors":103,"Gi_Bin":1}},{"type":"Feature","id":1040,"geometry":{"type":"Point","coordinates":[98.987252619816161,18.780663529796133]},"properties":{"OBJECTID":1040,"SOURCE_ID":1040,"text_lanna":0,"GiZScore":-0.2139293599069847,"GiPValue":0.83060214445254443,"NNeighbors":382,"Gi_Bin":0}},{"type":"Feature","id":1041,"geometry":{"type":"Point","coordinates":[98.986193820429918,18.780071830080928]},"properties":{"OBJECTID":1041,"SOURCE_ID":1041,"text_lanna":0,"GiZScore":-1.4155262982620014,"GiPValue":0.15691424338388243,"NNeighbors":388,"Gi_Bin":0}},{"type":"Feature","id":1042,"geometry":{"type":"Point","coordinates":[98.984755729853532,18.778755209900087]},"properties":{"OBJECTID":1042,"SOURCE_ID":1042,"text_lanna":1,"GiZScore":-1.8604413338884052,"GiPValue":0.062823111320553932,"NNeighbors":364,"Gi_Bin":-1}},{"type":"Feature","id":1043,"geometry":{"type":"Point","coordinates":[99.002377600258114,18.766263000089712]},"properties":{"OBJECTID":1043,"SOURCE_ID":1043,"text_lanna":1,"GiZScore":2.0427187367107549,"GiPValue":0.041080288947510389,"NNeighbors":198,"Gi_Bin":2}},{"type":"Feature","id":1044,"geometry":{"type":"Point","coordinates":[99.002050310392818,18.766706689553338]},"properties":{"OBJECTID":1044,"SOURCE_ID":1044,"text_lanna":0,"GiZScore":2.1094440719625505,"GiPValue":0.034906268739502332,"NNeighbors":209,"Gi_Bin":2}},{"type":"Feature","id":1045,"geometry":{"type":"Point","coordinates":[99.00166281040859,18.767256240030001]},"properties":{"OBJECTID":1045,"SOURCE_ID":1045,"text_lanna":1,"GiZScore":1.855015432662537,"GiPValue":0.063594022812295814,"NNeighbors":216,"Gi_Bin":1}},{"type":"Feature","id":1046,"geometry":{"type":"Point","coordinates":[99.001457210037955,18.767560119834382]},"properties":{"OBJECTID":1046,"SOURCE_ID":1046,"text_lanna":0,"GiZScore":1.9883502054538784,"GiPValue":0.04677297182256452,"NNeighbors":222,"Gi_Bin":2}},{"type":"Feature","id":1047,"geometry":{"type":"Point","coordinates":[99.001148829923622,18.768015940002229]},"properties":{"OBJECTID":1047,"SOURCE_ID":1047,"text_lanna":1,"GiZScore":1.8913478846796743,"GiPValue":0.058577920523124091,"NNeighbors":228,"Gi_Bin":1}},{"type":"Feature","id":1048,"geometry":{"type":"Point","coordinates":[99.000923810147867,18.768479640304033]},"properties":{"OBJECTID":1048,"SOURCE_ID":1048,"text_lanna":0,"GiZScore":1.9188832148675197,"GiPValue":0.054999115343440916,"NNeighbors":237,"Gi_Bin":1}},{"type":"Feature","id":1049,"geometry":{"type":"Point","coordinates":[98.999847180258953,18.771378919754095]},"properties":{"OBJECTID":1049,"SOURCE_ID":1049,"text_lanna":1,"GiZScore":1.9026839002373257,"GiPValue":0.057081803967320321,"NNeighbors":277,"Gi_Bin":1}},{"type":"Feature","id":1050,"geometry":{"type":"Point","coordinates":[98.979829589653903,18.768307540037036]},"properties":{"OBJECTID":1050,"SOURCE_ID":1050,"text_lanna":0,"GiZScore":-1.34081294620731,"GiPValue":0.1799811918370369,"NNeighbors":206,"Gi_Bin":0}},{"type":"Feature","id":1051,"geometry":{"type":"Point","coordinates":[98.980986620083186,18.768063119833865]},"properties":{"OBJECTID":1051,"SOURCE_ID":1051,"text_lanna":0,"GiZScore":-1.3499001975367728,"GiPValue":0.17704799834063917,"NNeighbors":218,"Gi_Bin":0}},{"type":"Feature","id":1052,"geometry":{"type":"Point","coordinates":[98.999151100030588,18.794383139677407]},"properties":{"OBJECTID":1052,"SOURCE_ID":1052,"text_lanna":0,"GiZScore":0.22066490465205296,"GiPValue":0.82535336003171189,"NNeighbors":273,"Gi_Bin":0}},{"type":"Feature","id":1053,"geometry":{"type":"Point","coordinates":[99.011071350359458,18.77342689974013]},"properties":{"OBJECTID":1053,"SOURCE_ID":1053,"text_lanna":0,"GiZScore":3.3466547624953602,"GiPValue":0.00081793007795705989,"NNeighbors":172,"Gi_Bin":3}},{"type":"Feature","id":1054,"geometry":{"type":"Point","coordinates":[98.959171320044149,18.800432160216221]},"properties":{"OBJECTID":1054,"SOURCE_ID":1054,"text_lanna":0,"GiZScore":-0.67364910735657668,"GiPValue":0.50053442905244006,"NNeighbors":78,"Gi_Bin":0}},{"type":"Feature","id":1055,"geometry":{"type":"Point","coordinates":[98.972691809605948,18.784489709687911]},"properties":{"OBJECTID":1055,"SOURCE_ID":1055,"text_lanna":0,"GiZScore":0.16116203332866297,"GiPValue":0.87196578324387108,"NNeighbors":193,"Gi_Bin":0}},{"type":"Feature","id":1056,"geometry":{"type":"Point","coordinates":[98.972616350336196,18.783770259629939]},"properties":{"OBJECTID":1056,"SOURCE_ID":1056,"text_lanna":0,"GiZScore":-0.25980945270264516,"GiPValue":0.79501075934925247,"NNeighbors":191,"Gi_Bin":0}},{"type":"Feature","id":1057,"geometry":{"type":"Point","coordinates":[98.99016294954798,18.775364970321988]},"properties":{"OBJECTID":1057,"SOURCE_ID":1057,"text_lanna":0,"GiZScore":-0.69085335678646198,"GiPValue":0.48965770534855801,"NNeighbors":371,"Gi_Bin":0}},{"type":"Feature","id":1058,"geometry":{"type":"Point","coordinates":[99.005395700347194,18.768979129794278]},"properties":{"OBJECTID":1058,"SOURCE_ID":1058,"text_lanna":0,"GiZScore":2.0735530615085227,"GiPValue":0.03812083832986965,"NNeighbors":194,"Gi_Bin":2}},{"type":"Feature","id":1059,"geometry":{"type":"Point","coordinates":[99.004464440086338,18.769262859770645]},"properties":{"OBJECTID":1059,"SOURCE_ID":1059,"text_lanna":0,"GiZScore":1.6733745333850696,"GiPValue":0.094253588003359728,"NNeighbors":208,"Gi_Bin":1}},{"type":"Feature","id":1060,"geometry":{"type":"Point","coordinates":[99.003476490262386,18.769218950185042]},"properties":{"OBJECTID":1060,"SOURCE_ID":1060,"text_lanna":0,"GiZScore":1.6182880303308491,"GiPValue":0.10560053904214289,"NNeighbors":226,"Gi_Bin":0}},{"type":"Feature","id":1061,"geometry":{"type":"Point","coordinates":[99.00372027992475,18.769089920289737]},"properties":{"OBJECTID":1061,"SOURCE_ID":1061,"text_lanna":0,"GiZScore":1.5972532981689076,"GiPValue":0.11020925643387212,"NNeighbors":220,"Gi_Bin":0}},{"type":"Feature","id":1062,"geometry":{"type":"Point","coordinates":[99.004198050296765,18.76780009005925]},"properties":{"OBJECTID":1062,"SOURCE_ID":1062,"text_lanna":0,"GiZScore":2.0735530615085227,"GiPValue":0.03812083832986965,"NNeighbors":194,"Gi_Bin":2}},{"type":"Feature","id":1063,"geometry":{"type":"Point","coordinates":[99.008279659574669,18.766497250026447]},"properties":{"OBJECTID":1063,"SOURCE_ID":1063,"text_lanna":1,"GiZScore":3.4791959531240422,"GiPValue":0.00050292069903156605,"NNeighbors":169,"Gi_Bin":3}},{"type":"Feature","id":1064,"geometry":{"type":"Point","coordinates":[99.007018249910246,18.76669902964408]},"properties":{"OBJECTID":1064,"SOURCE_ID":1064,"text_lanna":0,"GiZScore":2.7059518010233172,"GiPValue":0.0068108930572553386,"NNeighbors":169,"Gi_Bin":3}},{"type":"Feature","id":1065,"geometry":{"type":"Point","coordinates":[98.99997291978184,18.768998539748633]},"properties":{"OBJECTID":1065,"SOURCE_ID":1065,"text_lanna":0,"GiZScore":1.8123321545143116,"GiPValue":0.06993488905463173,"NNeighbors":250,"Gi_Bin":1}},{"type":"Feature","id":1066,"geometry":{"type":"Point","coordinates":[99.002201169711512,18.774035030097721]},"properties":{"OBJECTID":1066,"SOURCE_ID":1066,"text_lanna":0,"GiZScore":1.8523808978955199,"GiPValue":0.063971146340292204,"NNeighbors":262,"Gi_Bin":1}},{"type":"Feature","id":1067,"geometry":{"type":"Point","coordinates":[99.004972149994245,18.777720480310052]},"properties":{"OBJECTID":1067,"SOURCE_ID":1067,"text_lanna":0,"GiZScore":1.3239007032133505,"GiPValue":0.18553602466229388,"NNeighbors":238,"Gi_Bin":0}},{"type":"Feature","id":1068,"geometry":{"type":"Point","coordinates":[99.025148520303787,18.780320680319342]},"properties":{"OBJECTID":1068,"SOURCE_ID":1068,"text_lanna":0,"GiZScore":-0.44808432715733981,"GiPValue":0.6540923400564248,"NNeighbors":141,"Gi_Bin":0}},{"type":"Feature","id":1069,"geometry":{"type":"Point","coordinates":[98.978033680010924,18.771720060078046]},"properties":{"OBJECTID":1069,"SOURCE_ID":1069,"text_lanna":0,"GiZScore":-1.3967923942926508,"GiPValue":0.16247601010603671,"NNeighbors":200,"Gi_Bin":0}},{"type":"Feature","id":1070,"geometry":{"type":"Point","coordinates":[99.018041120345558,18.79404547960398]},"properties":{"OBJECTID":1070,"SOURCE_ID":1070,"text_lanna":1,"GiZScore":-2.1418121609979335,"GiPValue":0.032208600439968253,"NNeighbors":146,"Gi_Bin":-2}},{"type":"Feature","id":1071,"geometry":{"type":"Point","coordinates":[99.018396370077937,18.794172850208096]},"properties":{"OBJECTID":1071,"SOURCE_ID":1071,"text_lanna":0,"GiZScore":-2.0779345480691367,"GiPValue":0.037715387963224357,"NNeighbors":144,"Gi_Bin":-2}},{"type":"Feature","id":1072,"geometry":{"type":"Point","coordinates":[99.018929240456345,18.794363890382829]},"properties":{"OBJECTID":1072,"SOURCE_ID":1072,"text_lanna":1,"GiZScore":-2.2082043179553961,"GiPValue":0.027230033541200956,"NNeighbors":135,"Gi_Bin":-2}},{"type":"Feature","id":1073,"geometry":{"type":"Point","coordinates":[99.019375039846793,18.794577559913073]},"properties":{"OBJECTID":1073,"SOURCE_ID":1073,"text_lanna":0,"GiZScore":-2.1758279532486124,"GiPValue":0.029568127663971676,"NNeighbors":134,"Gi_Bin":-2}},{"type":"Feature","id":1074,"geometry":{"type":"Point","coordinates":[99.019540080203654,18.794666809905173]},"properties":{"OBJECTID":1074,"SOURCE_ID":1074,"text_lanna":0,"GiZScore":-2.286249822739935,"GiPValue":0.022239647528875722,"NNeighbors":133,"Gi_Bin":-2}},{"type":"Feature","id":1075,"geometry":{"type":"Point","coordinates":[98.97055572029582,18.797338839815108]},"properties":{"OBJECTID":1075,"SOURCE_ID":1075,"text_lanna":0,"GiZScore":0.81072295752781443,"GiPValue":0.41752479389231434,"NNeighbors":168,"Gi_Bin":0}},{"type":"Feature","id":1076,"geometry":{"type":"Point","coordinates":[98.982340359860459,18.811604789933284]},"properties":{"OBJECTID":1076,"SOURCE_ID":1076,"text_lanna":0,"GiZScore":-0.36689272925396532,"GiPValue":0.71369903581201077,"NNeighbors":124,"Gi_Bin":0}},{"type":"Feature","id":1077,"geometry":{"type":"Point","coordinates":[99.002031520020267,18.784822850280495]},"properties":{"OBJECTID":1077,"SOURCE_ID":1077,"text_lanna":0,"GiZScore":0.9159328580522389,"GiPValue":0.35970212213637431,"NNeighbors":285,"Gi_Bin":0}},{"type":"Feature","id":1078,"geometry":{"type":"Point","coordinates":[99.025932349626245,18.785624099964245]},"properties":{"OBJECTID":1078,"SOURCE_ID":1078,"text_lanna":0,"GiZScore":-0.60787474331236624,"GiPValue":0.54327055517512368,"NNeighbors":115,"Gi_Bin":0}},{"type":"Feature","id":1079,"geometry":{"type":"Point","coordinates":[98.980959459970919,18.822916129936779]},"properties":{"OBJECTID":1079,"SOURCE_ID":1079,"text_lanna":0,"GiZScore":0.33857284477838645,"GiPValue":0.73493154290370066,"NNeighbors":35,"Gi_Bin":0}},{"type":"Feature","id":1080,"geometry":{"type":"Point","coordinates":[98.98133098960875,18.822990490321608]},"properties":{"OBJECTID":1080,"SOURCE_ID":1080,"text_lanna":1,"GiZScore":0.26058021575432144,"GiPValue":0.79441624851229298,"NNeighbors":36,"Gi_Bin":0}},{"type":"Feature","id":1081,"geometry":{"type":"Point","coordinates":[98.981516750279468,18.823027669784008]},"properties":{"OBJECTID":1081,"SOURCE_ID":1081,"text_lanna":0,"GiZScore":0.26058021575432144,"GiPValue":0.79441624851229298,"NNeighbors":36,"Gi_Bin":0}},{"type":"Feature","id":1082,"geometry":{"type":"Point","coordinates":[98.981702519574029,18.823064849965938]},"properties":{"OBJECTID":1082,"SOURCE_ID":1082,"text_lanna":0,"GiZScore":0.4701389244209096,"GiPValue":0.63825576772144332,"NNeighbors":40,"Gi_Bin":0}},{"type":"Feature","id":1083,"geometry":{"type":"Point","coordinates":[98.98231121038063,18.823168919973682]},"properties":{"OBJECTID":1083,"SOURCE_ID":1083,"text_lanna":0,"GiZScore":0.75149598106608129,"GiPValue":0.45235422459878649,"NNeighbors":46,"Gi_Bin":0}},{"type":"Feature","id":1084,"geometry":{"type":"Point","coordinates":[98.973047540294388,18.802884429577137]},"properties":{"OBJECTID":1084,"SOURCE_ID":1084,"text_lanna":0,"GiZScore":0.54537152590518789,"GiPValue":0.58549802229344161,"NNeighbors":144,"Gi_Bin":0}},{"type":"Feature","id":1085,"geometry":{"type":"Point","coordinates":[98.973131920320014,18.803111990165803]},"properties":{"OBJECTID":1085,"SOURCE_ID":1085,"text_lanna":0,"GiZScore":0.34815678424812269,"GiPValue":0.72772244164155042,"NNeighbors":142,"Gi_Bin":0}},{"type":"Feature","id":1086,"geometry":{"type":"Point","coordinates":[98.972472380053475,18.805083589725768]},"properties":{"OBJECTID":1086,"SOURCE_ID":1086,"text_lanna":0,"GiZScore":0.0013403848872813688,"GiPValue":0.99893052791303183,"NNeighbors":133,"Gi_Bin":0}},{"type":"Feature","id":1087,"geometry":{"type":"Point","coordinates":[98.972506019544767,18.805261489876234]},"properties":{"OBJECTID":1087,"SOURCE_ID":1087,"text_lanna":0,"GiZScore":-0.10220984616619036,"GiPValue":0.91859011258700463,"NNeighbors":132,"Gi_Bin":0}},{"type":"Feature","id":1088,"geometry":{"type":"Point","coordinates":[99.00645376005302,18.794535960140074]},"properties":{"OBJECTID":1088,"SOURCE_ID":1088,"text_lanna":0,"GiZScore":-0.29549644263688246,"GiPValue":0.7676146698416757,"NNeighbors":225,"Gi_Bin":0}},{"type":"Feature","id":1089,"geometry":{"type":"Point","coordinates":[99.005260720185461,18.789637370192029]},"properties":{"OBJECTID":1089,"SOURCE_ID":1089,"text_lanna":1,"GiZScore":-0.37853435067834651,"GiPValue":0.70503368147509016,"NNeighbors":246,"Gi_Bin":0}},{"type":"Feature","id":1090,"geometry":{"type":"Point","coordinates":[99.005816320430171,18.788823959835032]},"properties":{"OBJECTID":1090,"SOURCE_ID":1090,"text_lanna":1,"GiZScore":-0.15318384906014132,"GiPValue":0.87825329397931506,"NNeighbors":235,"Gi_Bin":0}},{"type":"Feature","id":1091,"geometry":{"type":"Point","coordinates":[99.004692369914338,18.793860230108521]},"properties":{"OBJECTID":1091,"SOURCE_ID":1091,"text_lanna":0,"GiZScore":-0.32747723421829156,"GiPValue":0.74330695956001813,"NNeighbors":237,"Gi_Bin":0}},{"type":"Feature","id":1092,"geometry":{"type":"Point","coordinates":[99.005882889786463,18.792488170176597]},"properties":{"OBJECTID":1092,"SOURCE_ID":1092,"text_lanna":1,"GiZScore":-0.64774883995348587,"GiPValue":0.51714741366956885,"NNeighbors":229,"Gi_Bin":0}},{"type":"Feature","id":1093,"geometry":{"type":"Point","coordinates":[99.004169989766183,18.79416736975217]},"properties":{"OBJECTID":1093,"SOURCE_ID":1093,"text_lanna":0,"GiZScore":-0.37853435067834651,"GiPValue":0.70503368147509016,"NNeighbors":246,"Gi_Bin":0}},{"type":"Feature","id":1094,"geometry":{"type":"Point","coordinates":[99.004960989564793,18.790724180104238]},"properties":{"OBJECTID":1094,"SOURCE_ID":1094,"text_lanna":0,"GiZScore":-0.51924956391605781,"GiPValue":0.60358672190505991,"NNeighbors":247,"Gi_Bin":0}},{"type":"Feature","id":1095,"geometry":{"type":"Point","coordinates":[99.006231039563033,18.790942719779281]},"properties":{"OBJECTID":1095,"SOURCE_ID":1095,"text_lanna":0,"GiZScore":-0.23491797874226733,"GiPValue":0.81427239518563055,"NNeighbors":234,"Gi_Bin":0}},{"type":"Feature","id":1096,"geometry":{"type":"Point","coordinates":[99.006420369891813,18.790930240176028]},"properties":{"OBJECTID":1096,"SOURCE_ID":1096,"text_lanna":0,"GiZScore":-0.22371637787662263,"GiPValue":0.82297800138918142,"NNeighbors":230,"Gi_Bin":0}},{"type":"Feature","id":1097,"geometry":{"type":"Point","coordinates":[99.014756439999971,18.787305340308937]},"properties":{"OBJECTID":1097,"SOURCE_ID":1097,"text_lanna":0,"GiZScore":-0.94119226626587615,"GiPValue":0.34660635059902678,"NNeighbors":174,"Gi_Bin":0}},{"type":"Feature","id":1098,"geometry":{"type":"Point","coordinates":[99.014803949677727,18.788229349815936]},"properties":{"OBJECTID":1098,"SOURCE_ID":1098,"text_lanna":0,"GiZScore":-0.74672134452237593,"GiPValue":0.45523178874279657,"NNeighbors":172,"Gi_Bin":0}},{"type":"Feature","id":1099,"geometry":{"type":"Point","coordinates":[99.011741089895821,18.79127170042268]},"properties":{"OBJECTID":1099,"SOURCE_ID":1099,"text_lanna":0,"GiZScore":-1.1763480840980363,"GiPValue":0.23945582918280495,"NNeighbors":189,"Gi_Bin":0}},{"type":"Feature","id":1100,"geometry":{"type":"Point","coordinates":[99.012261029577218,18.790441450156653]},"properties":{"OBJECTID":1100,"SOURCE_ID":1100,"text_lanna":0,"GiZScore":-1.0580306537912472,"GiPValue":0.29004148306066246,"NNeighbors":193,"Gi_Bin":0}},{"type":"Feature","id":1101,"geometry":{"type":"Point","coordinates":[99.01225802991874,18.790178249842906]},"properties":{"OBJECTID":1101,"SOURCE_ID":1101,"text_lanna":0,"GiZScore":-1.1210916236809969,"GiPValue":0.26224888201488572,"NNeighbors":195,"Gi_Bin":0}},{"type":"Feature","id":1102,"geometry":{"type":"Point","coordinates":[99.013555560413963,18.790665190334483]},"properties":{"OBJECTID":1102,"SOURCE_ID":1102,"text_lanna":0,"GiZScore":-1.4533324072000138,"GiPValue":0.14613148360634937,"NNeighbors":190,"Gi_Bin":0}},{"type":"Feature","id":1103,"geometry":{"type":"Point","coordinates":[99.010019960161017,18.791706019712944]},"properties":{"OBJECTID":1103,"SOURCE_ID":1103,"text_lanna":1,"GiZScore":-1.1524385267572437,"GiPValue":0.24914093663991321,"NNeighbors":196,"Gi_Bin":0}},{"type":"Feature","id":1104,"geometry":{"type":"Point","coordinates":[99.01276673017675,18.787420100025173]},"properties":{"OBJECTID":1104,"SOURCE_ID":1104,"text_lanna":0,"GiZScore":-0.37171595297103266,"GiPValue":0.71010434680882928,"NNeighbors":187,"Gi_Bin":0}},{"type":"Feature","id":1105,"geometry":{"type":"Point","coordinates":[99.012733700219044,18.787598099948994]},"properties":{"OBJECTID":1105,"SOURCE_ID":1105,"text_lanna":0,"GiZScore":-0.19253524669490935,"GiPValue":0.84732296157829357,"NNeighbors":189,"Gi_Bin":0}},{"type":"Feature","id":1106,"geometry":{"type":"Point","coordinates":[99.012593659748376,18.788537090338952]},"properties":{"OBJECTID":1106,"SOURCE_ID":1106,"text_lanna":1,"GiZScore":-0.26102743438102666,"GiPValue":0.7940713511436065,"NNeighbors":202,"Gi_Bin":0}},{"type":"Feature","id":1107,"geometry":{"type":"Point","coordinates":[99.013420150317444,18.78972773960739]},"properties":{"OBJECTID":1107,"SOURCE_ID":1107,"text_lanna":1,"GiZScore":-0.90413323404405721,"GiPValue":0.36592476793350892,"NNeighbors":192,"Gi_Bin":0}},{"type":"Feature","id":1108,"geometry":{"type":"Point","coordinates":[99.013477460145424,18.789153890007928]},"properties":{"OBJECTID":1108,"SOURCE_ID":1108,"text_lanna":0,"GiZScore":-0.74958279505814651,"GiPValue":0.45350602211041158,"NNeighbors":191,"Gi_Bin":0}},{"type":"Feature","id":1109,"geometry":{"type":"Point","coordinates":[99.013525369608487,18.788795260333028]},"properties":{"OBJECTID":1109,"SOURCE_ID":1109,"text_lanna":1,"GiZScore":-0.83329037046004317,"GiPValue":0.4046809939413859,"NNeighbors":186,"Gi_Bin":0}},{"type":"Feature","id":1110,"geometry":{"type":"Point","coordinates":[98.989973259549046,18.76724240993855]},"properties":{"OBJECTID":1110,"SOURCE_ID":1110,"text_lanna":0,"GiZScore":-0.74986261793308873,"GiPValue":0.45333745678656534,"NNeighbors":292,"Gi_Bin":0}},{"type":"Feature","id":1111,"geometry":{"type":"Point","coordinates":[98.981879990470702,18.815760860253395]},"properties":{"OBJECTID":1111,"SOURCE_ID":1111,"text_lanna":0,"GiZScore":-0.159633610344981,"GiPValue":0.87316970131169869,"NNeighbors":75,"Gi_Bin":0}},{"type":"Feature","id":1112,"geometry":{"type":"Point","coordinates":[98.980338570100955,18.816483620322231]},"properties":{"OBJECTID":1112,"SOURCE_ID":1112,"text_lanna":0,"GiZScore":0.096425447765091848,"GiPValue":0.9231826819029727,"NNeighbors":63,"Gi_Bin":0}},{"type":"Feature","id":1113,"geometry":{"type":"Point","coordinates":[98.981490470384884,18.816043460434134]},"properties":{"OBJECTID":1113,"SOURCE_ID":1113,"text_lanna":2,"GiZScore":-0.14235455675648112,"GiPValue":0.88679995523843547,"NNeighbors":71,"Gi_Bin":0}},{"type":"Feature","id":1114,"geometry":{"type":"Point","coordinates":[98.980947619579737,18.802200129576075]},"properties":{"OBJECTID":1114,"SOURCE_ID":1114,"text_lanna":0,"GiZScore":0.31943617901476806,"GiPValue":0.74939578031732101,"NNeighbors":199,"Gi_Bin":0}},{"type":"Feature","id":1115,"geometry":{"type":"Point","coordinates":[98.966139669879027,18.800346540226805]},"properties":{"OBJECTID":1115,"SOURCE_ID":1115,"text_lanna":0,"GiZScore":-0.99948033094962574,"GiPValue":0.3175620759815273,"NNeighbors":133,"Gi_Bin":0}},{"type":"Feature","id":1116,"geometry":{"type":"Point","coordinates":[99.007608839695678,18.789897320233411]},"properties":{"OBJECTID":1116,"SOURCE_ID":1116,"text_lanna":0,"GiZScore":-0.33704332371393564,"GiPValue":0.73608424180081289,"NNeighbors":219,"Gi_Bin":0}},{"type":"Feature","id":1117,"geometry":{"type":"Point","coordinates":[99.009784420206259,18.758664760065642]},"properties":{"OBJECTID":1117,"SOURCE_ID":1117,"text_lanna":0,"GiZScore":1.5637179677550586,"GiPValue":0.1178838162373588,"NNeighbors":108,"Gi_Bin":0}},{"type":"Feature","id":1118,"geometry":{"type":"Point","coordinates":[99.006909370033114,18.757944419702515]},"properties":{"OBJECTID":1118,"SOURCE_ID":1118,"text_lanna":1,"GiZScore":0.89261269795004239,"GiPValue":0.37206462657754413,"NNeighbors":99,"Gi_Bin":0}},{"type":"Feature","id":1119,"geometry":{"type":"Point","coordinates":[99.003130920218425,18.757054429578691]},"properties":{"OBJECTID":1119,"SOURCE_ID":1119,"text_lanna":0,"GiZScore":0.53778498864834401,"GiPValue":0.5907254989816233,"NNeighbors":103,"Gi_Bin":0}},{"type":"Feature","id":1120,"geometry":{"type":"Point","coordinates":[99.012759459557628,18.759046140049268]},"properties":{"OBJECTID":1120,"SOURCE_ID":1120,"text_lanna":0,"GiZScore":2.0351655090940106,"GiPValue":0.041834222254792323,"NNeighbors":111,"Gi_Bin":2}},{"type":"Feature","id":1121,"geometry":{"type":"Point","coordinates":[98.95726697953998,18.797582089811037]},"properties":{"OBJECTID":1121,"SOURCE_ID":1121,"text_lanna":0,"GiZScore":-1.2412076326681227,"GiPValue":0.21452907975715685,"NNeighbors":70,"Gi_Bin":0}},{"type":"Feature","id":1122,"geometry":{"type":"Point","coordinates":[98.982993959947805,18.804248290209735]},"properties":{"OBJECTID":1122,"SOURCE_ID":1122,"text_lanna":1,"GiZScore":0.78186253888322976,"GiPValue":0.43429536940558511,"NNeighbors":179,"Gi_Bin":0}},{"type":"Feature","id":1123,"geometry":{"type":"Point","coordinates":[98.977913819862067,18.833644609557222]},"properties":{"OBJECTID":1123,"SOURCE_ID":1123,"text_lanna":1,"GiZScore":0.74160275109976803,"GiPValue":0.45832806203804388,"NNeighbors":21,"Gi_Bin":0}},{"type":"Feature","id":1124,"geometry":{"type":"Point","coordinates":[99.001845960067101,18.788802030394589]},"properties":{"OBJECTID":1124,"SOURCE_ID":1124,"text_lanna":1,"GiZScore":-0.71738395045379766,"GiPValue":0.4731372251930861,"NNeighbors":276,"Gi_Bin":0}},{"type":"Feature","id":1125,"geometry":{"type":"Point","coordinates":[98.963108930410854,18.801451170022137]},"properties":{"OBJECTID":1125,"SOURCE_ID":1125,"text_lanna":0,"GiZScore":-0.86767763872641845,"GiPValue":0.38557083968354267,"NNeighbors":106,"Gi_Bin":0}},{"type":"Feature","id":1126,"geometry":{"type":"Point","coordinates":[98.962835319845738,18.801545010255193]},"properties":{"OBJECTID":1126,"SOURCE_ID":1126,"text_lanna":0,"GiZScore":-0.78641480319713941,"GiPValue":0.43162452065577672,"NNeighbors":104,"Gi_Bin":0}},{"type":"Feature","id":1127,"geometry":{"type":"Point","coordinates":[98.962652740251301,18.801495629717564]},"properties":{"OBJECTID":1127,"SOURCE_ID":1127,"text_lanna":0,"GiZScore":-0.70380158017410099,"GiPValue":0.48155635452639389,"NNeighbors":102,"Gi_Bin":0}},{"type":"Feature","id":1128,"geometry":{"type":"Point","coordinates":[98.957247199871034,18.804475229915344]},"properties":{"OBJECTID":1128,"SOURCE_ID":1128,"text_lanna":1,"GiZScore":-1.1739014653264015,"GiPValue":0.24043451607345834,"NNeighbors":60,"Gi_Bin":0}},{"type":"Feature","id":1129,"geometry":{"type":"Point","coordinates":[98.951378439634084,18.80809980999242]},"properties":{"OBJECTID":1129,"SOURCE_ID":1129,"text_lanna":0,"GiZScore":-1.3386998323507935,"GiPValue":0.18066841089553892,"NNeighbors":41,"Gi_Bin":0}},{"type":"Feature","id":1130,"geometry":{"type":"Point","coordinates":[98.949059740211496,18.810392940094033]},"properties":{"OBJECTID":1130,"SOURCE_ID":1130,"text_lanna":0,"GiZScore":-1.4440370556010971,"GiPValue":0.14872855214728284,"NNeighbors":23,"Gi_Bin":0}},{"type":"Feature","id":1131,"geometry":{"type":"Point","coordinates":[98.965943539977573,18.797810329970339]},"properties":{"OBJECTID":1131,"SOURCE_ID":1131,"text_lanna":0,"GiZScore":-0.55038919430646716,"GiPValue":0.58205246102479991,"NNeighbors":140,"Gi_Bin":0}},{"type":"Feature","id":1132,"geometry":{"type":"Point","coordinates":[98.995926660353561,18.762788500083477]},"properties":{"OBJECTID":1132,"SOURCE_ID":1132,"text_lanna":0,"GiZScore":1.8746107309482434,"GiPValue":0.060846295816100682,"NNeighbors":180,"Gi_Bin":1}},{"type":"Feature","id":1133,"geometry":{"type":"Point","coordinates":[98.995741109629719,18.762826370240784]},"properties":{"OBJECTID":1133,"SOURCE_ID":1133,"text_lanna":0,"GiZScore":1.7577304332434249,"GiPValue":0.078793387043179522,"NNeighbors":183,"Gi_Bin":1}},{"type":"Feature","id":1134,"geometry":{"type":"Point","coordinates":[98.998342440329466,18.762008590213398]},"properties":{"OBJECTID":1134,"SOURCE_ID":1134,"text_lanna":0,"GiZScore":1.9370781665436709,"GiPValue":0.052735789079401067,"NNeighbors":150,"Gi_Bin":1}},{"type":"Feature","id":1135,"geometry":{"type":"Point","coordinates":[99.020370830035517,18.776860330269212]},"properties":{"OBJECTID":1135,"SOURCE_ID":1135,"text_lanna":0,"GiZScore":1.3950069990152802,"GiPValue":0.16301372899139754,"NNeighbors":186,"Gi_Bin":0}},{"type":"Feature","id":1136,"geometry":{"type":"Point","coordinates":[99.015022860129136,18.774524489867272]},"properties":{"OBJECTID":1136,"SOURCE_ID":1136,"text_lanna":0,"GiZScore":1.4108117908757729,"GiPValue":0.15830011688755441,"NNeighbors":179,"Gi_Bin":0}},{"type":"Feature","id":1137,"geometry":{"type":"Point","coordinates":[99.010113690000225,18.775481239938145]},"properties":{"OBJECTID":1137,"SOURCE_ID":1137,"text_lanna":1,"GiZScore":2.3724607698383746,"GiPValue":0.017670039474147702,"NNeighbors":177,"Gi_Bin":2}},{"type":"Feature","id":1138,"geometry":{"type":"Point","coordinates":[99.009719990047174,18.774995240310712]},"properties":{"OBJECTID":1138,"SOURCE_ID":1138,"text_lanna":1,"GiZScore":2.5814453469493048,"GiPValue":0.0098387568425911901,"NNeighbors":175,"Gi_Bin":3}},{"type":"Feature","id":1139,"geometry":{"type":"Point","coordinates":[99.013812889892662,18.775283260135907]},"properties":{"OBJECTID":1139,"SOURCE_ID":1139,"text_lanna":0,"GiZScore":3.0049731104701705,"GiPValue":0.0026560432933911233,"NNeighbors":174,"Gi_Bin":3}},{"type":"Feature","id":1140,"geometry":{"type":"Point","coordinates":[99.010425890403681,18.776511779642799]},"properties":{"OBJECTID":1140,"SOURCE_ID":1140,"text_lanna":1,"GiZScore":2.3317928145715339,"GiPValue":0.019711593225982219,"NNeighbors":178,"Gi_Bin":2}},{"type":"Feature","id":1141,"geometry":{"type":"Point","coordinates":[99.009477369699042,18.776354630292975]},"properties":{"OBJECTID":1141,"SOURCE_ID":1141,"text_lanna":1,"GiZScore":1.6715739567503802,"GiPValue":0.094608363819069535,"NNeighbors":182,"Gi_Bin":1}},{"type":"Feature","id":1142,"geometry":{"type":"Point","coordinates":[99.025199109898566,18.779988640086351]},"properties":{"OBJECTID":1142,"SOURCE_ID":1142,"text_lanna":1,"GiZScore":-0.52236589736409744,"GiPValue":0.60141559764982566,"NNeighbors":143,"Gi_Bin":0}},{"type":"Feature","id":1143,"geometry":{"type":"Point","coordinates":[99.025274419687861,18.780154550371147]},"properties":{"OBJECTID":1143,"SOURCE_ID":1143,"text_lanna":0,"GiZScore":-0.44808432715733981,"GiPValue":0.6540923400564248,"NNeighbors":141,"Gi_Bin":0}},{"type":"Feature","id":1144,"geometry":{"type":"Point","coordinates":[99.011259059621764,18.796517019949189]},"properties":{"OBJECTID":1144,"SOURCE_ID":1144,"text_lanna":1,"GiZScore":-1.6421473679325056,"GiPValue":0.10055946711080371,"NNeighbors":172,"Gi_Bin":0}},{"type":"Feature","id":1145,"geometry":{"type":"Point","coordinates":[98.986466910381907,18.794930460021501]},"properties":{"OBJECTID":1145,"SOURCE_ID":1145,"text_lanna":0,"GiZScore":0.31910981660083848,"GiPValue":0.74964324044696784,"NNeighbors":291,"Gi_Bin":0}},{"type":"Feature","id":1146,"geometry":{"type":"Point","coordinates":[98.992414820462642,18.776425760011954]},"properties":{"OBJECTID":1146,"SOURCE_ID":1146,"text_lanna":0,"GiZScore":-0.42877515293832524,"GiPValue":0.66808686390379446,"NNeighbors":372,"Gi_Bin":0}},{"type":"Feature","id":1147,"geometry":{"type":"Point","coordinates":[98.948621879635098,18.809606449645351]},"properties":{"OBJECTID":1147,"SOURCE_ID":1147,"text_lanna":0,"GiZScore":-0.60560521032877568,"GiPValue":0.54477694488106243,"NNeighbors":29,"Gi_Bin":0}},{"type":"Feature","id":1148,"geometry":{"type":"Point","coordinates":[98.986967750028185,18.80959405019005]},"properties":{"OBJECTID":1148,"SOURCE_ID":1148,"text_lanna":0,"GiZScore":0.42808048446058555,"GiPValue":0.6685925257426264,"NNeighbors":140,"Gi_Bin":0}},{"type":"Feature","id":1149,"geometry":{"type":"Point","coordinates":[98.993416739902784,18.798175240228492]},"properties":{"OBJECTID":1149,"SOURCE_ID":1149,"text_lanna":0,"GiZScore":0.83361235848071169,"GiPValue":0.40449946731384512,"NNeighbors":260,"Gi_Bin":0}},{"type":"Feature","id":1150,"geometry":{"type":"Point","coordinates":[98.994059489562332,18.797722219869488]},"properties":{"OBJECTID":1150,"SOURCE_ID":1150,"text_lanna":0,"GiZScore":0.92459403421500663,"GiPValue":0.35517712822651182,"NNeighbors":264,"Gi_Bin":0}},{"type":"Feature","id":1151,"geometry":{"type":"Point","coordinates":[98.993223220007081,18.814596570351352]},"properties":{"OBJECTID":1151,"SOURCE_ID":1151,"text_lanna":0,"GiZScore":-0.33195086355875081,"GiPValue":0.73992636285891966,"NNeighbors":112,"Gi_Bin":0}},{"type":"Feature","id":1152,"geometry":{"type":"Point","coordinates":[98.991128920012642,18.809659920196466]},"properties":{"OBJECTID":1152,"SOURCE_ID":1152,"text_lanna":0,"GiZScore":0.3674988110829695,"GiPValue":0.71324697926887071,"NNeighbors":152,"Gi_Bin":0}},{"type":"Feature","id":1153,"geometry":{"type":"Point","coordinates":[98.991747479560345,18.806099629648344]},"properties":{"OBJECTID":1153,"SOURCE_ID":1153,"text_lanna":0,"GiZScore":-0.53257883065741396,"GiPValue":0.59432516165567617,"NNeighbors":203,"Gi_Bin":0}},{"type":"Feature","id":1154,"geometry":{"type":"Point","coordinates":[98.989965110368075,18.808562399763883]},"properties":{"OBJECTID":1154,"SOURCE_ID":1154,"text_lanna":0,"GiZScore":0.050580539945541028,"GiPValue":0.95965976984501433,"NNeighbors":164,"Gi_Bin":0}},{"type":"Feature","id":1155,"geometry":{"type":"Point","coordinates":[98.992859910125773,18.806269130240064]},"properties":{"OBJECTID":1155,"SOURCE_ID":1155,"text_lanna":1,"GiZScore":-0.34895316373404023,"GiPValue":0.7271244725027961,"NNeighbors":190,"Gi_Bin":0}},{"type":"Feature","id":1156,"geometry":{"type":"Point","coordinates":[98.994437110467345,18.806058320369996]},"properties":{"OBJECTID":1156,"SOURCE_ID":1156,"text_lanna":0,"GiZScore":-0.72464102222868498,"GiPValue":0.46867229103900121,"NNeighbors":194,"Gi_Bin":0}},{"type":"Feature","id":1157,"geometry":{"type":"Point","coordinates":[98.988427419534318,18.817938919921005]},"properties":{"OBJECTID":1157,"SOURCE_ID":1157,"text_lanna":1,"GiZScore":-1.0291492712781183,"GiPValue":0.30340955051452645,"NNeighbors":90,"Gi_Bin":0}},{"type":"Feature","id":1158,"geometry":{"type":"Point","coordinates":[98.98837811994089,18.8165152699085]},"properties":{"OBJECTID":1158,"SOURCE_ID":1158,"text_lanna":1,"GiZScore":-1.4016952091821007,"GiPValue":0.1610062818761015,"NNeighbors":95,"Gi_Bin":0}},{"type":"Feature","id":1159,"geometry":{"type":"Point","coordinates":[98.991736150267755,18.798591369662422]},"properties":{"OBJECTID":1159,"SOURCE_ID":1159,"text_lanna":0,"GiZScore":0.84546133194895801,"GiPValue":0.39785332189189959,"NNeighbors":270,"Gi_Bin":0}},{"type":"Feature","id":1160,"geometry":{"type":"Point","coordinates":[98.994283549599487,18.820271190086096]},"properties":{"OBJECTID":1160,"SOURCE_ID":1160,"text_lanna":0,"GiZScore":-0.48251001368634344,"GiPValue":0.62944368828849617,"NNeighbors":74,"Gi_Bin":0}},{"type":"Feature","id":1161,"geometry":{"type":"Point","coordinates":[98.983898739859825,18.796714570406543]},"properties":{"OBJECTID":1161,"SOURCE_ID":1161,"text_lanna":0,"GiZScore":0.25062184326461889,"GiPValue":0.80210649235259457,"NNeighbors":272,"Gi_Bin":0}},{"type":"Feature","id":1162,"geometry":{"type":"Point","coordinates":[98.992787779854382,18.808818219728458]},"properties":{"OBJECTID":1162,"SOURCE_ID":1162,"text_lanna":0,"GiZScore":0.16075503095282126,"GiPValue":0.87228634464507759,"NNeighbors":161,"Gi_Bin":0}},{"type":"Feature","id":1163,"geometry":{"type":"Point","coordinates":[98.987588789642828,18.804411929663825]},"properties":{"OBJECTID":1163,"SOURCE_ID":1163,"text_lanna":0,"GiZScore":0.7961772502935488,"GiPValue":0.42592902563550672,"NNeighbors":206,"Gi_Bin":0}},{"type":"Feature","id":1164,"geometry":{"type":"Point","coordinates":[98.993834039994795,18.808552970390988]},"properties":{"OBJECTID":1164,"SOURCE_ID":1164,"text_lanna":1,"GiZScore":-0.72553682875769487,"GiPValue":0.46812276504160577,"NNeighbors":160,"Gi_Bin":0}},{"type":"Feature","id":1165,"geometry":{"type":"Point","coordinates":[98.993966110186634,18.808368450284096]},"properties":{"OBJECTID":1165,"SOURCE_ID":1165,"text_lanna":1,"GiZScore":-0.69070226266556212,"GiPValue":0.48975267188524241,"NNeighbors":159,"Gi_Bin":0}},{"type":"Feature","id":1166,"geometry":{"type":"Point","coordinates":[98.99095168995656,18.806527079683402]},"properties":{"OBJECTID":1166,"SOURCE_ID":1166,"text_lanna":0,"GiZScore":-0.14985827118578471,"GiPValue":0.88087643466734089,"NNeighbors":195,"Gi_Bin":0}},{"type":"Feature","id":1167,"geometry":{"type":"Point","coordinates":[98.989666600284409,18.806885060064339]},"properties":{"OBJECTID":1167,"SOURCE_ID":1167,"text_lanna":1,"GiZScore":-0.21431887893912002,"GiPValue":0.83029839694275165,"NNeighbors":186,"Gi_Bin":0}},{"type":"Feature","id":1168,"geometry":{"type":"Point","coordinates":[98.9909720100096,18.79769230995425]},"properties":{"OBJECTID":1168,"SOURCE_ID":1168,"text_lanna":0,"GiZScore":1.3294406069537779,"GiPValue":0.18370264837872552,"NNeighbors":275,"Gi_Bin":0}},{"type":"Feature","id":1169,"geometry":{"type":"Point","coordinates":[98.992214739558136,18.797917279936286]},"properties":{"OBJECTID":1169,"SOURCE_ID":1169,"text_lanna":2,"GiZScore":1.0146447552853337,"GiPValue":0.3102752110437339,"NNeighbors":268,"Gi_Bin":0}},{"type":"Feature","id":1170,"geometry":{"type":"Point","coordinates":[98.992096860058609,18.800866490001233]},"properties":{"OBJECTID":1170,"SOURCE_ID":1170,"text_lanna":0,"GiZScore":1.2370256410297653,"GiPValue":0.2160775871351408,"NNeighbors":244,"Gi_Bin":0}},{"type":"Feature","id":1171,"geometry":{"type":"Point","coordinates":[98.99226239992656,18.800954909989709]},"properties":{"OBJECTID":1171,"SOURCE_ID":1171,"text_lanna":0,"GiZScore":1.3029064099271959,"GiPValue":0.19260671531352,"NNeighbors":242,"Gi_Bin":0}},{"type":"Feature","id":1172,"geometry":{"type":"Point","coordinates":[98.992495609843786,18.819026830152517]},"properties":{"OBJECTID":1172,"SOURCE_ID":1172,"text_lanna":0,"GiZScore":-0.81310912599084861,"GiPValue":0.41615550216670383,"NNeighbors":85,"Gi_Bin":0}},{"type":"Feature","id":1173,"geometry":{"type":"Point","coordinates":[98.992306109531583,18.8190373199084]},"properties":{"OBJECTID":1173,"SOURCE_ID":1173,"text_lanna":0,"GiZScore":-0.81310912599084861,"GiPValue":0.41615550216670383,"NNeighbors":85,"Gi_Bin":0}},{"type":"Feature","id":1174,"geometry":{"type":"Point","coordinates":[98.987324449830169,18.810973619764109]},"properties":{"OBJECTID":1174,"SOURCE_ID":1174,"text_lanna":0,"GiZScore":0.36779005358702943,"GiPValue":0.71302978684876661,"NNeighbors":145,"Gi_Bin":0}},{"type":"Feature","id":1175,"geometry":{"type":"Point","coordinates":[98.987382179941932,18.810195160322031]},"properties":{"OBJECTID":1175,"SOURCE_ID":1175,"text_lanna":0,"GiZScore":0.62598763452093864,"GiPValue":0.53132305559564386,"NNeighbors":142,"Gi_Bin":0}},{"type":"Feature","id":1176,"geometry":{"type":"Point","coordinates":[98.987470800381885,18.80928293967207]},"properties":{"OBJECTID":1176,"SOURCE_ID":1176,"text_lanna":0,"GiZScore":0.36779005358702943,"GiPValue":0.71302978684876661,"NNeighbors":145,"Gi_Bin":0}},{"type":"Feature","id":1177,"geometry":{"type":"Point","coordinates":[98.987082649806879,18.810367630288308]},"properties":{"OBJECTID":1177,"SOURCE_ID":1177,"text_lanna":0,"GiZScore":0.66668328948288269,"GiPValue":0.50497445918981665,"NNeighbors":141,"Gi_Bin":0}},{"type":"Feature","id":1178,"geometry":{"type":"Point","coordinates":[98.995066189550045,18.817373670279977]},"properties":{"OBJECTID":1178,"SOURCE_ID":1178,"text_lanna":1,"GiZScore":0.21701854621130737,"GiPValue":0.8281938917196443,"NNeighbors":103,"Gi_Bin":0}},{"type":"Feature","id":1179,"geometry":{"type":"Point","coordinates":[98.994006810148477,18.777511870041256]},"properties":{"OBJECTID":1179,"SOURCE_ID":1179,"text_lanna":0,"GiZScore":-0.028272472301194292,"GiPValue":0.97744483573984009,"NNeighbors":357,"Gi_Bin":0}},{"type":"Feature","id":1180,"geometry":{"type":"Point","coordinates":[98.98583410033234,18.838071979879658]},"properties":{"OBJECTID":1180,"SOURCE_ID":1180,"text_lanna":0,"GiZScore":1.30293068148097,"GiPValue":0.19259842808732863,"NNeighbors":14,"Gi_Bin":0}},{"type":"Feature","id":1181,"geometry":{"type":"Point","coordinates":[98.985538840042423,18.838476839910907]},"properties":{"OBJECTID":1181,"SOURCE_ID":1181,"text_lanna":0,"GiZScore":1.30293068148097,"GiPValue":0.19259842808732863,"NNeighbors":14,"Gi_Bin":0}},{"type":"Feature","id":1182,"geometry":{"type":"Point","coordinates":[98.994167460448736,18.785681960417929]},"properties":{"OBJECTID":1182,"SOURCE_ID":1182,"text_lanna":1,"GiZScore":0.58466846611328915,"GiPValue":0.55877066425988253,"NNeighbors":363,"Gi_Bin":0}},{"type":"Feature","id":1183,"geometry":{"type":"Point","coordinates":[98.994014500218313,18.786527289648223]},"properties":{"OBJECTID":1183,"SOURCE_ID":1183,"text_lanna":1,"GiZScore":0.86130628592238478,"GiPValue":0.38906938342828112,"NNeighbors":367,"Gi_Bin":0}},{"type":"Feature","id":1184,"geometry":{"type":"Point","coordinates":[98.998961830088447,18.778246169846863]},"properties":{"OBJECTID":1184,"SOURCE_ID":1184,"text_lanna":0,"GiZScore":1.1387809502639801,"GiPValue":0.25479454818831038,"NNeighbors":288,"Gi_Bin":0}},{"type":"Feature","id":1185,"geometry":{"type":"Point","coordinates":[98.999288849888757,18.77816527041216]},"properties":{"OBJECTID":1185,"SOURCE_ID":1185,"text_lanna":0,"GiZScore":1.2305287592079273,"GiPValue":0.21849918763600473,"NNeighbors":285,"Gi_Bin":0}},{"type":"Feature","id":1186,"geometry":{"type":"Point","coordinates":[98.998678450454619,18.777835719899777]},"properties":{"OBJECTID":1186,"SOURCE_ID":1186,"text_lanna":0,"GiZScore":1.3600388819654501,"GiPValue":0.17381762004446216,"NNeighbors":291,"Gi_Bin":0}},{"type":"Feature","id":1187,"geometry":{"type":"Point","coordinates":[99.000367369869224,18.77723978032579]},"properties":{"OBJECTID":1187,"SOURCE_ID":1187,"text_lanna":0,"GiZScore":1.5735109847803528,"GiPValue":0.11560054680071152,"NNeighbors":274,"Gi_Bin":0}},{"type":"Feature","id":1188,"geometry":{"type":"Point","coordinates":[98.999745720295749,18.776753270227257]},"properties":{"OBJECTID":1188,"SOURCE_ID":1188,"text_lanna":0,"GiZScore":1.378490653005946,"GiPValue":0.16805185174803458,"NNeighbors":287,"Gi_Bin":0}},{"type":"Feature","id":1189,"geometry":{"type":"Point","coordinates":[98.993719290147723,18.779468990026128]},"properties":{"OBJECTID":1189,"SOURCE_ID":1189,"text_lanna":1,"GiZScore":0.096148363189763567,"GiPValue":0.92340274093665931,"NNeighbors":356,"Gi_Bin":0}},{"type":"Feature","id":1190,"geometry":{"type":"Point","coordinates":[98.977172710003472,18.773803789831618]},"properties":{"OBJECTID":1190,"SOURCE_ID":1190,"text_lanna":1,"GiZScore":-2.1011685758290568,"GiPValue":0.035626170844090123,"NNeighbors":224,"Gi_Bin":-2}},{"type":"Feature","id":1191,"geometry":{"type":"Point","coordinates":[98.993849529688404,18.806530589596072]},"properties":{"OBJECTID":1191,"SOURCE_ID":1191,"text_lanna":0,"GiZScore":-0.77491404048199675,"GiPValue":0.43839046158524986,"NNeighbors":188,"Gi_Bin":0}},{"type":"Feature","id":1192,"geometry":{"type":"Point","coordinates":[98.993954579585562,18.80599762959439]},"properties":{"OBJECTID":1192,"SOURCE_ID":1192,"text_lanna":0,"GiZScore":-0.69227284765527419,"GiPValue":0.48876600303015072,"NNeighbors":193,"Gi_Bin":0}},{"type":"Feature","id":1193,"geometry":{"type":"Point","coordinates":[98.993187700125986,18.805351399660605]},"properties":{"OBJECTID":1193,"SOURCE_ID":1193,"text_lanna":0,"GiZScore":-0.23976972725565246,"GiPValue":0.81050877682612821,"NNeighbors":205,"Gi_Bin":0}},{"type":"Feature","id":1194,"geometry":{"type":"Point","coordinates":[98.988558400178249,18.80298703031109]},"properties":{"OBJECTID":1194,"SOURCE_ID":1194,"text_lanna":0,"GiZScore":0.55650906768780939,"GiPValue":0.5778628999109694,"NNeighbors":220,"Gi_Bin":0}},{"type":"Feature","id":1195,"geometry":{"type":"Point","coordinates":[98.973908279717804,18.837952240007567]},"properties":{"OBJECTID":1195,"SOURCE_ID":1195,"text_lanna":1,"GiZScore":0.98259733935772986,"GiPValue":0.32580566719433257,"NNeighbors":8,"Gi_Bin":0}},{"type":"Feature","id":1196,"geometry":{"type":"Point","coordinates":[99.028909190432969,18.764400259909646]},"properties":{"OBJECTID":1196,"SOURCE_ID":1196,"text_lanna":1,"GiZScore":1.4753843169094583,"GiPValue":0.14010924932604654,"NNeighbors":91,"Gi_Bin":0}},{"type":"Feature","id":1197,"geometry":{"type":"Point","coordinates":[99.028729989554051,18.764340819865065]},"properties":{"OBJECTID":1197,"SOURCE_ID":1197,"text_lanna":1,"GiZScore":1.4209824652866878,"GiPValue":0.15532185711425403,"NNeighbors":92,"Gi_Bin":0}},{"type":"Feature","id":1198,"geometry":{"type":"Point","coordinates":[99.013033629566934,18.766191319571689]},"properties":{"OBJECTID":1198,"SOURCE_ID":1198,"text_lanna":0,"GiZScore":2.7920394250655027,"GiPValue":0.005237697394615032,"NNeighbors":161,"Gi_Bin":3}},{"type":"Feature","id":1199,"geometry":{"type":"Point","coordinates":[99.014095390285775,18.765466970405516]},"properties":{"OBJECTID":1199,"SOURCE_ID":1199,"text_lanna":1,"GiZScore":2.5274248159326476,"GiPValue":0.011490242284610569,"NNeighbors":158,"Gi_Bin":2}},{"type":"Feature","id":1200,"geometry":{"type":"Point","coordinates":[99.010512689990136,18.761152570378403]},"properties":{"OBJECTID":1200,"SOURCE_ID":1200,"text_lanna":0,"GiZScore":2.4315323665511199,"GiPValue":0.015035104927944781,"NNeighbors":136,"Gi_Bin":2}},{"type":"Feature","id":1201,"geometry":{"type":"Point","coordinates":[99.010888259912221,18.7612045196263]},"properties":{"OBJECTID":1201,"SOURCE_ID":1201,"text_lanna":0,"GiZScore":2.38445300882274,"GiPValue":0.017104532326922481,"NNeighbors":137,"Gi_Bin":2}},{"type":"Feature","id":1202,"geometry":{"type":"Point","coordinates":[99.013576609589009,18.760124220395806]},"properties":{"OBJECTID":1202,"SOURCE_ID":1202,"text_lanna":0,"GiZScore":2.2396703929124584,"GiPValue":0.025112329040052027,"NNeighbors":116,"Gi_Bin":2}},{"type":"Feature","id":1203,"geometry":{"type":"Point","coordinates":[99.011643219990049,18.760669049822312]},"properties":{"OBJECTID":1203,"SOURCE_ID":1203,"text_lanna":0,"GiZScore":2.3364812202551986,"GiPValue":0.01946617525094339,"NNeighbors":132,"Gi_Bin":2}},{"type":"Feature","id":1204,"geometry":{"type":"Point","coordinates":[99.012905810334217,18.761883080107939]},"properties":{"OBJECTID":1204,"SOURCE_ID":1204,"text_lanna":0,"GiZScore":2.2913119323627882,"GiPValue":0.021945378969665683,"NNeighbors":139,"Gi_Bin":2}},{"type":"Feature","id":1205,"geometry":{"type":"Point","coordinates":[98.986320839751556,18.803758820157157]},"properties":{"OBJECTID":1205,"SOURCE_ID":1205,"text_lanna":0,"GiZScore":0.57368609141996807,"GiPValue":0.566180244674378,"NNeighbors":216,"Gi_Bin":0}},{"type":"Feature","id":1206,"geometry":{"type":"Point","coordinates":[98.961383469816326,18.787377859670908]},"properties":{"OBJECTID":1206,"SOURCE_ID":1206,"text_lanna":0,"GiZScore":0.034520108458643492,"GiPValue":0.97246240766968728,"NNeighbors":82,"Gi_Bin":0}},{"type":"Feature","id":1207,"geometry":{"type":"Point","coordinates":[98.961952820292311,18.787378400386753]},"properties":{"OBJECTID":1207,"SOURCE_ID":1207,"text_lanna":1,"GiZScore":0.11231576819146684,"GiPValue":0.91057303971629511,"NNeighbors":84,"Gi_Bin":0}},{"type":"Feature","id":1208,"geometry":{"type":"Point","coordinates":[98.965895050006353,18.784932729965817]},"properties":{"OBJECTID":1208,"SOURCE_ID":1208,"text_lanna":2,"GiZScore":0.92536161706880793,"GiPValue":0.35477784818893299,"NNeighbors":82,"Gi_Bin":0}},{"type":"Feature","id":1209,"geometry":{"type":"Point","coordinates":[98.976719260202557,18.786541580284787]},"properties":{"OBJECTID":1209,"SOURCE_ID":1209,"text_lanna":0,"GiZScore":0.13082665120873138,"GiPValue":0.8959124396004251,"NNeighbors":251,"Gi_Bin":0}},{"type":"Feature","id":1210,"geometry":{"type":"Point","coordinates":[98.976909020157564,18.786538439672253]},"properties":{"OBJECTID":1210,"SOURCE_ID":1210,"text_lanna":0,"GiZScore":0.069497047229114359,"GiPValue":0.94459398294228658,"NNeighbors":253,"Gi_Bin":0}},{"type":"Feature","id":1211,"geometry":{"type":"Point","coordinates":[98.971642570109097,18.784520600339491]},"properties":{"OBJECTID":1211,"SOURCE_ID":1211,"text_lanna":0,"GiZScore":0.33176430687478403,"GiPValue":0.74006723871361002,"NNeighbors":174,"Gi_Bin":0}},{"type":"Feature","id":1212,"geometry":{"type":"Point","coordinates":[98.971857680059856,18.785715739760892]},"properties":{"OBJECTID":1212,"SOURCE_ID":1212,"text_lanna":0,"GiZScore":0.38638899130380944,"GiPValue":0.69920860284202724,"NNeighbors":176,"Gi_Bin":0}},{"type":"Feature","id":1213,"geometry":{"type":"Point","coordinates":[98.965317109984781,18.788143509981126]},"properties":{"OBJECTID":1213,"SOURCE_ID":1213,"text_lanna":0,"GiZScore":0.022584860848551314,"GiPValue":0.98198142003970523,"NNeighbors":93,"Gi_Bin":0}},{"type":"Feature","id":1214,"geometry":{"type":"Point","coordinates":[98.966768409685002,18.786385659952447]},"properties":{"OBJECTID":1214,"SOURCE_ID":1214,"text_lanna":0,"GiZScore":0.44465711894962034,"GiPValue":0.65656756388633108,"NNeighbors":105,"Gi_Bin":0}},{"type":"Feature","id":1215,"geometry":{"type":"Point","coordinates":[98.966593509537404,18.786476470416343]},"properties":{"OBJECTID":1215,"SOURCE_ID":1215,"text_lanna":0,"GiZScore":0.44465711894962034,"GiPValue":0.65656756388633108,"NNeighbors":105,"Gi_Bin":0}},{"type":"Feature","id":1216,"geometry":{"type":"Point","coordinates":[98.966367629645433,18.787489870350342]},"properties":{"OBJECTID":1216,"SOURCE_ID":1216,"text_lanna":0,"GiZScore":0.42389193884591719,"GiPValue":0.67164462451701779,"NNeighbors":102,"Gi_Bin":0}},{"type":"Feature","id":1217,"geometry":{"type":"Point","coordinates":[98.978539539852903,18.778124149792845]},"properties":{"OBJECTID":1217,"SOURCE_ID":1217,"text_lanna":1,"GiZScore":-1.4642652362200752,"GiPValue":0.14312149177740638,"NNeighbors":280,"Gi_Bin":0}},{"type":"Feature","id":1218,"geometry":{"type":"Point","coordinates":[98.97870815026684,18.779913359656728]},"properties":{"OBJECTID":1218,"SOURCE_ID":1218,"text_lanna":1,"GiZScore":-1.487516750263844,"GiPValue":0.13687838258494367,"NNeighbors":277,"Gi_Bin":0}},{"type":"Feature","id":1219,"geometry":{"type":"Point","coordinates":[98.977128219997837,18.787380649972349]},"properties":{"OBJECTID":1219,"SOURCE_ID":1219,"text_lanna":0,"GiZScore":0.35275879458785797,"GiPValue":0.72426927812161868,"NNeighbors":258,"Gi_Bin":0}},{"type":"Feature","id":1220,"geometry":{"type":"Point","coordinates":[98.968569449896293,18.785792810271182]},"properties":{"OBJECTID":1220,"SOURCE_ID":1220,"text_lanna":1,"GiZScore":0.53171071964364303,"GiPValue":0.59492636858216374,"NNeighbors":134,"Gi_Bin":0}},{"type":"Feature","id":1221,"geometry":{"type":"Point","coordinates":[98.968571239570082,18.7840632496499]},"properties":{"OBJECTID":1221,"SOURCE_ID":1221,"text_lanna":1,"GiZScore":0.32814740084934885,"GiPValue":0.74280021626651049,"NNeighbors":132,"Gi_Bin":0}},{"type":"Feature","id":1222,"geometry":{"type":"Point","coordinates":[98.969514430105406,18.784698179735543]},"properties":{"OBJECTID":1222,"SOURCE_ID":1222,"text_lanna":0,"GiZScore":0.11426060523606348,"GiPValue":0.90903121040445456,"NNeighbors":148,"Gi_Bin":0}},{"type":"Feature","id":1223,"geometry":{"type":"Point","coordinates":[98.980042870082926,18.779632700353773]},"properties":{"OBJECTID":1223,"SOURCE_ID":1223,"text_lanna":0,"GiZScore":-1.5630647679795788,"GiPValue":0.11803736150178562,"NNeighbors":299,"Gi_Bin":0}},{"type":"Feature","id":1224,"geometry":{"type":"Point","coordinates":[98.979900750062981,18.780088710400321]},"properties":{"OBJECTID":1224,"SOURCE_ID":1224,"text_lanna":0,"GiZScore":-1.5857066738682524,"GiPValue":0.11280586453070882,"NNeighbors":296,"Gi_Bin":0}},{"type":"Feature","id":1225,"geometry":{"type":"Point","coordinates":[98.969142390255001,18.78381454969881]},"properties":{"OBJECTID":1225,"SOURCE_ID":1225,"text_lanna":0,"GiZScore":0.64970713502997135,"GiPValue":0.51588141817811306,"NNeighbors":138,"Gi_Bin":0}},{"type":"Feature","id":1226,"geometry":{"type":"Point","coordinates":[98.96933204973088,18.783820900225241]},"properties":{"OBJECTID":1226,"SOURCE_ID":1226,"text_lanna":0,"GiZScore":0.6834402666406787,"GiPValue":0.49432868774782068,"NNeighbors":144,"Gi_Bin":0}},{"type":"Feature","id":1227,"geometry":{"type":"Point","coordinates":[98.967521020056864,18.784746790320185]},"properties":{"OBJECTID":1227,"SOURCE_ID":1227,"text_lanna":2,"GiZScore":0.65765909290108959,"GiPValue":0.51075721786980433,"NNeighbors":114,"Gi_Bin":0}},{"type":"Feature","id":1228,"geometry":{"type":"Point","coordinates":[98.970594340090344,18.796719890161445]},"properties":{"OBJECTID":1228,"SOURCE_ID":1228,"text_lanna":0,"GiZScore":0.62327242522328086,"GiPValue":0.53310551863479039,"NNeighbors":173,"Gi_Bin":0}},{"type":"Feature","id":1229,"geometry":{"type":"Point","coordinates":[98.964028070001561,18.795861800185172]},"properties":{"OBJECTID":1229,"SOURCE_ID":1229,"text_lanna":0,"GiZScore":-0.25948857821714033,"GiPValue":0.79525829382529212,"NNeighbors":125,"Gi_Bin":0}},{"type":"Feature","id":1230,"geometry":{"type":"Point","coordinates":[98.968335000148045,18.798180619837773]},"properties":{"OBJECTID":1230,"SOURCE_ID":1230,"text_lanna":0,"GiZScore":0.097774913040423211,"GiPValue":0.92211102841579984,"NNeighbors":152,"Gi_Bin":0}},{"type":"Feature","id":1231,"geometry":{"type":"Point","coordinates":[98.968916039579426,18.798124040026067]},"properties":{"OBJECTID":1231,"SOURCE_ID":1231,"text_lanna":1,"GiZScore":0.19457592998649317,"GiPValue":0.84572494808075149,"NNeighbors":153,"Gi_Bin":0}},{"type":"Feature","id":1232,"geometry":{"type":"Point","coordinates":[98.966599949886103,18.795130299786717]},"properties":{"OBJECTID":1232,"SOURCE_ID":1232,"text_lanna":0,"GiZScore":-0.35768348864082461,"GiPValue":0.72058019157727093,"NNeighbors":146,"Gi_Bin":0}},{"type":"Feature","id":1233,"geometry":{"type":"Point","coordinates":[98.966622299630401,18.795309799766041]},"properties":{"OBJECTID":1233,"SOURCE_ID":1233,"text_lanna":0,"GiZScore":-0.39467886989580447,"GiPValue":0.69307989975203155,"NNeighbors":147,"Gi_Bin":0}},{"type":"Feature","id":1234,"geometry":{"type":"Point","coordinates":[98.967037920429988,18.799592420397033]},"properties":{"OBJECTID":1234,"SOURCE_ID":1234,"text_lanna":0,"GiZScore":-0.72677623131739544,"GiPValue":0.46736305133181089,"NNeighbors":141,"Gi_Bin":0}},{"type":"Feature","id":1235,"geometry":{"type":"Point","coordinates":[98.966018810135722,18.799716259975035]},"properties":{"OBJECTID":1235,"SOURCE_ID":1235,"text_lanna":0,"GiZScore":-1.1434966990710864,"GiPValue":0.25283244367361046,"NNeighbors":137,"Gi_Bin":0}},{"type":"Feature","id":1236,"geometry":{"type":"Point","coordinates":[98.968438080050049,18.796670269906311]},"properties":{"OBJECTID":1236,"SOURCE_ID":1236,"text_lanna":0,"GiZScore":-0.079949885720372746,"GiPValue":0.93627711371500266,"NNeighbors":164,"Gi_Bin":0}},{"type":"Feature","id":1237,"geometry":{"type":"Point","coordinates":[98.967206139700679,18.795243209963854]},"properties":{"OBJECTID":1237,"SOURCE_ID":1237,"text_lanna":0,"GiZScore":-0.54056870194819895,"GiPValue":0.58880489766878741,"NNeighbors":151,"Gi_Bin":0}},{"type":"Feature","id":1238,"geometry":{"type":"Point","coordinates":[98.967020519572301,18.795280869764824]},"properties":{"OBJECTID":1238,"SOURCE_ID":1238,"text_lanna":1,"GiZScore":-0.50440328625535413,"GiPValue":0.61397801112042072,"NNeighbors":150,"Gi_Bin":0}},{"type":"Feature","id":1239,"geometry":{"type":"Point","coordinates":[98.997766309913757,18.763630369574329]},"properties":{"OBJECTID":1239,"SOURCE_ID":1239,"text_lanna":0,"GiZScore":1.8435133589477859,"GiPValue":0.065254093069835456,"NNeighbors":184,"Gi_Bin":1}},{"type":"Feature","id":1240,"geometry":{"type":"Point","coordinates":[99.018305809927028,18.782701819649592]},"properties":{"OBJECTID":1240,"SOURCE_ID":1240,"text_lanna":0,"GiZScore":-0.39757044654357743,"GiPValue":0.69094684975725706,"NNeighbors":173,"Gi_Bin":0}},{"type":"Feature","id":1241,"geometry":{"type":"Point","coordinates":[99.019287180076986,18.782054950041402]},"properties":{"OBJECTID":1241,"SOURCE_ID":1241,"text_lanna":0,"GiZScore":0.13301916094065547,"GiPValue":0.8941782269493922,"NNeighbors":176,"Gi_Bin":0}},{"type":"Feature","id":1242,"geometry":{"type":"Point","coordinates":[98.954188730461723,18.795326369632342]},"properties":{"OBJECTID":1242,"SOURCE_ID":1242,"text_lanna":0,"GiZScore":-0.97582547483883775,"GiPValue":0.32915097083974443,"NNeighbors":56,"Gi_Bin":0}},{"type":"Feature","id":1243,"geometry":{"type":"Point","coordinates":[98.980301000217665,18.837559890042705]},"properties":{"OBJECTID":1243,"SOURCE_ID":1243,"text_lanna":0,"GiZScore":0.75262246908208552,"GiPValue":0.451676817670005,"NNeighbors":12,"Gi_Bin":0}},{"type":"Feature","id":1244,"geometry":{"type":"Point","coordinates":[98.981496380404806,18.837566630070278]},"properties":{"OBJECTID":1244,"SOURCE_ID":1244,"text_lanna":1,"GiZScore":0.75262246908208552,"GiPValue":0.451676817670005,"NNeighbors":12,"Gi_Bin":0}},{"type":"Feature","id":1245,"geometry":{"type":"Point","coordinates":[98.981954180079683,18.836604240384997]},"properties":{"OBJECTID":1245,"SOURCE_ID":1245,"text_lanna":1,"GiZScore":0.33571502523117897,"GiPValue":0.73708577486246729,"NNeighbors":15,"Gi_Bin":0}},{"type":"Feature","id":1246,"geometry":{"type":"Point","coordinates":[99.019791979758892,18.790244669970729]},"properties":{"OBJECTID":1246,"SOURCE_ID":1246,"text_lanna":1,"GiZScore":-1.4257326757025925,"GiPValue":0.1539455207771693,"NNeighbors":137,"Gi_Bin":0}},{"type":"Feature","id":1247,"geometry":{"type":"Point","coordinates":[99.02232874004477,18.788115019956198]},"properties":{"OBJECTID":1247,"SOURCE_ID":1247,"text_lanna":0,"GiZScore":-0.95687098735079301,"GiPValue":0.33863238848689414,"NNeighbors":124,"Gi_Bin":0}},{"type":"Feature","id":1248,"geometry":{"type":"Point","coordinates":[99.022676570349304,18.785405780326919]},"properties":{"OBJECTID":1248,"SOURCE_ID":1248,"text_lanna":0,"GiZScore":-0.92613965864510883,"GiPValue":0.35437341707505354,"NNeighbors":131,"Gi_Bin":0}},{"type":"Feature","id":1249,"geometry":{"type":"Point","coordinates":[98.989447099929052,18.829203219775753]},"properties":{"OBJECTID":1249,"SOURCE_ID":1249,"text_lanna":0,"GiZScore":0.62494643940419703,"GiPValue":0.53200621523898661,"NNeighbors":38,"Gi_Bin":0}},{"type":"Feature","id":1250,"geometry":{"type":"Point","coordinates":[98.981647230020457,18.823645750093377]},"properties":{"OBJECTID":1250,"SOURCE_ID":1250,"text_lanna":0,"GiZScore":0.4701389244209096,"GiPValue":0.63825576772144332,"NNeighbors":40,"Gi_Bin":0}},{"type":"Feature","id":1251,"geometry":{"type":"Point","coordinates":[98.975986510108257,18.840248989766927]},"properties":{"OBJECTID":1251,"SOURCE_ID":1251,"text_lanna":0,"GiZScore":0.98259733935772986,"GiPValue":0.32580566719433257,"NNeighbors":8,"Gi_Bin":0}},{"type":"Feature","id":1252,"geometry":{"type":"Point","coordinates":[98.989936880228242,18.799047590414503]},"properties":{"OBJECTID":1252,"SOURCE_ID":1252,"text_lanna":1,"GiZScore":1.1847816233971933,"GiPValue":0.23610382128208218,"NNeighbors":266,"Gi_Bin":0}},{"type":"Feature","id":1253,"geometry":{"type":"Point","coordinates":[98.97814304007963,18.800210559890143]},"properties":{"OBJECTID":1253,"SOURCE_ID":1253,"text_lanna":0,"GiZScore":0.38800640922248819,"GiPValue":0.69801129147404251,"NNeighbors":197,"Gi_Bin":0}},{"type":"Feature","id":1254,"geometry":{"type":"Point","coordinates":[98.980732100309964,18.825388280248809]},"properties":{"OBJECTID":1254,"SOURCE_ID":1254,"text_lanna":0,"GiZScore":1.2563901108298039,"GiPValue":0.20897458990571793,"NNeighbors":28,"Gi_Bin":0}},{"type":"Feature","id":1255,"geometry":{"type":"Point","coordinates":[99.014688780240519,18.785665319635967]},"properties":{"OBJECTID":1255,"SOURCE_ID":1255,"text_lanna":0,"GiZScore":-0.63532832304103648,"GiPValue":0.52521430873244435,"NNeighbors":180,"Gi_Bin":0}},{"type":"Feature","id":1256,"geometry":{"type":"Point","coordinates":[99.010578509947351,18.777548029824651]},"properties":{"OBJECTID":1256,"SOURCE_ID":1256,"text_lanna":1,"GiZScore":1.8746107309482434,"GiPValue":0.060846295816100682,"NNeighbors":180,"Gi_Bin":1}},{"type":"Feature","id":1257,"geometry":{"type":"Point","coordinates":[99.011778640198244,18.778324420406889]},"properties":{"OBJECTID":1257,"SOURCE_ID":1257,"text_lanna":1,"GiZScore":1.8669255966415845,"GiPValue":0.061911978797726905,"NNeighbors":177,"Gi_Bin":1}},{"type":"Feature","id":1258,"geometry":{"type":"Point","coordinates":[99.012530590376656,18.768409659655859]},"properties":{"OBJECTID":1258,"SOURCE_ID":1258,"text_lanna":0,"GiZScore":2.5723578474136457,"GiPValue":0.010100842714514916,"NNeighbors":160,"Gi_Bin":2}},{"type":"Feature","id":1259,"geometry":{"type":"Point","coordinates":[99.011649219803061,18.767533970193451]},"properties":{"OBJECTID":1259,"SOURCE_ID":1259,"text_lanna":0,"GiZScore":2.6180922356115377,"GiPValue":0.0088422900841086238,"NNeighbors":165,"Gi_Bin":3}},{"type":"Feature","id":1260,"geometry":{"type":"Point","coordinates":[99.012137529952383,18.767526030053176]},"properties":{"OBJECTID":1260,"SOURCE_ID":1260,"text_lanna":0,"GiZScore":2.6621824824747309,"GiPValue":0.0077635776981683467,"NNeighbors":167,"Gi_Bin":3}},{"type":"Feature","id":1261,"geometry":{"type":"Point","coordinates":[99.009152540153067,18.760494789921044]},"properties":{"OBJECTID":1261,"SOURCE_ID":1261,"text_lanna":0,"GiZScore":1.3571482276666367,"GiPValue":0.17473411711855777,"NNeighbors":125,"Gi_Bin":0}},{"type":"Feature","id":1262,"geometry":{"type":"Point","coordinates":[99.001454749679667,18.758806669793579]},"properties":{"OBJECTID":1262,"SOURCE_ID":1262,"text_lanna":0,"GiZScore":0.97785280450455248,"GiPValue":0.32814714282395463,"NNeighbors":117,"Gi_Bin":0}},{"type":"Feature","id":1263,"geometry":{"type":"Point","coordinates":[98.973549679707702,18.800397359677216]},"properties":{"OBJECTID":1263,"SOURCE_ID":1263,"text_lanna":1,"GiZScore":0.66520292233486622,"GiPValue":0.50592071587199605,"NNeighbors":165,"Gi_Bin":0}},{"type":"Feature","id":1264,"geometry":{"type":"Point","coordinates":[99.008964279764214,18.767343700260053]},"properties":{"OBJECTID":1264,"SOURCE_ID":1264,"text_lanna":1,"GiZScore":3.2187367591510561,"GiPValue":0.0012875662775032382,"NNeighbors":172,"Gi_Bin":3}},{"type":"Feature","id":1265,"geometry":{"type":"Point","coordinates":[99.006387469783292,18.77397608991873]},"properties":{"OBJECTID":1265,"SOURCE_ID":1265,"text_lanna":0,"GiZScore":1.7459506709605972,"GiPValue":0.080819523887383893,"NNeighbors":206,"Gi_Bin":1}},{"type":"Feature","id":1266,"geometry":{"type":"Point","coordinates":[99.00634846006723,18.774209220396497]},"properties":{"OBJECTID":1266,"SOURCE_ID":1266,"text_lanna":0,"GiZScore":1.8821268407919491,"GiPValue":0.059818795837419517,"NNeighbors":212,"Gi_Bin":1}},{"type":"Feature","id":1267,"geometry":{"type":"Point","coordinates":[99.025299980444274,18.769393150043182]},"properties":{"OBJECTID":1267,"SOURCE_ID":1267,"text_lanna":0,"GiZScore":2.0151418858850181,"GiPValue":0.043889784569690705,"NNeighbors":142,"Gi_Bin":2}},{"type":"Feature","id":1268,"geometry":{"type":"Point","coordinates":[98.974316439885584,18.797884100022006]},"properties":{"OBJECTID":1268,"SOURCE_ID":1268,"text_lanna":0,"GiZScore":0.4742968200040843,"GiPValue":0.63528826046911602,"NNeighbors":198,"Gi_Bin":0}},{"type":"Feature","id":1269,"geometry":{"type":"Point","coordinates":[98.985096700435207,18.777861350143738]},"properties":{"OBJECTID":1269,"SOURCE_ID":1269,"text_lanna":0,"GiZScore":-1.9363564138885134,"GiPValue":0.052824063843836949,"NNeighbors":367,"Gi_Bin":-1}},{"type":"Feature","id":1270,"geometry":{"type":"Point","coordinates":[98.980379250184328,18.789253610229622]},"properties":{"OBJECTID":1270,"SOURCE_ID":1270,"text_lanna":1,"GiZScore":0.29289339808151699,"GiPValue":0.76960363563428758,"NNeighbors":299,"Gi_Bin":0}},{"type":"Feature","id":1271,"geometry":{"type":"Point","coordinates":[98.982667399905097,18.789496439766516]},"properties":{"OBJECTID":1271,"SOURCE_ID":1271,"text_lanna":0,"GiZScore":0.15712454896292224,"GiPValue":0.87514669065837947,"NNeighbors":318,"Gi_Bin":0}},{"type":"Feature","id":1272,"geometry":{"type":"Point","coordinates":[98.985360059834107,18.789722509936997]},"properties":{"OBJECTID":1272,"SOURCE_ID":1272,"text_lanna":0,"GiZScore":0.61927800086259632,"GiPValue":0.53573323784151283,"NNeighbors":323,"Gi_Bin":0}},{"type":"Feature","id":1273,"geometry":{"type":"Point","coordinates":[98.992033149735008,18.787316940393758]},"properties":{"OBJECTID":1273,"SOURCE_ID":1273,"text_lanna":0,"GiZScore":-0.044438881396969769,"GiPValue":0.96455456937201123,"NNeighbors":372,"Gi_Bin":0}},{"type":"Feature","id":1274,"geometry":{"type":"Point","coordinates":[98.992648200196868,18.786596269587431]},"properties":{"OBJECTID":1274,"SOURCE_ID":1274,"text_lanna":0,"GiZScore":1.054248541081757,"GiPValue":0.2917691570274783,"NNeighbors":367,"Gi_Bin":0}},{"type":"Feature","id":1275,"geometry":{"type":"Point","coordinates":[98.992160430200116,18.786499960040064]},"properties":{"OBJECTID":1275,"SOURCE_ID":1275,"text_lanna":0,"GiZScore":0.078430937851790283,"GiPValue":0.93748526447655001,"NNeighbors":371,"Gi_Bin":0}},{"type":"Feature","id":1276,"geometry":{"type":"Point","coordinates":[98.981285820292555,18.787682299628724]},"properties":{"OBJECTID":1276,"SOURCE_ID":1276,"text_lanna":0,"GiZScore":0.079558958998469154,"GiPValue":0.93658803767702947,"NNeighbors":310,"Gi_Bin":0}},{"type":"Feature","id":1277,"geometry":{"type":"Point","coordinates":[98.980360120348962,18.787741939629978]},"properties":{"OBJECTID":1277,"SOURCE_ID":1277,"text_lanna":1,"GiZScore":-0.13053939945235821,"GiPValue":0.89613968458155857,"NNeighbors":303,"Gi_Bin":0}},{"type":"Feature","id":1278,"geometry":{"type":"Point","coordinates":[98.980097680031875,18.787754120234972]},"properties":{"OBJECTID":1278,"SOURCE_ID":1278,"text_lanna":0,"GiZScore":-0.40065772175452224,"GiPValue":0.68867214294385204,"NNeighbors":298,"Gi_Bin":0}},{"type":"Feature","id":1279,"geometry":{"type":"Point","coordinates":[99.001083350021986,18.80831463016667]},"properties":{"OBJECTID":1279,"SOURCE_ID":1279,"text_lanna":0,"GiZScore":-1.5819749835679491,"GiPValue":0.11365528151290581,"NNeighbors":162,"Gi_Bin":0}},{"type":"Feature","id":1280,"geometry":{"type":"Point","coordinates":[99.02461356990527,18.773480690302197]},"properties":{"OBJECTID":1280,"SOURCE_ID":1280,"text_lanna":1,"GiZScore":1.6749595982223509,"GiPValue":0.093942158890243488,"NNeighbors":169,"Gi_Bin":1}}]
}