{
  "type" : "FeatureCollection",
  "features" : [{"type":"Feature","id":1,"geometry":{"type":"Point","coordinates":[98.971160129778099,18.79663916980132]},"properties":{"OBJECTID":1,"SOURCE_ID":1,"kom":0,"GiZScore":-1.1910883924633964,"GiPValue":0.23361890758445081,"NNeighbors":181,"Gi_Bin":0}},{"type":"Feature","id":2,"geometry":{"type":"Point","coordinates":[98.977009740390031,18.769203639615501]},"properties":{"OBJECTID":2,"SOURCE_ID":2,"kom":0,"GiZScore":-0.72016317546698283,"GiPValue":0.47142453926461392,"NNeighbors":164,"Gi_Bin":0}},{"type":"Feature","id":3,"geometry":{"type":"Point","coordinates":[98.977957389535732,18.76876691000928]},"properties":{"OBJECTID":3,"SOURCE_ID":3,"kom":8,"GiZScore":-1.1604094581749218,"GiPValue":0.24588215773620581,"NNeighbors":179,"Gi_Bin":0}},{"type":"Feature","id":4,"geometry":{"type":"Point","coordinates":[98.979201710387741,18.768381359771688]},"properties":{"OBJECTID":4,"SOURCE_ID":4,"kom":0,"GiZScore":-0.76789987467235521,"GiPValue":0.44254667831706285,"NNeighbors":198,"Gi_Bin":0}},{"type":"Feature","id":5,"geometry":{"type":"Point","coordinates":[98.973238120451313,18.808296100048825]},"properties":{"OBJECTID":5,"SOURCE_ID":5,"kom":6,"GiZScore":0.017954560342141605,"GiPValue":0.985675103153556,"NNeighbors":110,"Gi_Bin":0}},{"type":"Feature","id":6,"geometry":{"type":"Point","coordinates":[98.973695669898007,18.808618890314182]},"properties":{"OBJECTID":6,"SOURCE_ID":6,"kom":0,"GiZScore":0.014016509740244921,"GiPValue":0.98881680946164807,"NNeighbors":111,"Gi_Bin":0}},{"type":"Feature","id":7,"geometry":{"type":"Point","coordinates":[98.975710829725728,18.809824389743024]},"properties":{"OBJECTID":7,"SOURCE_ID":7,"kom":3,"GiZScore":0.041800853514339938,"GiPValue":0.96665745460088714,"NNeighbors":95,"Gi_Bin":0}},{"type":"Feature","id":8,"geometry":{"type":"Point","coordinates":[98.97607664005902,18.810010420096376]},"properties":{"OBJECTID":8,"SOURCE_ID":8,"kom":0,"GiZScore":0.16070105906624019,"GiPValue":0.87232885531857896,"NNeighbors":95,"Gi_Bin":0}},{"type":"Feature","id":9,"geometry":{"type":"Point","coordinates":[98.976245679549194,18.810092640214304]},"properties":{"OBJECTID":9,"SOURCE_ID":9,"kom":10,"GiZScore":0.25070995389883249,"GiPValue":0.80203836456447153,"NNeighbors":93,"Gi_Bin":0}},{"type":"Feature","id":10,"geometry":{"type":"Point","coordinates":[99.027213989630852,18.780919329701817]},"properties":{"OBJECTID":10,"SOURCE_ID":10,"kom":1,"GiZScore":-0.94885896876043807,"GiPValue":0.34269235708575696,"NNeighbors":128,"Gi_Bin":0}},{"type":"Feature","id":11,"geometry":{"type":"Point","coordinates":[99.027296369852294,18.780382770213606]},"properties":{"OBJECTID":11,"SOURCE_ID":11,"kom":0,"GiZScore":-1.0869449102859843,"GiPValue":0.27706117368721306,"NNeighbors":132,"Gi_Bin":0}},{"type":"Feature","id":12,"geometry":{"type":"Point","coordinates":[99.027384589620269,18.779768099762158]},"properties":{"OBJECTID":12,"SOURCE_ID":12,"kom":5,"GiZScore":-1.189027183753925,"GiPValue":0.23442899136380357,"NNeighbors":133,"Gi_Bin":0}},{"type":"Feature","id":13,"geometry":{"type":"Point","coordinates":[99.027482370103726,18.779051089879406]},"properties":{"OBJECTID":13,"SOURCE_ID":13,"kom":2,"GiZScore":-1.1873744161203743,"GiPValue":0.23507998802915264,"NNeighbors":138,"Gi_Bin":0}},{"type":"Feature","id":14,"geometry":{"type":"Point","coordinates":[99.027555699944344,18.778513330365573]},"properties":{"OBJECTID":14,"SOURCE_ID":14,"kom":0,"GiZScore":-0.59755721311453558,"GiPValue":0.55013542402132409,"NNeighbors":146,"Gi_Bin":0}},{"type":"Feature","id":15,"geometry":{"type":"Point","coordinates":[99.027629030270873,18.777975569888735]},"properties":{"OBJECTID":15,"SOURCE_ID":15,"kom":0,"GiZScore":-0.72703583852532494,"GiPValue":0.46720400712895882,"NNeighbors":145,"Gi_Bin":0}},{"type":"Feature","id":16,"geometry":{"type":"Point","coordinates":[99.02765347044793,18.777796320300201]},"properties":{"OBJECTID":16,"SOURCE_ID":16,"kom":0,"GiZScore":-0.89245406751222045,"GiPValue":0.37214961184156803,"NNeighbors":147,"Gi_Bin":0}},{"type":"Feature","id":17,"geometry":{"type":"Point","coordinates":[99.027775689537236,18.77690005960325]},"properties":{"OBJECTID":17,"SOURCE_ID":17,"kom":0,"GiZScore":-1.0220500287265135,"GiPValue":0.30675723681354794,"NNeighbors":145,"Gi_Bin":0}},{"type":"Feature","id":18,"geometry":{"type":"Point","coordinates":[99.027800130354663,18.776720809975192]},"properties":{"OBJECTID":18,"SOURCE_ID":18,"kom":4,"GiZScore":-1.0550954655078217,"GiPValue":0.29138168118218966,"NNeighbors":146,"Gi_Bin":0}},{"type":"Feature","id":19,"geometry":{"type":"Point","coordinates":[99.027824579658784,18.776541550397621]},"properties":{"OBJECTID":19,"SOURCE_ID":19,"kom":0,"GiZScore":-1.0879600073403297,"GiPValue":0.27661277998631384,"NNeighbors":147,"Gi_Bin":0}},{"type":"Feature","id":20,"geometry":{"type":"Point","coordinates":[99.027946790306544,18.775645290375678]},"properties":{"OBJECTID":20,"SOURCE_ID":20,"kom":0,"GiZScore":-1.0879600073403297,"GiPValue":0.27661277998631384,"NNeighbors":147,"Gi_Bin":0}},{"type":"Feature","id":21,"geometry":{"type":"Point","coordinates":[99.027971240252469,18.775466039796459]},"properties":{"OBJECTID":21,"SOURCE_ID":21,"kom":2,"GiZScore":-1.0550954655078217,"GiPValue":0.29138168118218966,"NNeighbors":146,"Gi_Bin":0}},{"type":"Feature","id":22,"geometry":{"type":"Point","coordinates":[99.027995679709747,18.775286790116049]},"properties":{"OBJECTID":22,"SOURCE_ID":22,"kom":0,"GiZScore":-1.0879600073403297,"GiPValue":0.27661277998631384,"NNeighbors":147,"Gi_Bin":0}},{"type":"Feature","id":23,"geometry":{"type":"Point","coordinates":[99.028069010106378,18.774749030188055]},"properties":{"OBJECTID":23,"SOURCE_ID":23,"kom":1,"GiZScore":-1.0553756840356447,"GiPValue":0.2912535547846864,"NNeighbors":147,"Gi_Bin":0}},{"type":"Feature","id":24,"geometry":{"type":"Point","coordinates":[99.028093450306713,18.774569779577455]},"properties":{"OBJECTID":24,"SOURCE_ID":24,"kom":0,"GiZScore":-1.0553756840356447,"GiPValue":0.2912535547846864,"NNeighbors":147,"Gi_Bin":0}},{"type":"Feature","id":25,"geometry":{"type":"Point","coordinates":[99.028264550192986,18.773315009752015]},"properties":{"OBJECTID":25,"SOURCE_ID":25,"kom":0,"GiZScore":-0.88589876431514847,"GiPValue":0.37567209166639315,"NNeighbors":138,"Gi_Bin":0}},{"type":"Feature","id":26,"geometry":{"type":"Point","coordinates":[99.028337879842042,18.772777249607302]},"properties":{"OBJECTID":26,"SOURCE_ID":26,"kom":0,"GiZScore":-0.95111201115134092,"GiPValue":0.3415475297564895,"NNeighbors":134,"Gi_Bin":0}},{"type":"Feature","id":27,"geometry":{"type":"Point","coordinates":[99.028362320425956,18.772597999828164]},"properties":{"OBJECTID":27,"SOURCE_ID":27,"kom":0,"GiZScore":-0.88198181583017099,"GiPValue":0.37778665036317638,"NNeighbors":132,"Gi_Bin":0}},{"type":"Feature","id":28,"geometry":{"type":"Point","coordinates":[99.028405879662358,18.772286280357172]},"properties":{"OBJECTID":28,"SOURCE_ID":28,"kom":8,"GiZScore":-0.88198181583017099,"GiPValue":0.37778665036317638,"NNeighbors":132,"Gi_Bin":0}},{"type":"Feature","id":29,"geometry":{"type":"Point","coordinates":[99.028507819867301,18.771569800171161]},"properties":{"OBJECTID":29,"SOURCE_ID":29,"kom":0,"GiZScore":-0.7421350572607035,"GiPValue":0.45800551703077974,"NNeighbors":129,"Gi_Bin":0}},{"type":"Feature","id":30,"geometry":{"type":"Point","coordinates":[99.028635229684355,18.770674190071382]},"properties":{"OBJECTID":30,"SOURCE_ID":30,"kom":2,"GiZScore":-0.80490673704837257,"GiPValue":0.42087350774503363,"NNeighbors":121,"Gi_Bin":0}},{"type":"Feature","id":31,"geometry":{"type":"Point","coordinates":[99.028711679677215,18.770136830436105]},"properties":{"OBJECTID":31,"SOURCE_ID":31,"kom":0,"GiZScore":-0.76853176642217191,"GiPValue":0.44217133207033166,"NNeighbors":120,"Gi_Bin":0}},{"type":"Feature","id":32,"geometry":{"type":"Point","coordinates":[99.028762640061998,18.769778589742231]},"properties":{"OBJECTID":32,"SOURCE_ID":32,"kom":8,"GiZScore":-0.73091918397881328,"GiPValue":0.46482852308693812,"NNeighbors":118,"Gi_Bin":0}},{"type":"Feature","id":33,"geometry":{"type":"Point","coordinates":[99.028813609719293,18.769420339981686]},"properties":{"OBJECTID":33,"SOURCE_ID":33,"kom":0,"GiZScore":-0.72898260719021546,"GiPValue":0.46601230728684551,"NNeighbors":116,"Gi_Bin":0}},{"type":"Feature","id":34,"geometry":{"type":"Point","coordinates":[99.028966500332388,18.768345620363831]},"properties":{"OBJECTID":34,"SOURCE_ID":34,"kom":0,"GiZScore":-0.6873857883724438,"GiPValue":0.49183965554732068,"NNeighbors":111,"Gi_Bin":0}},{"type":"Feature","id":35,"geometry":{"type":"Point","coordinates":[99.029093910074494,18.767450009648627]},"properties":{"OBJECTID":35,"SOURCE_ID":35,"kom":0,"GiZScore":-0.64448391672407768,"GiPValue":0.51926168752696233,"NNeighbors":106,"Gi_Bin":0}},{"type":"Feature","id":36,"geometry":{"type":"Point","coordinates":[99.029221309940837,18.766554409609562]},"properties":{"OBJECTID":36,"SOURCE_ID":36,"kom":0,"GiZScore":-0.75307157992009244,"GiPValue":0.45140690755480972,"NNeighbors":99,"Gi_Bin":0}},{"type":"Feature","id":37,"geometry":{"type":"Point","coordinates":[99.029272279568275,18.766196159602856]},"properties":{"OBJECTID":37,"SOURCE_ID":37,"kom":0,"GiZScore":-0.86971999483540352,"GiPValue":0.38445345166984168,"NNeighbors":96,"Gi_Bin":0}},{"type":"Feature","id":38,"geometry":{"type":"Point","coordinates":[99.029348719853047,18.765658800360118]},"properties":{"OBJECTID":38,"SOURCE_ID":38,"kom":0,"GiZScore":-0.74987853759064715,"GiPValue":0.45332786784669143,"NNeighbors":93,"Gi_Bin":0}},{"type":"Feature","id":39,"geometry":{"type":"Point","coordinates":[99.029399680407707,18.765300560228177]},"properties":{"OBJECTID":39,"SOURCE_ID":39,"kom":0,"GiZScore":-0.78990207725022632,"GiPValue":0.42958496512530009,"NNeighbors":93,"Gi_Bin":0}},{"type":"Feature","id":40,"geometry":{"type":"Point","coordinates":[99.026272230464755,18.786118980150292]},"properties":{"OBJECTID":40,"SOURCE_ID":40,"kom":0,"GiZScore":-1.1655745429621334,"GiPValue":0.24378652559018066,"NNeighbors":113,"Gi_Bin":0}},{"type":"Feature","id":41,"geometry":{"type":"Point","coordinates":[99.026178420291401,18.7864778301958]},"properties":{"OBJECTID":41,"SOURCE_ID":41,"kom":4,"GiZScore":-1.1296496896701205,"GiPValue":0.25862388295531724,"NNeighbors":112,"Gi_Bin":0}},{"type":"Feature","id":42,"geometry":{"type":"Point","coordinates":[99.026047860444919,18.786919629660211]},"properties":{"OBJECTID":42,"SOURCE_ID":42,"kom":0,"GiZScore":-1.1296496896701205,"GiPValue":0.25862388295531724,"NNeighbors":112,"Gi_Bin":0}},{"type":"Feature","id":43,"geometry":{"type":"Point","coordinates":[99.025947240228248,18.787193849690865]},"properties":{"OBJECTID":43,"SOURCE_ID":43,"kom":0,"GiZScore":-1.0193502895395961,"GiPValue":0.30803671118214626,"NNeighbors":112,"Gi_Bin":0}},{"type":"Feature","id":44,"geometry":{"type":"Point","coordinates":[99.025812300256931,18.787531749966377]},"properties":{"OBJECTID":44,"SOURCE_ID":44,"kom":0,"GiZScore":-1.055717239811218,"GiPValue":0.29109743393490484,"NNeighbors":113,"Gi_Bin":0}},{"type":"Feature","id":45,"geometry":{"type":"Point","coordinates":[99.025744839560474,18.787700710003602]},"properties":{"OBJECTID":45,"SOURCE_ID":45,"kom":4,"GiZScore":-1.055717239811218,"GiPValue":0.29109743393490484,"NNeighbors":113,"Gi_Bin":0}},{"type":"Feature","id":46,"geometry":{"type":"Point","coordinates":[99.025677370187836,18.787869660073081]},"properties":{"OBJECTID":46,"SOURCE_ID":46,"kom":0,"GiZScore":-1.0188719042739149,"GiPValue":0.30826379774016244,"NNeighbors":114,"Gi_Bin":0}},{"type":"Feature","id":47,"geometry":{"type":"Point","coordinates":[99.025363970355841,18.788619270311049]},"properties":{"OBJECTID":47,"SOURCE_ID":47,"kom":0,"GiZScore":-0.98258382282942136,"GiPValue":0.32581232226922907,"NNeighbors":112,"Gi_Bin":0}},{"type":"Feature","id":48,"geometry":{"type":"Point","coordinates":[99.024759190270416,18.789743449868258]},"properties":{"OBJECTID":48,"SOURCE_ID":48,"kom":0,"GiZScore":-0.94595156825870941,"GiPValue":0.34417330084195474,"NNeighbors":107,"Gi_Bin":0}},{"type":"Feature","id":49,"geometry":{"type":"Point","coordinates":[99.02447883038576,18.790215420091986]},"properties":{"OBJECTID":49,"SOURCE_ID":49,"kom":3,"GiZScore":-0.98435581205985945,"GiPValue":0.3249406093196886,"NNeighbors":104,"Gi_Bin":0}},{"type":"Feature","id":50,"geometry":{"type":"Point","coordinates":[99.023823070278439,18.791293950029509]},"properties":{"OBJECTID":50,"SOURCE_ID":50,"kom":1,"GiZScore":-0.98403733668958593,"GiPValue":0.32509716821514201,"NNeighbors":105,"Gi_Bin":0}},{"type":"Feature","id":51,"geometry":{"type":"Point","coordinates":[99.023727990085561,18.791450389897669]},"properties":{"OBJECTID":51,"SOURCE_ID":51,"kom":5,"GiZScore":-0.98403733668958593,"GiPValue":0.32509716821514201,"NNeighbors":105,"Gi_Bin":0}},{"type":"Feature","id":52,"geometry":{"type":"Point","coordinates":[99.023377290386222,18.792038439994332]},"properties":{"OBJECTID":52,"SOURCE_ID":52,"kom":2,"GiZScore":-1.0214439849962484,"GiPValue":0.30704414929912094,"NNeighbors":106,"Gi_Bin":0}},{"type":"Feature","id":53,"geometry":{"type":"Point","coordinates":[98.995077410300098,18.791766810026267]},"properties":{"OBJECTID":53,"SOURCE_ID":53,"kom":0,"GiZScore":1.1028559462542562,"GiPValue":0.27008974535616581,"NNeighbors":304,"Gi_Bin":0}},{"type":"Feature","id":54,"geometry":{"type":"Point","coordinates":[98.989072159855567,18.794947689672231]},"properties":{"OBJECTID":54,"SOURCE_ID":54,"kom":1,"GiZScore":1.9268803816524742,"GiPValue":0.053994538946044369,"NNeighbors":290,"Gi_Bin":1}},{"type":"Feature","id":55,"geometry":{"type":"Point","coordinates":[98.989030330105678,18.795232140182616]},"properties":{"OBJECTID":55,"SOURCE_ID":55,"kom":2,"GiZScore":2.0261521421079047,"GiPValue":0.042749196175502623,"NNeighbors":290,"Gi_Bin":2}},{"type":"Feature","id":56,"geometry":{"type":"Point","coordinates":[98.991374890033143,18.790860420440339]},"properties":{"OBJECTID":56,"SOURCE_ID":56,"kom":0,"GiZScore":1.0604335193414332,"GiPValue":0.2889474353799375,"NNeighbors":322,"Gi_Bin":0}},{"type":"Feature","id":57,"geometry":{"type":"Point","coordinates":[98.991469779634031,18.79190987999986]},"properties":{"OBJECTID":57,"SOURCE_ID":57,"kom":0,"GiZScore":1.3550876727465331,"GiPValue":0.17538962573807643,"NNeighbors":308,"Gi_Bin":0}},{"type":"Feature","id":58,"geometry":{"type":"Point","coordinates":[98.988286650143692,18.793253749757042]},"properties":{"OBJECTID":58,"SOURCE_ID":58,"kom":0,"GiZScore":1.3638963099769008,"GiPValue":0.17260020237090382,"NNeighbors":294,"Gi_Bin":0}},{"type":"Feature","id":59,"geometry":{"type":"Point","coordinates":[98.988476390358002,18.793257710214839]},"properties":{"OBJECTID":59,"SOURCE_ID":59,"kom":0,"GiZScore":1.5526216374027895,"GiPValue":0.12051355328893316,"NNeighbors":296,"Gi_Bin":0}},{"type":"Feature","id":60,"geometry":{"type":"Point","coordinates":[98.982321570368939,18.793119989573526]},"properties":{"OBJECTID":60,"SOURCE_ID":60,"kom":2,"GiZScore":0.32953995831401545,"GiPValue":0.74174759716033578,"NNeighbors":293,"Gi_Bin":0}},{"type":"Feature","id":61,"geometry":{"type":"Point","coordinates":[98.98368804964683,18.793109470017043]},"properties":{"OBJECTID":61,"SOURCE_ID":61,"kom":0,"GiZScore":0.93294505862819455,"GiPValue":0.35084834727971603,"NNeighbors":297,"Gi_Bin":0}},{"type":"Feature","id":62,"geometry":{"type":"Point","coordinates":[98.98442826962436,18.793103779690053]},"properties":{"OBJECTID":62,"SOURCE_ID":62,"kom":0,"GiZScore":0.80285890911924618,"GiPValue":0.42205629582262116,"NNeighbors":299,"Gi_Bin":0}},{"type":"Feature","id":63,"geometry":{"type":"Point","coordinates":[98.98529067018876,18.793097080234396]},"properties":{"OBJECTID":63,"SOURCE_ID":63,"kom":0,"GiZScore":1.6332103922230405,"GiPValue":0.10242475504963314,"NNeighbors":300,"Gi_Bin":0}},{"type":"Feature","id":64,"geometry":{"type":"Point","coordinates":[98.985480449527444,18.793095620103522]},"properties":{"OBJECTID":64,"SOURCE_ID":64,"kom":0,"GiZScore":1.657735372303349,"GiPValue":0.097370890895495388,"NNeighbors":300,"Gi_Bin":1}},{"type":"Feature","id":65,"geometry":{"type":"Point","coordinates":[98.986837269979532,18.793085179782985]},"properties":{"OBJECTID":65,"SOURCE_ID":65,"kom":0,"GiZScore":1.8037347940642783,"GiPValue":0.071272892243268132,"NNeighbors":295,"Gi_Bin":1}},{"type":"Feature","id":66,"geometry":{"type":"Point","coordinates":[98.984947980422831,18.786112389892569]},"properties":{"OBJECTID":66,"SOURCE_ID":66,"kom":0,"GiZScore":0.50362783718663007,"GiPValue":0.61452292898429617,"NNeighbors":348,"Gi_Bin":0}},{"type":"Feature","id":67,"geometry":{"type":"Point","coordinates":[98.984954629554679,18.786293039838796]},"properties":{"OBJECTID":67,"SOURCE_ID":67,"kom":0,"GiZScore":0.55622236432346506,"GiPValue":0.5780588549672363,"NNeighbors":346,"Gi_Bin":0}},{"type":"Feature","id":68,"geometry":{"type":"Point","coordinates":[98.985315310227634,18.788318470126722]},"properties":{"OBJECTID":68,"SOURCE_ID":68,"kom":0,"GiZScore":1.7835264311453629,"GiPValue":0.074500649373767408,"NNeighbors":332,"Gi_Bin":1}},{"type":"Feature","id":69,"geometry":{"type":"Point","coordinates":[98.985697400344932,18.788304589557246]},"properties":{"OBJECTID":69,"SOURCE_ID":69,"kom":0,"GiZScore":1.4951841029147519,"GiPValue":0.13486640120429233,"NNeighbors":327,"Gi_Bin":0}},{"type":"Feature","id":70,"geometry":{"type":"Point","coordinates":[98.986080650152815,18.788277149648014]},"properties":{"OBJECTID":70,"SOURCE_ID":70,"kom":0,"GiZScore":1.5701965814195282,"GiPValue":0.11636938463419975,"NNeighbors":332,"Gi_Bin":0}},{"type":"Feature","id":71,"geometry":{"type":"Point","coordinates":[98.986483120124433,18.788252289758343]},"properties":{"OBJECTID":71,"SOURCE_ID":71,"kom":0,"GiZScore":1.0724269320592474,"GiPValue":0.28352833279693734,"NNeighbors":332,"Gi_Bin":0}},{"type":"Feature","id":72,"geometry":{"type":"Point","coordinates":[98.989223540221658,18.790758919848255]},"properties":{"OBJECTID":72,"SOURCE_ID":72,"kom":0,"GiZScore":1.1710994839149784,"GiPValue":0.2415588117646037,"NNeighbors":318,"Gi_Bin":0}},{"type":"Feature","id":73,"geometry":{"type":"Point","coordinates":[98.990827060314373,18.7906100899996]},"properties":{"OBJECTID":73,"SOURCE_ID":73,"kom":1,"GiZScore":0.89965634292281638,"GiPValue":0.3683031731544012,"NNeighbors":327,"Gi_Bin":0}},{"type":"Feature","id":74,"geometry":{"type":"Point","coordinates":[98.982474610279638,18.784153630006919]},"properties":{"OBJECTID":74,"SOURCE_ID":74,"kom":1,"GiZScore":0.07001209877266433,"GiPValue":0.94418402984096228,"NNeighbors":344,"Gi_Bin":0}},{"type":"Feature","id":75,"geometry":{"type":"Point","coordinates":[98.976068219570195,18.772363579818713]},"properties":{"OBJECTID":75,"SOURCE_ID":75,"kom":0,"GiZScore":-1.0162068116724847,"GiPValue":0.30953092737280485,"NNeighbors":186,"Gi_Bin":0}},{"type":"Feature","id":76,"geometry":{"type":"Point","coordinates":[98.976159119678016,18.805376800387116]},"properties":{"OBJECTID":76,"SOURCE_ID":76,"kom":0,"GiZScore":-0.17215398452017669,"GiPValue":0.86331647279919943,"NNeighbors":157,"Gi_Bin":0}},{"type":"Feature","id":77,"geometry":{"type":"Point","coordinates":[98.973414289779527,18.805689969700261]},"properties":{"OBJECTID":77,"SOURCE_ID":77,"kom":3,"GiZScore":-0.24673138736639683,"GiPValue":0.80511611399514305,"NNeighbors":137,"Gi_Bin":0}},{"type":"Feature","id":78,"geometry":{"type":"Point","coordinates":[98.973037439847857,18.805733450172902]},"properties":{"OBJECTID":78,"SOURCE_ID":78,"kom":0,"GiZScore":-0.058750737127007194,"GiPValue":0.95315064671285998,"NNeighbors":131,"Gi_Bin":0}},{"type":"Feature","id":79,"geometry":{"type":"Point","coordinates":[98.972660589723617,18.805776929884171]},"properties":{"OBJECTID":79,"SOURCE_ID":79,"kom":0,"GiZScore":-0.020957832508576284,"GiPValue":0.9832792930622708,"NNeighbors":130,"Gi_Bin":0}},{"type":"Feature","id":80,"geometry":{"type":"Point","coordinates":[98.972377070111833,18.805809609758803]},"properties":{"OBJECTID":80,"SOURCE_ID":80,"kom":1,"GiZScore":-0.020957832508576284,"GiPValue":0.9832792930622708,"NNeighbors":130,"Gi_Bin":0}},{"type":"Feature","id":81,"geometry":{"type":"Point","coordinates":[98.978316370399625,18.80406648031439]},"properties":{"OBJECTID":81,"SOURCE_ID":81,"kom":1,"GiZScore":-0.31208652187176167,"GiPValue":0.75497476980567657,"NNeighbors":175,"Gi_Bin":0}},{"type":"Feature","id":82,"geometry":{"type":"Point","coordinates":[98.977940119780826,18.804114430055996]},"properties":{"OBJECTID":82,"SOURCE_ID":82,"kom":0,"GiZScore":-0.36801305854510163,"GiPValue":0.71286349791093828,"NNeighbors":173,"Gi_Bin":0}},{"type":"Feature","id":83,"geometry":{"type":"Point","coordinates":[98.977101540432514,18.804083249614035]},"properties":{"OBJECTID":83,"SOURCE_ID":83,"kom":0,"GiZScore":-0.2490409410108789,"GiPValue":0.80332911274060692,"NNeighbors":174,"Gi_Bin":0}},{"type":"Feature","id":84,"geometry":{"type":"Point","coordinates":[98.976850169950382,18.804022670261812]},"properties":{"OBJECTID":84,"SOURCE_ID":84,"kom":0,"GiZScore":-0.21607888394255684,"GiPValue":0.8289262592353499,"NNeighbors":173,"Gi_Bin":0}},{"type":"Feature","id":85,"geometry":{"type":"Point","coordinates":[98.975797029954549,18.803836569724886]},"properties":{"OBJECTID":85,"SOURCE_ID":85,"kom":0,"GiZScore":-0.37029328201275197,"GiPValue":0.71116397958927791,"NNeighbors":174,"Gi_Bin":0}},{"type":"Feature","id":86,"geometry":{"type":"Point","coordinates":[98.975608560458042,18.803857929708816]},"properties":{"OBJECTID":86,"SOURCE_ID":86,"kom":2,"GiZScore":-0.23868050610985578,"GiPValue":0.81135333400703991,"NNeighbors":170,"Gi_Bin":0}},{"type":"Feature","id":87,"geometry":{"type":"Point","coordinates":[98.973966889874546,18.804043479681354]},"properties":{"OBJECTID":87,"SOURCE_ID":87,"kom":0,"GiZScore":0.052491308323640976,"GiPValue":0.95813722073965657,"NNeighbors":147,"Gi_Bin":0}},{"type":"Feature","id":88,"geometry":{"type":"Point","coordinates":[98.973212859992586,18.80412785001047]},"properties":{"OBJECTID":88,"SOURCE_ID":88,"kom":0,"GiZScore":-0.011499079343102799,"GiPValue":0.99082526432227125,"NNeighbors":137,"Gi_Bin":0}},{"type":"Feature","id":89,"geometry":{"type":"Point","coordinates":[98.973024360473858,18.804148929916558]},"properties":{"OBJECTID":89,"SOURCE_ID":89,"kom":0,"GiZScore":0.02570630820047053,"GiPValue":0.97949159230269445,"NNeighbors":136,"Gi_Bin":0}},{"type":"Feature","id":90,"geometry":{"type":"Point","coordinates":[98.972647340414667,18.804191109941357]},"properties":{"OBJECTID":90,"SOURCE_ID":90,"kom":1,"GiZScore":-0.20743039197731913,"GiPValue":0.83567374948583018,"NNeighbors":135,"Gi_Bin":0}},{"type":"Feature","id":91,"geometry":{"type":"Point","coordinates":[98.972458830314949,18.804212200119903]},"properties":{"OBJECTID":91,"SOURCE_ID":91,"kom":0,"GiZScore":-0.17062540148762537,"GiPValue":0.86451832338225976,"NNeighbors":134,"Gi_Bin":0}},{"type":"Feature","id":92,"geometry":{"type":"Point","coordinates":[98.979711909608241,18.804904410310979]},"properties":{"OBJECTID":92,"SOURCE_ID":92,"kom":0,"GiZScore":-0.46328665358858795,"GiPValue":0.64315891252435953,"NNeighbors":175,"Gi_Bin":0}},{"type":"Feature","id":93,"geometry":{"type":"Point","coordinates":[98.979669250409898,18.804270930145069]},"properties":{"OBJECTID":93,"SOURCE_ID":93,"kom":0,"GiZScore":-0.32879904386684311,"GiPValue":0.74230758636317828,"NNeighbors":182,"Gi_Bin":0}},{"type":"Feature","id":94,"geometry":{"type":"Point","coordinates":[98.978748710398804,18.804018470231988]},"properties":{"OBJECTID":94,"SOURCE_ID":94,"kom":0,"GiZScore":-0.26177429514670864,"GiPValue":0.79349545796369503,"NNeighbors":179,"Gi_Bin":0}},{"type":"Feature","id":95,"geometry":{"type":"Point","coordinates":[98.979816920344007,18.800718440389559]},"properties":{"OBJECTID":95,"SOURCE_ID":95,"kom":0,"GiZScore":-0.50056776360806721,"GiPValue":0.61667535632370674,"NNeighbors":208,"Gi_Bin":0}},{"type":"Feature","id":96,"geometry":{"type":"Point","coordinates":[98.979659590334975,18.800819549948503]},"properties":{"OBJECTID":96,"SOURCE_ID":96,"kom":5,"GiZScore":-0.57595028105774881,"GiPValue":0.56464879095298848,"NNeighbors":203,"Gi_Bin":0}},{"type":"Feature","id":97,"geometry":{"type":"Point","coordinates":[98.97950226013802,18.800920660277377]},"properties":{"OBJECTID":97,"SOURCE_ID":97,"kom":0,"GiZScore":-0.46424244957934291,"GiPValue":0.64247405260767532,"NNeighbors":204,"Gi_Bin":0}},{"type":"Feature","id":98,"geometry":{"type":"Point","coordinates":[98.979344940192277,18.801021769569736]},"properties":{"OBJECTID":98,"SOURCE_ID":98,"kom":0,"GiZScore":-0.40314175263023438,"GiPValue":0.6868439476236714,"NNeighbors":202,"Gi_Bin":0}},{"type":"Feature","id":99,"geometry":{"type":"Point","coordinates":[98.978838370345173,18.801354150406336]},"properties":{"OBJECTID":99,"SOURCE_ID":99,"kom":0,"GiZScore":-0.18279019306356128,"GiPValue":0.85496264385797227,"NNeighbors":194,"Gi_Bin":0}},{"type":"Feature","id":100,"geometry":{"type":"Point","coordinates":[98.978272950263204,18.801765840335168]},"properties":{"OBJECTID":100,"SOURCE_ID":100,"kom":0,"GiZScore":-0.31823290491670775,"GiPValue":0.75030827512013476,"NNeighbors":190,"Gi_Bin":0}},{"type":"Feature","id":101,"geometry":{"type":"Point","coordinates":[98.9772453600727,18.798587570193259]},"properties":{"OBJECTID":101,"SOURCE_ID":101,"kom":20,"GiZScore":0.16550404612780562,"GiPValue":0.86854726546391303,"NNeighbors":211,"Gi_Bin":0}},{"type":"Feature","id":102,"geometry":{"type":"Point","coordinates":[98.977071630206225,18.798660340030963]},"properties":{"OBJECTID":102,"SOURCE_ID":102,"kom":0,"GiZScore":0.16550404612780562,"GiPValue":0.86854726546391303,"NNeighbors":211,"Gi_Bin":0}},{"type":"Feature","id":103,"geometry":{"type":"Point","coordinates":[98.976623010221729,18.798860189665454]},"properties":{"OBJECTID":103,"SOURCE_ID":103,"kom":0,"GiZScore":-0.3790928982617715,"GiPValue":0.70461888061080091,"NNeighbors":204,"Gi_Bin":0}},{"type":"Feature","id":104,"geometry":{"type":"Point","coordinates":[98.97757007985858,18.799559430185418]},"properties":{"OBJECTID":104,"SOURCE_ID":104,"kom":1,"GiZScore":-0.29632737456473363,"GiPValue":0.76698008273446572,"NNeighbors":205,"Gi_Bin":0}},{"type":"Feature","id":105,"geometry":{"type":"Point","coordinates":[98.977322389895733,18.799523930197729]},"properties":{"OBJECTID":105,"SOURCE_ID":105,"kom":3,"GiZScore":-0.31999212822288792,"GiPValue":0.7489742983487343,"NNeighbors":203,"Gi_Bin":0}},{"type":"Feature","id":106,"geometry":{"type":"Point","coordinates":[98.976769539574846,18.799362709589353]},"properties":{"OBJECTID":106,"SOURCE_ID":106,"kom":0,"GiZScore":-0.40531151250117492,"GiPValue":0.68524854618385644,"NNeighbors":203,"Gi_Bin":0}},{"type":"Feature","id":107,"geometry":{"type":"Point","coordinates":[98.987203109680365,18.800478099597367]},"properties":{"OBJECTID":107,"SOURCE_ID":107,"kom":4,"GiZScore":0.079438078816736854,"GiPValue":0.93668418181095614,"NNeighbors":239,"Gi_Bin":0}},{"type":"Feature","id":108,"geometry":{"type":"Point","coordinates":[98.988017980087733,18.799991689798919]},"properties":{"OBJECTID":108,"SOURCE_ID":108,"kom":1,"GiZScore":0.050727451927091202,"GiPValue":0.95954270132842945,"NNeighbors":249,"Gi_Bin":0}},{"type":"Feature","id":109,"geometry":{"type":"Point","coordinates":[98.98815426978301,18.799865890302154]},"properties":{"OBJECTID":109,"SOURCE_ID":109,"kom":1,"GiZScore":0.068419444073833352,"GiPValue":0.94545174396495724,"NNeighbors":252,"Gi_Bin":0}},{"type":"Feature","id":110,"geometry":{"type":"Point","coordinates":[98.981251180299935,18.801540600380427]},"properties":{"OBJECTID":110,"SOURCE_ID":110,"kom":0,"GiZScore":-0.18301922237866669,"GiPValue":0.85478293616802781,"NNeighbors":205,"Gi_Bin":0}},{"type":"Feature","id":111,"geometry":{"type":"Point","coordinates":[98.981454180344016,18.801476870176632]},"properties":{"OBJECTID":111,"SOURCE_ID":111,"kom":1,"GiZScore":-0.134470383754066,"GiPValue":0.89303062873553418,"NNeighbors":208,"Gi_Bin":0}},{"type":"Feature","id":112,"geometry":{"type":"Point","coordinates":[98.984749889544588,18.800524930357806]},"properties":{"OBJECTID":112,"SOURCE_ID":112,"kom":0,"GiZScore":0.52314478919474461,"GiPValue":0.60087350104831372,"NNeighbors":249,"Gi_Bin":0}},{"type":"Feature","id":113,"geometry":{"type":"Point","coordinates":[98.985776709595825,18.800318329572132]},"properties":{"OBJECTID":113,"SOURCE_ID":113,"kom":0,"GiZScore":0.42495806778163409,"GiPValue":0.67086724407795861,"NNeighbors":247,"Gi_Bin":0}},{"type":"Feature","id":114,"geometry":{"type":"Point","coordinates":[98.99652137959454,18.795990250285108]},"properties":{"OBJECTID":114,"SOURCE_ID":114,"kom":0,"GiZScore":2.0277274129625447,"GiPValue":0.042588076237266966,"NNeighbors":280,"Gi_Bin":2}},{"type":"Feature","id":115,"geometry":{"type":"Point","coordinates":[98.996720739777118,18.796491909767038]},"properties":{"OBJECTID":115,"SOURCE_ID":115,"kom":0,"GiZScore":2.2398171426467015,"GiPValue":0.025102796499887808,"NNeighbors":278,"Gi_Bin":2}},{"type":"Feature","id":116,"geometry":{"type":"Point","coordinates":[98.99724734032101,18.79761218014113]},"properties":{"OBJECTID":116,"SOURCE_ID":116,"kom":0,"GiZScore":2.2227966310445728,"GiPValue":0.026229516370726819,"NNeighbors":272,"Gi_Bin":2}},{"type":"Feature","id":117,"geometry":{"type":"Point","coordinates":[98.997546520064148,18.798260899995455]},"properties":{"OBJECTID":117,"SOURCE_ID":117,"kom":0,"GiZScore":2.6988366240034347,"GiPValue":0.0069582326522969465,"NNeighbors":269,"Gi_Bin":3}},{"type":"Feature","id":118,"geometry":{"type":"Point","coordinates":[98.997706889526981,18.798607449665472]},"properties":{"OBJECTID":118,"SOURCE_ID":118,"kom":16,"GiZScore":2.6988366240034347,"GiPValue":0.0069582326522969465,"NNeighbors":269,"Gi_Bin":3}},{"type":"Feature","id":119,"geometry":{"type":"Point","coordinates":[99.011696989546479,18.802027950158777]},"properties":{"OBJECTID":119,"SOURCE_ID":119,"kom":0,"GiZScore":2.0113609588184933,"GiPValue":0.044287343961169991,"NNeighbors":133,"Gi_Bin":2}},{"type":"Feature","id":120,"geometry":{"type":"Point","coordinates":[99.011058360052033,18.801697109651002]},"properties":{"OBJECTID":120,"SOURCE_ID":120,"kom":8,"GiZScore":2.3333939396515824,"GiPValue":0.019627479057347581,"NNeighbors":147,"Gi_Bin":2}},{"type":"Feature","id":121,"geometry":{"type":"Point","coordinates":[99.010723680175019,18.801526520241627]},"properties":{"OBJECTID":121,"SOURCE_ID":121,"kom":8,"GiZScore":2.5827296262872523,"GiPValue":0.009802210754334845,"NNeighbors":151,"Gi_Bin":3}},{"type":"Feature","id":122,"geometry":{"type":"Point","coordinates":[99.010556339540017,18.801441220339832]},"properties":{"OBJECTID":122,"SOURCE_ID":122,"kom":2,"GiZScore":2.6254120137057555,"GiPValue":0.008654417319497263,"NNeighbors":153,"Gi_Bin":3}},{"type":"Feature","id":123,"geometry":{"type":"Point","coordinates":[99.010126239926535,18.80120940992305]},"properties":{"OBJECTID":123,"SOURCE_ID":123,"kom":1,"GiZScore":2.4880926978036833,"GiPValue":0.012843025293195988,"NNeighbors":157,"Gi_Bin":2}},{"type":"Feature","id":124,"geometry":{"type":"Point","coordinates":[99.009802950378145,18.801030300033954]},"properties":{"OBJECTID":124,"SOURCE_ID":124,"kom":1,"GiZScore":2.4464218391971513,"GiPValue":0.014428207731935859,"NNeighbors":158,"Gi_Bin":2}},{"type":"Feature","id":125,"geometry":{"type":"Point","coordinates":[99.002727579601142,18.808420449571081]},"properties":{"OBJECTID":125,"SOURCE_ID":125,"kom":0,"GiZScore":3.1821808356688548,"GiPValue":0.0014617052148524394,"NNeighbors":152,"Gi_Bin":3}},{"type":"Feature","id":126,"geometry":{"type":"Point","coordinates":[99.002712070367409,18.808240299699992]},"properties":{"OBJECTID":126,"SOURCE_ID":126,"kom":0,"GiZScore":3.1821808356688548,"GiPValue":0.0014617052148524394,"NNeighbors":152,"Gi_Bin":3}},{"type":"Feature","id":127,"geometry":{"type":"Point","coordinates":[99.002681210153312,18.807798960049169]},"properties":{"OBJECTID":127,"SOURCE_ID":127,"kom":0,"GiZScore":3.1377949259081404,"GiPValue":0.0017022392773132389,"NNeighbors":153,"Gi_Bin":3}},{"type":"Feature","id":128,"geometry":{"type":"Point","coordinates":[99.002686059863336,18.807149930440662]},"properties":{"OBJECTID":128,"SOURCE_ID":128,"kom":33,"GiZScore":2.9921151988331895,"GiPValue":0.0027705169546036646,"NNeighbors":160,"Gi_Bin":3}},{"type":"Feature","id":129,"geometry":{"type":"Point","coordinates":[99.002723199673866,18.806938880195286]},"properties":{"OBJECTID":129,"SOURCE_ID":129,"kom":0,"GiZScore":3.0634443163107248,"GiPValue":0.0021880492157870125,"NNeighbors":162,"Gi_Bin":3}},{"type":"Feature","id":130,"geometry":{"type":"Point","coordinates":[99.002817080400575,18.806526039578802]},"properties":{"OBJECTID":130,"SOURCE_ID":130,"kom":0,"GiZScore":3.0435202586388264,"GiPValue":0.0023382769674728109,"NNeighbors":161,"Gi_Bin":3}},{"type":"Feature","id":131,"geometry":{"type":"Point","coordinates":[99.003160570179602,18.804259040406681]},"properties":{"OBJECTID":131,"SOURCE_ID":131,"kom":1,"GiZScore":2.6307021577836065,"GiPValue":0.0085208675421613294,"NNeighbors":174,"Gi_Bin":3}},{"type":"Feature","id":132,"geometry":{"type":"Point","coordinates":[99.002933829815518,18.80186899013599]},"properties":{"OBJECTID":132,"SOURCE_ID":132,"kom":0,"GiZScore":2.4308422952180848,"GiPValue":0.015063769668039526,"NNeighbors":204,"Gi_Bin":2}},{"type":"Feature","id":133,"geometry":{"type":"Point","coordinates":[99.002880970472816,18.801315929726179]},"properties":{"OBJECTID":133,"SOURCE_ID":133,"kom":0,"GiZScore":2.4358888284269256,"GiPValue":0.014855249308524453,"NNeighbors":207,"Gi_Bin":2}},{"type":"Feature","id":134,"geometry":{"type":"Point","coordinates":[99.002870339572354,18.801135449773266]},"properties":{"OBJECTID":134,"SOURCE_ID":134,"kom":0,"GiZScore":2.4358888284269256,"GiPValue":0.014855249308524453,"NNeighbors":207,"Gi_Bin":2}},{"type":"Feature","id":135,"geometry":{"type":"Point","coordinates":[99.002521790088437,18.80084548981727]},"properties":{"OBJECTID":135,"SOURCE_ID":135,"kom":2,"GiZScore":2.5981463824049027,"GiPValue":0.0093728528160305167,"NNeighbors":215,"Gi_Bin":3}},{"type":"Feature","id":136,"geometry":{"type":"Point","coordinates":[99.001699930346163,18.809977100424195]},"properties":{"OBJECTID":136,"SOURCE_ID":136,"kom":0,"GiZScore":3.5878329216811555,"GiPValue":0.00033343783657454365,"NNeighbors":139,"Gi_Bin":3}},{"type":"Feature","id":137,"geometry":{"type":"Point","coordinates":[98.98099847968669,18.777044560311722]},"properties":{"OBJECTID":137,"SOURCE_ID":137,"kom":0,"GiZScore":-0.57974116471150072,"GiPValue":0.56208918189868284,"NNeighbors":303,"Gi_Bin":0}},{"type":"Feature","id":138,"geometry":{"type":"Point","coordinates":[98.98104133990087,18.777553080397581]},"properties":{"OBJECTID":138,"SOURCE_ID":138,"kom":0,"GiZScore":-0.54951283492441105,"GiPValue":0.58265356132363322,"NNeighbors":300,"Gi_Bin":0}},{"type":"Feature","id":139,"geometry":{"type":"Point","coordinates":[98.981104120401895,18.77825356024621]},"properties":{"OBJECTID":139,"SOURCE_ID":139,"kom":1,"GiZScore":-0.49399726039385483,"GiPValue":0.62130811608861236,"NNeighbors":309,"Gi_Bin":0}},{"type":"Feature","id":140,"geometry":{"type":"Point","coordinates":[98.981217239953267,18.779555050063294]},"properties":{"OBJECTID":140,"SOURCE_ID":140,"kom":8,"GiZScore":-0.47577989757214889,"GiPValue":0.63423119440335718,"NNeighbors":312,"Gi_Bin":0}},{"type":"Feature","id":141,"geometry":{"type":"Point","coordinates":[98.981289800228907,18.780228879727346]},"properties":{"OBJECTID":141,"SOURCE_ID":141,"kom":0,"GiZScore":-0.026900265394436004,"GiPValue":0.97853928183898087,"NNeighbors":326,"Gi_Bin":0}},{"type":"Feature","id":142,"geometry":{"type":"Point","coordinates":[98.981309489612073,18.780408659965964]},"properties":{"OBJECTID":142,"SOURCE_ID":142,"kom":8,"GiZScore":-0.05074537599338181,"GiPValue":0.95952841838796232,"NNeighbors":326,"Gi_Bin":0}},{"type":"Feature","id":143,"geometry":{"type":"Point","coordinates":[98.981338390116548,18.780680769579096]},"properties":{"OBJECTID":143,"SOURCE_ID":143,"kom":0,"GiZScore":0.029481000066278001,"GiPValue":0.97648097210365237,"NNeighbors":332,"Gi_Bin":0}},{"type":"Feature","id":144,"geometry":{"type":"Point","coordinates":[98.989499389628364,18.782134999604118]},"properties":{"OBJECTID":144,"SOURCE_ID":144,"kom":0,"GiZScore":0.061425063324274748,"GiPValue":0.95102069239564346,"NNeighbors":413,"Gi_Bin":0}},{"type":"Feature","id":145,"geometry":{"type":"Point","coordinates":[98.988775210159005,18.782114849985696]},"properties":{"OBJECTID":145,"SOURCE_ID":145,"kom":0,"GiZScore":-0.03817900313671739,"GiPValue":0.96954496175585803,"NNeighbors":408,"Gi_Bin":0}},{"type":"Feature","id":146,"geometry":{"type":"Point","coordinates":[98.984391859814792,18.789575160022764]},"properties":{"OBJECTID":146,"SOURCE_ID":146,"kom":0,"GiZScore":1.0699748221570708,"GiPValue":0.28463065800357812,"NNeighbors":326,"Gi_Bin":0}},{"type":"Feature","id":147,"geometry":{"type":"Point","coordinates":[98.984325469657819,18.787215279749581]},"properties":{"OBJECTID":147,"SOURCE_ID":147,"kom":12,"GiZScore":1.3663674929937546,"GiPValue":0.17182364650779838,"NNeighbors":342,"Gi_Bin":0}},{"type":"Feature","id":148,"geometry":{"type":"Point","coordinates":[98.984025679925253,18.786110860005198]},"properties":{"OBJECTID":148,"SOURCE_ID":148,"kom":0,"GiZScore":0.76226805754743876,"GiPValue":0.44590004046818177,"NNeighbors":340,"Gi_Bin":0}},{"type":"Feature","id":149,"geometry":{"type":"Point","coordinates":[98.982541479607136,18.787799610131465]},"properties":{"OBJECTID":149,"SOURCE_ID":149,"kom":0,"GiZScore":1.0187618949212034,"GiPValue":0.30831603416355213,"NNeighbors":327,"Gi_Bin":0}},{"type":"Feature","id":150,"geometry":{"type":"Point","coordinates":[98.98330894007357,18.788014069921086]},"properties":{"OBJECTID":150,"SOURCE_ID":150,"kom":0,"GiZScore":0.74379135206148894,"GiPValue":0.45700271866538233,"NNeighbors":331,"Gi_Bin":0}},{"type":"Feature","id":151,"geometry":{"type":"Point","coordinates":[98.981122569923301,18.78661412002749]},"properties":{"OBJECTID":151,"SOURCE_ID":151,"kom":0,"GiZScore":1.1250010116323201,"GiPValue":0.26058862399643279,"NNeighbors":311,"Gi_Bin":0}},{"type":"Feature","id":152,"geometry":{"type":"Point","coordinates":[98.981248950317919,18.787524199705469]},"properties":{"OBJECTID":152,"SOURCE_ID":152,"kom":0,"GiZScore":0.37701507964343645,"GiPValue":0.70616239930655023,"NNeighbors":310,"Gi_Bin":0}},{"type":"Feature","id":153,"geometry":{"type":"Point","coordinates":[98.978743030272383,18.78644131023848]},"properties":{"OBJECTID":153,"SOURCE_ID":153,"kom":6,"GiZScore":0.092669184635778584,"GiPValue":0.92616637874107088,"NNeighbors":280,"Gi_Bin":0}},{"type":"Feature","id":154,"geometry":{"type":"Point","coordinates":[98.978932299809401,18.786427970060167]},"properties":{"OBJECTID":154,"SOURCE_ID":154,"kom":0,"GiZScore":0.11225061155974853,"GiPValue":0.91062470050108746,"NNeighbors":282,"Gi_Bin":0}},{"type":"Feature","id":155,"geometry":{"type":"Point","coordinates":[98.979268900082019,18.786404920422633]},"properties":{"OBJECTID":155,"SOURCE_ID":155,"kom":0,"GiZScore":0.59336049995781337,"GiPValue":0.55293992091817878,"NNeighbors":288,"Gi_Bin":0}},{"type":"Feature","id":156,"geometry":{"type":"Point","coordinates":[98.979585019611221,18.786383630330342]},"properties":{"OBJECTID":156,"SOURCE_ID":156,"kom":0,"GiZScore":0.58671161550416451,"GiPValue":0.55739740829632134,"NNeighbors":290,"Gi_Bin":0}},{"type":"Feature","id":157,"geometry":{"type":"Point","coordinates":[98.980154519796088,18.786399160056071]},"properties":{"OBJECTID":157,"SOURCE_ID":157,"kom":7,"GiZScore":0.43455740734905646,"GiPValue":0.66388371805351187,"NNeighbors":299,"Gi_Bin":0}},{"type":"Feature","id":158,"geometry":{"type":"Point","coordinates":[98.980513900156353,18.786411739775069]},"properties":{"OBJECTID":158,"SOURCE_ID":158,"kom":1,"GiZScore":0.56577059334681556,"GiPValue":0.57154974197045716,"NNeighbors":304,"Gi_Bin":0}},{"type":"Feature","id":159,"geometry":{"type":"Point","coordinates":[98.980703500168588,18.786419680266597]},"properties":{"OBJECTID":159,"SOURCE_ID":159,"kom":1,"GiZScore":0.46811871100000824,"GiPValue":0.63969970086106209,"NNeighbors":304,"Gi_Bin":0}},{"type":"Feature","id":160,"geometry":{"type":"Point","coordinates":[98.980941160382898,18.791485050021919]},"properties":{"OBJECTID":160,"SOURCE_ID":160,"kom":0,"GiZScore":0.2538140652219486,"GiPValue":0.79963920697122259,"NNeighbors":285,"Gi_Bin":0}},{"type":"Feature","id":161,"geometry":{"type":"Point","coordinates":[98.979382639813636,18.791466929799299]},"properties":{"OBJECTID":161,"SOURCE_ID":161,"kom":0,"GiZScore":0.25530009024935629,"GiPValue":0.79849133049527543,"NNeighbors":276,"Gi_Bin":0}},{"type":"Feature","id":162,"geometry":{"type":"Point","coordinates":[98.979192919755619,18.791471500005297]},"properties":{"OBJECTID":162,"SOURCE_ID":162,"kom":0,"GiZScore":0.15996478695444935,"GiPValue":0.87290881295964884,"NNeighbors":274,"Gi_Bin":0}},{"type":"Feature","id":163,"geometry":{"type":"Point","coordinates":[98.975844919942475,18.794110949751719]},"properties":{"OBJECTID":163,"SOURCE_ID":163,"kom":0,"GiZScore":-0.978621479149128,"GiPValue":0.32776705497282721,"NNeighbors":232,"Gi_Bin":0}},{"type":"Feature","id":164,"geometry":{"type":"Point","coordinates":[98.976013200240246,18.793765579615503]},"properties":{"OBJECTID":164,"SOURCE_ID":164,"kom":0,"GiZScore":-0.98336805473882238,"GiPValue":0.3254263395862832,"NNeighbors":236,"Gi_Bin":0}},{"type":"Feature","id":165,"geometry":{"type":"Point","coordinates":[98.998161740321919,18.80088363042012]},"properties":{"OBJECTID":165,"SOURCE_ID":165,"kom":0,"GiZScore":2.2785042352824756,"GiPValue":0.022696552449471861,"NNeighbors":237,"Gi_Bin":2}},{"type":"Feature","id":166,"geometry":{"type":"Point","coordinates":[98.997745479709337,18.800764289697746]},"properties":{"OBJECTID":166,"SOURCE_ID":166,"kom":0,"GiZScore":2.312356844843658,"GiPValue":0.020758026475785875,"NNeighbors":240,"Gi_Bin":2}},{"type":"Feature","id":167,"geometry":{"type":"Point","coordinates":[98.997498040083784,18.800656720415184]},"properties":{"OBJECTID":167,"SOURCE_ID":167,"kom":2,"GiZScore":2.2135692715545403,"GiPValue":0.026858423099123195,"NNeighbors":243,"Gi_Bin":2}},{"type":"Feature","id":168,"geometry":{"type":"Point","coordinates":[98.990866290081513,18.833374739585782]},"properties":{"OBJECTID":168,"SOURCE_ID":168,"kom":0,"GiZScore":-0.98343600416669386,"GiPValue":0.32539291029433581,"NNeighbors":22,"Gi_Bin":0}},{"type":"Feature","id":169,"geometry":{"type":"Point","coordinates":[98.991684179962391,18.832575469671191]},"properties":{"OBJECTID":169,"SOURCE_ID":169,"kom":2,"GiZScore":-0.7285788463656252,"GiPValue":0.46625932761146627,"NNeighbors":24,"Gi_Bin":0}},{"type":"Feature","id":170,"geometry":{"type":"Point","coordinates":[98.994366130066879,18.829792359608401]},"properties":{"OBJECTID":170,"SOURCE_ID":170,"kom":0,"GiZScore":0.85716304610677563,"GiPValue":0.39135479093530712,"NNeighbors":28,"Gi_Bin":0}},{"type":"Feature","id":171,"geometry":{"type":"Point","coordinates":[98.994701879687483,18.828645820334401]},"properties":{"OBJECTID":171,"SOURCE_ID":171,"kom":0,"GiZScore":0.70574690524376194,"GiPValue":0.48034555093706199,"NNeighbors":36,"Gi_Bin":0}},{"type":"Feature","id":172,"geometry":{"type":"Point","coordinates":[98.994712829971007,18.828284460184936]},"properties":{"OBJECTID":172,"SOURCE_ID":172,"kom":0,"GiZScore":0.67466039093626406,"GiPValue":0.49989155941955088,"NNeighbors":38,"Gi_Bin":0}},{"type":"Feature","id":173,"geometry":{"type":"Point","coordinates":[98.994582769698496,18.82553269016784]},"properties":{"OBJECTID":173,"SOURCE_ID":173,"kom":2,"GiZScore":0.17773380498614294,"GiPValue":0.85893203544496011,"NNeighbors":46,"Gi_Bin":0}},{"type":"Feature","id":174,"geometry":{"type":"Point","coordinates":[98.993974510018475,18.823905800447832]},"properties":{"OBJECTID":174,"SOURCE_ID":174,"kom":0,"GiZScore":0.04712273438104702,"GiPValue":0.96241540804422043,"NNeighbors":49,"Gi_Bin":0}},{"type":"Feature","id":175,"geometry":{"type":"Point","coordinates":[98.994131609669552,18.822391519624457]},"properties":{"OBJECTID":175,"SOURCE_ID":175,"kom":0,"GiZScore":0.43715586006810819,"GiPValue":0.66199831981603474,"NNeighbors":59,"Gi_Bin":0}},{"type":"Feature","id":176,"geometry":{"type":"Point","coordinates":[98.994476759982135,18.821926169917731]},"properties":{"OBJECTID":176,"SOURCE_ID":176,"kom":0,"GiZScore":0.38779573624955993,"GiPValue":0.698167201963239,"NNeighbors":65,"Gi_Bin":0}},{"type":"Feature","id":177,"geometry":{"type":"Point","coordinates":[98.995256959749909,18.820945639680929]},"properties":{"OBJECTID":177,"SOURCE_ID":177,"kom":0,"GiZScore":1.0135581971628915,"GiPValue":0.31079362701946023,"NNeighbors":68,"Gi_Bin":0}},{"type":"Feature","id":178,"geometry":{"type":"Point","coordinates":[98.995746670274613,18.820508239850177]},"properties":{"OBJECTID":178,"SOURCE_ID":178,"kom":4,"GiZScore":1.4767667419959756,"GiPValue":0.13973817447315415,"NNeighbors":68,"Gi_Bin":0}},{"type":"Feature","id":179,"geometry":{"type":"Point","coordinates":[98.996512709825055,18.819617779729249]},"properties":{"OBJECTID":179,"SOURCE_ID":179,"kom":0,"GiZScore":1.1448953901529837,"GiPValue":0.25225251309320351,"NNeighbors":76,"Gi_Bin":0}},{"type":"Feature","id":180,"geometry":{"type":"Point","coordinates":[98.997976630032852,18.818024589877119]},"properties":{"OBJECTID":180,"SOURCE_ID":180,"kom":0,"GiZScore":2.5223852004409988,"GiPValue":0.011656198958252834,"NNeighbors":96,"Gi_Bin":2}},{"type":"Feature","id":181,"geometry":{"type":"Point","coordinates":[98.99833229021489,18.817736029798944]},"properties":{"OBJECTID":181,"SOURCE_ID":181,"kom":2,"GiZScore":2.5223852004409988,"GiPValue":0.011656198958252834,"NNeighbors":96,"Gi_Bin":2}},{"type":"Feature","id":182,"geometry":{"type":"Point","coordinates":[98.998758900425287,18.817426440218881]},"properties":{"OBJECTID":182,"SOURCE_ID":182,"kom":1,"GiZScore":2.5387051701042456,"GiPValue":0.011126354273769963,"NNeighbors":95,"Gi_Bin":2}},{"type":"Feature","id":183,"geometry":{"type":"Point","coordinates":[98.998912359652863,18.817277570394907]},"properties":{"OBJECTID":183,"SOURCE_ID":183,"kom":0,"GiZScore":2.5387051701042456,"GiPValue":0.011126354273769963,"NNeighbors":95,"Gi_Bin":2}},{"type":"Feature","id":184,"geometry":{"type":"Point","coordinates":[98.999593280258679,18.816555089904853]},"properties":{"OBJECTID":184,"SOURCE_ID":184,"kom":2,"GiZScore":2.6633235928307939,"GiPValue":0.0077372968840471153,"NNeighbors":97,"Gi_Bin":3}},{"type":"Feature","id":185,"geometry":{"type":"Point","coordinates":[99.000021609628021,18.815944870007385]},"properties":{"OBJECTID":185,"SOURCE_ID":185,"kom":0,"GiZScore":2.7196006187710218,"GiPValue":0.0065360806226055718,"NNeighbors":96,"Gi_Bin":3}},{"type":"Feature","id":186,"geometry":{"type":"Point","coordinates":[99.000554399670392,18.814962699968966]},"properties":{"OBJECTID":186,"SOURCE_ID":186,"kom":0,"GiZScore":2.6467306805186017,"GiPValue":0.0081274051892945721,"NNeighbors":98,"Gi_Bin":3}},{"type":"Feature","id":187,"geometry":{"type":"Point","coordinates":[99.004650599879099,18.800157509923316]},"properties":{"OBJECTID":187,"SOURCE_ID":187,"kom":4,"GiZScore":2.7215886065042572,"GiPValue":0.0064968965483564369,"NNeighbors":210,"Gi_Bin":3}},{"type":"Feature","id":188,"geometry":{"type":"Point","coordinates":[99.004949670329907,18.80087788992893]},"properties":{"OBJECTID":188,"SOURCE_ID":188,"kom":5,"GiZScore":2.805811002312788,"GiPValue":0.0050190121182022845,"NNeighbors":200,"Gi_Bin":3}},{"type":"Feature","id":189,"geometry":{"type":"Point","coordinates":[99.005575909634302,18.802757740131558]},"properties":{"OBJECTID":189,"SOURCE_ID":189,"kom":4,"GiZScore":2.661015243034075,"GiPValue":0.0077905430163102375,"NNeighbors":174,"Gi_Bin":3}},{"type":"Feature","id":190,"geometry":{"type":"Point","coordinates":[98.999890380048569,18.792702009745145]},"properties":{"OBJECTID":190,"SOURCE_ID":190,"kom":4,"GiZScore":1.7961366913230998,"GiPValue":0.072472780307705154,"NNeighbors":271,"Gi_Bin":1}},{"type":"Feature","id":191,"geometry":{"type":"Point","coordinates":[99.000776160304014,18.786519840002484]},"properties":{"OBJECTID":191,"SOURCE_ID":191,"kom":0,"GiZScore":0.45631760075750355,"GiPValue":0.64816161050903931,"NNeighbors":292,"Gi_Bin":0}},{"type":"Feature","id":192,"geometry":{"type":"Point","coordinates":[99.000698469902559,18.78611126968481]},"properties":{"OBJECTID":192,"SOURCE_ID":192,"kom":0,"GiZScore":0.39454638316067692,"GiPValue":0.69317769065958923,"NNeighbors":296,"Gi_Bin":0}},{"type":"Feature","id":193,"geometry":{"type":"Point","coordinates":[99.002876609572894,18.781462489624751]},"properties":{"OBJECTID":193,"SOURCE_ID":193,"kom":1,"GiZScore":0.080735347819360759,"GiPValue":0.93565242506901292,"NNeighbors":266,"Gi_Bin":0}},{"type":"Feature","id":194,"geometry":{"type":"Point","coordinates":[99.001021569678031,18.781750789903526]},"properties":{"OBJECTID":194,"SOURCE_ID":194,"kom":1,"GiZScore":0.22305768489924135,"GiPValue":0.8234906113668321,"NNeighbors":287,"Gi_Bin":0}},{"type":"Feature","id":195,"geometry":{"type":"Point","coordinates":[98.998843290291745,18.773287410369594]},"properties":{"OBJECTID":195,"SOURCE_ID":195,"kom":0,"GiZScore":-1.1174366787842178,"GiPValue":0.26380767778892322,"NNeighbors":303,"Gi_Bin":0}},{"type":"Feature","id":196,"geometry":{"type":"Point","coordinates":[98.998727540174741,18.772011899799868]},"properties":{"OBJECTID":196,"SOURCE_ID":196,"kom":0,"GiZScore":-1.128182986477777,"GiPValue":0.25924266614587532,"NNeighbors":292,"Gi_Bin":0}},{"type":"Feature","id":197,"geometry":{"type":"Point","coordinates":[98.998708470107857,18.771812790051907]},"properties":{"OBJECTID":197,"SOURCE_ID":197,"kom":0,"GiZScore":-1.128182986477777,"GiPValue":0.25924266614587532,"NNeighbors":292,"Gi_Bin":0}},{"type":"Feature","id":198,"geometry":{"type":"Point","coordinates":[98.998944960329197,18.768911250444631]},"properties":{"OBJECTID":198,"SOURCE_ID":198,"kom":0,"GiZScore":-2.2005474026681453,"GiPValue":0.027768080632087057,"NNeighbors":260,"Gi_Bin":-2}},{"type":"Feature","id":199,"geometry":{"type":"Point","coordinates":[98.999821509845006,18.766660760097924]},"properties":{"OBJECTID":199,"SOURCE_ID":199,"kom":0,"GiZScore":-1.7901157775982175,"GiPValue":0.073435300895033376,"NNeighbors":222,"Gi_Bin":-1}},{"type":"Feature","id":200,"geometry":{"type":"Point","coordinates":[99.000297179882125,18.76552499977188]},"properties":{"OBJECTID":200,"SOURCE_ID":200,"kom":6,"GiZScore":-1.8286885061741085,"GiPValue":0.06744628529239681,"NNeighbors":201,"Gi_Bin":-1}},{"type":"Feature","id":201,"geometry":{"type":"Point","coordinates":[99.000471470156413,18.765093060346025]},"properties":{"OBJECTID":201,"SOURCE_ID":201,"kom":0,"GiZScore":-1.7447209475631797,"GiPValue":0.081033455153171619,"NNeighbors":198,"Gi_Bin":-1}},{"type":"Feature","id":202,"geometry":{"type":"Point","coordinates":[99.000629469895529,18.76471346025885]},"properties":{"OBJECTID":202,"SOURCE_ID":202,"kom":0,"GiZScore":-1.7479105691803685,"GiPValue":0.080479514406520236,"NNeighbors":193,"Gi_Bin":-1}},{"type":"Feature","id":203,"geometry":{"type":"Point","coordinates":[99.000701730316365,18.764546329985631]},"properties":{"OBJECTID":203,"SOURCE_ID":203,"kom":0,"GiZScore":-1.6629525263536578,"GiPValue":0.096321938784171682,"NNeighbors":189,"Gi_Bin":-1}},{"type":"Feature","id":204,"geometry":{"type":"Point","coordinates":[99.000882949569885,18.764133140163121]},"properties":{"OBJECTID":204,"SOURCE_ID":204,"kom":9,"GiZScore":-1.4602421130358398,"GiPValue":0.14422354501904161,"NNeighbors":178,"Gi_Bin":0}},{"type":"Feature","id":205,"geometry":{"type":"Point","coordinates":[99.000957400254791,18.763966870179907]},"properties":{"OBJECTID":205,"SOURCE_ID":205,"kom":0,"GiZScore":-1.4602421130358398,"GiPValue":0.14422354501904161,"NNeighbors":178,"Gi_Bin":0}},{"type":"Feature","id":206,"geometry":{"type":"Point","coordinates":[98.998120529532954,18.774760740318801]},"properties":{"OBJECTID":206,"SOURCE_ID":206,"kom":0,"GiZScore":-0.47577989757214889,"GiPValue":0.63423119440335718,"NNeighbors":312,"Gi_Bin":0}},{"type":"Feature","id":207,"geometry":{"type":"Point","coordinates":[98.997781000272738,18.77514135980482]},"properties":{"OBJECTID":207,"SOURCE_ID":207,"kom":0,"GiZScore":-0.36549476589980268,"GiPValue":0.7147421139280753,"NNeighbors":317,"Gi_Bin":0}},{"type":"Feature","id":208,"geometry":{"type":"Point","coordinates":[99.005668369708602,18.763951079722737]},"properties":{"OBJECTID":208,"SOURCE_ID":208,"kom":0,"GiZScore":-1.2812503392053811,"GiPValue":0.2001057498416613,"NNeighbors":154,"Gi_Bin":0}},{"type":"Feature","id":209,"geometry":{"type":"Point","coordinates":[99.005773609823308,18.763291869941252]},"properties":{"OBJECTID":209,"SOURCE_ID":209,"kom":0,"GiZScore":-0.85900764305355626,"GiPValue":0.39033630807775033,"NNeighbors":146,"Gi_Bin":0}},{"type":"Feature","id":210,"geometry":{"type":"Point","coordinates":[99.005989160061347,18.762411710228097]},"properties":{"OBJECTID":210,"SOURCE_ID":210,"kom":1,"GiZScore":-0.67571381069411596,"GiPValue":0.49922237020973192,"NNeighbors":131,"Gi_Bin":0}},{"type":"Feature","id":211,"geometry":{"type":"Point","coordinates":[99.006305859527814,18.761290150353236]},"properties":{"OBJECTID":211,"SOURCE_ID":211,"kom":0,"GiZScore":-0.59796414443829216,"GiPValue":0.5498638610260661,"NNeighbors":125,"Gi_Bin":0}},{"type":"Feature","id":212,"geometry":{"type":"Point","coordinates":[99.00428408035242,18.766499970020355]},"properties":{"OBJECTID":212,"SOURCE_ID":212,"kom":0,"GiZScore":-1.6964031464740978,"GiPValue":0.089809558252523985,"NNeighbors":183,"Gi_Bin":-1}},{"type":"Feature","id":213,"geometry":{"type":"Point","coordinates":[99.005086469905677,18.766757009832407]},"properties":{"OBJECTID":213,"SOURCE_ID":213,"kom":0,"GiZScore":-1.7252707359584365,"GiPValue":0.084478693185387199,"NNeighbors":184,"Gi_Bin":-1}},{"type":"Feature","id":214,"geometry":{"type":"Point","coordinates":[99.003654250190834,18.766292040001154]},"properties":{"OBJECTID":214,"SOURCE_ID":214,"kom":2,"GiZScore":-1.635843933789068,"GiPValue":0.10187225449935716,"NNeighbors":185,"Gi_Bin":0}},{"type":"Feature","id":215,"geometry":{"type":"Point","coordinates":[99.005164190045733,18.783881579918699]},"properties":{"OBJECTID":215,"SOURCE_ID":215,"kom":0,"GiZScore":-0.41323784786595141,"GiPValue":0.679432362153362,"NNeighbors":245,"Gi_Bin":0}},{"type":"Feature","id":216,"geometry":{"type":"Point","coordinates":[98.99425190046145,18.789313229967931]},"properties":{"OBJECTID":216,"SOURCE_ID":216,"kom":0,"GiZScore":0.95733061278392229,"GiPValue":0.33840042047315311,"NNeighbors":331,"Gi_Bin":0}},{"type":"Feature","id":217,"geometry":{"type":"Point","coordinates":[98.9944793995613,18.789828680363325]},"properties":{"OBJECTID":217,"SOURCE_ID":217,"kom":0,"GiZScore":0.9101079153761813,"GiPValue":0.3627656109360381,"NNeighbors":317,"Gi_Bin":0}},{"type":"Feature","id":218,"geometry":{"type":"Point","coordinates":[98.99455279999556,18.78999538007108]},"properties":{"OBJECTID":218,"SOURCE_ID":218,"kom":0,"GiZScore":0.83431676813952937,"GiPValue":0.40410251338137282,"NNeighbors":311,"Gi_Bin":0}},{"type":"Feature","id":219,"geometry":{"type":"Point","coordinates":[98.996196539888828,18.791592659798209]},"properties":{"OBJECTID":219,"SOURCE_ID":219,"kom":1,"GiZScore":0.96735205412815883,"GiPValue":0.3333680820029149,"NNeighbors":301,"Gi_Bin":0}},{"type":"Feature","id":220,"geometry":{"type":"Point","coordinates":[98.995733199955382,18.792221329793684]},"properties":{"OBJECTID":220,"SOURCE_ID":220,"kom":3,"GiZScore":1.1311081982471445,"GiPValue":0.2580095727878573,"NNeighbors":303,"Gi_Bin":0}},{"type":"Feature","id":221,"geometry":{"type":"Point","coordinates":[98.99557092958571,18.792375720249503]},"properties":{"OBJECTID":221,"SOURCE_ID":221,"kom":0,"GiZScore":1.3592993905849449,"GiPValue":0.17405173709657423,"NNeighbors":301,"Gi_Bin":0}},{"type":"Feature","id":222,"geometry":{"type":"Point","coordinates":[98.994944320091093,18.793058469716957]},"properties":{"OBJECTID":222,"SOURCE_ID":222,"kom":4,"GiZScore":1.2703431333787156,"GiPValue":0.20396245534446522,"NNeighbors":311,"Gi_Bin":0}},{"type":"Feature","id":223,"geometry":{"type":"Point","coordinates":[98.994148610178073,18.793681510243708]},"properties":{"OBJECTID":223,"SOURCE_ID":223,"kom":2,"GiZScore":1.4615355316608813,"GiPValue":0.14386853190135879,"NNeighbors":300,"Gi_Bin":0}},{"type":"Feature","id":224,"geometry":{"type":"Point","coordinates":[98.994756479925357,18.790810860202388]},"properties":{"OBJECTID":224,"SOURCE_ID":224,"kom":0,"GiZScore":0.95902026791712336,"GiPValue":0.33754854683262936,"NNeighbors":310,"Gi_Bin":0}},{"type":"Feature","id":225,"geometry":{"type":"Point","coordinates":[99.000698999908863,18.795664869648636]},"properties":{"OBJECTID":225,"SOURCE_ID":225,"kom":0,"GiZScore":2.8157323478397807,"GiPValue":0.0048666192154242609,"NNeighbors":259,"Gi_Bin":3}},{"type":"Feature","id":226,"geometry":{"type":"Point","coordinates":[99.00256147026505,18.797820270162038]},"properties":{"OBJECTID":226,"SOURCE_ID":226,"kom":0,"GiZScore":2.2453047282777501,"GiPValue":0.024748576711999388,"NNeighbors":238,"Gi_Bin":2}},{"type":"Feature","id":227,"geometry":{"type":"Point","coordinates":[99.00336582023165,18.798664250049846]},"properties":{"OBJECTID":227,"SOURCE_ID":227,"kom":0,"GiZScore":2.3721100898037508,"GiPValue":0.017686819912367178,"NNeighbors":235,"Gi_Bin":2}},{"type":"Feature","id":228,"geometry":{"type":"Point","coordinates":[99.003501339693429,18.798790810433271]},"properties":{"OBJECTID":228,"SOURCE_ID":228,"kom":0,"GiZScore":2.4057292938860502,"GiPValue":0.016140219719461779,"NNeighbors":234,"Gi_Bin":2}},{"type":"Feature","id":229,"geometry":{"type":"Point","coordinates":[99.003696990444794,18.798984190206188]},"properties":{"OBJECTID":229,"SOURCE_ID":229,"kom":1,"GiZScore":2.4733537004881661,"GiPValue":0.013385159530687491,"NNeighbors":232,"Gi_Bin":2}},{"type":"Feature","id":230,"geometry":{"type":"Point","coordinates":[99.003449160403378,18.791320189706383]},"properties":{"OBJECTID":230,"SOURCE_ID":230,"kom":8,"GiZScore":1.4057289006205367,"GiPValue":0.15980464164181177,"NNeighbors":251,"Gi_Bin":0}},{"type":"Feature","id":231,"geometry":{"type":"Point","coordinates":[99.002924410204471,18.794021559894556]},"properties":{"OBJECTID":231,"SOURCE_ID":231,"kom":2,"GiZScore":2.3365772612982938,"GiPValue":0.019461175941283132,"NNeighbors":257,"Gi_Bin":2}},{"type":"Feature","id":232,"geometry":{"type":"Point","coordinates":[99.003558539875073,18.792021469937055]},"properties":{"OBJECTID":232,"SOURCE_ID":232,"kom":0,"GiZScore":1.4138587600857362,"GiPValue":0.15740337663987095,"NNeighbors":244,"Gi_Bin":0}},{"type":"Feature","id":233,"geometry":{"type":"Point","coordinates":[99.003608170113921,18.791590529827989]},"properties":{"OBJECTID":233,"SOURCE_ID":233,"kom":0,"GiZScore":1.3824796897402598,"GiPValue":0.16682446246963425,"NNeighbors":245,"Gi_Bin":0}},{"type":"Feature","id":234,"geometry":{"type":"Point","coordinates":[99.002951879823542,18.796696719995513]},"properties":{"OBJECTID":234,"SOURCE_ID":234,"kom":0,"GiZScore":1.9810556410265945,"GiPValue":0.047585034127628871,"NNeighbors":242,"Gi_Bin":2}},{"type":"Feature","id":235,"geometry":{"type":"Point","coordinates":[99.00305465040158,18.795465960092987]},"properties":{"OBJECTID":235,"SOURCE_ID":235,"kom":2,"GiZScore":2.0075475149687407,"GiPValue":0.044691396647238896,"NNeighbors":251,"Gi_Bin":2}},{"type":"Feature","id":236,"geometry":{"type":"Point","coordinates":[99.003069699639155,18.795285769732654]},"properties":{"OBJECTID":236,"SOURCE_ID":236,"kom":2,"GiZScore":1.8972924121572228,"GiPValue":0.057789355892318955,"NNeighbors":252,"Gi_Bin":1}},{"type":"Feature","id":237,"geometry":{"type":"Point","coordinates":[99.003084740304075,18.795105580271567]},"properties":{"OBJECTID":237,"SOURCE_ID":237,"kom":0,"GiZScore":1.9234191688441282,"GiPValue":0.054427428878841506,"NNeighbors":252,"Gi_Bin":1}},{"type":"Feature","id":238,"geometry":{"type":"Point","coordinates":[99.002379139691826,18.797123700366956]},"properties":{"OBJECTID":238,"SOURCE_ID":238,"kom":4,"GiZScore":1.9810556410265945,"GiPValue":0.047585034127628871,"NNeighbors":242,"Gi_Bin":2}},{"type":"Feature","id":239,"geometry":{"type":"Point","coordinates":[99.002567380037519,18.797100599755908]},"properties":{"OBJECTID":239,"SOURCE_ID":239,"kom":2,"GiZScore":2.007588006369101,"GiPValue":0.044687090110218687,"NNeighbors":242,"Gi_Bin":2}},{"type":"Feature","id":240,"geometry":{"type":"Point","coordinates":[99.00275562033184,18.797077499858808]},"properties":{"OBJECTID":240,"SOURCE_ID":240,"kom":0,"GiZScore":1.9338388170718324,"GiPValue":0.053132948542202733,"NNeighbors":241,"Gi_Bin":1}},{"type":"Feature","id":241,"geometry":{"type":"Point","coordinates":[99.005017110324673,18.797531700387577]},"properties":{"OBJECTID":241,"SOURCE_ID":241,"kom":0,"GiZScore":1.8650086256853,"GiPValue":0.062180195163474727,"NNeighbors":230,"Gi_Bin":1}},{"type":"Feature","id":242,"geometry":{"type":"Point","coordinates":[99.005400920308148,18.799604369644268]},"properties":{"OBJECTID":242,"SOURCE_ID":242,"kom":0,"GiZScore":2.6816633074305591,"GiPValue":0.0073257148774537742,"NNeighbors":208,"Gi_Bin":3}},{"type":"Feature","id":243,"geometry":{"type":"Point","coordinates":[99.0051092301034,18.797803169666839]},"properties":{"OBJECTID":243,"SOURCE_ID":243,"kom":0,"GiZScore":1.9375564239302405,"GiPValue":0.052677363220829214,"NNeighbors":227,"Gi_Bin":1}},{"type":"Feature","id":244,"geometry":{"type":"Point","coordinates":[99.000927279729552,18.795320959976152]},"properties":{"OBJECTID":244,"SOURCE_ID":244,"kom":1,"GiZScore":2.8157323478397807,"GiPValue":0.0048666192154242609,"NNeighbors":259,"Gi_Bin":3}},{"type":"Feature","id":245,"geometry":{"type":"Point","coordinates":[98.982868690403166,18.79703066997358]},"properties":{"OBJECTID":245,"SOURCE_ID":245,"kom":0,"GiZScore":-0.27773279710703913,"GiPValue":0.78121748253938805,"NNeighbors":266,"Gi_Bin":0}},{"type":"Feature","id":246,"geometry":{"type":"Point","coordinates":[98.98585160017727,18.798378440055778]},"properties":{"OBJECTID":246,"SOURCE_ID":246,"kom":8,"GiZScore":0.39445313040720503,"GiPValue":0.69324652530563957,"NNeighbors":264,"Gi_Bin":0}},{"type":"Feature","id":247,"geometry":{"type":"Point","coordinates":[98.985323640352703,18.798400329718387]},"properties":{"OBJECTID":247,"SOURCE_ID":247,"kom":0,"GiZScore":0.36557734087913912,"GiPValue":0.71468048649849059,"NNeighbors":265,"Gi_Bin":0}},{"type":"Feature","id":248,"geometry":{"type":"Point","coordinates":[98.984675779870017,18.798425939826039]},"properties":{"OBJECTID":248,"SOURCE_ID":248,"kom":0,"GiZScore":0.55843934397772033,"GiPValue":0.57654441547305746,"NNeighbors":276,"Gi_Bin":0}},{"type":"Feature","id":249,"geometry":{"type":"Point","coordinates":[98.983895379557964,18.798460729632254]},"properties":{"OBJECTID":249,"SOURCE_ID":249,"kom":0,"GiZScore":0.60439040269517952,"GiPValue":0.54558411821167208,"NNeighbors":270,"Gi_Bin":0}},{"type":"Feature","id":250,"geometry":{"type":"Point","coordinates":[98.987689390260854,18.802700540287773]},"properties":{"OBJECTID":250,"SOURCE_ID":250,"kom":3,"GiZScore":0.41582910517633953,"GiPValue":0.67753506066075397,"NNeighbors":219,"Gi_Bin":0}},{"type":"Feature","id":251,"geometry":{"type":"Point","coordinates":[99.007881809571856,18.798628769571195]},"properties":{"OBJECTID":251,"SOURCE_ID":251,"kom":0,"GiZScore":2.1338333124445059,"GiPValue":0.03285642795443567,"NNeighbors":198,"Gi_Bin":2}},{"type":"Feature","id":252,"geometry":{"type":"Point","coordinates":[99.01281973025911,18.807088830079262]},"properties":{"OBJECTID":252,"SOURCE_ID":252,"kom":4,"GiZScore":2.9936793656689056,"GiPValue":0.0027563544071737582,"NNeighbors":74,"Gi_Bin":3}},{"type":"Feature","id":253,"geometry":{"type":"Point","coordinates":[99.012786720224824,18.806864380377007]},"properties":{"OBJECTID":253,"SOURCE_ID":253,"kom":0,"GiZScore":2.9936793656689056,"GiPValue":0.0027563544071737582,"NNeighbors":74,"Gi_Bin":3}},{"type":"Feature","id":254,"geometry":{"type":"Point","coordinates":[99.012575949705308,18.806066959600063]},"properties":{"OBJECTID":254,"SOURCE_ID":254,"kom":0,"GiZScore":2.6557653918980137,"GiPValue":0.0079128643022707834,"NNeighbors":86,"Gi_Bin":3}},{"type":"Feature","id":255,"geometry":{"type":"Point","coordinates":[99.012000120413504,18.804227969797239]},"properties":{"OBJECTID":255,"SOURCE_ID":255,"kom":0,"GiZScore":2.0816758598440579,"GiPValue":0.037372087065763268,"NNeighbors":108,"Gi_Bin":2}},{"type":"Feature","id":256,"geometry":{"type":"Point","coordinates":[98.976461930084028,18.790463539793194]},"properties":{"OBJECTID":256,"SOURCE_ID":256,"kom":0,"GiZScore":-0.26477689459342652,"GiPValue":0.7911813375375053,"NNeighbors":238,"Gi_Bin":0}},{"type":"Feature","id":257,"geometry":{"type":"Point","coordinates":[98.997868780184263,18.76255637986765]},"properties":{"OBJECTID":257,"SOURCE_ID":257,"kom":0,"GiZScore":-1.4044047197290102,"GiPValue":0.16019836624983716,"NNeighbors":163,"Gi_Bin":0}},{"type":"Feature","id":258,"geometry":{"type":"Point","coordinates":[98.99840059964643,18.76209749038124]},"properties":{"OBJECTID":258,"SOURCE_ID":258,"kom":0,"GiZScore":-1.1208979162466535,"GiPValue":0.26233133620428695,"NNeighbors":150,"Gi_Bin":0}},{"type":"Feature","id":259,"geometry":{"type":"Point","coordinates":[98.99853136960148,18.761916130287265]},"properties":{"OBJECTID":259,"SOURCE_ID":259,"kom":4,"GiZScore":-1.1208979162466535,"GiPValue":0.26233133620428695,"NNeighbors":150,"Gi_Bin":0}},{"type":"Feature","id":260,"geometry":{"type":"Point","coordinates":[98.998634449916111,18.761764369980551]},"properties":{"OBJECTID":260,"SOURCE_ID":260,"kom":0,"GiZScore":-1.1208979162466535,"GiPValue":0.26233133620428695,"NNeighbors":150,"Gi_Bin":0}},{"type":"Feature","id":261,"geometry":{"type":"Point","coordinates":[98.99948735954024,18.762625519620187]},"properties":{"OBJECTID":261,"SOURCE_ID":261,"kom":0,"GiZScore":-1.185970844354348,"GiPValue":0.23563383483481815,"NNeighbors":161,"Gi_Bin":0}},{"type":"Feature","id":262,"geometry":{"type":"Point","coordinates":[98.998441889795117,18.762074379872768]},"properties":{"OBJECTID":262,"SOURCE_ID":262,"kom":0,"GiZScore":-1.1208979162466535,"GiPValue":0.26233133620428695,"NNeighbors":150,"Gi_Bin":0}},{"type":"Feature","id":263,"geometry":{"type":"Point","coordinates":[99.000360790028154,18.764108810025338]},"properties":{"OBJECTID":263,"SOURCE_ID":263,"kom":1,"GiZScore":-1.6389921588948222,"GiPValue":0.10121489271584654,"NNeighbors":180,"Gi_Bin":0}},{"type":"Feature","id":264,"geometry":{"type":"Point","coordinates":[98.997724629912554,18.762903439573332]},"properties":{"OBJECTID":264,"SOURCE_ID":264,"kom":0,"GiZScore":-1.5563902855672829,"GiPValue":0.11961531379252158,"NNeighbors":168,"Gi_Bin":0}},{"type":"Feature","id":265,"geometry":{"type":"Point","coordinates":[98.998120780445603,18.76324707005362]},"properties":{"OBJECTID":265,"SOURCE_ID":265,"kom":0,"GiZScore":-1.6459621911413527,"GiPValue":0.099771543438719398,"NNeighbors":171,"Gi_Bin":-1}},{"type":"Feature","id":266,"geometry":{"type":"Point","coordinates":[98.998395949740228,18.763496030134863]},"properties":{"OBJECTID":266,"SOURCE_ID":266,"kom":0,"GiZScore":-1.6755610769316966,"GiPValue":0.093824198226126296,"NNeighbors":172,"Gi_Bin":-1}},{"type":"Feature","id":267,"geometry":{"type":"Point","coordinates":[98.998591079676231,18.763672590094838]},"properties":{"OBJECTID":267,"SOURCE_ID":267,"kom":8,"GiZScore":-1.7343821182838242,"GiPValue":0.082850305717662706,"NNeighbors":174,"Gi_Bin":-1}},{"type":"Feature","id":268,"geometry":{"type":"Point","coordinates":[98.9989583603612,18.763985820429749]},"properties":{"OBJECTID":268,"SOURCE_ID":268,"kom":2,"GiZScore":-1.7884159454607318,"GiPValue":0.073708925615207213,"NNeighbors":180,"Gi_Bin":-1}},{"type":"Feature","id":269,"geometry":{"type":"Point","coordinates":[99.000326460372463,18.764831150040926]},"properties":{"OBJECTID":269,"SOURCE_ID":269,"kom":0,"GiZScore":-1.7453219291708382,"GiPValue":0.080928846832188372,"NNeighbors":197,"Gi_Bin":-1}},{"type":"Feature","id":270,"geometry":{"type":"Point","coordinates":[98.996545720039052,18.764915480116567]},"properties":{"OBJECTID":270,"SOURCE_ID":270,"kom":0,"GiZScore":-1.9559939757649436,"GiPValue":0.050465863770339993,"NNeighbors":220,"Gi_Bin":-1}},{"type":"Feature","id":271,"geometry":{"type":"Point","coordinates":[98.997754530242332,18.765672979645309]},"properties":{"OBJECTID":271,"SOURCE_ID":271,"kom":0,"GiZScore":-2.0669900570665529,"GiPValue":0.038735090872976677,"NNeighbors":219,"Gi_Bin":-2}},{"type":"Feature","id":272,"geometry":{"type":"Point","coordinates":[98.999957639817296,18.765989539707093]},"properties":{"OBJECTID":272,"SOURCE_ID":272,"kom":0,"GiZScore":-1.9086346092003799,"GiPValue":0.056309244043229428,"NNeighbors":208,"Gi_Bin":-1}},{"type":"Feature","id":273,"geometry":{"type":"Point","coordinates":[99.004364490422361,18.784004869979665]},"properties":{"OBJECTID":273,"SOURCE_ID":273,"kom":0,"GiZScore":-0.84895462558668178,"GiPValue":0.39590654953261584,"NNeighbors":254,"Gi_Bin":0}},{"type":"Feature","id":274,"geometry":{"type":"Point","coordinates":[99.004553779660867,18.784017850206162]},"properties":{"OBJECTID":274,"SOURCE_ID":274,"kom":0,"GiZScore":-0.81537099973027327,"GiPValue":0.4148599867155327,"NNeighbors":249,"Gi_Bin":0}},{"type":"Feature","id":275,"geometry":{"type":"Point","coordinates":[98.999728030059742,18.786004710411355]},"properties":{"OBJECTID":275,"SOURCE_ID":275,"kom":0,"GiZScore":0.42852545885505527,"GiPValue":0.66826860344927586,"NNeighbors":309,"Gi_Bin":0}},{"type":"Feature","id":276,"geometry":{"type":"Point","coordinates":[98.999926049813823,18.786974869687143]},"properties":{"OBJECTID":276,"SOURCE_ID":276,"kom":0,"GiZScore":0.50263633693364174,"GiPValue":0.61521997878323376,"NNeighbors":293,"Gi_Bin":0}},{"type":"Feature","id":277,"geometry":{"type":"Point","coordinates":[98.999077500012291,18.781414129623112]},"properties":{"OBJECTID":277,"SOURCE_ID":277,"kom":0,"GiZScore":0.63297928135637538,"GiPValue":0.52674717661336734,"NNeighbors":291,"Gi_Bin":0}},{"type":"Feature","id":278,"geometry":{"type":"Point","coordinates":[98.999313819751251,18.78299794985212]},"properties":{"OBJECTID":278,"SOURCE_ID":278,"kom":0,"GiZScore":0.30886146788638447,"GiPValue":0.75742690925699541,"NNeighbors":300,"Gi_Bin":0}},{"type":"Feature","id":279,"geometry":{"type":"Point","coordinates":[98.999363359606733,18.783538159552858]},"properties":{"OBJECTID":279,"SOURCE_ID":279,"kom":4,"GiZScore":0.25124281158269846,"GiPValue":0.80162638718691737,"NNeighbors":303,"Gi_Bin":0}},{"type":"Feature","id":280,"geometry":{"type":"Point","coordinates":[98.999379869799014,18.783718239686181]},"properties":{"OBJECTID":280,"SOURCE_ID":280,"kom":0,"GiZScore":0.22398900513298975,"GiPValue":0.82276585869615293,"NNeighbors":304,"Gi_Bin":0}},{"type":"Feature","id":281,"geometry":{"type":"Point","coordinates":[98.999396390464341,18.783898309872942]},"properties":{"OBJECTID":281,"SOURCE_ID":281,"kom":0,"GiZScore":0.27281494630639341,"GiPValue":0.78499547005704695,"NNeighbors":304,"Gi_Bin":0}},{"type":"Feature","id":282,"geometry":{"type":"Point","coordinates":[98.998410420415397,18.784271080221799]},"properties":{"OBJECTID":282,"SOURCE_ID":282,"kom":0,"GiZScore":0.35863266397876464,"GiPValue":0.71986990853240251,"NNeighbors":308,"Gi_Bin":0}},{"type":"Feature","id":283,"geometry":{"type":"Point","coordinates":[98.998359220045785,18.783526039940323]},"properties":{"OBJECTID":283,"SOURCE_ID":283,"kom":10,"GiZScore":0.2914590364850162,"GiPValue":0.77070026905758371,"NNeighbors":306,"Gi_Bin":0}},{"type":"Feature","id":284,"geometry":{"type":"Point","coordinates":[98.998440230010075,18.781716389754084]},"properties":{"OBJECTID":284,"SOURCE_ID":284,"kom":0,"GiZScore":0.48942284316589241,"GiPValue":0.62454236877569547,"NNeighbors":305,"Gi_Bin":0}},{"type":"Feature","id":285,"geometry":{"type":"Point","coordinates":[98.998259339672074,18.780678170429358]},"properties":{"OBJECTID":285,"SOURCE_ID":285,"kom":0,"GiZScore":0.4805363284485436,"GiPValue":0.63084607937764936,"NNeighbors":300,"Gi_Bin":0}},{"type":"Feature","id":286,"geometry":{"type":"Point","coordinates":[98.997433310214632,18.779224710305499]},"properties":{"OBJECTID":286,"SOURCE_ID":286,"kom":0,"GiZScore":-0.25521307396070975,"GiPValue":0.79855853404092081,"NNeighbors":300,"Gi_Bin":0}},{"type":"Feature","id":287,"geometry":{"type":"Point","coordinates":[98.997065120428132,18.778871800180156]},"properties":{"OBJECTID":287,"SOURCE_ID":287,"kom":0,"GiZScore":-0.43516120070796016,"GiPValue":0.66344542430917874,"NNeighbors":304,"Gi_Bin":0}},{"type":"Feature","id":288,"geometry":{"type":"Point","coordinates":[99.002966619872566,18.784592189788334]},"properties":{"OBJECTID":288,"SOURCE_ID":288,"kom":0,"GiZScore":0.0079942817824838874,"GiPValue":0.99362155392997964,"NNeighbors":274,"Gi_Bin":0}},{"type":"Feature","id":289,"geometry":{"type":"Point","coordinates":[99.002941220191659,18.785119910156201]},"properties":{"OBJECTID":289,"SOURCE_ID":289,"kom":0,"GiZScore":0.010660033653142767,"GiPValue":0.99149468481538616,"NNeighbors":273,"Gi_Bin":0}},{"type":"Feature","id":290,"geometry":{"type":"Point","coordinates":[99.002903640340634,18.785660080379621]},"properties":{"OBJECTID":290,"SOURCE_ID":290,"kom":0,"GiZScore":-0.080718329149070775,"GiPValue":0.93566595982953371,"NNeighbors":279,"Gi_Bin":0}},{"type":"Feature","id":291,"geometry":{"type":"Point","coordinates":[99.004107550458343,18.789874760315943]},"properties":{"OBJECTID":291,"SOURCE_ID":291,"kom":2,"GiZScore":1.3843914505752208,"GiPValue":0.16623862535013134,"NNeighbors":250,"Gi_Bin":0}},{"type":"Feature","id":292,"geometry":{"type":"Point","coordinates":[99.003602940100706,18.790724929753065]},"properties":{"OBJECTID":292,"SOURCE_ID":292,"kom":0,"GiZScore":1.4433612490437686,"GiPValue":0.14891873422639082,"NNeighbors":254,"Gi_Bin":0}},{"type":"Feature","id":293,"geometry":{"type":"Point","coordinates":[98.979308320006524,18.768281399660562]},"properties":{"OBJECTID":293,"SOURCE_ID":293,"kom":3,"GiZScore":-0.8279735462529132,"GiPValue":0.40768548948216643,"NNeighbors":200,"Gi_Bin":0}},{"type":"Feature","id":294,"geometry":{"type":"Point","coordinates":[98.979093949757115,18.768342529927626]},"properties":{"OBJECTID":294,"SOURCE_ID":294,"kom":0,"GiZScore":-1.023825408083002,"GiPValue":0.30591776140199745,"NNeighbors":195,"Gi_Bin":0}},{"type":"Feature","id":295,"geometry":{"type":"Point","coordinates":[98.988296329814844,18.766324859563412]},"properties":{"OBJECTID":295,"SOURCE_ID":295,"kom":0,"GiZScore":-1.3292221040269405,"GiPValue":0.18377470463361592,"NNeighbors":268,"Gi_Bin":0}},{"type":"Feature","id":296,"geometry":{"type":"Point","coordinates":[98.989019040291069,18.766083069649632]},"properties":{"OBJECTID":296,"SOURCE_ID":296,"kom":0,"GiZScore":-1.2497737149287391,"GiPValue":0.21138224480845391,"NNeighbors":265,"Gi_Bin":0}},{"type":"Feature","id":297,"geometry":{"type":"Point","coordinates":[98.989735620203646,18.765844629664404]},"properties":{"OBJECTID":297,"SOURCE_ID":297,"kom":4,"GiZScore":-1.1697218594780527,"GiPValue":0.24211293874346806,"NNeighbors":262,"Gi_Bin":0}},{"type":"Feature","id":298,"geometry":{"type":"Point","coordinates":[98.991831910360261,18.764702710359241]},"properties":{"OBJECTID":298,"SOURCE_ID":298,"kom":2,"GiZScore":-1.7865991622216681,"GiPValue":0.074002297221662516,"NNeighbors":241,"Gi_Bin":-1}},{"type":"Feature","id":299,"geometry":{"type":"Point","coordinates":[98.991976920074762,18.764586120313208]},"properties":{"OBJECTID":299,"SOURCE_ID":299,"kom":0,"GiZScore":-1.7865402376093442,"GiPValue":0.074011828242887406,"NNeighbors":242,"Gi_Bin":-1}},{"type":"Feature","id":300,"geometry":{"type":"Point","coordinates":[98.99212192010252,18.764469520211108]},"properties":{"OBJECTID":300,"SOURCE_ID":300,"kom":0,"GiZScore":-1.8132870222155302,"GiPValue":0.069787563877887246,"NNeighbors":240,"Gi_Bin":-1}},{"type":"Feature","id":301,"geometry":{"type":"Point","coordinates":[98.992483779955222,18.764174850286711]},"properties":{"OBJECTID":301,"SOURCE_ID":301,"kom":1,"GiZScore":-1.8948656520643619,"GiPValue":0.058110202704214985,"NNeighbors":234,"Gi_Bin":-1}},{"type":"Feature","id":302,"geometry":{"type":"Point","coordinates":[98.992723820123956,18.76398027980175]},"properties":{"OBJECTID":302,"SOURCE_ID":302,"kom":0,"GiZScore":-1.7344835046692351,"GiPValue":0.082832330053084602,"NNeighbors":226,"Gi_Bin":-1}},{"type":"Feature","id":303,"geometry":{"type":"Point","coordinates":[99.024446169703808,18.762811130182545]},"properties":{"OBJECTID":303,"SOURCE_ID":303,"kom":0,"GiZScore":-0.94579716136132908,"GiPValue":0.34425206521165552,"NNeighbors":111,"Gi_Bin":0}},{"type":"Feature","id":304,"geometry":{"type":"Point","coordinates":[99.023088600395354,18.76232558977221]},"properties":{"OBJECTID":304,"SOURCE_ID":304,"kom":0,"GiZScore":-0.94581735611924656,"GiPValue":0.34424176302717568,"NNeighbors":112,"Gi_Bin":0}},{"type":"Feature","id":305,"geometry":{"type":"Point","coordinates":[99.022759610428935,18.762203529663818]},"properties":{"OBJECTID":305,"SOURCE_ID":305,"kom":2,"GiZScore":-0.94581735611924656,"GiPValue":0.34424176302717568,"NNeighbors":112,"Gi_Bin":0}},{"type":"Feature","id":306,"geometry":{"type":"Point","coordinates":[98.987020880441008,18.766620660356764]},"properties":{"OBJECTID":306,"SOURCE_ID":306,"kom":1,"GiZScore":-1.3842588681708565,"GiPValue":0.16627920371123181,"NNeighbors":273,"Gi_Bin":0}},{"type":"Feature","id":307,"geometry":{"type":"Point","coordinates":[98.986577200224886,18.766765980348641]},"properties":{"OBJECTID":307,"SOURCE_ID":307,"kom":1,"GiZScore":-1.6352084964151199,"GiPValue":0.10200534764348854,"NNeighbors":267,"Gi_Bin":0}},{"type":"Feature","id":308,"geometry":{"type":"Point","coordinates":[98.986397650201539,18.766824469776676]},"properties":{"OBJECTID":308,"SOURCE_ID":308,"kom":1,"GiZScore":-1.6347907743284102,"GiPValue":0.10209291542178606,"NNeighbors":266,"Gi_Bin":0}},{"type":"Feature","id":309,"geometry":{"type":"Point","coordinates":[98.985091660465642,18.767246700067826]},"properties":{"OBJECTID":309,"SOURCE_ID":309,"kom":1,"GiZScore":-1.2877883369979266,"GiPValue":0.19781965327007703,"NNeighbors":249,"Gi_Bin":0}},{"type":"Feature","id":310,"geometry":{"type":"Point","coordinates":[98.984679549952546,18.767355870028879]},"properties":{"OBJECTID":310,"SOURCE_ID":310,"kom":0,"GiZScore":-1.2862272598455078,"GiPValue":0.19836376005333586,"NNeighbors":247,"Gi_Bin":0}},{"type":"Feature","id":311,"geometry":{"type":"Point","coordinates":[98.984496419809702,18.767403249740056]},"properties":{"OBJECTID":311,"SOURCE_ID":311,"kom":0,"GiZScore":-1.2045818759201163,"GiPValue":0.22836477891051588,"NNeighbors":244,"Gi_Bin":0}},{"type":"Feature","id":312,"geometry":{"type":"Point","coordinates":[98.984244620055904,18.767454659828445]},"properties":{"OBJECTID":312,"SOURCE_ID":312,"kom":0,"GiZScore":-1.2318737841276066,"GiPValue":0.21799625909805409,"NNeighbors":245,"Gi_Bin":0}},{"type":"Feature","id":313,"geometry":{"type":"Point","coordinates":[98.98314323002603,18.767642339930237]},"properties":{"OBJECTID":313,"SOURCE_ID":313,"kom":0,"GiZScore":-0.9516529230582117,"GiPValue":0.34127304363180999,"NNeighbors":232,"Gi_Bin":0}},{"type":"Feature","id":314,"geometry":{"type":"Point","coordinates":[98.982902810200954,18.767677829858759]},"properties":{"OBJECTID":314,"SOURCE_ID":314,"kom":0,"GiZScore":-1.0574442468462786,"GiPValue":0.29030890248373742,"NNeighbors":230,"Gi_Bin":0}},{"type":"Feature","id":315,"geometry":{"type":"Point","coordinates":[98.982715210470303,18.767705070044599]},"properties":{"OBJECTID":315,"SOURCE_ID":315,"kom":0,"GiZScore":-1.1919379460846933,"GiPValue":0.23328559931906601,"NNeighbors":229,"Gi_Bin":0}},{"type":"Feature","id":316,"geometry":{"type":"Point","coordinates":[98.982024920230302,18.767803379900005]},"properties":{"OBJECTID":316,"SOURCE_ID":316,"kom":0,"GiZScore":-1.105973920554592,"GiPValue":0.26873782509943556,"NNeighbors":224,"Gi_Bin":0}},{"type":"Feature","id":317,"geometry":{"type":"Point","coordinates":[98.993049320251174,18.763548230132496]},"properties":{"OBJECTID":317,"SOURCE_ID":317,"kom":3,"GiZScore":-2.1003722967067939,"GiPValue":0.035696104030414441,"NNeighbors":213,"Gi_Bin":-2}},{"type":"Feature","id":318,"geometry":{"type":"Point","coordinates":[98.992545789942767,18.763962420196023]},"properties":{"OBJECTID":318,"SOURCE_ID":318,"kom":6,"GiZScore":-1.7887261153911944,"GiPValue":0.073658934974567936,"NNeighbors":227,"Gi_Bin":-1}},{"type":"Feature","id":319,"geometry":{"type":"Point","coordinates":[98.991774709975147,18.764594270052676]},"properties":{"OBJECTID":319,"SOURCE_ID":319,"kom":6,"GiZScore":-1.7600529078018634,"GiPValue":0.078398836331124322,"NNeighbors":240,"Gi_Bin":-1}},{"type":"Feature","id":320,"geometry":{"type":"Point","coordinates":[98.991629420236293,18.764710539987028]},"properties":{"OBJECTID":320,"SOURCE_ID":320,"kom":0,"GiZScore":-1.8129835573470054,"GiPValue":0.06983435739714168,"NNeighbors":243,"Gi_Bin":-1}},{"type":"Feature","id":321,"geometry":{"type":"Point","coordinates":[98.990725409962934,18.765303770402337]},"properties":{"OBJECTID":321,"SOURCE_ID":321,"kom":0,"GiZScore":-1.5001807263339688,"GiPValue":0.13356759439860208,"NNeighbors":254,"Gi_Bin":0}},{"type":"Feature","id":322,"geometry":{"type":"Point","coordinates":[99.008257780455111,18.760089509847869]},"properties":{"OBJECTID":322,"SOURCE_ID":322,"kom":2,"GiZScore":-0.30784920216938244,"GiPValue":0.75819708095794658,"NNeighbors":107,"Gi_Bin":0}},{"type":"Feature","id":323,"geometry":{"type":"Point","coordinates":[99.007852100336763,18.760026339615628]},"properties":{"OBJECTID":323,"SOURCE_ID":323,"kom":0,"GiZScore":-0.4247290425843443,"GiPValue":0.67103421081960002,"NNeighbors":109,"Gi_Bin":0}},{"type":"Feature","id":324,"geometry":{"type":"Point","coordinates":[99.007480310086038,18.759953810193114]},"properties":{"OBJECTID":324,"SOURCE_ID":324,"kom":0,"GiZScore":-0.50280623623752574,"GiPValue":0.6151005105845283,"NNeighbors":111,"Gi_Bin":0}},{"type":"Feature","id":325,"geometry":{"type":"Point","coordinates":[99.009376330162993,18.761468189693456]},"properties":{"OBJECTID":325,"SOURCE_ID":325,"kom":0,"GiZScore":-0.42559636887996138,"GiPValue":0.67040198780463267,"NNeighbors":142,"Gi_Bin":0}},{"type":"Feature","id":326,"geometry":{"type":"Point","coordinates":[99.012218499750261,18.769110339782966]},"properties":{"OBJECTID":326,"SOURCE_ID":326,"kom":1,"GiZScore":-0.99926456272525288,"GiPValue":0.31766656068940424,"NNeighbors":163,"Gi_Bin":0}},{"type":"Feature","id":327,"geometry":{"type":"Point","coordinates":[99.012217599585654,18.768929589776935]},"properties":{"OBJECTID":327,"SOURCE_ID":327,"kom":0,"GiZScore":-1.0304291901870803,"GiPValue":0.3028085909554864,"NNeighbors":163,"Gi_Bin":0}},{"type":"Feature","id":328,"geometry":{"type":"Point","coordinates":[99.012215800210683,18.768568079812624]},"properties":{"OBJECTID":328,"SOURCE_ID":328,"kom":0,"GiZScore":-0.99991364017495543,"GiPValue":0.31735231616194015,"NNeighbors":164,"Gi_Bin":0}},{"type":"Feature","id":329,"geometry":{"type":"Point","coordinates":[99.012221370363406,18.768247239950913]},"properties":{"OBJECTID":329,"SOURCE_ID":329,"kom":0,"GiZScore":-1.0927584451107353,"GiPValue":0.27449988822262661,"NNeighbors":163,"Gi_Bin":0}},{"type":"Feature","id":330,"geometry":{"type":"Point","coordinates":[99.012252389733163,18.767600749819707]},"properties":{"OBJECTID":330,"SOURCE_ID":330,"kom":0,"GiZScore":-1.0615938176489079,"GiPValue":0.28842013731501848,"NNeighbors":163,"Gi_Bin":0}},{"type":"Feature","id":331,"geometry":{"type":"Point","coordinates":[99.011631320466648,18.771379990448288]},"properties":{"OBJECTID":331,"SOURCE_ID":331,"kom":0,"GiZScore":-1.0321614290076961,"GiPValue":0.30199651527964089,"NNeighbors":166,"Gi_Bin":0}},{"type":"Feature","id":332,"geometry":{"type":"Point","coordinates":[99.01087845020075,18.773435460021929]},"properties":{"OBJECTID":332,"SOURCE_ID":332,"kom":0,"GiZScore":-1.4014095088392478,"GiPValue":0.16109165041643059,"NNeighbors":172,"Gi_Bin":0}},{"type":"Feature","id":333,"geometry":{"type":"Point","coordinates":[99.010772369593127,18.773585339947733]},"properties":{"OBJECTID":333,"SOURCE_ID":333,"kom":0,"GiZScore":-1.4014095088392478,"GiPValue":0.16109165041643059,"NNeighbors":172,"Gi_Bin":0}},{"type":"Feature","id":334,"geometry":{"type":"Point","coordinates":[99.010654879677901,18.773762040446126]},"properties":{"OBJECTID":334,"SOURCE_ID":334,"kom":0,"GiZScore":-1.4910360226164532,"GiPValue":0.13595203759215627,"NNeighbors":176,"Gi_Bin":0}},{"type":"Feature","id":335,"geometry":{"type":"Point","coordinates":[99.017897449727911,18.785410820090206]},"properties":{"OBJECTID":335,"SOURCE_ID":335,"kom":0,"GiZScore":-1.3109108373435276,"GiPValue":0.18988788902093062,"NNeighbors":163,"Gi_Bin":0}},{"type":"Feature","id":336,"geometry":{"type":"Point","coordinates":[99.017901100297536,18.785591549599722]},"properties":{"OBJECTID":336,"SOURCE_ID":336,"kom":1,"GiZScore":-1.2172647134360746,"GiPValue":0.22350353799777689,"NNeighbors":160,"Gi_Bin":0}},{"type":"Feature","id":337,"geometry":{"type":"Point","coordinates":[99.017919359904695,18.786495169979375]},"properties":{"OBJECTID":337,"SOURCE_ID":337,"kom":0,"GiZScore":-1.2489204987941198,"GiPValue":0.21169417746723485,"NNeighbors":157,"Gi_Bin":0}},{"type":"Feature","id":338,"geometry":{"type":"Point","coordinates":[99.01791789960167,18.786845900006586]},"properties":{"OBJECTID":338,"SOURCE_ID":338,"kom":0,"GiZScore":-1.2172397039907401,"GiPValue":0.22351305053481596,"NNeighbors":158,"Gi_Bin":0}},{"type":"Feature","id":339,"geometry":{"type":"Point","coordinates":[99.013378260458168,18.800863130340769]},"properties":{"OBJECTID":339,"SOURCE_ID":339,"kom":1,"GiZScore":1.5742482146738441,"GiPValue":0.11543007669324828,"NNeighbors":121,"Gi_Bin":0}},{"type":"Feature","id":340,"geometry":{"type":"Point","coordinates":[99.013150180394092,18.801117959604429]},"properties":{"OBJECTID":340,"SOURCE_ID":340,"kom":0,"GiZScore":1.8973047728950747,"GiPValue":0.057787725431281703,"NNeighbors":124,"Gi_Bin":1}},{"type":"Feature","id":341,"geometry":{"type":"Point","coordinates":[99.011184690022446,18.803763760108058]},"properties":{"OBJECTID":341,"SOURCE_ID":341,"kom":2,"GiZScore":2.1308234939489155,"GiPValue":0.033103686079609868,"NNeighbors":122,"Gi_Bin":2}},{"type":"Feature","id":342,"geometry":{"type":"Point","coordinates":[99.009685419607791,18.801838269928449]},"properties":{"OBJECTID":342,"SOURCE_ID":342,"kom":14,"GiZScore":2.4435391379735485,"GiPValue":0.014543991992248234,"NNeighbors":152,"Gi_Bin":2}},{"type":"Feature","id":343,"geometry":{"type":"Point","coordinates":[99.015537390432968,18.802617349946207]},"properties":{"OBJECTID":343,"SOURCE_ID":343,"kom":1,"GiZScore":1.5227790300772306,"GiPValue":0.12781399801787216,"NNeighbors":87,"Gi_Bin":0}},{"type":"Feature","id":344,"geometry":{"type":"Point","coordinates":[99.014424190303984,18.803391259608752]},"properties":{"OBJECTID":344,"SOURCE_ID":344,"kom":4,"GiZScore":2.224478909253897,"GiPValue":0.026116239967655518,"NNeighbors":87,"Gi_Bin":2}},{"type":"Feature","id":345,"geometry":{"type":"Point","coordinates":[99.015204239613794,18.805013229797005]},"properties":{"OBJECTID":345,"SOURCE_ID":345,"kom":0,"GiZScore":2.6578924951312466,"GiPValue":0.0078630971028600949,"NNeighbors":69,"Gi_Bin":3}},{"type":"Feature","id":346,"geometry":{"type":"Point","coordinates":[99.014372820123427,18.806026320310743]},"properties":{"OBJECTID":346,"SOURCE_ID":346,"kom":0,"GiZScore":3.2482837091736956,"GiPValue":0.0011610344155178313,"NNeighbors":71,"Gi_Bin":3}},{"type":"Feature","id":347,"geometry":{"type":"Point","coordinates":[99.014509560150231,18.805900949896383]},"properties":{"OBJECTID":347,"SOURCE_ID":347,"kom":6,"GiZScore":3.2482837091736956,"GiPValue":0.0011610344155178313,"NNeighbors":71,"Gi_Bin":3}},{"type":"Feature","id":348,"geometry":{"type":"Point","coordinates":[99.014783039597958,18.805650229549538]},"properties":{"OBJECTID":348,"SOURCE_ID":348,"kom":0,"GiZScore":3.0463745057077594,"GiPValue":0.0023161914397760493,"NNeighbors":70,"Gi_Bin":3}},{"type":"Feature","id":349,"geometry":{"type":"Point","coordinates":[99.013866090383118,18.806298999672933]},"properties":{"OBJECTID":349,"SOURCE_ID":349,"kom":0,"GiZScore":3.2482837091736956,"GiPValue":0.0011610344155178313,"NNeighbors":71,"Gi_Bin":3}},{"type":"Feature","id":350,"geometry":{"type":"Point","coordinates":[99.014373040260224,18.805299420318473]},"properties":{"OBJECTID":350,"SOURCE_ID":350,"kom":0,"GiZScore":3.1071530841075532,"GiPValue":0.0018889855179501144,"NNeighbors":73,"Gi_Bin":3}},{"type":"Feature","id":351,"geometry":{"type":"Point","coordinates":[98.99807433020186,18.789860779597067]},"properties":{"OBJECTID":351,"SOURCE_ID":351,"kom":0,"GiZScore":1.1013535588905852,"GiPValue":0.27074282678758377,"NNeighbors":298,"Gi_Bin":0}},{"type":"Feature","id":352,"geometry":{"type":"Point","coordinates":[98.997767029767601,18.790092169654745]},"properties":{"OBJECTID":352,"SOURCE_ID":352,"kom":2,"GiZScore":1.0351837578478029,"GiPValue":0.30058311725821441,"NNeighbors":296,"Gi_Bin":0}},{"type":"Feature","id":353,"geometry":{"type":"Point","coordinates":[99.000184430018095,18.788782769738106]},"properties":{"OBJECTID":353,"SOURCE_ID":353,"kom":2,"GiZScore":0.8172701225834037,"GiPValue":0.4137740846426029,"NNeighbors":288,"Gi_Bin":0}},{"type":"Feature","id":354,"geometry":{"type":"Point","coordinates":[99.000388639667463,18.789679039862168]},"properties":{"OBJECTID":354,"SOURCE_ID":354,"kom":2,"GiZScore":0.73166684250173464,"GiPValue":0.464371944781929,"NNeighbors":277,"Gi_Bin":0}},{"type":"Feature","id":355,"geometry":{"type":"Point","coordinates":[99.000218319736888,18.790002120303956]},"properties":{"OBJECTID":355,"SOURCE_ID":355,"kom":3,"GiZScore":0.85780950162600345,"GiPValue":0.39099767101753258,"NNeighbors":277,"Gi_Bin":0}},{"type":"Feature","id":356,"geometry":{"type":"Point","coordinates":[98.999034340108707,18.799017610246818]},"properties":{"OBJECTID":356,"SOURCE_ID":356,"kom":0,"GiZScore":2.1645436752334897,"GiPValue":0.030422648430810321,"NNeighbors":251,"Gi_Bin":2}},{"type":"Feature","id":357,"geometry":{"type":"Point","coordinates":[98.999339509671202,18.798947609571197]},"properties":{"OBJECTID":357,"SOURCE_ID":357,"kom":0,"GiZScore":2.1324332223393729,"GiPValue":0.032971248684555206,"NNeighbors":252,"Gi_Bin":2}},{"type":"Feature","id":358,"geometry":{"type":"Point","coordinates":[98.999826229574836,18.798689629759266]},"properties":{"OBJECTID":358,"SOURCE_ID":358,"kom":0,"GiZScore":2.2878262971893384,"GiPValue":0.022147638766720906,"NNeighbors":248,"Gi_Bin":2}},{"type":"Feature","id":359,"geometry":{"type":"Point","coordinates":[98.999971469753632,18.798573259883383]},"properties":{"OBJECTID":359,"SOURCE_ID":359,"kom":0,"GiZScore":2.4653049535173195,"GiPValue":0.013689668470862032,"NNeighbors":249,"Gi_Bin":2}},{"type":"Feature","id":360,"geometry":{"type":"Point","coordinates":[99.000116700242984,18.798456889893085]},"properties":{"OBJECTID":360,"SOURCE_ID":360,"kom":2,"GiZScore":2.3277921906300301,"GiPValue":0.01992314095898939,"NNeighbors":250,"Gi_Bin":2}},{"type":"Feature","id":361,"geometry":{"type":"Point","coordinates":[99.000261929583729,18.798340519788344]},"properties":{"OBJECTID":361,"SOURCE_ID":361,"kom":0,"GiZScore":2.3603233230133966,"GiPValue":0.01825901342378863,"NNeighbors":249,"Gi_Bin":2}},{"type":"Feature","id":362,"geometry":{"type":"Point","coordinates":[98.996898149892502,18.786241800320635]},"properties":{"OBJECTID":362,"SOURCE_ID":362,"kom":0,"GiZScore":0.84833280158649704,"GiPValue":0.39625266332851672,"NNeighbors":321,"Gi_Bin":0}},{"type":"Feature","id":363,"geometry":{"type":"Point","coordinates":[98.996851790372489,18.786053410076658]},"properties":{"OBJECTID":363,"SOURCE_ID":363,"kom":1,"GiZScore":0.82100733844165286,"GiPValue":0.41164209597521584,"NNeighbors":322,"Gi_Bin":0}},{"type":"Feature","id":364,"geometry":{"type":"Point","coordinates":[98.996020340285327,18.789190969863377]},"properties":{"OBJECTID":364,"SOURCE_ID":364,"kom":2,"GiZScore":0.81722211224307606,"GiPValue":0.41380151579740732,"NNeighbors":316,"Gi_Bin":0}},{"type":"Feature","id":365,"geometry":{"type":"Point","coordinates":[99.006931209707673,18.788454829681207]},"properties":{"OBJECTID":365,"SOURCE_ID":365,"kom":0,"GiZScore":-0.093991518447626862,"GiPValue":0.92511589421392304,"NNeighbors":234,"Gi_Bin":0}},{"type":"Feature","id":366,"geometry":{"type":"Point","coordinates":[99.007233379741237,18.791219179777627]},"properties":{"OBJECTID":366,"SOURCE_ID":366,"kom":0,"GiZScore":0.2778947072739566,"GiPValue":0.78109318725537324,"NNeighbors":219,"Gi_Bin":0}},{"type":"Feature","id":367,"geometry":{"type":"Point","coordinates":[99.005535370326598,18.792433860386009]},"properties":{"OBJECTID":367,"SOURCE_ID":367,"kom":1,"GiZScore":1.3018013946205163,"GiPValue":0.19298428694561853,"NNeighbors":229,"Gi_Bin":0}},{"type":"Feature","id":368,"geometry":{"type":"Point","coordinates":[99.004867509902837,18.792389099870523]},"properties":{"OBJECTID":368,"SOURCE_ID":368,"kom":0,"GiZScore":1.5404621858454872,"GiPValue":0.1234477333623117,"NNeighbors":240,"Gi_Bin":0}},{"type":"Feature","id":369,"geometry":{"type":"Point","coordinates":[99.004324240014299,18.792226809951337]},"properties":{"OBJECTID":369,"SOURCE_ID":369,"kom":2,"GiZScore":1.6096025262315019,"GiPValue":0.10748465637245469,"NNeighbors":242,"Gi_Bin":0}},{"type":"Feature","id":370,"geometry":{"type":"Point","coordinates":[99.004427719643047,18.809778339974894]},"properties":{"OBJECTID":370,"SOURCE_ID":370,"kom":2,"GiZScore":3.4981649897067055,"GiPValue":0.00046847122672427107,"NNeighbors":136,"Gi_Bin":3}},{"type":"Feature","id":371,"geometry":{"type":"Point","coordinates":[99.004481820043125,18.810280120346896]},"properties":{"OBJECTID":371,"SOURCE_ID":371,"kom":0,"GiZScore":3.645601712472494,"GiPValue":0.00026676687473568551,"NNeighbors":133,"Gi_Bin":3}},{"type":"Feature","id":372,"geometry":{"type":"Point","coordinates":[98.985013719800861,18.794216519702672]},"properties":{"OBJECTID":372,"SOURCE_ID":372,"kom":0,"GiZScore":0.83851345190421256,"GiPValue":0.40174240417096641,"NNeighbors":289,"Gi_Bin":0}},{"type":"Feature","id":373,"geometry":{"type":"Point","coordinates":[98.984992439606302,18.794396139640021]},"properties":{"OBJECTID":373,"SOURCE_ID":373,"kom":0,"GiZScore":0.8136651577328603,"GiPValue":0.41583680712653615,"NNeighbors":289,"Gi_Bin":0}},{"type":"Feature","id":374,"geometry":{"type":"Point","coordinates":[98.985911890225211,18.794268789741274]},"properties":{"OBJECTID":374,"SOURCE_ID":374,"kom":1,"GiZScore":0.85606932973260519,"GiPValue":0.39195944084530054,"NNeighbors":291,"Gi_Bin":0}},{"type":"Feature","id":375,"geometry":{"type":"Point","coordinates":[98.984335800235215,18.794495100263298]},"properties":{"OBJECTID":375,"SOURCE_ID":375,"kom":0,"GiZScore":1.0201648890061117,"GiPValue":0.30765028056387123,"NNeighbors":287,"Gi_Bin":0}},{"type":"Feature","id":376,"geometry":{"type":"Point","coordinates":[98.978952489925931,18.79450880031969]},"properties":{"OBJECTID":376,"SOURCE_ID":376,"kom":0,"GiZScore":-0.44875413154771315,"GiPValue":0.65360903191092934,"NNeighbors":262,"Gi_Bin":0}},{"type":"Feature","id":377,"geometry":{"type":"Point","coordinates":[98.979458160159339,18.793567429811009]},"properties":{"OBJECTID":377,"SOURCE_ID":377,"kom":0,"GiZScore":0.202838431290459,"GiPValue":0.83926131856904007,"NNeighbors":268,"Gi_Bin":0}},{"type":"Feature","id":378,"geometry":{"type":"Point","coordinates":[98.979578889637608,18.793500330422884]},"properties":{"OBJECTID":378,"SOURCE_ID":378,"kom":0,"GiZScore":0.23136388386571702,"GiPValue":0.81703212070291098,"NNeighbors":267,"Gi_Bin":0}},{"type":"Feature","id":379,"geometry":{"type":"Point","coordinates":[98.978567839860261,18.793505090348415]},"properties":{"OBJECTID":379,"SOURCE_ID":379,"kom":0,"GiZScore":-0.48257173706498196,"GiPValue":0.62939985258857356,"NNeighbors":266,"Gi_Bin":0}},{"type":"Feature","id":380,"geometry":{"type":"Point","coordinates":[98.967817229831212,18.788932699577938]},"properties":{"OBJECTID":380,"SOURCE_ID":380,"kom":0,"GiZScore":-0.27242800274811002,"GiPValue":0.78529294388298077,"NNeighbors":134,"Gi_Bin":0}},{"type":"Feature","id":381,"geometry":{"type":"Point","coordinates":[98.949559039931941,18.794307800023205]},"properties":{"OBJECTID":381,"SOURCE_ID":381,"kom":4,"GiZScore":1.9896965894822101,"GiPValue":0.046624368630471195,"NNeighbors":39,"Gi_Bin":2}},{"type":"Feature","id":382,"geometry":{"type":"Point","coordinates":[98.950182259886972,18.794193930035004]},"properties":{"OBJECTID":382,"SOURCE_ID":382,"kom":0,"GiZScore":1.8117723485846746,"GiPValue":0.070021379345673998,"NNeighbors":41,"Gi_Bin":1}},{"type":"Feature","id":383,"geometry":{"type":"Point","coordinates":[98.950561059699481,18.794109070089387]},"properties":{"OBJECTID":383,"SOURCE_ID":383,"kom":0,"GiZScore":1.8117723485846746,"GiPValue":0.070021379345673998,"NNeighbors":41,"Gi_Bin":1}},{"type":"Feature","id":384,"geometry":{"type":"Point","coordinates":[98.95092652011283,18.79401600037443]},"properties":{"OBJECTID":384,"SOURCE_ID":384,"kom":1,"GiZScore":1.726374132171155,"GiPValue":0.084280126422793714,"NNeighbors":42,"Gi_Bin":1}},{"type":"Feature","id":385,"geometry":{"type":"Point","coordinates":[98.951436370139717,18.793871700155396]},"properties":{"OBJECTID":385,"SOURCE_ID":385,"kom":0,"GiZScore":1.5620619114234944,"GiPValue":0.11827340459230787,"NNeighbors":44,"Gi_Bin":0}},{"type":"Feature","id":386,"geometry":{"type":"Point","coordinates":[98.948232599914164,18.796901990446489]},"properties":{"OBJECTID":386,"SOURCE_ID":386,"kom":0,"GiZScore":1.9891277509118888,"GiPValue":0.046687103974033445,"NNeighbors":43,"Gi_Bin":2}},{"type":"Feature","id":387,"geometry":{"type":"Point","coordinates":[98.948491080397744,18.796212830449512]},"properties":{"OBJECTID":387,"SOURCE_ID":387,"kom":0,"GiZScore":2.0762778937850701,"GiPValue":0.037868256643797421,"NNeighbors":42,"Gi_Bin":2}},{"type":"Feature","id":388,"geometry":{"type":"Point","coordinates":[98.954717540405269,18.801582910095618]},"properties":{"OBJECTID":388,"SOURCE_ID":388,"kom":0,"GiZScore":1.1452525555206388,"GiPValue":0.25210457258390617,"NNeighbors":58,"Gi_Bin":0}},{"type":"Feature","id":389,"geometry":{"type":"Point","coordinates":[98.995630580106422,18.794562159918524]},"properties":{"OBJECTID":389,"SOURCE_ID":389,"kom":0,"GiZScore":1.3433901759432554,"GiPValue":0.17914566629026052,"NNeighbors":293,"Gi_Bin":0}},{"type":"Feature","id":390,"geometry":{"type":"Point","coordinates":[98.995705979631623,18.794195330159809]},"properties":{"OBJECTID":390,"SOURCE_ID":390,"kom":0,"GiZScore":1.6667411709038871,"GiPValue":0.095565882526916363,"NNeighbors":298,"Gi_Bin":1}},{"type":"Feature","id":391,"geometry":{"type":"Point","coordinates":[98.995742460183521,18.794017939890573]},"properties":{"OBJECTID":391,"SOURCE_ID":391,"kom":0,"GiZScore":1.6287631843989852,"GiPValue":0.10336316113899484,"NNeighbors":301,"Gi_Bin":0}},{"type":"Feature","id":392,"geometry":{"type":"Point","coordinates":[98.995815440036793,18.7936631701665]},"properties":{"OBJECTID":392,"SOURCE_ID":392,"kom":0,"GiZScore":1.7956141926205027,"GiPValue":0.072555897109724488,"NNeighbors":302,"Gi_Bin":1}},{"type":"Feature","id":393,"geometry":{"type":"Point","coordinates":[98.996026769714106,18.792733590173032]},"properties":{"OBJECTID":393,"SOURCE_ID":393,"kom":0,"GiZScore":1.6887672403351006,"GiPValue":0.091264044106418418,"NNeighbors":304,"Gi_Bin":1}},{"type":"Feature","id":394,"geometry":{"type":"Point","coordinates":[98.994992139852542,18.784481969761035]},"properties":{"OBJECTID":394,"SOURCE_ID":394,"kom":0,"GiZScore":0.56810307137682636,"GiPValue":0.56996498506753956,"NNeighbors":342,"Gi_Bin":0}},{"type":"Feature","id":395,"geometry":{"type":"Point","coordinates":[98.994954120416963,18.783578430433089]},"properties":{"OBJECTID":395,"SOURCE_ID":395,"kom":32,"GiZScore":0.35959042862375529,"GiPValue":0.71915344300801365,"NNeighbors":341,"Gi_Bin":0}},{"type":"Feature","id":396,"geometry":{"type":"Point","coordinates":[98.995266790322162,18.782700119571306]},"properties":{"OBJECTID":396,"SOURCE_ID":396,"kom":0,"GiZScore":0.095442057006184813,"GiPValue":0.92396371187249837,"NNeighbors":334,"Gi_Bin":0}},{"type":"Feature","id":397,"geometry":{"type":"Point","coordinates":[98.994824050418032,18.781668949717339]},"properties":{"OBJECTID":397,"SOURCE_ID":397,"kom":0,"GiZScore":0.072532273964510549,"GiPValue":0.94217832219072728,"NNeighbors":343,"Gi_Bin":0}},{"type":"Feature","id":398,"geometry":{"type":"Point","coordinates":[98.995160089959484,18.782566819607119]},"properties":{"OBJECTID":398,"SOURCE_ID":398,"kom":0,"GiZScore":-0.0041320421343071009,"GiPValue":0.99670311675780709,"NNeighbors":336,"Gi_Bin":0}},{"type":"Feature","id":399,"geometry":{"type":"Point","coordinates":[98.995384259624444,18.782842369968211]},"properties":{"OBJECTID":399,"SOURCE_ID":399,"kom":0,"GiZScore":-0.065332266478537404,"GiPValue":0.94790945227816215,"NNeighbors":332,"Gi_Bin":0}},{"type":"Feature","id":400,"geometry":{"type":"Point","coordinates":[98.995971410123559,18.78390031991766]},"properties":{"OBJECTID":400,"SOURCE_ID":400,"kom":0,"GiZScore":0.48576165384420467,"GiPValue":0.62713616662441019,"NNeighbors":330,"Gi_Bin":0}},{"type":"Feature","id":401,"geometry":{"type":"Point","coordinates":[98.996061710205268,18.784155380294735]},"properties":{"OBJECTID":401,"SOURCE_ID":401,"kom":1,"GiZScore":0.41451166336438244,"GiPValue":0.67849942818096709,"NNeighbors":330,"Gi_Bin":0}},{"type":"Feature","id":402,"geometry":{"type":"Point","coordinates":[98.994178519941244,18.779965350083295]},"properties":{"OBJECTID":402,"SOURCE_ID":402,"kom":0,"GiZScore":-0.32623030346544568,"GiPValue":0.74425011613028302,"NNeighbors":343,"Gi_Bin":0}},{"type":"Feature","id":403,"geometry":{"type":"Point","coordinates":[98.995254320182724,18.778251679817078]},"properties":{"OBJECTID":403,"SOURCE_ID":403,"kom":0,"GiZScore":-0.49199196593020672,"GiPValue":0.62272502485828496,"NNeighbors":332,"Gi_Bin":0}},{"type":"Feature","id":404,"geometry":{"type":"Point","coordinates":[98.995596700466578,18.778816669978639]},"properties":{"OBJECTID":404,"SOURCE_ID":404,"kom":0,"GiZScore":-0.6394923650470079,"GiPValue":0.52250268272560052,"NNeighbors":322,"Gi_Bin":0}},{"type":"Feature","id":405,"geometry":{"type":"Point","coordinates":[98.995576119532075,18.779611929699424]},"properties":{"OBJECTID":405,"SOURCE_ID":405,"kom":0,"GiZScore":-0.31085982087097375,"GiPValue":0.75590719091670233,"NNeighbors":325,"Gi_Bin":0}},{"type":"Feature","id":406,"geometry":{"type":"Point","coordinates":[98.994562590337381,18.778662560099047]},"properties":{"OBJECTID":406,"SOURCE_ID":406,"kom":0,"GiZScore":-0.28370618491856314,"GiPValue":0.77663555488060509,"NNeighbors":345,"Gi_Bin":0}},{"type":"Feature","id":407,"geometry":{"type":"Point","coordinates":[98.994284879531207,18.779017659963891]},"properties":{"OBJECTID":407,"SOURCE_ID":407,"kom":0,"GiZScore":-0.21797082810645727,"GiPValue":0.82745184089448309,"NNeighbors":347,"Gi_Bin":0}},{"type":"Feature","id":408,"geometry":{"type":"Point","coordinates":[98.993734469719953,18.779971850239004]},"properties":{"OBJECTID":408,"SOURCE_ID":408,"kom":3,"GiZScore":-0.24030901571411237,"GiPValue":0.8100907064494256,"NNeighbors":357,"Gi_Bin":0}},{"type":"Feature","id":409,"geometry":{"type":"Point","coordinates":[98.991390849834502,18.77695234971269]},"properties":{"OBJECTID":409,"SOURCE_ID":409,"kom":1,"GiZScore":-0.31551150554702223,"GiPValue":0.75237331716851585,"NNeighbors":381,"Gi_Bin":0}},{"type":"Feature","id":410,"geometry":{"type":"Point","coordinates":[98.991884559815389,18.778802529655799]},"properties":{"OBJECTID":410,"SOURCE_ID":410,"kom":0,"GiZScore":-0.38993404811646631,"GiPValue":0.69658531693020853,"NNeighbors":384,"Gi_Bin":0}},{"type":"Feature","id":411,"geometry":{"type":"Point","coordinates":[98.991887160430636,18.780413650191669]},"properties":{"OBJECTID":411,"SOURCE_ID":411,"kom":0,"GiZScore":-0.20412789745336785,"GiPValue":0.83825355439809457,"NNeighbors":382,"Gi_Bin":0}},{"type":"Feature","id":412,"geometry":{"type":"Point","coordinates":[98.989961900289899,18.776654510262198]},"properties":{"OBJECTID":412,"SOURCE_ID":412,"kom":0,"GiZScore":0.19195567022395055,"GiPValue":0.84777692974937013,"NNeighbors":387,"Gi_Bin":0}},{"type":"Feature","id":413,"geometry":{"type":"Point","coordinates":[98.990150800420224,18.776671819762718]},"properties":{"OBJECTID":413,"SOURCE_ID":413,"kom":0,"GiZScore":0.058644119360482846,"GiPValue":0.9532355689614922,"NNeighbors":386,"Gi_Bin":0}},{"type":"Feature","id":414,"geometry":{"type":"Point","coordinates":[98.990339699640273,18.776689129976042]},"properties":{"OBJECTID":414,"SOURCE_ID":414,"kom":10,"GiZScore":0.058644119360482846,"GiPValue":0.9532355689614922,"NNeighbors":386,"Gi_Bin":0}},{"type":"Feature","id":415,"geometry":{"type":"Point","coordinates":[98.990717500094135,18.776723749829912]},"properties":{"OBJECTID":415,"SOURCE_ID":415,"kom":0,"GiZScore":-0.25391054295955984,"GiPValue":0.79956466980385832,"NNeighbors":384,"Gi_Bin":0}},{"type":"Feature","id":416,"geometry":{"type":"Point","coordinates":[98.99102849002513,18.776747769687546]},"properties":{"OBJECTID":416,"SOURCE_ID":416,"kom":0,"GiZScore":-0.23343999863054044,"GiPValue":0.81541975676178369,"NNeighbors":385,"Gi_Bin":0}},{"type":"Feature","id":417,"geometry":{"type":"Point","coordinates":[98.989762379734458,18.774057620441571]},"properties":{"OBJECTID":417,"SOURCE_ID":417,"kom":0,"GiZScore":-0.29399960375823897,"GiPValue":0.76875820654167581,"NNeighbors":371,"Gi_Bin":0}},{"type":"Feature","id":418,"geometry":{"type":"Point","coordinates":[98.989566329548623,18.774805750184608]},"properties":{"OBJECTID":418,"SOURCE_ID":418,"kom":8,"GiZScore":-0.14056531377859088,"GiPValue":0.88821335173683991,"NNeighbors":374,"Gi_Bin":0}},{"type":"Feature","id":419,"geometry":{"type":"Point","coordinates":[98.989480139676729,18.775204660369138]},"properties":{"OBJECTID":419,"SOURCE_ID":419,"kom":2,"GiZScore":-0.031077115492037261,"GiPValue":0.97520804004258455,"NNeighbors":376,"Gi_Bin":0}},{"type":"Feature","id":420,"geometry":{"type":"Point","coordinates":[98.98932170999818,18.775863160277872]},"properties":{"OBJECTID":420,"SOURCE_ID":420,"kom":1,"GiZScore":0.058644119360482846,"GiPValue":0.9532355689614922,"NNeighbors":386,"Gi_Bin":0}},{"type":"Feature","id":421,"geometry":{"type":"Point","coordinates":[98.989147479905881,18.776561610233689]},"properties":{"OBJECTID":421,"SOURCE_ID":421,"kom":0,"GiZScore":0.16187796391205542,"GiPValue":0.87140195623548677,"NNeighbors":390,"Gi_Bin":0}},{"type":"Feature","id":422,"geometry":{"type":"Point","coordinates":[98.988935109661369,18.777668100007563]},"properties":{"OBJECTID":422,"SOURCE_ID":422,"kom":0,"GiZScore":-0.18338564731733129,"GiPValue":0.85449543676943096,"NNeighbors":393,"Gi_Bin":0}},{"type":"Feature","id":423,"geometry":{"type":"Point","coordinates":[98.988772430143641,18.778142900069096]},"properties":{"OBJECTID":423,"SOURCE_ID":423,"kom":0,"GiZScore":-0.29169974572523116,"GiPValue":0.77051620403066845,"NNeighbors":391,"Gi_Bin":0}},{"type":"Feature","id":424,"geometry":{"type":"Point","coordinates":[98.988673350051528,18.778442809604659]},"properties":{"OBJECTID":424,"SOURCE_ID":424,"kom":2,"GiZScore":-0.088704634528260037,"GiPValue":0.92931664924160517,"NNeighbors":391,"Gi_Bin":0}},{"type":"Feature","id":425,"geometry":{"type":"Point","coordinates":[98.988430929932377,18.779189550378646]},"properties":{"OBJECTID":425,"SOURCE_ID":425,"kom":0,"GiZScore":-0.40240252031297435,"GiPValue":0.68738781648827874,"NNeighbors":390,"Gi_Bin":0}},{"type":"Feature","id":426,"geometry":{"type":"Point","coordinates":[98.981961929763415,18.77539361984136]},"properties":{"OBJECTID":426,"SOURCE_ID":426,"kom":2,"GiZScore":-0.70370387716168048,"GiPValue":0.48161721032174221,"NNeighbors":304,"Gi_Bin":0}},{"type":"Feature","id":427,"geometry":{"type":"Point","coordinates":[98.982556160257303,18.775464290294256]},"properties":{"OBJECTID":427,"SOURCE_ID":427,"kom":0,"GiZScore":-0.69355582017351369,"GiPValue":0.48796081293910532,"NNeighbors":312,"Gi_Bin":0}},{"type":"Feature","id":428,"geometry":{"type":"Point","coordinates":[98.983310130157548,18.77530181967985]},"properties":{"OBJECTID":428,"SOURCE_ID":428,"kom":0,"GiZScore":-0.68557933159599227,"GiPValue":0.49297842327436237,"NNeighbors":321,"Gi_Bin":0}},{"type":"Feature","id":429,"geometry":{"type":"Point","coordinates":[98.986396110192686,18.775437359976177]},"properties":{"OBJECTID":429,"SOURCE_ID":429,"kom":2,"GiZScore":-0.33554054558322932,"GiPValue":0.73721736521911141,"NNeighbors":369,"Gi_Bin":0}},{"type":"Feature","id":430,"geometry":{"type":"Point","coordinates":[98.977220759992207,18.775537760070787]},"properties":{"OBJECTID":430,"SOURCE_ID":430,"kom":0,"GiZScore":-0.49445657245654245,"GiPValue":0.62098377089617474,"NNeighbors":246,"Gi_Bin":0}},{"type":"Feature","id":431,"geometry":{"type":"Point","coordinates":[98.978358240176362,18.77518197990187]},"properties":{"OBJECTID":431,"SOURCE_ID":431,"kom":0,"GiZScore":-0.5162182017599245,"GiPValue":0.60570202104277837,"NNeighbors":257,"Gi_Bin":0}},{"type":"Feature","id":432,"geometry":{"type":"Point","coordinates":[98.97889259010087,18.774879100420204]},"properties":{"OBJECTID":432,"SOURCE_ID":432,"kom":1,"GiZScore":-0.65827776278696226,"GiPValue":0.510359668466147,"NNeighbors":264,"Gi_Bin":0}},{"type":"Feature","id":433,"geometry":{"type":"Point","coordinates":[98.979431810337772,18.774498990139165]},"properties":{"OBJECTID":433,"SOURCE_ID":433,"kom":4,"GiZScore":-0.5081766045597248,"GiPValue":0.61132949842057394,"NNeighbors":266,"Gi_Bin":0}},{"type":"Feature","id":434,"geometry":{"type":"Point","coordinates":[98.976236470460833,18.772713640291709]},"properties":{"OBJECTID":434,"SOURCE_ID":434,"kom":0,"GiZScore":-1.1661671391170014,"GiPValue":0.24354689601916346,"NNeighbors":191,"Gi_Bin":0}},{"type":"Feature","id":435,"geometry":{"type":"Point","coordinates":[98.976120129793927,18.771667329632393]},"properties":{"OBJECTID":435,"SOURCE_ID":435,"kom":1,"GiZScore":-1.0114122553180014,"GiPValue":0.3118191717872747,"NNeighbors":180,"Gi_Bin":0}},{"type":"Feature","id":436,"geometry":{"type":"Point","coordinates":[98.976098990439979,18.771487700336252]},"properties":{"OBJECTID":436,"SOURCE_ID":436,"kom":0,"GiZScore":-0.94891564161665698,"GiPValue":0.34266353014502071,"NNeighbors":177,"Gi_Bin":0}},{"type":"Feature","id":437,"geometry":{"type":"Point","coordinates":[98.99197066047158,18.815431960154072]},"properties":{"OBJECTID":437,"SOURCE_ID":437,"kom":1,"GiZScore":2.1420320074625523,"GiPValue":0.032190906486631261,"NNeighbors":118,"Gi_Bin":2}},{"type":"Feature","id":438,"geometry":{"type":"Point","coordinates":[98.991945080410872,18.814944219799173]},"properties":{"OBJECTID":438,"SOURCE_ID":438,"kom":0,"GiZScore":2.1900649387933262,"GiPValue":0.028519527552456864,"NNeighbors":117,"Gi_Bin":2}},{"type":"Feature","id":439,"geometry":{"type":"Point","coordinates":[98.991933289832218,18.814709850258694]},"properties":{"OBJECTID":439,"SOURCE_ID":439,"kom":0,"GiZScore":2.1779438973555694,"GiPValue":0.029410213825652898,"NNeighbors":118,"Gi_Bin":2}},{"type":"Feature","id":440,"geometry":{"type":"Point","coordinates":[98.994202469527323,18.81625311028569]},"properties":{"OBJECTID":440,"SOURCE_ID":440,"kom":20,"GiZScore":2.316138284136267,"GiPValue":0.020550719570583336,"NNeighbors":110,"Gi_Bin":2}},{"type":"Feature","id":441,"geometry":{"type":"Point","coordinates":[98.99325464995519,18.816299619807538]},"properties":{"OBJECTID":441,"SOURCE_ID":441,"kom":4,"GiZScore":2.0458668409226202,"GiPValue":0.040769473546470814,"NNeighbors":117,"Gi_Bin":2}},{"type":"Feature","id":442,"geometry":{"type":"Point","coordinates":[98.992875519892976,18.816318220098569]},"properties":{"OBJECTID":442,"SOURCE_ID":442,"kom":1,"GiZScore":2.0458668409226202,"GiPValue":0.040769473546470814,"NNeighbors":117,"Gi_Bin":2}},{"type":"Feature","id":443,"geometry":{"type":"Point","coordinates":[98.992306820372491,18.816346129935518]},"properties":{"OBJECTID":443,"SOURCE_ID":443,"kom":0,"GiZScore":2.1420757565276274,"GiPValue":0.03218738641452578,"NNeighbors":115,"Gi_Bin":2}},{"type":"Feature","id":444,"geometry":{"type":"Point","coordinates":[98.99674164953899,18.816008499752652]},"properties":{"OBJECTID":444,"SOURCE_ID":444,"kom":2,"GiZScore":2.4292005093836222,"GiPValue":0.015132161065066048,"NNeighbors":102,"Gi_Bin":2}},{"type":"Feature","id":445,"geometry":{"type":"Point","coordinates":[98.995499189608438,18.815591239978289]},"properties":{"OBJECTID":445,"SOURCE_ID":445,"kom":0,"GiZScore":2.4273407223843697,"GiPValue":0.015209963871633717,"NNeighbors":110,"Gi_Bin":2}},{"type":"Feature","id":446,"geometry":{"type":"Point","coordinates":[98.99779194007624,18.816084170202124]},"properties":{"OBJECTID":446,"SOURCE_ID":446,"kom":3,"GiZScore":2.4292005093836222,"GiPValue":0.015132161065066048,"NNeighbors":102,"Gi_Bin":2}},{"type":"Feature","id":447,"geometry":{"type":"Point","coordinates":[98.997603130152186,18.813508300185863]},"properties":{"OBJECTID":447,"SOURCE_ID":447,"kom":0,"GiZScore":2.4784611345347378,"GiPValue":0.013195048577316999,"NNeighbors":117,"Gi_Bin":2}},{"type":"Feature","id":448,"geometry":{"type":"Point","coordinates":[98.997666830172676,18.814021790109809]},"properties":{"OBJECTID":448,"SOURCE_ID":448,"kom":0,"GiZScore":2.3397188666402124,"GiPValue":0.019298260467022571,"NNeighbors":111,"Gi_Bin":2}},{"type":"Feature","id":449,"geometry":{"type":"Point","coordinates":[99.001536130116563,18.810989489701281]},"properties":{"OBJECTID":449,"SOURCE_ID":449,"kom":6,"GiZScore":3.6483967159628605,"GiPValue":0.0002638819475768959,"NNeighbors":135,"Gi_Bin":3}},{"type":"Feature","id":450,"geometry":{"type":"Point","coordinates":[99.000500580277759,18.812983340443587]},"properties":{"OBJECTID":450,"SOURCE_ID":450,"kom":0,"GiZScore":2.6205299147677072,"GiPValue":0.0087793227211273653,"NNeighbors":112,"Gi_Bin":3}},{"type":"Feature","id":451,"geometry":{"type":"Point","coordinates":[98.993190479919818,18.79076422025544]},"properties":{"OBJECTID":451,"SOURCE_ID":451,"kom":1,"GiZScore":0.83450323781636371,"GiPValue":0.40399747170312994,"NNeighbors":318,"Gi_Bin":0}},{"type":"Feature","id":452,"geometry":{"type":"Point","coordinates":[98.991617289798455,18.791674769637421]},"properties":{"OBJECTID":452,"SOURCE_ID":452,"kom":0,"GiZScore":1.2742730782320371,"GiPValue":0.20256667962017239,"NNeighbors":310,"Gi_Bin":0}},{"type":"Feature","id":453,"geometry":{"type":"Point","coordinates":[98.992261940272229,18.791512200428837]},"properties":{"OBJECTID":453,"SOURCE_ID":453,"kom":10,"GiZScore":1.0449858555464446,"GiPValue":0.29602952193277787,"NNeighbors":313,"Gi_Bin":0}},{"type":"Feature","id":454,"geometry":{"type":"Point","coordinates":[98.989204499727094,18.786752929634879]},"properties":{"OBJECTID":454,"SOURCE_ID":454,"kom":0,"GiZScore":0.47071851080140426,"GiPValue":0.63784176533184422,"NNeighbors":376,"Gi_Bin":0}},{"type":"Feature","id":455,"geometry":{"type":"Point","coordinates":[98.980071070040594,18.783447819553707]},"properties":{"OBJECTID":455,"SOURCE_ID":455,"kom":2,"GiZScore":-0.26393333981041767,"GiPValue":0.79183128507538958,"NNeighbors":293,"Gi_Bin":0}},{"type":"Feature","id":456,"geometry":{"type":"Point","coordinates":[98.980257549671208,18.783414269896721]},"properties":{"OBJECTID":456,"SOURCE_ID":456,"kom":0,"GiZScore":-0.35115246309401504,"GiPValue":0.72547397160888316,"NNeighbors":299,"Gi_Bin":0}},{"type":"Feature","id":457,"geometry":{"type":"Point","coordinates":[98.980342850156489,18.783641789839113]},"properties":{"OBJECTID":457,"SOURCE_ID":457,"kom":3,"GiZScore":-0.45753763878588316,"GiPValue":0.64728465657107237,"NNeighbors":303,"Gi_Bin":0}},{"type":"Feature","id":458,"geometry":{"type":"Point","coordinates":[98.978285770273615,18.784147910149837]},"properties":{"OBJECTID":458,"SOURCE_ID":458,"kom":0,"GiZScore":-0.67368791972098785,"GiPValue":0.50050974807381365,"NNeighbors":287,"Gi_Bin":0}},{"type":"Feature","id":459,"geometry":{"type":"Point","coordinates":[98.979694560124443,18.78399514016969]},"properties":{"OBJECTID":459,"SOURCE_ID":459,"kom":1,"GiZScore":-0.53085975434125365,"GiPValue":0.59551597071696272,"NNeighbors":303,"Gi_Bin":0}},{"type":"Feature","id":460,"geometry":{"type":"Point","coordinates":[98.979877420232995,18.783946770160615]},"properties":{"OBJECTID":460,"SOURCE_ID":460,"kom":0,"GiZScore":-0.53085975434125365,"GiPValue":0.59551597071696272,"NNeighbors":303,"Gi_Bin":0}},{"type":"Feature","id":461,"geometry":{"type":"Point","coordinates":[98.978149219684923,18.783122339827088]},"properties":{"OBJECTID":461,"SOURCE_ID":461,"kom":0,"GiZScore":-0.62521615643403894,"GiPValue":0.53182920303527026,"NNeighbors":274,"Gi_Bin":0}},{"type":"Feature","id":462,"geometry":{"type":"Point","coordinates":[98.978640229741799,18.78290081993368]},"properties":{"OBJECTID":462,"SOURCE_ID":462,"kom":0,"GiZScore":-0.19804359736721164,"GiPValue":0.84301095355329303,"NNeighbors":286,"Gi_Bin":0}},{"type":"Feature","id":463,"geometry":{"type":"Point","coordinates":[98.987319109617886,18.783319050239985]},"properties":{"OBJECTID":463,"SOURCE_ID":463,"kom":8,"GiZScore":0.11866858621074364,"GiPValue":0.90553792523518573,"NNeighbors":380,"Gi_Bin":0}},{"type":"Feature","id":464,"geometry":{"type":"Point","coordinates":[98.987014530279069,18.783295340088504]},"properties":{"OBJECTID":464,"SOURCE_ID":464,"kom":0,"GiZScore":0.17420291344618882,"GiPValue":0.86170599602243436,"NNeighbors":376,"Gi_Bin":0}},{"type":"Feature","id":465,"geometry":{"type":"Point","coordinates":[98.991067729983314,18.788995189798882]},"properties":{"OBJECTID":465,"SOURCE_ID":465,"kom":4,"GiZScore":1.214760009054918,"GiPValue":0.22445766005801504,"NNeighbors":345,"Gi_Bin":0}},{"type":"Feature","id":466,"geometry":{"type":"Point","coordinates":[98.991110080026246,18.789171390016406]},"properties":{"OBJECTID":466,"SOURCE_ID":466,"kom":4,"GiZScore":1.214760009054918,"GiPValue":0.22445766005801504,"NNeighbors":345,"Gi_Bin":0}},{"type":"Feature","id":467,"geometry":{"type":"Point","coordinates":[98.990123130057214,18.789773969782324]},"properties":{"OBJECTID":467,"SOURCE_ID":467,"kom":0,"GiZScore":1.2509597911213373,"GiPValue":0.21094917200341967,"NNeighbors":335,"Gi_Bin":0}},{"type":"Feature","id":468,"geometry":{"type":"Point","coordinates":[98.99012873965745,18.790450289820264]},"properties":{"OBJECTID":468,"SOURCE_ID":468,"kom":0,"GiZScore":1.1892003751517999,"GiPValue":0.23436084825280645,"NNeighbors":326,"Gi_Bin":0}},{"type":"Feature","id":469,"geometry":{"type":"Point","coordinates":[98.990140880313064,18.790630680403702]},"properties":{"OBJECTID":469,"SOURCE_ID":469,"kom":0,"GiZScore":1.2721019470656401,"GiPValue":0.20333692488340593,"NNeighbors":323,"Gi_Bin":0}},{"type":"Feature","id":470,"geometry":{"type":"Point","coordinates":[98.990127219797117,18.791323770067287]},"properties":{"OBJECTID":470,"SOURCE_ID":470,"kom":0,"GiZScore":1.0604335193414332,"GiPValue":0.2889474353799375,"NNeighbors":322,"Gi_Bin":0}},{"type":"Feature","id":471,"geometry":{"type":"Point","coordinates":[98.97761275984351,18.772817439734503]},"properties":{"OBJECTID":471,"SOURCE_ID":471,"kom":0,"GiZScore":-0.72431661982997608,"GiPValue":0.4688713813499692,"NNeighbors":207,"Gi_Bin":0}},{"type":"Feature","id":472,"geometry":{"type":"Point","coordinates":[98.978662989752578,18.772452770088076]},"properties":{"OBJECTID":472,"SOURCE_ID":472,"kom":0,"GiZScore":-0.79511094753278433,"GiPValue":0.42654897412964954,"NNeighbors":217,"Gi_Bin":0}},{"type":"Feature","id":473,"geometry":{"type":"Point","coordinates":[98.978590050195635,18.772990569576457]},"properties":{"OBJECTID":473,"SOURCE_ID":473,"kom":5,"GiZScore":-0.39508833503124519,"GiPValue":0.69277769829761504,"NNeighbors":224,"Gi_Bin":0}},{"type":"Feature","id":474,"geometry":{"type":"Point","coordinates":[98.980833299742258,18.772057839942114]},"properties":{"OBJECTID":474,"SOURCE_ID":474,"kom":0,"GiZScore":-1.1555773498800679,"GiPValue":0.2478540968461016,"NNeighbors":248,"Gi_Bin":0}},{"type":"Feature","id":475,"geometry":{"type":"Point","coordinates":[98.981063199627329,18.770885479589932]},"properties":{"OBJECTID":475,"SOURCE_ID":475,"kom":0,"GiZScore":-1.19938175417312,"GiPValue":0.23037956075082366,"NNeighbors":238,"Gi_Bin":0}},{"type":"Feature","id":476,"geometry":{"type":"Point","coordinates":[98.98107706979286,18.770705200035966]},"properties":{"OBJECTID":476,"SOURCE_ID":476,"kom":0,"GiZScore":-1.0915473326120766,"GiPValue":0.27503213339546617,"NNeighbors":237,"Gi_Bin":0}},{"type":"Feature","id":477,"geometry":{"type":"Point","coordinates":[98.978883460226442,18.773972630113843]},"properties":{"OBJECTID":477,"SOURCE_ID":477,"kom":0,"GiZScore":-0.74151001322023902,"GiPValue":0.45838426855388137,"NNeighbors":252,"Gi_Bin":0}},{"type":"Feature","id":478,"geometry":{"type":"Point","coordinates":[98.97973519998169,18.77775424992101]},"properties":{"OBJECTID":478,"SOURCE_ID":478,"kom":0,"GiZScore":-0.48447962291344426,"GiPValue":0.62804552414405479,"NNeighbors":292,"Gi_Bin":0}},{"type":"Feature","id":479,"geometry":{"type":"Point","coordinates":[98.979924749552694,18.7777454801174]},"properties":{"OBJECTID":479,"SOURCE_ID":479,"kom":0,"GiZScore":-0.56449825962327937,"GiPValue":0.57241508690192766,"NNeighbors":295,"Gi_Bin":0}},{"type":"Feature","id":480,"geometry":{"type":"Point","coordinates":[98.98046454961117,18.777720370387694]},"properties":{"OBJECTID":480,"SOURCE_ID":480,"kom":0,"GiZScore":-0.67034709796151282,"GiPValue":0.50263655425557385,"NNeighbors":299,"Gi_Bin":0}},{"type":"Feature","id":481,"geometry":{"type":"Point","coordinates":[98.97840321955178,18.77670939973483]},"properties":{"OBJECTID":481,"SOURCE_ID":481,"kom":0,"GiZScore":-0.36327086086945287,"GiPValue":0.71640255905730088,"NNeighbors":270,"Gi_Bin":0}},{"type":"Feature","id":482,"geometry":{"type":"Point","coordinates":[98.97872021975104,18.776800919553203]},"properties":{"OBJECTID":482,"SOURCE_ID":482,"kom":0,"GiZScore":-0.50056233847348819,"GiPValue":0.61667917524749871,"NNeighbors":275,"Gi_Bin":0}},{"type":"Feature","id":483,"geometry":{"type":"Point","coordinates":[98.978901839597171,18.776853330152854]},"properties":{"OBJECTID":483,"SOURCE_ID":483,"kom":0,"GiZScore":-0.55498828056580685,"GiPValue":0.57890267903646442,"NNeighbors":277,"Gi_Bin":0}},{"type":"Feature","id":484,"geometry":{"type":"Point","coordinates":[98.978039639597526,18.776761130082594]},"properties":{"OBJECTID":484,"SOURCE_ID":484,"kom":0,"GiZScore":-0.32894253209652485,"GiPValue":0.74219912612350813,"NNeighbors":266,"Gi_Bin":0}},{"type":"Feature","id":485,"geometry":{"type":"Point","coordinates":[98.979473340078897,18.777081149833588]},"properties":{"OBJECTID":485,"SOURCE_ID":485,"kom":6,"GiZScore":-0.54334815575583295,"GiPValue":0.58689011645252465,"NNeighbors":284,"Gi_Bin":0}},{"type":"Feature","id":486,"geometry":{"type":"Point","coordinates":[98.979309239569531,18.769446840037737]},"properties":{"OBJECTID":486,"SOURCE_ID":486,"kom":2,"GiZScore":-1.1178114779137189,"GiPValue":0.26364753641929417,"NNeighbors":205,"Gi_Bin":0}},{"type":"Feature","id":487,"geometry":{"type":"Point","coordinates":[98.984673130014215,18.768661299920474]},"properties":{"OBJECTID":487,"SOURCE_ID":487,"kom":0,"GiZScore":-1.3720568406773901,"GiPValue":0.17004574374346093,"NNeighbors":257,"Gi_Bin":0}},{"type":"Feature","id":488,"geometry":{"type":"Point","coordinates":[98.982628699699504,18.771837919790709]},"properties":{"OBJECTID":488,"SOURCE_ID":488,"kom":0,"GiZScore":-1.2516662264943998,"GiPValue":0.21069153590420886,"NNeighbors":267,"Gi_Bin":0}},{"type":"Feature","id":489,"geometry":{"type":"Point","coordinates":[98.982436699760129,18.772319540037358]},"properties":{"OBJECTID":489,"SOURCE_ID":489,"kom":0,"GiZScore":-1.0533046589268635,"GiPValue":0.29220139976642345,"NNeighbors":272,"Gi_Bin":0}},{"type":"Feature","id":490,"geometry":{"type":"Point","coordinates":[98.982405890400258,18.772508560435263]},"properties":{"OBJECTID":490,"SOURCE_ID":490,"kom":0,"GiZScore":-0.72990248436782679,"GiPValue":0.46544979918342122,"NNeighbors":276,"Gi_Bin":0}},{"type":"Feature","id":491,"geometry":{"type":"Point","coordinates":[98.982341650471369,18.772935110109557]},"properties":{"OBJECTID":491,"SOURCE_ID":491,"kom":5,"GiZScore":-0.83560966848767981,"GiPValue":0.40337453591476258,"NNeighbors":279,"Gi_Bin":0}},{"type":"Feature","id":492,"geometry":{"type":"Point","coordinates":[98.982304440220688,18.773249419649279]},"properties":{"OBJECTID":492,"SOURCE_ID":492,"kom":0,"GiZScore":-0.69685470447077424,"GiPValue":0.48589373182489892,"NNeighbors":286,"Gi_Bin":0}},{"type":"Feature","id":493,"geometry":{"type":"Point","coordinates":[98.984903619553393,18.779252649858634]},"properties":{"OBJECTID":493,"SOURCE_ID":493,"kom":0,"GiZScore":-0.039746946946361883,"GiPValue":0.96829487297438233,"NNeighbors":370,"Gi_Bin":0}},{"type":"Feature","id":494,"geometry":{"type":"Point","coordinates":[98.983536220047114,18.779855619868627]},"properties":{"OBJECTID":494,"SOURCE_ID":494,"kom":1,"GiZScore":-0.12679650779062815,"GiPValue":0.89910145983243706,"NNeighbors":358,"Gi_Bin":0}},{"type":"Feature","id":495,"geometry":{"type":"Point","coordinates":[98.982827520384618,18.779940720205484]},"properties":{"OBJECTID":495,"SOURCE_ID":495,"kom":0,"GiZScore":0.13516298483822911,"GiPValue":0.89248301232842286,"NNeighbors":346,"Gi_Bin":0}},{"type":"Feature","id":496,"geometry":{"type":"Point","coordinates":[98.982189979619875,18.780149739668289]},"properties":{"OBJECTID":496,"SOURCE_ID":496,"kom":0,"GiZScore":0.087758855973794292,"GiPValue":0.93006833972275715,"NNeighbors":337,"Gi_Bin":0}},{"type":"Feature","id":497,"geometry":{"type":"Point","coordinates":[98.986054730427682,18.779026010030389]},"properties":{"OBJECTID":497,"SOURCE_ID":497,"kom":0,"GiZScore":-0.07022491489623385,"GiPValue":0.94401464405576985,"NNeighbors":383,"Gi_Bin":0}},{"type":"Feature","id":498,"geometry":{"type":"Point","coordinates":[98.978918089991723,18.792008759856049]},"properties":{"OBJECTID":498,"SOURCE_ID":498,"kom":0,"GiZScore":0.01201254955189282,"GiPValue":0.99041560268313344,"NNeighbors":263,"Gi_Bin":0}},{"type":"Feature","id":499,"geometry":{"type":"Point","coordinates":[98.97242320956812,18.788625109705265]},"properties":{"OBJECTID":499,"SOURCE_ID":499,"kom":0,"GiZScore":-0.65463972185113395,"GiPValue":0.51269974725137679,"NNeighbors":199,"Gi_Bin":0}},{"type":"Feature","id":500,"geometry":{"type":"Point","coordinates":[98.972416320375444,18.788082880441628]},"properties":{"OBJECTID":500,"SOURCE_ID":500,"kom":0,"GiZScore":-0.65463972185113395,"GiPValue":0.51269974725137679,"NNeighbors":199,"Gi_Bin":0}},{"type":"Feature","id":501,"geometry":{"type":"Point","coordinates":[98.972420999693568,18.787790339965309]},"properties":{"OBJECTID":501,"SOURCE_ID":501,"kom":0,"GiZScore":-0.53616052150280258,"GiPValue":0.59184761761222071,"NNeighbors":197,"Gi_Bin":0}},{"type":"Feature","id":502,"geometry":{"type":"Point","coordinates":[98.971127370270537,18.785230660378911]},"properties":{"OBJECTID":502,"SOURCE_ID":502,"kom":0,"GiZScore":-0.72847777716495066,"GiPValue":0.46632117298524622,"NNeighbors":170,"Gi_Bin":0}},{"type":"Feature","id":503,"geometry":{"type":"Point","coordinates":[98.971460979714536,18.785193280303012]},"properties":{"OBJECTID":503,"SOURCE_ID":503,"kom":0,"GiZScore":-0.76040523640373781,"GiPValue":0.44701240046870783,"NNeighbors":171,"Gi_Bin":0}},{"type":"Feature","id":504,"geometry":{"type":"Point","coordinates":[98.992366899909371,18.794591809553562]},"properties":{"OBJECTID":504,"SOURCE_ID":504,"kom":0,"GiZScore":1.1620582112485649,"GiPValue":0.24521184046890032,"NNeighbors":314,"Gi_Bin":0}},{"type":"Feature","id":505,"geometry":{"type":"Point","coordinates":[98.992329130222245,18.7941953403699]},"properties":{"OBJECTID":505,"SOURCE_ID":505,"kom":1,"GiZScore":1.2906248079722542,"GiPValue":0.19683380937706133,"NNeighbors":312,"Gi_Bin":0}},{"type":"Feature","id":506,"geometry":{"type":"Point","coordinates":[98.992259039526857,18.793584899676418]},"properties":{"OBJECTID":506,"SOURCE_ID":506,"kom":4,"GiZScore":1.3430141942519134,"GiPValue":0.17926737773619592,"NNeighbors":311,"Gi_Bin":0}},{"type":"Feature","id":507,"geometry":{"type":"Point","coordinates":[98.989847979812055,18.782108949959603]},"properties":{"OBJECTID":507,"SOURCE_ID":507,"kom":2,"GiZScore":0.14017546407130191,"GiPValue":0.88852135735262761,"NNeighbors":408,"Gi_Bin":0}},{"type":"Feature","id":508,"geometry":{"type":"Point","coordinates":[98.98984937032543,18.781928190278723]},"properties":{"OBJECTID":508,"SOURCE_ID":508,"kom":2,"GiZScore":0.16003173981378879,"GiPValue":0.87285607171906299,"NNeighbors":409,"Gi_Bin":0}},{"type":"Feature","id":509,"geometry":{"type":"Point","coordinates":[98.970734509803805,18.795277159657353]},"properties":{"OBJECTID":509,"SOURCE_ID":509,"kom":1,"GiZScore":-0.95630046813716785,"GiPValue":0.33892046534093567,"NNeighbors":185,"Gi_Bin":0}},{"type":"Feature","id":510,"geometry":{"type":"Point","coordinates":[98.970769410185142,18.79581982043894]},"properties":{"OBJECTID":510,"SOURCE_ID":510,"kom":12,"GiZScore":-1.2209040365036268,"GiPValue":0.22212237882779506,"NNeighbors":181,"Gi_Bin":0}},{"type":"Feature","id":511,"geometry":{"type":"Point","coordinates":[98.970780470035621,18.796014499981354]},"properties":{"OBJECTID":511,"SOURCE_ID":511,"kom":0,"GiZScore":-1.3101819853462908,"GiPValue":0.19013427846847822,"NNeighbors":179,"Gi_Bin":0}},{"type":"Feature","id":512,"geometry":{"type":"Point","coordinates":[98.970790539732064,18.796195009771385]},"properties":{"OBJECTID":512,"SOURCE_ID":512,"kom":0,"GiZScore":-1.3101176266991859,"GiPValue":0.19015604630934169,"NNeighbors":178,"Gi_Bin":0}},{"type":"Feature","id":513,"geometry":{"type":"Point","coordinates":[98.970813690249315,18.79656170017768]},"properties":{"OBJECTID":513,"SOURCE_ID":513,"kom":4,"GiZScore":-1.3100669438425319,"GiPValue":0.1901731899186517,"NNeighbors":177,"Gi_Bin":0}},{"type":"Feature","id":514,"geometry":{"type":"Point","coordinates":[98.970839219820505,18.796879509552355]},"properties":{"OBJECTID":514,"SOURCE_ID":514,"kom":0,"GiZScore":-1.4612075229196411,"GiPValue":0.14395849913563682,"NNeighbors":175,"Gi_Bin":0}},{"type":"Feature","id":515,"geometry":{"type":"Point","coordinates":[98.970878049785711,18.797239130229695]},"properties":{"OBJECTID":515,"SOURCE_ID":515,"kom":0,"GiZScore":-1.3100049410808794,"GiPValue":0.19019416406364492,"NNeighbors":173,"Gi_Bin":0}},{"type":"Feature","id":516,"geometry":{"type":"Point","coordinates":[98.980288420463452,18.784594940404748]},"properties":{"OBJECTID":516,"SOURCE_ID":516,"kom":0,"GiZScore":-0.16424917656440113,"GiPValue":0.86953498950298425,"NNeighbors":303,"Gi_Bin":0}},{"type":"Feature","id":517,"geometry":{"type":"Point","coordinates":[98.978649889819096,18.796889219844783]},"properties":{"OBJECTID":517,"SOURCE_ID":517,"kom":0,"GiZScore":-0.21172662433271622,"GiPValue":0.83232031588608413,"NNeighbors":249,"Gi_Bin":0}},{"type":"Feature","id":518,"geometry":{"type":"Point","coordinates":[98.978964979961873,18.797558859661201]},"properties":{"OBJECTID":518,"SOURCE_ID":518,"kom":0,"GiZScore":-0.11500122103142769,"GiPValue":0.90844415423927227,"NNeighbors":242,"Gi_Bin":0}},{"type":"Feature","id":519,"geometry":{"type":"Point","coordinates":[98.984363080358904,18.801829100415322]},"properties":{"OBJECTID":519,"SOURCE_ID":519,"kom":0,"GiZScore":0.11858094059455621,"GiPValue":0.90560736601665348,"NNeighbors":217,"Gi_Bin":0}},{"type":"Feature","id":520,"geometry":{"type":"Point","coordinates":[98.98485295962972,18.80186397008012]},"properties":{"OBJECTID":520,"SOURCE_ID":520,"kom":2,"GiZScore":0.029612791049667363,"GiPValue":0.97637586400352494,"NNeighbors":219,"Gi_Bin":0}},{"type":"Feature","id":521,"geometry":{"type":"Point","coordinates":[98.987775380390815,18.804360970166382]},"properties":{"OBJECTID":521,"SOURCE_ID":521,"kom":0,"GiZScore":0.93566041889609153,"GiPValue":0.34944806704976239,"NNeighbors":208,"Gi_Bin":0}},{"type":"Feature","id":522,"geometry":{"type":"Point","coordinates":[98.987913900181482,18.804926270283936]},"properties":{"OBJECTID":522,"SOURCE_ID":522,"kom":4,"GiZScore":0.87921769907627445,"GiPValue":0.37928325909082461,"NNeighbors":202,"Gi_Bin":0}},{"type":"Feature","id":523,"geometry":{"type":"Point","coordinates":[99.001973389802373,18.786517370172863]},"properties":{"OBJECTID":523,"SOURCE_ID":523,"kom":1,"GiZScore":0.1206624077482339,"GiPValue":0.90395843566898215,"NNeighbors":288,"Gi_Bin":0}},{"type":"Feature","id":524,"geometry":{"type":"Point","coordinates":[98.999174470377341,18.792957999778373]},"properties":{"OBJECTID":524,"SOURCE_ID":524,"kom":1,"GiZScore":1.6788590995413546,"GiPValue":0.093179507319441454,"NNeighbors":269,"Gi_Bin":1}},{"type":"Feature","id":525,"geometry":{"type":"Point","coordinates":[98.999339289748349,18.793047610179453]},"properties":{"OBJECTID":525,"SOURCE_ID":525,"kom":0,"GiZScore":1.7093646243525684,"GiPValue":0.08738342945315658,"NNeighbors":268,"Gi_Bin":1}},{"type":"Feature","id":526,"geometry":{"type":"Point","coordinates":[98.997680349749615,18.776739929616433]},"properties":{"OBJECTID":526,"SOURCE_ID":526,"kom":0,"GiZScore":-0.35908285353755698,"GiPValue":0.71953310899039802,"NNeighbors":314,"Gi_Bin":0}},{"type":"Feature","id":527,"geometry":{"type":"Point","coordinates":[98.998010849763105,18.776562179570643]},"properties":{"OBJECTID":527,"SOURCE_ID":527,"kom":0,"GiZScore":-0.32187319566751627,"GiPValue":0.7475487607176603,"NNeighbors":308,"Gi_Bin":0}},{"type":"Feature","id":528,"geometry":{"type":"Point","coordinates":[98.998176100458792,18.77647330975002]},"properties":{"OBJECTID":528,"SOURCE_ID":528,"kom":0,"GiZScore":-0.35977481804538919,"GiPValue":0.71901553694003251,"NNeighbors":303,"Gi_Bin":0}},{"type":"Feature","id":529,"geometry":{"type":"Point","coordinates":[98.99905023976811,18.779150430364268]},"properties":{"OBJECTID":529,"SOURCE_ID":529,"kom":0,"GiZScore":0.019933849429410431,"GiPValue":0.98409614256341738,"NNeighbors":279,"Gi_Bin":0}},{"type":"Feature","id":530,"geometry":{"type":"Point","coordinates":[98.998802029646953,18.77869397971244]},"properties":{"OBJECTID":530,"SOURCE_ID":530,"kom":0,"GiZScore":-0.32495351792423205,"GiPValue":0.74521625196160102,"NNeighbors":287,"Gi_Bin":0}},{"type":"Feature","id":531,"geometry":{"type":"Point","coordinates":[98.99453368969769,18.773802970034641]},"properties":{"OBJECTID":531,"SOURCE_ID":531,"kom":4,"GiZScore":-0.61527734675250334,"GiPValue":0.53837157860843443,"NNeighbors":347,"Gi_Bin":0}},{"type":"Feature","id":532,"geometry":{"type":"Point","coordinates":[98.995084340313014,18.774333429926635]},"properties":{"OBJECTID":532,"SOURCE_ID":532,"kom":1,"GiZScore":-0.64051653938340347,"GiPValue":0.52183684380042195,"NNeighbors":348,"Gi_Bin":0}},{"type":"Feature","id":533,"geometry":{"type":"Point","coordinates":[98.995570640259245,18.774798780300387]},"properties":{"OBJECTID":533,"SOURCE_ID":533,"kom":0,"GiZScore":-0.70334330189609351,"GiPValue":0.48184183627916832,"NNeighbors":344,"Gi_Bin":0}},{"type":"Feature","id":534,"geometry":{"type":"Point","coordinates":[98.995796679586874,18.775014400094832]},"properties":{"OBJECTID":534,"SOURCE_ID":534,"kom":0,"GiZScore":-0.38402331809784523,"GiPValue":0.70096116566005984,"NNeighbors":337,"Gi_Bin":0}},{"type":"Feature","id":535,"geometry":{"type":"Point","coordinates":[98.996644939755015,18.77583171037967]},"properties":{"OBJECTID":535,"SOURCE_ID":535,"kom":1,"GiZScore":-0.28035309369733719,"GiPValue":0.77920662069209623,"NNeighbors":322,"Gi_Bin":0}},{"type":"Feature","id":536,"geometry":{"type":"Point","coordinates":[98.996777160423576,18.775961380411299]},"properties":{"OBJECTID":536,"SOURCE_ID":536,"kom":0,"GiZScore":-0.28256890101834181,"GiPValue":0.77750732286343016,"NNeighbors":323,"Gi_Bin":0}},{"type":"Feature","id":537,"geometry":{"type":"Point","coordinates":[98.992018009639949,18.778594010247698]},"properties":{"OBJECTID":537,"SOURCE_ID":537,"kom":0,"GiZScore":-0.40639813255280333,"GiPValue":0.68445009261717682,"NNeighbors":381,"Gi_Bin":0}},{"type":"Feature","id":538,"geometry":{"type":"Point","coordinates":[98.993282250464929,18.778304610350187]},"properties":{"OBJECTID":538,"SOURCE_ID":538,"kom":1,"GiZScore":-0.14994247612662401,"GiPValue":0.88080999945753735,"NNeighbors":358,"Gi_Bin":0}},{"type":"Feature","id":539,"geometry":{"type":"Point","coordinates":[98.993668900346734,18.77821605964915]},"properties":{"OBJECTID":539,"SOURCE_ID":539,"kom":0,"GiZScore":-0.25244498459564568,"GiPValue":0.80069713333448234,"NNeighbors":352,"Gi_Bin":0}},{"type":"Feature","id":540,"geometry":{"type":"Point","coordinates":[98.998128410433353,18.796348999573116]},"properties":{"OBJECTID":540,"SOURCE_ID":540,"kom":0,"GiZScore":2.876584322855178,"GiPValue":0.0040200477136537018,"NNeighbors":273,"Gi_Bin":3}},{"type":"Feature","id":541,"geometry":{"type":"Point","coordinates":[98.996841850062353,18.796664660151926]},"properties":{"OBJECTID":541,"SOURCE_ID":541,"kom":0,"GiZScore":2.4355861353129593,"GiPValue":0.014867684364677383,"NNeighbors":279,"Gi_Bin":2}},{"type":"Feature","id":542,"geometry":{"type":"Point","coordinates":[98.998369090263495,18.796562279615248]},"properties":{"OBJECTID":542,"SOURCE_ID":542,"kom":2,"GiZScore":2.9726140214191483,"GiPValue":0.0029527551366940303,"NNeighbors":270,"Gi_Bin":3}},{"type":"Feature","id":543,"geometry":{"type":"Point","coordinates":[98.992412579861863,18.782857020052678]},"properties":{"OBJECTID":543,"SOURCE_ID":543,"kom":6,"GiZScore":0.32247223435040712,"GiPValue":0.74709496952069165,"NNeighbors":389,"Gi_Bin":0}},{"type":"Feature","id":544,"geometry":{"type":"Point","coordinates":[98.991648919541987,18.783059110093433]},"properties":{"OBJECTID":544,"SOURCE_ID":544,"kom":2,"GiZScore":0.3796867681647812,"GiPValue":0.70417794424043234,"NNeighbors":393,"Gi_Bin":0}},{"type":"Feature","id":545,"geometry":{"type":"Point","coordinates":[98.990189790358301,18.783372870179861]},"properties":{"OBJECTID":545,"SOURCE_ID":545,"kom":4,"GiZScore":0.3890583023940225,"GiPValue":0.69723301895570788,"NNeighbors":398,"Gi_Bin":0}},{"type":"Feature","id":546,"geometry":{"type":"Point","coordinates":[98.993916650438152,18.784423339737881]},"properties":{"OBJECTID":546,"SOURCE_ID":546,"kom":0,"GiZScore":0.87895632994745254,"GiPValue":0.37942496378831958,"NNeighbors":362,"Gi_Bin":0}},{"type":"Feature","id":547,"geometry":{"type":"Point","coordinates":[98.980337819928323,18.788565959783838]},"properties":{"OBJECTID":547,"SOURCE_ID":547,"kom":0,"GiZScore":0.28144421532878355,"GiPValue":0.77836970943854666,"NNeighbors":301,"Gi_Bin":0}},{"type":"Feature","id":548,"geometry":{"type":"Point","coordinates":[98.980300769786936,18.787931159714535]},"properties":{"OBJECTID":548,"SOURCE_ID":548,"kom":6,"GiZScore":0.4743088547811169,"GiPValue":0.63527967966535748,"NNeighbors":302,"Gi_Bin":0}},{"type":"Feature","id":549,"geometry":{"type":"Point","coordinates":[98.981308070301665,18.786592810158808]},"properties":{"OBJECTID":549,"SOURCE_ID":549,"kom":4,"GiZScore":0.79988176725186921,"GiPValue":0.42377930967464517,"NNeighbors":314,"Gi_Bin":0}},{"type":"Feature","id":550,"geometry":{"type":"Point","coordinates":[98.996562109713224,18.781568519990138]},"properties":{"OBJECTID":550,"SOURCE_ID":550,"kom":7,"GiZScore":0.36034476450948072,"GiPValue":0.71858932806850651,"NNeighbors":324,"Gi_Bin":0}},{"type":"Feature","id":551,"geometry":{"type":"Point","coordinates":[98.996661880040591,18.782030099890729]},"properties":{"OBJECTID":551,"SOURCE_ID":551,"kom":0,"GiZScore":0.55763853945189434,"GiPValue":0.57709123660946071,"NNeighbors":322,"Gi_Bin":0}},{"type":"Feature","id":552,"geometry":{"type":"Point","coordinates":[98.996830459545691,18.783172030264826]},"properties":{"OBJECTID":552,"SOURCE_ID":552,"kom":0,"GiZScore":0.34215497664209193,"GiPValue":0.73223426659956226,"NNeighbors":322,"Gi_Bin":0}},{"type":"Feature","id":553,"geometry":{"type":"Point","coordinates":[98.997510019532328,18.783529599617314]},"properties":{"OBJECTID":553,"SOURCE_ID":553,"kom":0,"GiZScore":0.42577922469661733,"GiPValue":0.67026872788018244,"NNeighbors":318,"Gi_Bin":0}},{"type":"Feature","id":554,"geometry":{"type":"Point","coordinates":[98.996060990356924,18.781975579724595]},"properties":{"OBJECTID":554,"SOURCE_ID":554,"kom":2,"GiZScore":0.1242942666110934,"GiPValue":0.90108228670445278,"NNeighbors":332,"Gi_Bin":0}},{"type":"Feature","id":555,"geometry":{"type":"Point","coordinates":[98.995777209883443,18.782184600211469]},"properties":{"OBJECTID":555,"SOURCE_ID":555,"kom":0,"GiZScore":-0.13409227535295878,"GiPValue":0.89332960788378157,"NNeighbors":331,"Gi_Bin":0}},{"type":"Feature","id":556,"geometry":{"type":"Point","coordinates":[98.993579180142774,18.769666389764012]},"properties":{"OBJECTID":556,"SOURCE_ID":556,"kom":0,"GiZScore":-1.8101815529584657,"GiPValue":0.070267637327595375,"NNeighbors":318,"Gi_Bin":-1}},{"type":"Feature","id":557,"geometry":{"type":"Point","coordinates":[98.995974120138996,18.769836220252962]},"properties":{"OBJECTID":557,"SOURCE_ID":557,"kom":0,"GiZScore":-2.1929784370007694,"GiPValue":0.028308932710031653,"NNeighbors":289,"Gi_Bin":-2}},{"type":"Feature","id":558,"geometry":{"type":"Point","coordinates":[98.996823939805608,18.771920350261087]},"properties":{"OBJECTID":558,"SOURCE_ID":558,"kom":2,"GiZScore":-0.91889450257012317,"GiPValue":0.35815076628298559,"NNeighbors":301,"Gi_Bin":0}},{"type":"Feature","id":559,"geometry":{"type":"Point","coordinates":[98.997053470133352,18.772976459638837]},"properties":{"OBJECTID":559,"SOURCE_ID":559,"kom":0,"GiZScore":-1.1584466020795996,"GiPValue":0.24668185064948056,"NNeighbors":316,"Gi_Bin":0}},{"type":"Feature","id":560,"geometry":{"type":"Point","coordinates":[98.99715594993377,18.773128589974956]},"properties":{"OBJECTID":560,"SOURCE_ID":560,"kom":0,"GiZScore":-1.1610316497682804,"GiPValue":0.2456290486637992,"NNeighbors":318,"Gi_Bin":0}},{"type":"Feature","id":561,"geometry":{"type":"Point","coordinates":[98.993712810207782,18.771051509861092]},"properties":{"OBJECTID":561,"SOURCE_ID":561,"kom":0,"GiZScore":-1.1662299630265247,"GiPValue":0.24352150146546481,"NNeighbors":322,"Gi_Bin":0}},{"type":"Feature","id":562,"geometry":{"type":"Point","coordinates":[98.99363067045519,18.77088855992228]},"properties":{"OBJECTID":562,"SOURCE_ID":562,"kom":1,"GiZScore":-1.1409594961345437,"GiPValue":0.25388679779962042,"NNeighbors":321,"Gi_Bin":0}},{"type":"Feature","id":563,"geometry":{"type":"Point","coordinates":[98.993548529911209,18.770725619886257]},"properties":{"OBJECTID":563,"SOURCE_ID":563,"kom":1,"GiZScore":-1.3293297728175877,"GiPValue":0.18373919581245665,"NNeighbors":318,"Gi_Bin":0}},{"type":"Feature","id":564,"geometry":{"type":"Point","coordinates":[98.9933020997385,18.77023677966115]},"properties":{"OBJECTID":564,"SOURCE_ID":564,"kom":0,"GiZScore":-0.82278629314968377,"GiPValue":0.41062954048972955,"NNeighbors":317,"Gi_Bin":0}},{"type":"Feature","id":565,"geometry":{"type":"Point","coordinates":[98.993219959826021,18.770073830431699]},"properties":{"OBJECTID":565,"SOURCE_ID":565,"kom":0,"GiZScore":-1.8077886295243397,"GiPValue":0.070639404118268065,"NNeighbors":314,"Gi_Bin":-1}},{"type":"Feature","id":566,"geometry":{"type":"Point","coordinates":[98.99416289018933,18.772242439592024]},"properties":{"OBJECTID":566,"SOURCE_ID":566,"kom":0,"GiZScore":-0.52555797031933715,"GiPValue":0.59919536762955761,"NNeighbors":337,"Gi_Bin":0}},{"type":"Feature","id":567,"geometry":{"type":"Point","coordinates":[98.994007190198275,18.776692289577348]},"properties":{"OBJECTID":567,"SOURCE_ID":567,"kom":0,"GiZScore":-0.59163461698941566,"GiPValue":0.55409529093254495,"NNeighbors":359,"Gi_Bin":0}},{"type":"Feature","id":568,"geometry":{"type":"Point","coordinates":[98.990735139701982,18.774617519692296]},"properties":{"OBJECTID":568,"SOURCE_ID":568,"kom":0,"GiZScore":-0.08134472811215164,"GiPValue":0.93516780393673049,"NNeighbors":378,"Gi_Bin":0}},{"type":"Feature","id":569,"geometry":{"type":"Point","coordinates":[98.992051290404959,18.775274030406582]},"properties":{"OBJECTID":569,"SOURCE_ID":569,"kom":0,"GiZScore":-0.58975875333926142,"GiPValue":0.55535240215687898,"NNeighbors":370,"Gi_Bin":0}},{"type":"Feature","id":570,"geometry":{"type":"Point","coordinates":[98.992863760224623,18.776243259954754]},"properties":{"OBJECTID":570,"SOURCE_ID":570,"kom":0,"GiZScore":-0.70067508137214007,"GiPValue":0.48350581539472026,"NNeighbors":368,"Gi_Bin":0}},{"type":"Feature","id":571,"geometry":{"type":"Point","coordinates":[98.99114249962669,18.77954272980768]},"properties":{"OBJECTID":571,"SOURCE_ID":571,"kom":0,"GiZScore":-0.53585377412085544,"GiPValue":0.59205961656695782,"NNeighbors":389,"Gi_Bin":0}},{"type":"Feature","id":572,"geometry":{"type":"Point","coordinates":[98.990878350151092,18.780162050012208]},"properties":{"OBJECTID":572,"SOURCE_ID":572,"kom":0,"GiZScore":-0.31425475808045017,"GiPValue":0.75332755713349575,"NNeighbors":391,"Gi_Bin":0}},{"type":"Feature","id":573,"geometry":{"type":"Point","coordinates":[98.991629260061544,18.779970400353527]},"properties":{"OBJECTID":573,"SOURCE_ID":573,"kom":2,"GiZScore":-0.39617586218749223,"GiPValue":0.69197529772402699,"NNeighbors":387,"Gi_Bin":0}},{"type":"Feature","id":574,"geometry":{"type":"Point","coordinates":[99.008724280137244,18.786349129893349]},"properties":{"OBJECTID":574,"SOURCE_ID":574,"kom":0,"GiZScore":-0.33159974213698978,"GiPValue":0.74019151487442281,"NNeighbors":208,"Gi_Bin":0}},{"type":"Feature","id":575,"geometry":{"type":"Point","coordinates":[99.008722839965941,18.786594250276398]},"properties":{"OBJECTID":575,"SOURCE_ID":575,"kom":0,"GiZScore":-0.33159974213698978,"GiPValue":0.74019151487442281,"NNeighbors":208,"Gi_Bin":0}},{"type":"Feature","id":576,"geometry":{"type":"Point","coordinates":[99.011069049829558,18.78462307970619]},"properties":{"OBJECTID":576,"SOURCE_ID":576,"kom":3,"GiZScore":-1.3700441463929749,"GiPValue":0.1706731213556327,"NNeighbors":188,"Gi_Bin":0}},{"type":"Feature","id":577,"geometry":{"type":"Point","coordinates":[99.009671380262361,18.78538786982006]},"properties":{"OBJECTID":577,"SOURCE_ID":577,"kom":4,"GiZScore":-1.2567308640997643,"GiPValue":0.20885113264269517,"NNeighbors":199,"Gi_Bin":0}},{"type":"Feature","id":578,"geometry":{"type":"Point","coordinates":[99.012769909726742,18.785779389643071]},"properties":{"OBJECTID":578,"SOURCE_ID":578,"kom":0,"GiZScore":-1.3994279021860738,"GiPValue":0.16168470459906301,"NNeighbors":191,"Gi_Bin":0}},{"type":"Feature","id":579,"geometry":{"type":"Point","coordinates":[99.012830969684316,18.786134459895031]},"properties":{"OBJECTID":579,"SOURCE_ID":579,"kom":0,"GiZScore":-1.5458141924938948,"GiPValue":0.12214944841061166,"NNeighbors":189,"Gi_Bin":0}},{"type":"Feature","id":580,"geometry":{"type":"Point","coordinates":[99.016657810440023,18.77812652041462]},"properties":{"OBJECTID":580,"SOURCE_ID":580,"kom":2,"GiZScore":-1.5449406045219045,"GiPValue":0.12236063073905259,"NNeighbors":192,"Gi_Bin":0}},{"type":"Feature","id":581,"geometry":{"type":"Point","coordinates":[99.016328989563689,18.778395060049945]},"properties":{"OBJECTID":581,"SOURCE_ID":581,"kom":0,"GiZScore":-1.516788732966061,"GiPValue":0.12932003260379196,"NNeighbors":188,"Gi_Bin":0}},{"type":"Feature","id":582,"geometry":{"type":"Point","coordinates":[99.016113330131859,18.778603600311087]},"properties":{"OBJECTID":582,"SOURCE_ID":582,"kom":0,"GiZScore":-1.516788732966061,"GiPValue":0.12932003260379196,"NNeighbors":188,"Gi_Bin":0}},{"type":"Feature","id":583,"geometry":{"type":"Point","coordinates":[99.013598279575731,18.782515579986562]},"properties":{"OBJECTID":583,"SOURCE_ID":583,"kom":1,"GiZScore":-1.4583963408201526,"GiPValue":0.14473132869335786,"NNeighbors":186,"Gi_Bin":0}},{"type":"Feature","id":584,"geometry":{"type":"Point","coordinates":[99.013370729889303,18.782993909918055]},"properties":{"OBJECTID":584,"SOURCE_ID":584,"kom":0,"GiZScore":-1.5464775950062173,"GiPValue":0.12198926699443115,"NNeighbors":187,"Gi_Bin":0}},{"type":"Feature","id":585,"geometry":{"type":"Point","coordinates":[99.014182120345467,18.782977319774357]},"properties":{"OBJECTID":585,"SOURCE_ID":585,"kom":0,"GiZScore":-1.3402516972266452,"GiPValue":0.18016352942135089,"NNeighbors":183,"Gi_Bin":0}},{"type":"Feature","id":586,"geometry":{"type":"Point","coordinates":[99.014555139992424,18.782910549835879]},"properties":{"OBJECTID":586,"SOURCE_ID":586,"kom":2,"GiZScore":-1.3699264093074821,"GiPValue":0.17070987483386052,"NNeighbors":184,"Gi_Bin":0}},{"type":"Feature","id":587,"geometry":{"type":"Point","coordinates":[99.015009340245868,18.782801339723878]},"properties":{"OBJECTID":587,"SOURCE_ID":587,"kom":0,"GiZScore":-1.6079267915648254,"GiPValue":0.10785121333206069,"NNeighbors":182,"Gi_Bin":0}},{"type":"Feature","id":588,"geometry":{"type":"Point","coordinates":[99.015651939579257,18.782655500298954]},"properties":{"OBJECTID":588,"SOURCE_ID":588,"kom":1,"GiZScore":-1.7260824339113856,"GiPValue":0.084332583566331526,"NNeighbors":183,"Gi_Bin":-1}},{"type":"Feature","id":589,"geometry":{"type":"Point","coordinates":[99.016301660241453,18.782549539568091]},"properties":{"OBJECTID":589,"SOURCE_ID":589,"kom":1,"GiZScore":-1.7540254060763549,"GiPValue":0.079426153922094178,"NNeighbors":185,"Gi_Bin":-1}},{"type":"Feature","id":590,"geometry":{"type":"Point","coordinates":[99.015743569749063,18.782453020213932]},"properties":{"OBJECTID":590,"SOURCE_ID":590,"kom":0,"GiZScore":-1.7260824339113856,"GiPValue":0.084332583566331526,"NNeighbors":183,"Gi_Bin":-1}},{"type":"Feature","id":591,"geometry":{"type":"Point","coordinates":[99.015399390194332,18.774464089635234]},"properties":{"OBJECTID":591,"SOURCE_ID":591,"kom":0,"GiZScore":-1.1604094581749218,"GiPValue":0.24588215773620581,"NNeighbors":179,"Gi_Bin":0}},{"type":"Feature","id":592,"geometry":{"type":"Point","coordinates":[99.015436619912478,18.774700989923772]},"properties":{"OBJECTID":592,"SOURCE_ID":592,"kom":1,"GiZScore":-1.2209040365036268,"GiPValue":0.22212237882779506,"NNeighbors":181,"Gi_Bin":0}},{"type":"Feature","id":593,"geometry":{"type":"Point","coordinates":[99.015163880103273,18.77057852038892]},"properties":{"OBJECTID":593,"SOURCE_ID":593,"kom":0,"GiZScore":-1.1890472858293539,"GiPValue":0.23442108137141204,"NNeighbors":175,"Gi_Bin":0}},{"type":"Feature","id":594,"geometry":{"type":"Point","coordinates":[99.015697040213013,18.77265981967339]},"properties":{"OBJECTID":594,"SOURCE_ID":594,"kom":1,"GiZScore":-0.95915930398833393,"GiPValue":0.3374785104138337,"NNeighbors":188,"Gi_Bin":0}},{"type":"Feature","id":595,"geometry":{"type":"Point","coordinates":[99.017051879779828,18.77425058022536]},"properties":{"OBJECTID":595,"SOURCE_ID":595,"kom":4,"GiZScore":-1.1364156389349866,"GiPValue":0.25578267258996379,"NNeighbors":190,"Gi_Bin":0}},{"type":"Feature","id":596,"geometry":{"type":"Point","coordinates":[99.017071839792067,18.772630019581353]},"properties":{"OBJECTID":596,"SOURCE_ID":596,"kom":0,"GiZScore":-1.0153912042808113,"GiPValue":0.3099193981156444,"NNeighbors":185,"Gi_Bin":0}},{"type":"Feature","id":597,"geometry":{"type":"Point","coordinates":[99.017055290377712,18.771952949931837]},"properties":{"OBJECTID":597,"SOURCE_ID":597,"kom":0,"GiZScore":-1.1640979227885666,"GiPValue":0.24438435050756024,"NNeighbors":187,"Gi_Bin":0}},{"type":"Feature","id":598,"geometry":{"type":"Point","coordinates":[99.017050830276105,18.771229930407017]},"properties":{"OBJECTID":598,"SOURCE_ID":598,"kom":0,"GiZScore":-1.1930826233315519,"GiPValue":0.23283703765744779,"NNeighbors":186,"Gi_Bin":0}},{"type":"Feature","id":599,"geometry":{"type":"Point","coordinates":[99.013511010391511,18.771449299567273]},"properties":{"OBJECTID":599,"SOURCE_ID":599,"kom":0,"GiZScore":-0.96526156657213535,"GiPValue":0.33441382899965799,"NNeighbors":159,"Gi_Bin":0}},{"type":"Feature","id":600,"geometry":{"type":"Point","coordinates":[99.01214285003249,18.772258929646345]},"properties":{"OBJECTID":600,"SOURCE_ID":600,"kom":6,"GiZScore":-0.9066634852722979,"GiPValue":0.36458478879836898,"NNeighbors":164,"Gi_Bin":0}},{"type":"Feature","id":601,"geometry":{"type":"Point","coordinates":[99.015418870246009,18.769237519666625]},"properties":{"OBJECTID":601,"SOURCE_ID":601,"kom":0,"GiZScore":-1.2794892134038114,"GiPValue":0.20072486144280743,"NNeighbors":169,"Gi_Bin":0}},{"type":"Feature","id":602,"geometry":{"type":"Point","coordinates":[99.015600830120036,18.769186229797349]},"properties":{"OBJECTID":602,"SOURCE_ID":602,"kom":0,"GiZScore":-1.4022449899774259,"GiPValue":0.16084210108184946,"NNeighbors":169,"Gi_Bin":0}},{"type":"Feature","id":603,"geometry":{"type":"Point","coordinates":[99.015231460291119,18.769384459807092]},"properties":{"OBJECTID":603,"SOURCE_ID":603,"kom":0,"GiZScore":-1.2487272688996707,"GiPValue":0.21176486778443926,"NNeighbors":168,"Gi_Bin":0}},{"type":"Feature","id":604,"geometry":{"type":"Point","coordinates":[99.018364050089446,18.78039699006538]},"properties":{"OBJECTID":604,"SOURCE_ID":604,"kom":0,"GiZScore":-1.7540254060763549,"GiPValue":0.079426153922094178,"NNeighbors":185,"Gi_Bin":-1}},{"type":"Feature","id":605,"geometry":{"type":"Point","coordinates":[99.018362009646353,18.780577740105102]},"properties":{"OBJECTID":605,"SOURCE_ID":605,"kom":4,"GiZScore":-1.7252707359584365,"GiPValue":0.084478693185387199,"NNeighbors":184,"Gi_Bin":-1}},{"type":"Feature","id":606,"geometry":{"type":"Point","coordinates":[99.020175770245103,18.782008010065983]},"properties":{"OBJECTID":606,"SOURCE_ID":606,"kom":0,"GiZScore":-1.4612075229196411,"GiPValue":0.14395849913563682,"NNeighbors":175,"Gi_Bin":0}},{"type":"Feature","id":607,"geometry":{"type":"Point","coordinates":[99.018840169895427,18.777394270240826]},"properties":{"OBJECTID":607,"SOURCE_ID":607,"kom":0,"GiZScore":-1.5442078789021585,"GiPValue":0.12253798074079877,"NNeighbors":195,"Gi_Bin":0}},{"type":"Feature","id":608,"geometry":{"type":"Point","coordinates":[99.022823559611595,18.781095429951495]},"properties":{"OBJECTID":608,"SOURCE_ID":608,"kom":2,"GiZScore":-1.2491669057812096,"GiPValue":0.21160405783684899,"NNeighbors":155,"Gi_Bin":0}},{"type":"Feature","id":609,"geometry":{"type":"Point","coordinates":[99.022839419835776,18.781275549701189]},"properties":{"OBJECTID":609,"SOURCE_ID":609,"kom":2,"GiZScore":-1.408986177992116,"GiPValue":0.15883925525426329,"NNeighbors":154,"Gi_Bin":0}},{"type":"Feature","id":610,"geometry":{"type":"Point","coordinates":[99.022855280095328,18.781455680291511]},"properties":{"OBJECTID":610,"SOURCE_ID":610,"kom":0,"GiZScore":-1.3432358097411556,"GiPValue":0.17919562972661721,"NNeighbors":159,"Gi_Bin":0}},{"type":"Feature","id":611,"geometry":{"type":"Point","coordinates":[99.022931910471954,18.781835139674765]},"properties":{"OBJECTID":611,"SOURCE_ID":611,"kom":0,"GiZScore":-1.2173219816744592,"GiPValue":0.22348175666868864,"NNeighbors":155,"Gi_Bin":0}},{"type":"Feature","id":612,"geometry":{"type":"Point","coordinates":[99.02659133972999,18.780107080407436]},"properties":{"OBJECTID":612,"SOURCE_ID":612,"kom":5,"GiZScore":-1.1879685707725824,"GiPValue":0.23484581357016032,"NNeighbors":136,"Gi_Bin":0}},{"type":"Feature","id":613,"geometry":{"type":"Point","coordinates":[99.0261246400093,18.779536850300687]},"properties":{"OBJECTID":613,"SOURCE_ID":613,"kom":1,"GiZScore":-1.1859468010605072,"GiPValue":0.23564333031086326,"NNeighbors":145,"Gi_Bin":0}},{"type":"Feature","id":614,"geometry":{"type":"Point","coordinates":[98.976528510214592,18.795861649832641]},"properties":{"OBJECTID":614,"SOURCE_ID":614,"kom":0,"GiZScore":-0.6350953569937603,"GiPValue":0.52536622876826411,"NNeighbors":236,"Gi_Bin":0}},{"type":"Feature","id":615,"geometry":{"type":"Point","coordinates":[98.974410190115307,18.796097090374552]},"properties":{"OBJECTID":615,"SOURCE_ID":615,"kom":0,"GiZScore":-0.8756016010895773,"GiPValue":0.38124666399204676,"NNeighbors":215,"Gi_Bin":0}},{"type":"Feature","id":616,"geometry":{"type":"Point","coordinates":[98.972239719788078,18.795159099872812]},"properties":{"OBJECTID":616,"SOURCE_ID":616,"kom":0,"GiZScore":-1.0594267919680418,"GiPValue":0.2894054690615222,"NNeighbors":203,"Gi_Bin":0}},{"type":"Feature","id":617,"geometry":{"type":"Point","coordinates":[98.972792230126373,18.795930240108326]},"properties":{"OBJECTID":617,"SOURCE_ID":617,"kom":2,"GiZScore":-1.0015761634266052,"GiPValue":0.31654835163206407,"NNeighbors":202,"Gi_Bin":0}},{"type":"Feature","id":618,"geometry":{"type":"Point","coordinates":[98.9726055503439,18.795962880241756]},"properties":{"OBJECTID":618,"SOURCE_ID":618,"kom":0,"GiZScore":-1.0291643148295353,"GiPValue":0.30340248252455271,"NNeighbors":201,"Gi_Bin":0}},{"type":"Feature","id":619,"geometry":{"type":"Point","coordinates":[98.972232209541602,18.79602816989258]},"properties":{"OBJECTID":619,"SOURCE_ID":619,"kom":0,"GiZScore":-0.94134978958857696,"GiPValue":0.34652564672846997,"NNeighbors":199,"Gi_Bin":0}},{"type":"Feature","id":620,"geometry":{"type":"Point","coordinates":[98.971858859913269,18.796093449756903]},"properties":{"OBJECTID":620,"SOURCE_ID":620,"kom":0,"GiZScore":-0.90930302787187633,"GiPValue":0.36319020309491767,"NNeighbors":196,"Gi_Bin":0}},{"type":"Feature","id":621,"geometry":{"type":"Point","coordinates":[98.973662059933332,18.795342869858413]},"properties":{"OBJECTID":621,"SOURCE_ID":621,"kom":0,"GiZScore":-0.8756016010895773,"GiPValue":0.38124666399204676,"NNeighbors":215,"Gi_Bin":0}},{"type":"Feature","id":622,"geometry":{"type":"Point","coordinates":[98.973329359689643,18.795400410221681]},"properties":{"OBJECTID":622,"SOURCE_ID":622,"kom":0,"GiZScore":-0.8144829042456686,"GiPValue":0.41536836960688484,"NNeighbors":211,"Gi_Bin":0}},{"type":"Feature","id":623,"geometry":{"type":"Point","coordinates":[98.972339559983212,18.795568040069167]},"properties":{"OBJECTID":623,"SOURCE_ID":623,"kom":0,"GiZScore":-1.0015761634266052,"GiPValue":0.31654835163206407,"NNeighbors":202,"Gi_Bin":0}},{"type":"Feature","id":624,"geometry":{"type":"Point","coordinates":[98.97159208034553,18.795694469960985]},"properties":{"OBJECTID":624,"SOURCE_ID":624,"kom":0,"GiZScore":-1.1091889991702575,"GiPValue":0.26734867501312964,"NNeighbors":193,"Gi_Bin":0}},{"type":"Feature","id":625,"geometry":{"type":"Point","coordinates":[98.973298330452224,18.795658929931655]},"properties":{"OBJECTID":625,"SOURCE_ID":625,"kom":2,"GiZScore":-0.78074885997742072,"GiPValue":0.43495022413979512,"NNeighbors":207,"Gi_Bin":0}},{"type":"Feature","id":626,"geometry":{"type":"Point","coordinates":[98.973048020349822,18.793655489600667]},"properties":{"OBJECTID":626,"SOURCE_ID":626,"kom":7,"GiZScore":-1.1273625432154537,"GiPValue":0.25958924750886747,"NNeighbors":217,"Gi_Bin":0}},{"type":"Feature","id":627,"geometry":{"type":"Point","coordinates":[98.972925620187382,18.793121239755646]},"properties":{"OBJECTID":627,"SOURCE_ID":627,"kom":1,"GiZScore":-1.1273625432154537,"GiPValue":0.25958924750886747,"NNeighbors":217,"Gi_Bin":0}},{"type":"Feature","id":628,"geometry":{"type":"Point","coordinates":[98.971512269914655,18.794348229717542]},"properties":{"OBJECTID":628,"SOURCE_ID":628,"kom":0,"GiZScore":-1.3129267807603111,"GiPValue":0.18920762169327668,"NNeighbors":195,"Gi_Bin":0}},{"type":"Feature","id":629,"geometry":{"type":"Point","coordinates":[98.971487339982687,18.793879179565852]},"properties":{"OBJECTID":629,"SOURCE_ID":629,"kom":0,"GiZScore":-1.257160697658311,"GiPValue":0.20869547636560359,"NNeighbors":200,"Gi_Bin":0}},{"type":"Feature","id":630,"geometry":{"type":"Point","coordinates":[98.972570609825368,18.793592350104689]},"properties":{"OBJECTID":630,"SOURCE_ID":630,"kom":0,"GiZScore":-0.9544810400133078,"GiPValue":0.33984021390676733,"NNeighbors":211,"Gi_Bin":0}},{"type":"Feature","id":631,"geometry":{"type":"Point","coordinates":[98.972753179767423,18.793542970327461]},"properties":{"OBJECTID":631,"SOURCE_ID":631,"kom":0,"GiZScore":-1.0125074977650501,"GiPValue":0.3112954774409793,"NNeighbors":213,"Gi_Bin":0}},{"type":"Feature","id":632,"geometry":{"type":"Point","coordinates":[98.971498049830018,18.793467999893284]},"properties":{"OBJECTID":632,"SOURCE_ID":632,"kom":0,"GiZScore":-1.1988503480065424,"GiPValue":0.23058616301500234,"NNeighbors":198,"Gi_Bin":0}},{"type":"Feature","id":633,"geometry":{"type":"Point","coordinates":[98.972321660283811,18.793014659611124]},"properties":{"OBJECTID":633,"SOURCE_ID":633,"kom":12,"GiZScore":-1.062910060714644,"GiPValue":0.28782275591376338,"NNeighbors":207,"Gi_Bin":0}},{"type":"Feature","id":634,"geometry":{"type":"Point","coordinates":[98.972242260304569,18.794243370048719]},"properties":{"OBJECTID":634,"SOURCE_ID":634,"kom":0,"GiZScore":-1.003522941257295,"GiPValue":0.31560862721386296,"NNeighbors":204,"Gi_Bin":0}},{"type":"Feature","id":635,"geometry":{"type":"Point","coordinates":[98.971851170167938,18.795044330167141]},"properties":{"OBJECTID":635,"SOURCE_ID":635,"kom":0,"GiZScore":-1.1988503480065424,"GiPValue":0.23058616301500234,"NNeighbors":198,"Gi_Bin":0}},{"type":"Feature","id":636,"geometry":{"type":"Point","coordinates":[98.966587469948891,18.793581860317463]},"properties":{"OBJECTID":636,"SOURCE_ID":636,"kom":0,"GiZScore":-0.20743039197731913,"GiPValue":0.83567374948583018,"NNeighbors":135,"Gi_Bin":0}},{"type":"Feature","id":637,"geometry":{"type":"Point","coordinates":[98.968116640332028,18.793281659552562]},"properties":{"OBJECTID":637,"SOURCE_ID":637,"kom":0,"GiZScore":-0.086386528050302058,"GiPValue":0.93115915595649257,"NNeighbors":160,"Gi_Bin":0}},{"type":"Feature","id":638,"geometry":{"type":"Point","coordinates":[98.954739639777614,18.796299870313693]},"properties":{"OBJECTID":638,"SOURCE_ID":638,"kom":2,"GiZScore":0.7839697883672273,"GiPValue":0.4330578446629334,"NNeighbors":59,"Gi_Bin":0}},{"type":"Feature","id":639,"geometry":{"type":"Point","coordinates":[98.955142779920507,18.796234280278263]},"properties":{"OBJECTID":639,"SOURCE_ID":639,"kom":0,"GiZScore":0.7839697883672273,"GiPValue":0.4330578446629334,"NNeighbors":59,"Gi_Bin":0}},{"type":"Feature","id":640,"geometry":{"type":"Point","coordinates":[98.956168239653408,18.796089569756838]},"properties":{"OBJECTID":640,"SOURCE_ID":640,"kom":2,"GiZScore":0.684880094567479,"GiPValue":0.49341959248843359,"NNeighbors":59,"Gi_Bin":0}},{"type":"Feature","id":641,"geometry":{"type":"Point","coordinates":[98.956544270120133,18.796040230379425]},"properties":{"OBJECTID":641,"SOURCE_ID":641,"kom":5,"GiZScore":1.2059965772503705,"GiPValue":0.22781883228529609,"NNeighbors":64,"Gi_Bin":0}},{"type":"Feature","id":642,"geometry":{"type":"Point","coordinates":[98.949344379848611,18.796626300212239]},"properties":{"OBJECTID":642,"SOURCE_ID":642,"kom":0,"GiZScore":2.0762778937850701,"GiPValue":0.037868256643797421,"NNeighbors":42,"Gi_Bin":2}},{"type":"Feature","id":643,"geometry":{"type":"Point","coordinates":[98.949288509557462,18.796799049555027]},"properties":{"OBJECTID":643,"SOURCE_ID":643,"kom":10,"GiZScore":2.0762778937850701,"GiPValue":0.037868256643797421,"NNeighbors":42,"Gi_Bin":2}},{"type":"Feature","id":644,"geometry":{"type":"Point","coordinates":[98.955259719571274,18.797833010040264]},"properties":{"OBJECTID":644,"SOURCE_ID":644,"kom":1,"GiZScore":0.94407434562412418,"GiPValue":0.34513166944143314,"NNeighbors":62,"Gi_Bin":0}},{"type":"Feature","id":645,"geometry":{"type":"Point","coordinates":[98.95525927988534,18.798013770245909]},"properties":{"OBJECTID":645,"SOURCE_ID":645,"kom":1,"GiZScore":0.94407434562412418,"GiPValue":0.34513166944143314,"NNeighbors":62,"Gi_Bin":0}},{"type":"Feature","id":646,"geometry":{"type":"Point","coordinates":[98.955249219757235,18.799087410062199]},"properties":{"OBJECTID":646,"SOURCE_ID":646,"kom":1,"GiZScore":0.8838838780234336,"GiPValue":0.37675891057046829,"NNeighbors":63,"Gi_Bin":0}},{"type":"Feature","id":647,"geometry":{"type":"Point","coordinates":[98.954539469941579,18.797482819741546]},"properties":{"OBJECTID":647,"SOURCE_ID":647,"kom":2,"GiZScore":1.067484589765832,"GiPValue":0.28575308470394811,"NNeighbors":60,"Gi_Bin":0}},{"type":"Feature","id":648,"geometry":{"type":"Point","coordinates":[98.955813839550117,18.796903630331919]},"properties":{"OBJECTID":648,"SOURCE_ID":648,"kom":20,"GiZScore":0.7839697883672273,"GiPValue":0.4330578446629334,"NNeighbors":59,"Gi_Bin":0}},{"type":"Feature","id":649,"geometry":{"type":"Point","coordinates":[98.954356940376513,18.797889250251615]},"properties":{"OBJECTID":649,"SOURCE_ID":649,"kom":0,"GiZScore":0.94407434562412418,"GiPValue":0.34513166944143314,"NNeighbors":62,"Gi_Bin":0}},{"type":"Feature","id":650,"geometry":{"type":"Point","coordinates":[98.954361980289193,18.796762860440513]},"properties":{"OBJECTID":650,"SOURCE_ID":650,"kom":0,"GiZScore":0.81019843152979198,"GiPValue":0.41782614628605352,"NNeighbors":61,"Gi_Bin":0}},{"type":"Feature","id":651,"geometry":{"type":"Point","coordinates":[98.954147100374584,18.807124530160639]},"properties":{"OBJECTID":651,"SOURCE_ID":651,"kom":6,"GiZScore":1.5844546031183824,"GiPValue":0.11309030457489586,"NNeighbors":48,"Gi_Bin":0}},{"type":"Feature","id":652,"geometry":{"type":"Point","coordinates":[98.954055989903807,18.806965950054515]},"properties":{"OBJECTID":652,"SOURCE_ID":652,"kom":6,"GiZScore":1.5844546031183824,"GiPValue":0.11309030457489586,"NNeighbors":48,"Gi_Bin":0}},{"type":"Feature","id":653,"geometry":{"type":"Point","coordinates":[98.953782680387278,18.806490230247586]},"properties":{"OBJECTID":653,"SOURCE_ID":653,"kom":0,"GiZScore":1.5844546031183824,"GiPValue":0.11309030457489586,"NNeighbors":48,"Gi_Bin":0}},{"type":"Feature","id":654,"geometry":{"type":"Point","coordinates":[98.953597690179208,18.806164849884574]},"properties":{"OBJECTID":654,"SOURCE_ID":654,"kom":4,"GiZScore":1.5844546031183824,"GiPValue":0.11309030457489586,"NNeighbors":48,"Gi_Bin":0}},{"type":"Feature","id":655,"geometry":{"type":"Point","coordinates":[98.951650360216505,18.802904550138198]},"properties":{"OBJECTID":655,"SOURCE_ID":655,"kom":1,"GiZScore":1.7405354661008072,"GiPValue":0.081765038110621677,"NNeighbors":46,"Gi_Bin":1}},{"type":"Feature","id":656,"geometry":{"type":"Point","coordinates":[98.981142199536421,18.791300360399752]},"properties":{"OBJECTID":656,"SOURCE_ID":656,"kom":0,"GiZScore":0.20387063655414012,"GiPValue":0.83845459191336658,"NNeighbors":285,"Gi_Bin":0}},{"type":"Feature","id":657,"geometry":{"type":"Point","coordinates":[98.98115351013216,18.791119930043635]},"properties":{"OBJECTID":657,"SOURCE_ID":657,"kom":0,"GiZScore":0.26993548949862745,"GiPValue":0.78720988389693225,"NNeighbors":288,"Gi_Bin":0}},{"type":"Feature","id":658,"geometry":{"type":"Point","coordinates":[98.981348589527926,18.79023474987719]},"properties":{"OBJECTID":658,"SOURCE_ID":658,"kom":4,"GiZScore":0.50904036559180332,"GiPValue":0.61072393247978984,"NNeighbors":291,"Gi_Bin":0}},{"type":"Feature","id":659,"geometry":{"type":"Point","coordinates":[98.979512889883537,18.768133199555379]},"properties":{"OBJECTID":659,"SOURCE_ID":659,"kom":14,"GiZScore":-0.8279735462529132,"GiPValue":0.40768548948216643,"NNeighbors":200,"Gi_Bin":0}},{"type":"Feature","id":660,"geometry":{"type":"Point","coordinates":[98.999013299838438,18.801511330213955]},"properties":{"OBJECTID":660,"SOURCE_ID":660,"kom":0,"GiZScore":2.4131417529782726,"GiPValue":0.015815667189647584,"NNeighbors":229,"Gi_Bin":2}},{"type":"Feature","id":661,"geometry":{"type":"Point","coordinates":[98.999088100086851,18.801677460360381]},"properties":{"OBJECTID":661,"SOURCE_ID":661,"kom":0,"GiZScore":2.3999418485175719,"GiPValue":0.016397676580752505,"NNeighbors":227,"Gi_Bin":2}},{"type":"Feature","id":662,"geometry":{"type":"Point","coordinates":[98.995842689946173,18.808864999725383]},"properties":{"OBJECTID":662,"SOURCE_ID":662,"kom":1,"GiZScore":2.3542698566695681,"GiPValue":0.018559132205432486,"NNeighbors":161,"Gi_Bin":2}},{"type":"Feature","id":663,"geometry":{"type":"Point","coordinates":[98.996459060457781,18.809663030256061]},"properties":{"OBJECTID":663,"SOURCE_ID":663,"kom":0,"GiZScore":2.5505228776399824,"GiPValue":0.010756146438174102,"NNeighbors":151,"Gi_Bin":2}},{"type":"Feature","id":664,"geometry":{"type":"Point","coordinates":[98.996521280370175,18.81019445008091]},"properties":{"OBJECTID":664,"SOURCE_ID":664,"kom":8,"GiZScore":2.6820170260217426,"GiPValue":0.0073179735204440422,"NNeighbors":145,"Gi_Bin":3}},{"type":"Feature","id":665,"geometry":{"type":"Point","coordinates":[98.996541519909186,18.810374180255529]},"properties":{"OBJECTID":665,"SOURCE_ID":665,"kom":0,"GiZScore":2.7711933353873737,"GiPValue":0.0055851253961943835,"NNeighbors":143,"Gi_Bin":3}},{"type":"Feature","id":666,"geometry":{"type":"Point","coordinates":[98.996571479954795,18.81063354960164]},"properties":{"OBJECTID":666,"SOURCE_ID":666,"kom":0,"GiZScore":2.8162550102979824,"GiPValue":0.0048587083721384023,"NNeighbors":142,"Gi_Bin":3}},{"type":"Feature","id":667,"geometry":{"type":"Point","coordinates":[98.995938110246101,18.807802329729824]},"properties":{"OBJECTID":667,"SOURCE_ID":667,"kom":0,"GiZScore":2.3909721523089793,"GiPValue":0.016803827372053569,"NNeighbors":167,"Gi_Bin":2}},{"type":"Feature","id":668,"geometry":{"type":"Point","coordinates":[98.995593860028492,18.806852449594473]},"properties":{"OBJECTID":668,"SOURCE_ID":668,"kom":3,"GiZScore":2.5213094215088585,"GiPValue":0.01169189901370471,"NNeighbors":186,"Gi_Bin":2}},{"type":"Feature","id":669,"geometry":{"type":"Point","coordinates":[98.996013340096511,18.806722529652276]},"properties":{"OBJECTID":669,"SOURCE_ID":669,"kom":2,"GiZScore":2.530052964337798,"GiPValue":0.011404530968396628,"NNeighbors":185,"Gi_Bin":2}},{"type":"Feature","id":670,"geometry":{"type":"Point","coordinates":[98.999441080401468,18.805610679691647]},"properties":{"OBJECTID":670,"SOURCE_ID":670,"kom":1,"GiZScore":3.1876651990795799,"GiPValue":0.0014342650146340523,"NNeighbors":193,"Gi_Bin":3}},{"type":"Feature","id":671,"geometry":{"type":"Point","coordinates":[98.997441400440039,18.805729800254571]},"properties":{"OBJECTID":671,"SOURCE_ID":671,"kom":7,"GiZScore":3.2255745115577805,"GiPValue":0.001257201059251347,"NNeighbors":198,"Gi_Bin":3}},{"type":"Feature","id":672,"geometry":{"type":"Point","coordinates":[98.997954970441128,18.805803199552976]},"properties":{"OBJECTID":672,"SOURCE_ID":672,"kom":0,"GiZScore":3.2548749075411738,"GiPValue":0.0011344232087647261,"NNeighbors":195,"Gi_Bin":3}},{"type":"Feature","id":673,"geometry":{"type":"Point","coordinates":[98.998140759561153,18.805840199843267]},"properties":{"OBJECTID":673,"SOURCE_ID":673,"kom":6,"GiZScore":3.2358119317903546,"GiPValue":0.0012129727330233214,"NNeighbors":194,"Gi_Bin":3}},{"type":"Feature","id":674,"geometry":{"type":"Point","coordinates":[98.998839109702928,18.805969429926481]},"properties":{"OBJECTID":674,"SOURCE_ID":674,"kom":1,"GiZScore":3.1876651990795799,"GiPValue":0.0014342650146340523,"NNeighbors":193,"Gi_Bin":3}},{"type":"Feature","id":675,"geometry":{"type":"Point","coordinates":[98.999269230198919,18.805423180250333]},"properties":{"OBJECTID":675,"SOURCE_ID":675,"kom":0,"GiZScore":3.1488983184466108,"GiPValue":0.0016388720856061181,"NNeighbors":194,"Gi_Bin":3}},{"type":"Feature","id":676,"geometry":{"type":"Point","coordinates":[98.998861370404725,18.805350500136218]},"properties":{"OBJECTID":676,"SOURCE_ID":676,"kom":0,"GiZScore":3.1872751858306021,"GiPValue":0.0014362005932377637,"NNeighbors":199,"Gi_Bin":3}},{"type":"Feature","id":677,"geometry":{"type":"Point","coordinates":[98.998214390306899,18.805235580294092]},"properties":{"OBJECTID":677,"SOURCE_ID":677,"kom":0,"GiZScore":3.2636106304785457,"GiPValue":0.0011000222817190593,"NNeighbors":200,"Gi_Bin":3}},{"type":"Feature","id":678,"geometry":{"type":"Point","coordinates":[98.997780229593246,18.805503179883097]},"properties":{"OBJECTID":678,"SOURCE_ID":678,"kom":0,"GiZScore":3.4538820437811069,"GiPValue":0.00055257900935811062,"NNeighbors":201,"Gi_Bin":3}},{"type":"Feature","id":679,"geometry":{"type":"Point","coordinates":[98.998707439534016,18.8056644902701]},"properties":{"OBJECTID":679,"SOURCE_ID":679,"kom":1,"GiZScore":3.1776923734775924,"GiPValue":0.0014845217002247793,"NNeighbors":197,"Gi_Bin":3}},{"type":"Feature","id":680,"geometry":{"type":"Point","coordinates":[98.998382579739697,18.806314999591219]},"properties":{"OBJECTID":680,"SOURCE_ID":680,"kom":0,"GiZScore":2.9640116611069764,"GiPValue":0.0030365677965654408,"NNeighbors":189,"Gi_Bin":3}},{"type":"Feature","id":681,"geometry":{"type":"Point","coordinates":[98.997600530446348,18.805290170311213]},"properties":{"OBJECTID":681,"SOURCE_ID":681,"kom":5,"GiZScore":3.4154397257847031,"GiPValue":0.00063679120886351518,"NNeighbors":202,"Gi_Bin":3}},{"type":"Feature","id":682,"geometry":{"type":"Point","coordinates":[98.99913048032009,18.805053550447003]},"properties":{"OBJECTID":682,"SOURCE_ID":682,"kom":0,"GiZScore":3.2732882061518347,"GiPValue":0.0010630402437703582,"NNeighbors":199,"Gi_Bin":3}},{"type":"Feature","id":683,"geometry":{"type":"Point","coordinates":[98.999557769886266,18.804714230337545]},"properties":{"OBJECTID":683,"SOURCE_ID":683,"kom":0,"GiZScore":3.2352144944270869,"GiPValue":0.0012155138032948654,"NNeighbors":206,"Gi_Bin":3}},{"type":"Feature","id":684,"geometry":{"type":"Point","coordinates":[99.002465570287683,18.80369195035216]},"properties":{"OBJECTID":684,"SOURCE_ID":684,"kom":0,"GiZScore":2.4869650402888195,"GiPValue":0.01288380590425941,"NNeighbors":190,"Gi_Bin":2}},{"type":"Feature","id":685,"geometry":{"type":"Point","coordinates":[99.002086439637267,18.803753109767023]},"properties":{"OBJECTID":685,"SOURCE_ID":685,"kom":4,"GiZScore":2.4535894116966617,"GiPValue":0.014143837254507546,"NNeighbors":194,"Gi_Bin":2}},{"type":"Feature","id":686,"geometry":{"type":"Point","coordinates":[99.002028690194948,18.803980779933582]},"properties":{"OBJECTID":686,"SOURCE_ID":686,"kom":1,"GiZScore":2.6038482880057163,"GiPValue":0.0092183552098658254,"NNeighbors":190,"Gi_Bin":3}},{"type":"Feature","id":687,"geometry":{"type":"Point","coordinates":[99.002333989615252,18.803959830183416]},"properties":{"OBJECTID":687,"SOURCE_ID":687,"kom":0,"GiZScore":2.5420435156286634,"GiPValue":0.011020645183481297,"NNeighbors":187,"Gi_Bin":2}},{"type":"Feature","id":688,"geometry":{"type":"Point","coordinates":[99.017104909967514,18.798542370226901]},"properties":{"OBJECTID":688,"SOURCE_ID":688,"kom":2,"GiZScore":0.2355119723021466,"GiPValue":0.81381138779937323,"NNeighbors":111,"Gi_Bin":0}},{"type":"Feature","id":689,"geometry":{"type":"Point","coordinates":[99.016683760466989,18.798271560203581]},"properties":{"OBJECTID":689,"SOURCE_ID":689,"kom":0,"GiZScore":0.00065855771360407832,"GiPValue":0.99947454700584293,"NNeighbors":124,"Gi_Bin":0}},{"type":"Feature","id":690,"geometry":{"type":"Point","coordinates":[99.006386239613306,18.782603629693455]},"properties":{"OBJECTID":690,"SOURCE_ID":690,"kom":0,"GiZScore":-0.9158366900732906,"GiPValue":0.3597525670827153,"NNeighbors":225,"Gi_Bin":0}},{"type":"Feature","id":691,"geometry":{"type":"Point","coordinates":[99.007369429525795,18.783078469897756]},"properties":{"OBJECTID":691,"SOURCE_ID":691,"kom":2,"GiZScore":-0.59229297116103197,"GiPValue":0.55365442488249472,"NNeighbors":212,"Gi_Bin":0}},{"type":"Feature","id":692,"geometry":{"type":"Point","coordinates":[99.007703929915465,18.783161840036215]},"properties":{"OBJECTID":692,"SOURCE_ID":692,"kom":1,"GiZScore":-0.64648514132450152,"GiPValue":0.51796522077932861,"NNeighbors":211,"Gi_Bin":0}},{"type":"Feature","id":693,"geometry":{"type":"Point","coordinates":[99.00998021047171,18.765799860381826]},"properties":{"OBJECTID":693,"SOURCE_ID":693,"kom":1,"GiZScore":-0.81001607964384359,"GiPValue":0.41793094169660772,"NNeighbors":161,"Gi_Bin":0}},{"type":"Feature","id":694,"geometry":{"type":"Point","coordinates":[98.993301499641944,18.793970039790086]},"properties":{"OBJECTID":694,"SOURCE_ID":694,"kom":3,"GiZScore":1.2618190621967984,"GiPValue":0.20701392619788705,"NNeighbors":307,"Gi_Bin":0}},{"type":"Feature","id":695,"geometry":{"type":"Point","coordinates":[98.993115010018556,18.794003569890563]},"properties":{"OBJECTID":695,"SOURCE_ID":695,"kom":2,"GiZScore":1.3024943507750755,"GiPValue":0.19274744788356943,"NNeighbors":309,"Gi_Bin":0}},{"type":"Feature","id":696,"geometry":{"type":"Point","coordinates":[98.992605429878608,18.794070560003973]},"properties":{"OBJECTID":696,"SOURCE_ID":696,"kom":0,"GiZScore":1.1862033075150114,"GiPValue":0.23554204156169267,"NNeighbors":314,"Gi_Bin":0}},{"type":"Feature","id":697,"geometry":{"type":"Point","coordinates":[98.990218770411971,18.794456029939685]},"properties":{"OBJECTID":697,"SOURCE_ID":697,"kom":0,"GiZScore":2.1287443154919292,"GiPValue":0.033275420233814919,"NNeighbors":299,"Gi_Bin":2}},{"type":"Feature","id":698,"geometry":{"type":"Point","coordinates":[98.99040592992128,18.794426060079822]},"properties":{"OBJECTID":698,"SOURCE_ID":698,"kom":3,"GiZScore":2.0256100735079756,"GiPValue":0.042804758431152494,"NNeighbors":300,"Gi_Bin":2}},{"type":"Feature","id":699,"geometry":{"type":"Point","coordinates":[98.991173739717681,18.794185670310718]},"properties":{"OBJECTID":699,"SOURCE_ID":699,"kom":1,"GiZScore":1.7176851226901086,"GiPValue":0.08585406442413876,"NNeighbors":303,"Gi_Bin":1}},{"type":"Feature","id":700,"geometry":{"type":"Point","coordinates":[98.991403260331609,18.794809210155751]},"properties":{"OBJECTID":700,"SOURCE_ID":700,"kom":0,"GiZScore":1.469050505054784,"GiPValue":0.14181909102074292,"NNeighbors":304,"Gi_Bin":0}},{"type":"Feature","id":701,"geometry":{"type":"Point","coordinates":[98.991011809735639,18.794285390232069]},"properties":{"OBJECTID":701,"SOURCE_ID":701,"kom":0,"GiZScore":1.7176851226901086,"GiPValue":0.08585406442413876,"NNeighbors":303,"Gi_Bin":1}},{"type":"Feature","id":702,"geometry":{"type":"Point","coordinates":[98.998749579766411,18.790141560039423]},"properties":{"OBJECTID":702,"SOURCE_ID":702,"kom":0,"GiZScore":0.89190666345860037,"GiPValue":0.3724429725349917,"NNeighbors":288,"Gi_Bin":0}},{"type":"Feature","id":703,"geometry":{"type":"Point","coordinates":[98.998590970101134,18.791129749968785]},"properties":{"OBJECTID":703,"SOURCE_ID":703,"kom":0,"GiZScore":1.1859774476651501,"GiPValue":0.23563122702074335,"NNeighbors":283,"Gi_Bin":0}},{"type":"Feature","id":704,"geometry":{"type":"Point","coordinates":[98.999241429664096,18.790991149584467]},"properties":{"OBJECTID":704,"SOURCE_ID":704,"kom":0,"GiZScore":0.87925046690110387,"GiPValue":0.37926549588215219,"NNeighbors":278,"Gi_Bin":0}},{"type":"Feature","id":705,"geometry":{"type":"Point","coordinates":[98.984615379706369,18.794730699598002]},"properties":{"OBJECTID":705,"SOURCE_ID":705,"kom":0,"GiZScore":0.97034568874943239,"GiPValue":0.33187422296728986,"NNeighbors":287,"Gi_Bin":0}},{"type":"Feature","id":706,"geometry":{"type":"Point","coordinates":[98.98794270982529,18.797953160162713]},"properties":{"OBJECTID":706,"SOURCE_ID":706,"kom":0,"GiZScore":-0.11364769978776941,"GiPValue":0.9095170733293455,"NNeighbors":272,"Gi_Bin":0}},{"type":"Feature","id":707,"geometry":{"type":"Point","coordinates":[98.988048710109553,18.797803230322302]},"properties":{"OBJECTID":707,"SOURCE_ID":707,"kom":0,"GiZScore":0.17951527681726528,"GiPValue":0.85753312308607355,"NNeighbors":276,"Gi_Bin":0}},{"type":"Feature","id":708,"geometry":{"type":"Point","coordinates":[98.979364329528693,18.800372449814077]},"properties":{"OBJECTID":708,"SOURCE_ID":708,"kom":0,"GiZScore":-0.42035810495048842,"GiPValue":0.674223869755185,"NNeighbors":210,"Gi_Bin":0}},{"type":"Feature","id":709,"geometry":{"type":"Point","coordinates":[98.97921255027839,18.800480969770756]},"properties":{"OBJECTID":709,"SOURCE_ID":709,"kom":1,"GiZScore":-0.55501989938764207,"GiPValue":0.57888105195222739,"NNeighbors":207,"Gi_Bin":0}},{"type":"Feature","id":710,"geometry":{"type":"Point","coordinates":[98.978453619789619,18.801023590272333]},"properties":{"OBJECTID":710,"SOURCE_ID":710,"kom":1,"GiZScore":-0.2457624483421314,"GiPValue":0.80586612772896216,"NNeighbors":196,"Gi_Bin":0}},{"type":"Feature","id":711,"geometry":{"type":"Point","coordinates":[98.976592409712168,18.799701179569617]},"properties":{"OBJECTID":711,"SOURCE_ID":711,"kom":0,"GiZScore":-0.59373963615366143,"GiPValue":0.55268627144784732,"NNeighbors":197,"Gi_Bin":0}},{"type":"Feature","id":712,"geometry":{"type":"Point","coordinates":[98.975975650028815,18.799485130231801]},"properties":{"OBJECTID":712,"SOURCE_ID":712,"kom":0,"GiZScore":-0.65463972185113395,"GiPValue":0.51269974725137679,"NNeighbors":199,"Gi_Bin":0}},{"type":"Feature","id":713,"geometry":{"type":"Point","coordinates":[98.976788230084125,18.799742079639103]},"properties":{"OBJECTID":713,"SOURCE_ID":713,"kom":1,"GiZScore":-0.56310794289983546,"GiPValue":0.57336138578455242,"NNeighbors":196,"Gi_Bin":0}},{"type":"Feature","id":714,"geometry":{"type":"Point","coordinates":[98.975781050463226,18.801156559624989]},"properties":{"OBJECTID":714,"SOURCE_ID":714,"kom":0,"GiZScore":-0.43516832830030044,"GiPValue":0.66344025107558213,"NNeighbors":176,"Gi_Bin":0}},{"type":"Feature","id":715,"geometry":{"type":"Point","coordinates":[98.975718140012063,18.80096095007071]},"properties":{"OBJECTID":715,"SOURCE_ID":715,"kom":6,"GiZScore":-0.46738057198215732,"GiPValue":0.64022762148059231,"NNeighbors":177,"Gi_Bin":0}},{"type":"Feature","id":716,"geometry":{"type":"Point","coordinates":[98.975446750349079,18.800079130291667]},"properties":{"OBJECTID":716,"SOURCE_ID":716,"kom":4,"GiZScore":-0.47955236154530084,"GiPValue":0.63154572893488237,"NNeighbors":183,"Gi_Bin":0}},{"type":"Feature","id":717,"geometry":{"type":"Point","coordinates":[98.975235050157664,18.799384769926821]},"properties":{"OBJECTID":717,"SOURCE_ID":717,"kom":1,"GiZScore":-0.46433696456282897,"GiPValue":0.64240634594802004,"NNeighbors":190,"Gi_Bin":0}},{"type":"Feature","id":718,"geometry":{"type":"Point","coordinates":[98.975068409908246,18.799035509593274]},"properties":{"OBJECTID":718,"SOURCE_ID":718,"kom":0,"GiZScore":-0.43933339224634244,"GiPValue":0.66041998321692585,"NNeighbors":192,"Gi_Bin":0}},{"type":"Feature","id":719,"geometry":{"type":"Point","coordinates":[98.995125720087358,18.78741586972162]},"properties":{"OBJECTID":719,"SOURCE_ID":719,"kom":0,"GiZScore":0.53000656598295204,"GiPValue":0.59610738057788093,"NNeighbors":339,"Gi_Bin":0}},{"type":"Feature","id":720,"geometry":{"type":"Point","coordinates":[98.99515981012506,18.786882830164856]},"properties":{"OBJECTID":720,"SOURCE_ID":720,"kom":1,"GiZScore":0.61809309558089198,"GiPValue":0.53651397675972679,"NNeighbors":341,"Gi_Bin":0}},{"type":"Feature","id":721,"geometry":{"type":"Point","coordinates":[98.995119759620025,18.786141080191008]},"properties":{"OBJECTID":721,"SOURCE_ID":721,"kom":0,"GiZScore":0.7573517623327457,"GiPValue":0.44883915358454252,"NNeighbors":349,"Gi_Bin":0}},{"type":"Feature","id":722,"geometry":{"type":"Point","coordinates":[98.995088339870875,18.785396900087164]},"properties":{"OBJECTID":722,"SOURCE_ID":722,"kom":4,"GiZScore":0.86355699484238335,"GiPValue":0.38783130612320793,"NNeighbors":345,"Gi_Bin":0}},{"type":"Feature","id":723,"geometry":{"type":"Point","coordinates":[98.998300600094538,18.786627909914849]},"properties":{"OBJECTID":723,"SOURCE_ID":723,"kom":2,"GiZScore":0.8655099048150654,"GiPValue":0.38675899090587385,"NNeighbors":309,"Gi_Bin":0}},{"type":"Feature","id":724,"geometry":{"type":"Point","coordinates":[98.998021299853463,18.785235030359114]},"properties":{"OBJECTID":724,"SOURCE_ID":724,"kom":8,"GiZScore":1.0413327299163331,"GiPValue":0.29772116636968626,"NNeighbors":314,"Gi_Bin":0}},{"type":"Feature","id":725,"geometry":{"type":"Point","coordinates":[98.998099169618797,18.789344660284932]},"properties":{"OBJECTID":725,"SOURCE_ID":725,"kom":1,"GiZScore":0.98446396713640361,"GiPValue":0.32488745266776842,"NNeighbors":303,"Gi_Bin":0}},{"type":"Feature","id":726,"geometry":{"type":"Point","coordinates":[98.996261079556248,18.779333120022965]},"properties":{"OBJECTID":726,"SOURCE_ID":726,"kom":0,"GiZScore":-0.63764457743403946,"GiPValue":0.52370507451287462,"NNeighbors":321,"Gi_Bin":0}},{"type":"Feature","id":727,"geometry":{"type":"Point","coordinates":[98.995761300004148,18.779558650149333]},"properties":{"OBJECTID":727,"SOURCE_ID":727,"kom":4,"GiZScore":-0.45814694985879634,"GiPValue":0.64684687163802446,"NNeighbors":327,"Gi_Bin":0}},{"type":"Feature","id":728,"geometry":{"type":"Point","coordinates":[98.996289450369659,18.777235199591832]},"properties":{"OBJECTID":728,"SOURCE_ID":728,"kom":2,"GiZScore":-0.6394923650470079,"GiPValue":0.52250268272560052,"NNeighbors":322,"Gi_Bin":0}},{"type":"Feature","id":729,"geometry":{"type":"Point","coordinates":[98.989279680207204,18.769456959619127]},"properties":{"OBJECTID":729,"SOURCE_ID":729,"kom":0,"GiZScore":-1.6992380542036769,"GiPValue":0.089274338962461175,"NNeighbors":330,"Gi_Bin":-1}},{"type":"Feature","id":730,"geometry":{"type":"Point","coordinates":[98.988273390164338,18.769433079793497]},"properties":{"OBJECTID":730,"SOURCE_ID":730,"kom":3,"GiZScore":-1.5511401031744605,"GiPValue":0.12086811241843133,"NNeighbors":324,"Gi_Bin":0}},{"type":"Feature","id":731,"geometry":{"type":"Point","coordinates":[98.987658480110781,18.769685450040281]},"properties":{"OBJECTID":731,"SOURCE_ID":731,"kom":0,"GiZScore":-1.7634333988119839,"GiPValue":0.07782742093899532,"NNeighbors":320,"Gi_Bin":-1}},{"type":"Feature","id":732,"geometry":{"type":"Point","coordinates":[98.989582769722801,18.769887320423898]},"properties":{"OBJECTID":732,"SOURCE_ID":732,"kom":0,"GiZScore":-1.2779177438156124,"GiPValue":0.20127845666596045,"NNeighbors":335,"Gi_Bin":0}},{"type":"Feature","id":733,"geometry":{"type":"Point","coordinates":[98.989393049924871,18.769883729839549]},"properties":{"OBJECTID":733,"SOURCE_ID":733,"kom":1,"GiZScore":-1.3251864827863966,"GiPValue":0.18510930753893831,"NNeighbors":335,"Gi_Bin":0}},{"type":"Feature","id":734,"geometry":{"type":"Point","coordinates":[98.989203319697339,18.769880149907543]},"properties":{"OBJECTID":734,"SOURCE_ID":734,"kom":0,"GiZScore":-1.4659338097410015,"GiPValue":0.14266632002033439,"NNeighbors":334,"Gi_Bin":0}},{"type":"Feature","id":735,"geometry":{"type":"Point","coordinates":[98.989022769642915,18.769695970300866]},"properties":{"OBJECTID":735,"SOURCE_ID":735,"kom":1,"GiZScore":-1.55864121455938,"GiPValue":0.11908132247053166,"NNeighbors":332,"Gi_Bin":0}},{"type":"Feature","id":736,"geometry":{"type":"Point","coordinates":[98.989776299790918,18.770020350150606]},"properties":{"OBJECTID":736,"SOURCE_ID":736,"kom":0,"GiZScore":-1.1914255731190646,"GiPValue":0.23348657996850453,"NNeighbors":341,"Gi_Bin":0}},{"type":"Feature","id":737,"geometry":{"type":"Point","coordinates":[99.012413769749401,18.806895040332812]},"properties":{"OBJECTID":737,"SOURCE_ID":737,"kom":0,"GiZScore":2.8593535697917205,"GiPValue":0.0042450535008626963,"NNeighbors":76,"Gi_Bin":3}},{"type":"Feature","id":738,"geometry":{"type":"Point","coordinates":[98.979923270014908,18.821519810445658]},"properties":{"OBJECTID":738,"SOURCE_ID":738,"kom":0,"GiZScore":-0.74682388960374979,"GiPValue":0.45516987906834938,"NNeighbors":34,"Gi_Bin":0}},{"type":"Feature","id":739,"geometry":{"type":"Point","coordinates":[98.979395640244306,18.821723819617628]},"properties":{"OBJECTID":739,"SOURCE_ID":739,"kom":0,"GiZScore":-0.6276862089303944,"GiPValue":0.53020952509110697,"NNeighbors":30,"Gi_Bin":0}},{"type":"Feature","id":740,"geometry":{"type":"Point","coordinates":[98.97834037024468,18.822131829850385]},"properties":{"OBJECTID":740,"SOURCE_ID":740,"kom":0,"GiZScore":-0.7285788463656252,"GiPValue":0.46625932761146627,"NNeighbors":24,"Gi_Bin":0}},{"type":"Feature","id":741,"geometry":{"type":"Point","coordinates":[98.980498259582362,18.785773360113431]},"properties":{"OBJECTID":741,"SOURCE_ID":741,"kom":1,"GiZScore":0.11266162724391691,"GiPValue":0.91029882453883648,"NNeighbors":300,"Gi_Bin":0}},{"type":"Feature","id":742,"geometry":{"type":"Point","coordinates":[98.980723060081203,18.785769780038578]},"properties":{"OBJECTID":742,"SOURCE_ID":742,"kom":0,"GiZScore":0.31872495781103072,"GiPValue":0.74993508782072815,"NNeighbors":305,"Gi_Bin":0}},{"type":"Feature","id":743,"geometry":{"type":"Point","coordinates":[98.980912809600028,18.785766750137924]},"properties":{"OBJECTID":743,"SOURCE_ID":743,"kom":11,"GiZScore":1.1045215649855451,"GiPValue":0.26936697171961355,"NNeighbors":310,"Gi_Bin":0}},{"type":"Feature","id":744,"geometry":{"type":"Point","coordinates":[98.982627150052551,18.78574732961264]},"properties":{"OBJECTID":744,"SOURCE_ID":744,"kom":0,"GiZScore":0.60143184491320012,"GiPValue":0.54755239689162272,"NNeighbors":331,"Gi_Bin":0}},{"type":"Feature","id":745,"geometry":{"type":"Point","coordinates":[98.983534679695751,18.785748800029552]},"properties":{"OBJECTID":745,"SOURCE_ID":745,"kom":0,"GiZScore":0.59459285313024313,"GiPValue":0.55211566158358982,"NNeighbors":341,"Gi_Bin":0}},{"type":"Feature","id":746,"geometry":{"type":"Point","coordinates":[98.983981060091111,18.785749550123558]},"properties":{"OBJECTID":746,"SOURCE_ID":746,"kom":0,"GiZScore":0.6173781969788571,"GiPValue":0.53698530307257952,"NNeighbors":349,"Gi_Bin":0}},{"type":"Feature","id":747,"geometry":{"type":"Point","coordinates":[98.984568579723302,18.785750509697099]},"properties":{"OBJECTID":747,"SOURCE_ID":747,"kom":0,"GiZScore":0.45185270060926852,"GiPValue":0.65137510240587693,"NNeighbors":358,"Gi_Bin":0}},{"type":"Feature","id":748,"geometry":{"type":"Point","coordinates":[98.985800270308076,18.785748740154965]},"properties":{"OBJECTID":748,"SOURCE_ID":748,"kom":0,"GiZScore":0.44151338364742521,"GiPValue":0.65884137587696956,"NNeighbors":370,"Gi_Bin":0}},{"type":"Feature","id":749,"geometry":{"type":"Point","coordinates":[98.989780840207843,18.767747589849915]},"properties":{"OBJECTID":749,"SOURCE_ID":749,"kom":0,"GiZScore":-1.3823966680505464,"GiPValue":0.16684993862380634,"NNeighbors":299,"Gi_Bin":0}},{"type":"Feature","id":750,"geometry":{"type":"Point","coordinates":[98.990050020266395,18.7698427501225]},"properties":{"OBJECTID":750,"SOURCE_ID":750,"kom":0,"GiZScore":-1.2083271784180127,"GiPValue":0.22692146050072803,"NNeighbors":336,"Gi_Bin":0}},{"type":"Feature","id":751,"geometry":{"type":"Point","coordinates":[98.99005588004097,18.770023420045241]},"properties":{"OBJECTID":751,"SOURCE_ID":751,"kom":0,"GiZScore":-1.1444250882177669,"GiPValue":0.25244740789103004,"NNeighbors":341,"Gi_Bin":0}},{"type":"Feature","id":752,"geometry":{"type":"Point","coordinates":[99.000268770200321,18.774631330396588]},"properties":{"OBJECTID":752,"SOURCE_ID":752,"kom":2,"GiZScore":-0.98104690837744102,"GiPValue":0.32656962262710532,"NNeighbors":293,"Gi_Bin":0}},{"type":"Feature","id":753,"geometry":{"type":"Point","coordinates":[98.999995959794873,18.774771929656879]},"properties":{"OBJECTID":753,"SOURCE_ID":753,"kom":0,"GiZScore":-1.0578801458081872,"GiPValue":0.29011010346107047,"NNeighbors":295,"Gi_Bin":0}},{"type":"Feature","id":754,"geometry":{"type":"Point","coordinates":[98.999827719989497,18.774855560019404]},"properties":{"OBJECTID":754,"SOURCE_ID":754,"kom":0,"GiZScore":-1.0578801458081872,"GiPValue":0.29011010346107047,"NNeighbors":295,"Gi_Bin":0}},{"type":"Feature","id":755,"geometry":{"type":"Point","coordinates":[98.999659490455528,18.774939190229734]},"properties":{"OBJECTID":755,"SOURCE_ID":755,"kom":0,"GiZScore":-0.96064806329285912,"GiPValue":0.33672916548119891,"NNeighbors":296,"Gi_Bin":0}},{"type":"Feature","id":756,"geometry":{"type":"Point","coordinates":[98.983067959952081,18.767471109900555]},"properties":{"OBJECTID":756,"SOURCE_ID":756,"kom":0,"GiZScore":-1.0854977444012439,"GiPValue":0.27770127889112728,"NNeighbors":231,"Gi_Bin":0}},{"type":"Feature","id":757,"geometry":{"type":"Point","coordinates":[98.996064480064035,18.767107699554071]},"properties":{"OBJECTID":757,"SOURCE_ID":757,"kom":0,"GiZScore":-2.3077010912606046,"GiPValue":0.021015767348412272,"NNeighbors":254,"Gi_Bin":-2}},{"type":"Feature","id":758,"geometry":{"type":"Point","coordinates":[98.997160050226029,18.768007799590968]},"properties":{"OBJECTID":758,"SOURCE_ID":758,"kom":2,"GiZScore":-2.1790167587578968,"GiPValue":0.029330423271923308,"NNeighbors":251,"Gi_Bin":-2}},{"type":"Feature","id":759,"geometry":{"type":"Point","coordinates":[99.008816609660201,18.758316670217095]},"properties":{"OBJECTID":759,"SOURCE_ID":759,"kom":0,"GiZScore":-0.35937479400280137,"GiPValue":0.71931472916656836,"NNeighbors":97,"Gi_Bin":0}},{"type":"Feature","id":760,"geometry":{"type":"Point","coordinates":[99.008629560398006,18.75828626001217]},"properties":{"OBJECTID":760,"SOURCE_ID":760,"kom":2,"GiZScore":-0.36177805998877255,"GiPValue":0.71751788948376038,"NNeighbors":98,"Gi_Bin":0}},{"type":"Feature","id":761,"geometry":{"type":"Point","coordinates":[98.984499689893426,18.779014090337043]},"properties":{"OBJECTID":761,"SOURCE_ID":761,"kom":0,"GiZScore":-0.23052190579759196,"GiPValue":0.81768624361474207,"NNeighbors":363,"Gi_Bin":0}},{"type":"Feature","id":762,"geometry":{"type":"Point","coordinates":[98.98476140035423,18.779082029875195]},"properties":{"OBJECTID":762,"SOURCE_ID":762,"kom":0,"GiZScore":-0.19343814429646247,"GiPValue":0.8466158447983172,"NNeighbors":367,"Gi_Bin":0}},{"type":"Feature","id":763,"geometry":{"type":"Point","coordinates":[98.982245139584393,18.777308269706364]},"properties":{"OBJECTID":763,"SOURCE_ID":763,"kom":3,"GiZScore":-0.65796312099233611,"GiPValue":0.51056183306082004,"NNeighbors":319,"Gi_Bin":0}},{"type":"Feature","id":764,"geometry":{"type":"Point","coordinates":[98.981859020065386,18.777777810352742]},"properties":{"OBJECTID":764,"SOURCE_ID":764,"kom":0,"GiZScore":-0.43975397955696321,"GiPValue":0.66011530341456159,"NNeighbors":318,"Gi_Bin":0}},{"type":"Feature","id":765,"geometry":{"type":"Point","coordinates":[98.983033759687558,18.777860529830505]},"properties":{"OBJECTID":765,"SOURCE_ID":765,"kom":1,"GiZScore":0.21104753376408686,"GiPValue":0.83285018015729317,"NNeighbors":335,"Gi_Bin":0}},{"type":"Feature","id":766,"geometry":{"type":"Point","coordinates":[98.982983729853615,18.777953440328702]},"properties":{"OBJECTID":766,"SOURCE_ID":766,"kom":0,"GiZScore":0.1847613125768624,"GiPValue":0.8534162535406602,"NNeighbors":336,"Gi_Bin":0}},{"type":"Feature","id":767,"geometry":{"type":"Point","coordinates":[98.985388779769266,18.776993520442456]},"properties":{"OBJECTID":767,"SOURCE_ID":767,"kom":0,"GiZScore":-0.11296026974720458,"GiPValue":0.91006205371037707,"NNeighbors":362,"Gi_Bin":0}},{"type":"Feature","id":768,"geometry":{"type":"Point","coordinates":[98.983940680057628,18.777237010125152]},"properties":{"OBJECTID":768,"SOURCE_ID":768,"kom":5,"GiZScore":0.10922277548440423,"GiPValue":0.91302579616439572,"NNeighbors":347,"Gi_Bin":0}},{"type":"Feature","id":769,"geometry":{"type":"Point","coordinates":[98.983759120080123,18.777172969937247]},"properties":{"OBJECTID":769,"SOURCE_ID":769,"kom":2,"GiZScore":0.07001209877266433,"GiPValue":0.94418402984096228,"NNeighbors":344,"Gi_Bin":0}},{"type":"Feature","id":770,"geometry":{"type":"Point","coordinates":[98.983220349643773,18.780354310272457]},"properties":{"OBJECTID":770,"SOURCE_ID":770,"kom":2,"GiZScore":0.122367984416373,"GiPValue":0.90260759268385926,"NNeighbors":351,"Gi_Bin":0}},{"type":"Feature","id":771,"geometry":{"type":"Point","coordinates":[98.983226019684935,18.78095363010366]},"properties":{"OBJECTID":771,"SOURCE_ID":771,"kom":0,"GiZScore":-0.031816783372903723,"GiPValue":0.97461816221408171,"NNeighbors":357,"Gi_Bin":0}},{"type":"Feature","id":772,"geometry":{"type":"Point","coordinates":[98.986738409872558,18.777553259729107]},"properties":{"OBJECTID":772,"SOURCE_ID":772,"kom":4,"GiZScore":-0.04987528522420008,"GiPValue":0.96022177231757022,"NNeighbors":384,"Gi_Bin":0}},{"type":"Feature","id":773,"geometry":{"type":"Point","coordinates":[98.988188979830952,18.778116850311914]},"properties":{"OBJECTID":773,"SOURCE_ID":773,"kom":0,"GiZScore":-0.14059833330517313,"GiPValue":0.88818726502335854,"NNeighbors":394,"Gi_Bin":0}},{"type":"Feature","id":774,"geometry":{"type":"Point","coordinates":[98.988002230431164,18.778084659871698]},"properties":{"OBJECTID":774,"SOURCE_ID":774,"kom":0,"GiZScore":-0.16310532012741177,"GiPValue":0.87043551109651707,"NNeighbors":394,"Gi_Bin":0}},{"type":"Feature","id":775,"geometry":{"type":"Point","coordinates":[98.988653610411518,18.777936560317897]},"properties":{"OBJECTID":775,"SOURCE_ID":775,"kom":1,"GiZScore":-0.31852302703303831,"GiPValue":0.75008823095020594,"NNeighbors":393,"Gi_Bin":0}},{"type":"Feature","id":776,"geometry":{"type":"Point","coordinates":[98.979988119770496,18.776530470255153]},"properties":{"OBJECTID":776,"SOURCE_ID":776,"kom":2,"GiZScore":-0.5032944333488123,"GiPValue":0.61475728152183595,"NNeighbors":289,"Gi_Bin":0}},{"type":"Feature","id":777,"geometry":{"type":"Point","coordinates":[98.983951229808966,18.775920870090879]},"properties":{"OBJECTID":777,"SOURCE_ID":777,"kom":0,"GiZScore":-0.0016617916044416288,"GiPValue":0.9986740827456676,"NNeighbors":335,"Gi_Bin":0}},{"type":"Feature","id":778,"geometry":{"type":"Point","coordinates":[98.984316259863732,18.775355710366117]},"properties":{"OBJECTID":778,"SOURCE_ID":778,"kom":3,"GiZScore":0.043091296543485272,"GiPValue":0.96562875720642849,"NNeighbors":336,"Gi_Bin":0}},{"type":"Feature","id":779,"geometry":{"type":"Point","coordinates":[98.98341242038552,18.776445899896096]},"properties":{"OBJECTID":779,"SOURCE_ID":779,"kom":0,"GiZScore":0.053184316702481853,"GiPValue":0.95758505138567851,"NNeighbors":332,"Gi_Bin":0}},{"type":"Feature","id":780,"geometry":{"type":"Point","coordinates":[98.983144249951636,18.776864770025359]},"properties":{"OBJECTID":780,"SOURCE_ID":780,"kom":2,"GiZScore":0.010761717312056482,"GiPValue":0.99141355764758343,"NNeighbors":330,"Gi_Bin":0}},{"type":"Feature","id":781,"geometry":{"type":"Point","coordinates":[98.984279300471954,18.775832869702231]},"properties":{"OBJECTID":781,"SOURCE_ID":781,"kom":4,"GiZScore":0.035574120171133351,"GiPValue":0.97162194436541049,"NNeighbors":339,"Gi_Bin":0}},{"type":"Feature","id":782,"geometry":{"type":"Point","coordinates":[98.985522059869325,18.776360379653084]},"properties":{"OBJECTID":782,"SOURCE_ID":782,"kom":2,"GiZScore":-0.32271626274835491,"GiPValue":0.74691013522628369,"NNeighbors":363,"Gi_Bin":0}},{"type":"Feature","id":783,"geometry":{"type":"Point","coordinates":[98.985940440268962,18.775824109659446]},"properties":{"OBJECTID":783,"SOURCE_ID":783,"kom":0,"GiZScore":-0.20971209024337506,"GiPValue":0.83389238884871031,"NNeighbors":364,"Gi_Bin":0}},{"type":"Feature","id":784,"geometry":{"type":"Point","coordinates":[98.988674280103737,18.775983100330144]},"properties":{"OBJECTID":784,"SOURCE_ID":784,"kom":1,"GiZScore":-0.038928190269071863,"GiPValue":0.96894764101150277,"NNeighbors":389,"Gi_Bin":0}},{"type":"Feature","id":785,"geometry":{"type":"Point","coordinates":[98.988427319796472,18.775473079922044]},"properties":{"OBJECTID":785,"SOURCE_ID":785,"kom":2,"GiZScore":-0.095216453609835577,"GiPValue":0.92414290127940879,"NNeighbors":384,"Gi_Bin":0}},{"type":"Feature","id":786,"geometry":{"type":"Point","coordinates":[98.987867620188453,18.775219029619642]},"properties":{"OBJECTID":786,"SOURCE_ID":786,"kom":0,"GiZScore":-0.18400763562760142,"GiPValue":0.85400746492883051,"NNeighbors":373,"Gi_Bin":0}},{"type":"Feature","id":787,"geometry":{"type":"Point","coordinates":[98.988884639599448,18.780675849635248]},"properties":{"OBJECTID":787,"SOURCE_ID":787,"kom":1,"GiZScore":-0.28307364441606092,"GiPValue":0.77712038470868217,"NNeighbors":387,"Gi_Bin":0}},{"type":"Feature","id":788,"geometry":{"type":"Point","coordinates":[98.988131110236708,18.780772649795626]},"properties":{"OBJECTID":788,"SOURCE_ID":788,"kom":0,"GiZScore":-0.12017115926469822,"GiPValue":0.90434756377546499,"NNeighbors":385,"Gi_Bin":0}},{"type":"Feature","id":789,"geometry":{"type":"Point","coordinates":[98.99085883041937,18.778865630104125]},"properties":{"OBJECTID":789,"SOURCE_ID":789,"kom":6,"GiZScore":-0.52122909660659877,"GiPValue":0.6022071891851033,"NNeighbors":393,"Gi_Bin":0}},{"type":"Feature","id":790,"geometry":{"type":"Point","coordinates":[98.991372650207509,18.778937530244672]},"properties":{"OBJECTID":790,"SOURCE_ID":790,"kom":0,"GiZScore":-0.56040105589598266,"GiPValue":0.57520591417035005,"NNeighbors":390,"Gi_Bin":0}},{"type":"Feature","id":791,"geometry":{"type":"Point","coordinates":[98.981608450153956,18.773164899558648]},"properties":{"OBJECTID":791,"SOURCE_ID":791,"kom":0,"GiZScore":-0.6379313086230336,"GiPValue":0.52351839990392224,"NNeighbors":281,"Gi_Bin":0}},{"type":"Feature","id":792,"geometry":{"type":"Point","coordinates":[98.981601869611922,18.772984250153176]},"properties":{"OBJECTID":792,"SOURCE_ID":792,"kom":2,"GiZScore":-0.70120140902002159,"GiPValue":0.48317733560248011,"NNeighbors":274,"Gi_Bin":0}},{"type":"Feature","id":793,"geometry":{"type":"Point","coordinates":[98.981595300469891,18.772803599841332]},"properties":{"OBJECTID":793,"SOURCE_ID":793,"kom":0,"GiZScore":-1.2005272571716372,"GiPValue":0.22993465509043831,"NNeighbors":267,"Gi_Bin":0}},{"type":"Feature","id":794,"geometry":{"type":"Point","coordinates":[98.981914960338514,18.77282441009373]},"properties":{"OBJECTID":794,"SOURCE_ID":794,"kom":0,"GiZScore":-0.72484266003587505,"GiPValue":0.46854856666543954,"NNeighbors":273,"Gi_Bin":0}},{"type":"Feature","id":795,"geometry":{"type":"Point","coordinates":[98.981894019759622,18.772101650304581]},"properties":{"OBJECTID":795,"SOURCE_ID":795,"kom":0,"GiZScore":-1.2173949750619275,"GiPValue":0.22345399665741095,"NNeighbors":258,"Gi_Bin":0}},{"type":"Feature","id":796,"geometry":{"type":"Point","coordinates":[98.982954489920729,18.771134489683071]},"properties":{"OBJECTID":796,"SOURCE_ID":796,"kom":0,"GiZScore":-1.2270847350057805,"GiPValue":0.21979076776037321,"NNeighbors":268,"Gi_Bin":0}},{"type":"Feature","id":797,"geometry":{"type":"Point","coordinates":[98.98164456033588,18.770726599641417]},"properties":{"OBJECTID":797,"SOURCE_ID":797,"kom":1,"GiZScore":-1.1781329806069258,"GiPValue":0.23874361644124942,"NNeighbors":244,"Gi_Bin":0}},{"type":"Feature","id":798,"geometry":{"type":"Point","coordinates":[98.983749750233912,18.769833940416639]},"properties":{"OBJECTID":798,"SOURCE_ID":798,"kom":2,"GiZScore":-1.4245698162610589,"GiPValue":0.15428159026765223,"NNeighbors":258,"Gi_Bin":0}},{"type":"Feature","id":799,"geometry":{"type":"Point","coordinates":[98.985053440470722,18.771328750232332]},"properties":{"OBJECTID":799,"SOURCE_ID":799,"kom":0,"GiZScore":-1.4069501015018924,"GiPValue":0.15944218556668721,"NNeighbors":299,"Gi_Bin":0}},{"type":"Feature","id":800,"geometry":{"type":"Point","coordinates":[98.985481800225813,18.770059859865253]},"properties":{"OBJECTID":800,"SOURCE_ID":800,"kom":0,"GiZScore":-1.5934774645505407,"GiPValue":0.11105311987214585,"NNeighbors":284,"Gi_Bin":0}},{"type":"Feature","id":801,"geometry":{"type":"Point","coordinates":[98.985679999740896,18.769861579814972]},"properties":{"OBJECTID":801,"SOURCE_ID":801,"kom":0,"GiZScore":-1.592266700052352,"GiPValue":0.11132479181926844,"NNeighbors":282,"Gi_Bin":0}},{"type":"Feature","id":802,"geometry":{"type":"Point","coordinates":[98.985490100325364,18.769873799789146]},"properties":{"OBJECTID":802,"SOURCE_ID":802,"kom":0,"GiZScore":-1.7163162310493905,"GiPValue":0.08610417917278175,"NNeighbors":279,"Gi_Bin":-1}},{"type":"Feature","id":803,"geometry":{"type":"Point","coordinates":[98.985050040122644,18.769355850433545]},"properties":{"OBJECTID":803,"SOURCE_ID":803,"kom":0,"GiZScore":-1.5617940011302747,"GiPValue":0.11833652545721482,"NNeighbors":273,"Gi_Bin":0}},{"type":"Feature","id":804,"geometry":{"type":"Point","coordinates":[98.987440440130712,18.772628979985118]},"properties":{"OBJECTID":804,"SOURCE_ID":804,"kom":0,"GiZScore":-0.54525228976845885,"GiPValue":0.58558001513612723,"NNeighbors":335,"Gi_Bin":0}},{"type":"Feature","id":805,"geometry":{"type":"Point","coordinates":[98.987183410028138,18.772606679579088]},"properties":{"OBJECTID":805,"SOURCE_ID":805,"kom":0,"GiZScore":-0.7089030864696384,"GiPValue":0.4783846247502257,"NNeighbors":334,"Gi_Bin":0}},{"type":"Feature","id":806,"geometry":{"type":"Point","coordinates":[98.986994419770824,18.772590360333787]},"properties":{"OBJECTID":806,"SOURCE_ID":806,"kom":0,"GiZScore":-0.67980371942139928,"GiPValue":0.49662875581413479,"NNeighbors":331,"Gi_Bin":0}},{"type":"Feature","id":807,"geometry":{"type":"Point","coordinates":[98.986587430359748,18.77257200992825]},"properties":{"OBJECTID":807,"SOURCE_ID":807,"kom":0,"GiZScore":-1.3893785328426509,"GiPValue":0.16471767459321784,"NNeighbors":329,"Gi_Bin":0}},{"type":"Feature","id":808,"geometry":{"type":"Point","coordinates":[98.983817009913963,18.772135930321777]},"properties":{"OBJECTID":808,"SOURCE_ID":808,"kom":4,"GiZScore":-0.89787432087604513,"GiPValue":0.36925256629682768,"NNeighbors":287,"Gi_Bin":0}},{"type":"Feature","id":809,"geometry":{"type":"Point","coordinates":[98.984267989778004,18.772154470321603]},"properties":{"OBJECTID":809,"SOURCE_ID":809,"kom":0,"GiZScore":-0.90386327412431888,"GiPValue":0.36606791544808204,"NNeighbors":291,"Gi_Bin":0}},{"type":"Feature","id":810,"geometry":{"type":"Point","coordinates":[98.984790759535144,18.772247920356161]},"properties":{"OBJECTID":810,"SOURCE_ID":810,"kom":2,"GiZScore":-1.2199244339379078,"GiPValue":0.22249354506089725,"NNeighbors":307,"Gi_Bin":0}},{"type":"Feature","id":811,"geometry":{"type":"Point","coordinates":[98.984980520006417,18.772249529987146]},"properties":{"OBJECTID":811,"SOURCE_ID":811,"kom":0,"GiZScore":-1.1943807107564364,"GiPValue":0.23232910028445608,"NNeighbors":306,"Gi_Bin":0}},{"type":"Feature","id":812,"geometry":{"type":"Point","coordinates":[98.984617320136181,18.773939380080915]},"properties":{"OBJECTID":812,"SOURCE_ID":812,"kom":0,"GiZScore":-0.75920545549689811,"GiPValue":0.44772966932382741,"NNeighbors":322,"Gi_Bin":0}},{"type":"Feature","id":813,"geometry":{"type":"Point","coordinates":[98.984237420187853,18.774788129689011]},"properties":{"OBJECTID":813,"SOURCE_ID":813,"kom":1,"GiZScore":0.034511714138663892,"GiPValue":0.97246910137954046,"NNeighbors":330,"Gi_Bin":0}},{"type":"Feature","id":814,"geometry":{"type":"Point","coordinates":[98.98606995019928,18.773888739827466]},"properties":{"OBJECTID":814,"SOURCE_ID":814,"kom":0,"GiZScore":-0.30277368126368359,"GiPValue":0.76206234227678582,"NNeighbors":343,"Gi_Bin":0}},{"type":"Feature","id":815,"geometry":{"type":"Point","coordinates":[98.9854835495955,18.773898370280264]},"properties":{"OBJECTID":815,"SOURCE_ID":815,"kom":0,"GiZScore":-0.022843993504965666,"GiPValue":0.98177471542552108,"NNeighbors":334,"Gi_Bin":0}},{"type":"Feature","id":816,"geometry":{"type":"Point","coordinates":[98.981216770320472,18.774475560198553]},"properties":{"OBJECTID":816,"SOURCE_ID":816,"kom":6,"GiZScore":-0.50725874367768808,"GiPValue":0.61197328406574925,"NNeighbors":291,"Gi_Bin":0}},{"type":"Feature","id":817,"geometry":{"type":"Point","coordinates":[98.981391039934621,18.774404010080747]},"properties":{"OBJECTID":817,"SOURCE_ID":817,"kom":0,"GiZScore":-0.50725874367768808,"GiPValue":0.61197328406574925,"NNeighbors":291,"Gi_Bin":0}},{"type":"Feature","id":818,"geometry":{"type":"Point","coordinates":[98.981576949900358,18.774297230291541]},"properties":{"OBJECTID":818,"SOURCE_ID":818,"kom":0,"GiZScore":-0.5606699888726342,"GiPValue":0.57502253228553002,"NNeighbors":293,"Gi_Bin":0}},{"type":"Feature","id":819,"geometry":{"type":"Point","coordinates":[98.981954460382525,18.774109749578137]},"properties":{"OBJECTID":819,"SOURCE_ID":819,"kom":0,"GiZScore":-0.36284555616448988,"GiPValue":0.716720259478274,"NNeighbors":293,"Gi_Bin":0}},{"type":"Feature","id":820,"geometry":{"type":"Point","coordinates":[98.983300160453567,18.77369387977414]},"properties":{"OBJECTID":820,"SOURCE_ID":820,"kom":0,"GiZScore":-0.28645270249001864,"GiPValue":0.77453141456914931,"NNeighbors":303,"Gi_Bin":0}},{"type":"Feature","id":821,"geometry":{"type":"Point","coordinates":[98.984008760300384,18.773381649573299]},"properties":{"OBJECTID":821,"SOURCE_ID":821,"kom":0,"GiZScore":-0.80630051791545687,"GiPValue":0.42006959932785437,"NNeighbors":307,"Gi_Bin":0}},{"type":"Feature","id":822,"geometry":{"type":"Point","coordinates":[98.987776580275977,18.774446900155787]},"properties":{"OBJECTID":822,"SOURCE_ID":822,"kom":0,"GiZScore":-0.36037207813079103,"GiPValue":0.71856890500001414,"NNeighbors":359,"Gi_Bin":0}},{"type":"Feature","id":823,"geometry":{"type":"Point","coordinates":[98.986525060021734,18.77459460012307]},"properties":{"OBJECTID":823,"SOURCE_ID":823,"kom":0,"GiZScore":-0.10365053945463229,"GiPValue":0.91744667895098742,"NNeighbors":358,"Gi_Bin":0}},{"type":"Feature","id":824,"geometry":{"type":"Point","coordinates":[98.986725749738753,18.774564289603497]},"properties":{"OBJECTID":824,"SOURCE_ID":824,"kom":2,"GiZScore":-0.10365053945463229,"GiPValue":0.91744667895098742,"NNeighbors":358,"Gi_Bin":0}},{"type":"Feature","id":825,"geometry":{"type":"Point","coordinates":[98.986909609544313,18.77460907002413]},"properties":{"OBJECTID":825,"SOURCE_ID":825,"kom":0,"GiZScore":-0.15452578534777714,"GiPValue":0.87719518166811239,"NNeighbors":360,"Gi_Bin":0}},{"type":"Feature","id":826,"geometry":{"type":"Point","coordinates":[98.987271759799711,18.774697269738439]},"properties":{"OBJECTID":826,"SOURCE_ID":826,"kom":2,"GiZScore":-0.18668262254334758,"GiPValue":0.85190948186380422,"NNeighbors":364,"Gi_Bin":0}},{"type":"Feature","id":827,"geometry":{"type":"Point","coordinates":[98.988529400401319,18.774210559666255]},"properties":{"OBJECTID":827,"SOURCE_ID":827,"kom":0,"GiZScore":-0.57431682774471948,"GiPValue":0.56575342667814099,"NNeighbors":362,"Gi_Bin":0}},{"type":"Feature","id":828,"geometry":{"type":"Point","coordinates":[98.994045480182166,18.77648639020433]},"properties":{"OBJECTID":828,"SOURCE_ID":828,"kom":0,"GiZScore":-0.47801901822536669,"GiPValue":0.63263667057920547,"NNeighbors":360,"Gi_Bin":0}},{"type":"Feature","id":829,"geometry":{"type":"Point","coordinates":[98.992862779550734,18.774902690252141]},"properties":{"OBJECTID":829,"SOURCE_ID":829,"kom":0,"GiZScore":-0.35424773539836441,"GiPValue":0.72315323301470313,"NNeighbors":367,"Gi_Bin":0}},{"type":"Feature","id":830,"geometry":{"type":"Point","coordinates":[98.992722759975393,18.774780690314767]},"properties":{"OBJECTID":830,"SOURCE_ID":830,"kom":0,"GiZScore":-0.35424773539836441,"GiPValue":0.72315323301470313,"NNeighbors":367,"Gi_Bin":0}},{"type":"Feature","id":831,"geometry":{"type":"Point","coordinates":[98.992582739653116,18.774658680329235]},"properties":{"OBJECTID":831,"SOURCE_ID":831,"kom":0,"GiZScore":-0.26235654048299184,"GiPValue":0.79304657536202017,"NNeighbors":367,"Gi_Bin":0}},{"type":"Feature","id":832,"geometry":{"type":"Point","coordinates":[98.990170799863492,18.773327440156706]},"properties":{"OBJECTID":832,"SOURCE_ID":832,"kom":0,"GiZScore":-0.23274155794340257,"GiPValue":0.81596209682622578,"NNeighbors":364,"Gi_Bin":0}},{"type":"Feature","id":833,"geometry":{"type":"Point","coordinates":[98.992402080429954,18.775021380445153]},"properties":{"OBJECTID":833,"SOURCE_ID":833,"kom":2,"GiZScore":-0.5419608748109771,"GiPValue":0.58784546148570094,"NNeighbors":369,"Gi_Bin":0}},{"type":"Feature","id":834,"geometry":{"type":"Point","coordinates":[98.991191909758953,18.774242099981247]},"properties":{"OBJECTID":834,"SOURCE_ID":834,"kom":0,"GiZScore":-0.30047709786393578,"GiPValue":0.76381326346799538,"NNeighbors":374,"Gi_Bin":0}},{"type":"Feature","id":835,"geometry":{"type":"Point","coordinates":[98.990864709584685,18.774058889554315]},"properties":{"OBJECTID":835,"SOURCE_ID":835,"kom":0,"GiZScore":-0.14056531377859088,"GiPValue":0.88821335173683991,"NNeighbors":374,"Gi_Bin":0}},{"type":"Feature","id":836,"geometry":{"type":"Point","coordinates":[98.990537519605411,18.773875690301061]},"properties":{"OBJECTID":836,"SOURCE_ID":836,"kom":0,"GiZScore":-0.085581264145770178,"GiPValue":0.93179929285691276,"NNeighbors":370,"Gi_Bin":0}},{"type":"Feature","id":837,"geometry":{"type":"Point","coordinates":[98.990128729683178,18.773758270382356]},"properties":{"OBJECTID":837,"SOURCE_ID":837,"kom":0,"GiZScore":-0.43344489072253634,"GiPValue":0.66469159524357035,"NNeighbors":372,"Gi_Bin":0}},{"type":"Feature","id":838,"geometry":{"type":"Point","coordinates":[98.99136260021325,18.769986819999776]},"properties":{"OBJECTID":838,"SOURCE_ID":838,"kom":1,"GiZScore":-1.4638279480145646,"GiPValue":0.14324096412356124,"NNeighbors":332,"Gi_Bin":0}},{"type":"Feature","id":839,"geometry":{"type":"Point","coordinates":[98.982777559909593,18.768927010331698]},"properties":{"OBJECTID":839,"SOURCE_ID":839,"kom":0,"GiZScore":-1.2809458780788607,"GiPValue":0.20021267679069144,"NNeighbors":240,"Gi_Bin":0}},{"type":"Feature","id":840,"geometry":{"type":"Point","coordinates":[98.982791139651852,18.768746719739102]},"properties":{"OBJECTID":840,"SOURCE_ID":840,"kom":0,"GiZScore":-1.253555377992686,"GiPValue":0.21000368318302842,"NNeighbors":239,"Gi_Bin":0}},{"type":"Feature","id":841,"geometry":{"type":"Point","coordinates":[98.982811209957575,18.768456590207698]},"properties":{"OBJECTID":841,"SOURCE_ID":841,"kom":0,"GiZScore":-1.2809458780788607,"GiPValue":0.20021267679069144,"NNeighbors":240,"Gi_Bin":0}},{"type":"Feature","id":842,"geometry":{"type":"Point","coordinates":[98.982823029586982,18.768276190083121]},"properties":{"OBJECTID":842,"SOURCE_ID":842,"kom":0,"GiZScore":-1.1976897148896299,"GiPValue":0.23103785655510856,"NNeighbors":236,"Gi_Bin":0}},{"type":"Feature","id":843,"geometry":{"type":"Point","coordinates":[98.982834839703969,18.768095780011723]},"properties":{"OBJECTID":843,"SOURCE_ID":843,"kom":1,"GiZScore":-1.1134642596037099,"GiPValue":0.26550910784565085,"NNeighbors":232,"Gi_Bin":0}},{"type":"Feature","id":844,"geometry":{"type":"Point","coordinates":[98.987489319792317,18.767981880405873]},"properties":{"OBJECTID":844,"SOURCE_ID":844,"kom":0,"GiZScore":-1.4797638003005766,"GiPValue":0.13893629243963165,"NNeighbors":298,"Gi_Bin":0}},{"type":"Feature","id":845,"geometry":{"type":"Point","coordinates":[98.979130579807233,18.767793979846772]},"properties":{"OBJECTID":845,"SOURCE_ID":845,"kom":2,"GiZScore":-0.95915930398833393,"GiPValue":0.3374785104138337,"NNeighbors":188,"Gi_Bin":0}},{"type":"Feature","id":846,"geometry":{"type":"Point","coordinates":[98.979209940391854,18.767491179808317]},"properties":{"OBJECTID":846,"SOURCE_ID":846,"kom":0,"GiZScore":-0.92878735527001222,"GiPValue":0.35299930971230098,"NNeighbors":187,"Gi_Bin":0}},{"type":"Feature","id":847,"geometry":{"type":"Point","coordinates":[98.994399930201368,18.763883870421981]},"properties":{"OBJECTID":847,"SOURCE_ID":847,"kom":0,"GiZScore":-1.9330084814849871,"GiPValue":0.053235152986470614,"NNeighbors":213,"Gi_Bin":-1}},{"type":"Feature","id":848,"geometry":{"type":"Point","coordinates":[98.995258550157786,18.764577270328957]},"properties":{"OBJECTID":848,"SOURCE_ID":848,"kom":2,"GiZScore":-1.9856791653956827,"GiPValue":0.047068959864377424,"NNeighbors":217,"Gi_Bin":-2}},{"type":"Feature","id":849,"geometry":{"type":"Point","coordinates":[98.995985169828273,18.765158439680135]},"properties":{"OBJECTID":849,"SOURCE_ID":849,"kom":0,"GiZScore":-2.0607175416190362,"GiPValue":0.039329995129577397,"NNeighbors":227,"Gi_Bin":-2}},{"type":"Feature","id":850,"geometry":{"type":"Point","coordinates":[98.997206879960174,18.766155239828411]},"properties":{"OBJECTID":850,"SOURCE_ID":850,"kom":4,"GiZScore":-2.1127744508160156,"GiPValue":0.034620077449179609,"NNeighbors":230,"Gi_Bin":-2}},{"type":"Feature","id":851,"geometry":{"type":"Point","coordinates":[98.994719930249843,18.764618479629977]},"properties":{"OBJECTID":851,"SOURCE_ID":851,"kom":0,"GiZScore":-2.0394031774860766,"GiPValue":0.041409805558660771,"NNeighbors":219,"Gi_Bin":-2}},{"type":"Feature","id":852,"geometry":{"type":"Point","coordinates":[98.994203219734814,18.764406640013146]},"properties":{"OBJECTID":852,"SOURCE_ID":852,"kom":0,"GiZScore":-1.9849453861879216,"GiPValue":0.047150548050509146,"NNeighbors":218,"Gi_Bin":-2}},{"type":"Feature","id":853,"geometry":{"type":"Point","coordinates":[98.994499090470299,18.764633059553343]},"properties":{"OBJECTID":853,"SOURCE_ID":853,"kom":0,"GiZScore":-2.0394031774860766,"GiPValue":0.041409805558660771,"NNeighbors":219,"Gi_Bin":-2}},{"type":"Feature","id":854,"geometry":{"type":"Point","coordinates":[98.992236950128031,18.767221049885016]},"properties":{"OBJECTID":854,"SOURCE_ID":854,"kom":1,"GiZScore":-1.8699506127731895,"GiPValue":0.061490676414943192,"NNeighbors":289,"Gi_Bin":-1}},{"type":"Feature","id":855,"geometry":{"type":"Point","coordinates":[98.99157104040772,18.767260990309858]},"properties":{"OBJECTID":855,"SOURCE_ID":855,"kom":0,"GiZScore":-1.6987150634532058,"GiPValue":0.089372883812348675,"NNeighbors":294,"Gi_Bin":-1}},{"type":"Feature","id":856,"geometry":{"type":"Point","coordinates":[98.991378110070016,18.767272530155775]},"properties":{"OBJECTID":856,"SOURCE_ID":856,"kom":0,"GiZScore":-1.5535100105631814,"GiPValue":0.12030133957587476,"NNeighbors":298,"Gi_Bin":0}},{"type":"Feature","id":857,"geometry":{"type":"Point","coordinates":[98.992225330362544,18.766780000200523]},"properties":{"OBJECTID":857,"SOURCE_ID":857,"kom":0,"GiZScore":-1.819529525624614,"GiPValue":0.068830682491908393,"NNeighbors":287,"Gi_Bin":-1}},{"type":"Feature","id":858,"geometry":{"type":"Point","coordinates":[98.991912959928953,18.766797250266119]},"properties":{"OBJECTID":858,"SOURCE_ID":858,"kom":0,"GiZScore":-1.6202527245978966,"GiPValue":0.10517799970279067,"NNeighbors":287,"Gi_Bin":0}},{"type":"Feature","id":859,"geometry":{"type":"Point","coordinates":[98.991723510415412,18.766807689802061]},"properties":{"OBJECTID":859,"SOURCE_ID":859,"kom":0,"GiZScore":-1.5691210811530611,"GiPValue":0.11661972851377864,"NNeighbors":285,"Gi_Bin":0}},{"type":"Feature","id":860,"geometry":{"type":"Point","coordinates":[98.991569400364469,18.767290189921084]},"properties":{"OBJECTID":860,"SOURCE_ID":860,"kom":0,"GiZScore":-1.7239456921578127,"GiPValue":0.084717647609720212,"NNeighbors":295,"Gi_Bin":-1}},{"type":"Feature","id":861,"geometry":{"type":"Point","coordinates":[98.991543809554287,18.766900389951942]},"properties":{"OBJECTID":861,"SOURCE_ID":861,"kom":0,"GiZScore":-1.6457357262980894,"GiPValue":0.099818180193940731,"NNeighbors":288,"Gi_Bin":-1}},{"type":"Feature","id":862,"geometry":{"type":"Point","coordinates":[99.024713800369327,18.784079749594188]},"properties":{"OBJECTID":862,"SOURCE_ID":862,"kom":0,"GiZScore":-0.98446336305807769,"GiPValue":0.32488774954778998,"NNeighbors":132,"Gi_Bin":0}},{"type":"Feature","id":863,"geometry":{"type":"Point","coordinates":[99.024704599559385,18.784260289990193]},"properties":{"OBJECTID":863,"SOURCE_ID":863,"kom":2,"GiZScore":-0.98370775627457763,"GiPValue":0.32525923789361644,"NNeighbors":129,"Gi_Bin":0}},{"type":"Feature","id":864,"geometry":{"type":"Point","coordinates":[99.024686210218505,18.784621379806708]},"properties":{"OBJECTID":864,"SOURCE_ID":864,"kom":0,"GiZScore":-0.94853614594108127,"GiPValue":0.34285659214325082,"NNeighbors":127,"Gi_Bin":0}},{"type":"Feature","id":865,"geometry":{"type":"Point","coordinates":[99.024649410428694,18.785343560299332]},"properties":{"OBJECTID":865,"SOURCE_ID":865,"kom":0,"GiZScore":-0.84165652575442373,"GiPValue":0.39998024768171525,"NNeighbors":123,"Gi_Bin":0}},{"type":"Feature","id":866,"geometry":{"type":"Point","coordinates":[99.024562070100188,18.786346260076993]},"properties":{"OBJECTID":866,"SOURCE_ID":866,"kom":0,"GiZScore":-1.1254371775958132,"GiPValue":0.2604038428075528,"NNeighbors":119,"Gi_Bin":0}},{"type":"Feature","id":867,"geometry":{"type":"Point","coordinates":[99.024491280163332,18.787055890336756]},"properties":{"OBJECTID":867,"SOURCE_ID":867,"kom":0,"GiZScore":-1.0538850200771801,"GiPValue":0.29193557744996024,"NNeighbors":119,"Gi_Bin":0}},{"type":"Feature","id":868,"geometry":{"type":"Point","coordinates":[99.022965339911963,18.786212120351795]},"properties":{"OBJECTID":868,"SOURCE_ID":868,"kom":0,"GiZScore":-0.98293603075247382,"GiPValue":0.32563893602527716,"NNeighbors":125,"Gi_Bin":0}},{"type":"Feature","id":869,"geometry":{"type":"Point","coordinates":[99.022775680298082,18.786218499922597]},"properties":{"OBJECTID":869,"SOURCE_ID":869,"kom":0,"GiZScore":-1.0872389129948092,"GiPValue":0.27693125443469446,"NNeighbors":129,"Gi_Bin":0}},{"type":"Feature","id":870,"geometry":{"type":"Point","coordinates":[99.020711490310148,18.786053350367197]},"properties":{"OBJECTID":870,"SOURCE_ID":870,"kom":0,"GiZScore":-0.7245532547812692,"GiPValue":0.46872615053766342,"NNeighbors":143,"Gi_Bin":0}},{"type":"Feature","id":871,"geometry":{"type":"Point","coordinates":[99.02456384007786,18.78168659956885]},"properties":{"OBJECTID":871,"SOURCE_ID":871,"kom":0,"GiZScore":-1.1864390395033564,"GiPValue":0.23544898336360942,"NNeighbors":142,"Gi_Bin":0}},{"type":"Feature","id":872,"geometry":{"type":"Point","coordinates":[99.024181489807745,18.782543410431714]},"properties":{"OBJECTID":872,"SOURCE_ID":872,"kom":2,"GiZScore":-1.1531393767349547,"GiPValue":0.24885320126722499,"NNeighbors":146,"Gi_Bin":0}},{"type":"Feature","id":873,"geometry":{"type":"Point","coordinates":[99.023611189852232,18.783684039626092]},"properties":{"OBJECTID":873,"SOURCE_ID":873,"kom":2,"GiZScore":-1.0537203126195895,"GiPValue":0.2920110017456633,"NNeighbors":140,"Gi_Bin":0}},{"type":"Feature","id":874,"geometry":{"type":"Point","coordinates":[99.024966950040906,18.782260380287394]},"properties":{"OBJECTID":874,"SOURCE_ID":874,"kom":0,"GiZScore":-1.1531674465937083,"GiPValue":0.24884168197170708,"NNeighbors":145,"Gi_Bin":0}},{"type":"Feature","id":875,"geometry":{"type":"Point","coordinates":[99.02517330000984,18.781212969679327]},"properties":{"OBJECTID":875,"SOURCE_ID":875,"kom":2,"GiZScore":-1.2538919628130247,"GiPValue":0.209881301198512,"NNeighbors":139,"Gi_Bin":0}},{"type":"Feature","id":876,"geometry":{"type":"Point","coordinates":[99.021089109666676,18.784422919948245]},"properties":{"OBJECTID":876,"SOURCE_ID":876,"kom":0,"GiZScore":-1.120458072992577,"GiPValue":0.2625186279215157,"NNeighbors":146,"Gi_Bin":0}},{"type":"Feature","id":877,"geometry":{"type":"Point","coordinates":[99.021101990083665,18.78368359969495]},"properties":{"OBJECTID":877,"SOURCE_ID":877,"kom":4,"GiZScore":-1.0257786616319118,"GiPValue":0.30499594071913638,"NNeighbors":154,"Gi_Bin":0}},{"type":"Feature","id":878,"geometry":{"type":"Point","coordinates":[99.025450170327304,18.764480220429576]},"properties":{"OBJECTID":878,"SOURCE_ID":878,"kom":0,"GiZScore":-0.98247903771060785,"GiPValue":0.32586391786601654,"NNeighbors":113,"Gi_Bin":0}},{"type":"Feature","id":879,"geometry":{"type":"Point","coordinates":[99.024680099998093,18.766366920194482]},"properties":{"OBJECTID":879,"SOURCE_ID":879,"kom":0,"GiZScore":-0.98265781532521912,"GiPValue":0.32577589198481505,"NNeighbors":123,"Gi_Bin":0}},{"type":"Feature","id":880,"geometry":{"type":"Point","coordinates":[99.02497452022827,18.767577970264774]},"properties":{"OBJECTID":880,"SOURCE_ID":880,"kom":0,"GiZScore":-0.91564389485910269,"GiPValue":0.35985371126074162,"NNeighbors":131,"Gi_Bin":0}},{"type":"Feature","id":881,"geometry":{"type":"Point","coordinates":[99.026159989708276,18.766806069953262]},"properties":{"OBJECTID":881,"SOURCE_ID":881,"kom":0,"GiZScore":-0.98265781532521912,"GiPValue":0.32577589198481505,"NNeighbors":123,"Gi_Bin":0}},{"type":"Feature","id":882,"geometry":{"type":"Point","coordinates":[99.02614299982659,18.766235959951146]},"properties":{"OBJECTID":882,"SOURCE_ID":882,"kom":0,"GiZScore":-1.1977737525880352,"GiPValue":0.23100512978629173,"NNeighbors":118,"Gi_Bin":0}},{"type":"Feature","id":883,"geometry":{"type":"Point","coordinates":[99.026755290142631,18.765336600142238]},"properties":{"OBJECTID":883,"SOURCE_ID":883,"kom":0,"GiZScore":-0.90831962318374815,"GiPValue":0.36370938810325792,"NNeighbors":103,"Gi_Bin":0}},{"type":"Feature","id":884,"geometry":{"type":"Point","coordinates":[99.027361919583967,18.765151689744602]},"properties":{"OBJECTID":884,"SOURCE_ID":884,"kom":0,"GiZScore":-0.946720447248802,"GiPValue":0.3437812599085025,"NNeighbors":102,"Gi_Bin":0}},{"type":"Feature","id":885,"geometry":{"type":"Point","coordinates":[99.027542719983714,18.765096820239123]},"properties":{"OBJECTID":885,"SOURCE_ID":885,"kom":0,"GiZScore":-0.90851328763279016,"GiPValue":0.36360710695501031,"NNeighbors":100,"Gi_Bin":0}},{"type":"Feature","id":886,"geometry":{"type":"Point","coordinates":[99.028113389627322,18.764850790190717]},"properties":{"OBJECTID":886,"SOURCE_ID":886,"kom":0,"GiZScore":-0.9482121420872679,"GiPValue":0.34302147862251109,"NNeighbors":97,"Gi_Bin":0}},{"type":"Feature","id":887,"geometry":{"type":"Point","coordinates":[99.026928839781021,18.765721260424357]},"properties":{"OBJECTID":887,"SOURCE_ID":887,"kom":1,"GiZScore":-0.87028270974485888,"GiPValue":0.38414593461872504,"NNeighbors":104,"Gi_Bin":0}},{"type":"Feature","id":888,"geometry":{"type":"Point","coordinates":[99.02531907012937,18.766299820447323]},"properties":{"OBJECTID":888,"SOURCE_ID":888,"kom":1,"GiZScore":-1.231878454583945,"GiPValue":0.21799451418293414,"NNeighbors":120,"Gi_Bin":0}},{"type":"Feature","id":889,"geometry":{"type":"Point","coordinates":[99.025731530226551,18.766282839743319]},"properties":{"OBJECTID":889,"SOURCE_ID":889,"kom":6,"GiZScore":-1.231878454583945,"GiPValue":0.21799451418293414,"NNeighbors":120,"Gi_Bin":0}},{"type":"Feature","id":890,"geometry":{"type":"Point","coordinates":[99.022446260135453,18.764659819761622]},"properties":{"OBJECTID":890,"SOURCE_ID":890,"kom":0,"GiZScore":-1.018037907164081,"GiPValue":0.3086599558143488,"NNeighbors":127,"Gi_Bin":0}},{"type":"Feature","id":891,"geometry":{"type":"Point","coordinates":[99.020224839694393,18.77037373038085]},"properties":{"OBJECTID":891,"SOURCE_ID":891,"kom":0,"GiZScore":-0.9725997719697751,"GiPValue":0.33075226845057271,"NNeighbors":169,"Gi_Bin":0}},{"type":"Feature","id":892,"geometry":{"type":"Point","coordinates":[99.020175300042297,18.770026449580044]},"properties":{"OBJECTID":892,"SOURCE_ID":892,"kom":0,"GiZScore":-1.0641294588991035,"GiPValue":0.28727007316162045,"NNeighbors":168,"Gi_Bin":0}},{"type":"Feature","id":893,"geometry":{"type":"Point","coordinates":[99.020268150390464,18.769409999915631]},"properties":{"OBJECTID":893,"SOURCE_ID":893,"kom":0,"GiZScore":-1.0304291901870803,"GiPValue":0.3028085909554864,"NNeighbors":163,"Gi_Bin":0}},{"type":"Feature","id":894,"geometry":{"type":"Point","coordinates":[99.020303120009416,18.769218879585519]},"properties":{"OBJECTID":894,"SOURCE_ID":894,"kom":0,"GiZScore":-1.0298711377340135,"GiPValue":0.30307051560011422,"NNeighbors":162,"Gi_Bin":0}},{"type":"Feature","id":895,"geometry":{"type":"Point","coordinates":[99.021750189530067,18.767498819679737]},"properties":{"OBJECTID":895,"SOURCE_ID":895,"kom":0,"GiZScore":-0.98927067425971471,"GiPValue":0.32253074107388779,"NNeighbors":145,"Gi_Bin":0}},{"type":"Feature","id":896,"geometry":{"type":"Point","coordinates":[99.021715359700153,18.768040079804109]},"properties":{"OBJECTID":896,"SOURCE_ID":896,"kom":0,"GiZScore":-1.0566329708542654,"GiPValue":0.29067914252673754,"NNeighbors":151,"Gi_Bin":0}},{"type":"Feature","id":897,"geometry":{"type":"Point","coordinates":[99.021703750340507,18.768220500439671]},"properties":{"OBJECTID":897,"SOURCE_ID":897,"kom":0,"GiZScore":-1.0248653555522371,"GiPValue":0.30542673773942608,"NNeighbors":152,"Gi_Bin":0}},{"type":"Feature","id":898,"geometry":{"type":"Point","coordinates":[99.022000480079484,18.766703279756143]},"properties":{"OBJECTID":898,"SOURCE_ID":898,"kom":0,"GiZScore":-1.2543690054104246,"GiPValue":0.20970793733072357,"NNeighbors":138,"Gi_Bin":0}},{"type":"Feature","id":899,"geometry":{"type":"Point","coordinates":[99.021810579870746,18.766631909732229]},"properties":{"OBJECTID":899,"SOURCE_ID":899,"kom":0,"GiZScore":-1.2538919628130247,"GiPValue":0.209881301198512,"NNeighbors":139,"Gi_Bin":0}},{"type":"Feature","id":900,"geometry":{"type":"Point","coordinates":[99.021633959961861,18.766565819734303]},"properties":{"OBJECTID":900,"SOURCE_ID":900,"kom":26,"GiZScore":-1.2884744657552702,"GiPValue":0.19758085175921078,"NNeighbors":137,"Gi_Bin":0}},{"type":"Feature","id":901,"geometry":{"type":"Point","coordinates":[99.022130450113991,18.766374810427902]},"properties":{"OBJECTID":901,"SOURCE_ID":901,"kom":0,"GiZScore":-1.2891081440203369,"GiPValue":0.19736049265650787,"NNeighbors":136,"Gi_Bin":0}},{"type":"Feature","id":902,"geometry":{"type":"Point","coordinates":[99.021954489560855,18.766307129980223]},"properties":{"OBJECTID":902,"SOURCE_ID":902,"kom":0,"GiZScore":-1.2884744657552702,"GiPValue":0.19758085175921078,"NNeighbors":137,"Gi_Bin":0}},{"type":"Feature","id":903,"geometry":{"type":"Point","coordinates":[99.021250669621054,18.76603638031489]},"properties":{"OBJECTID":903,"SOURCE_ID":903,"kom":0,"GiZScore":-1.2548698503233711,"GiPValue":0.20952603497104172,"NNeighbors":137,"Gi_Bin":0}},{"type":"Feature","id":904,"geometry":{"type":"Point","coordinates":[99.022051539677008,18.765948700260552]},"properties":{"OBJECTID":904,"SOURCE_ID":904,"kom":0,"GiZScore":-1.1886514140924718,"GiPValue":0.23457688826894607,"NNeighbors":134,"Gi_Bin":0}},{"type":"Feature","id":905,"geometry":{"type":"Point","coordinates":[99.021874119854829,18.765884599823007]},"properties":{"OBJECTID":905,"SOURCE_ID":905,"kom":1,"GiZScore":-1.1886514140924718,"GiPValue":0.23457688826894607,"NNeighbors":134,"Gi_Bin":0}},{"type":"Feature","id":906,"geometry":{"type":"Point","coordinates":[99.021341829881706,18.765692300211768]},"properties":{"OBJECTID":906,"SOURCE_ID":906,"kom":1,"GiZScore":-1.1547172136723103,"GiPValue":0.24820626778645472,"NNeighbors":134,"Gi_Bin":0}},{"type":"Feature","id":907,"geometry":{"type":"Point","coordinates":[99.022747129781436,18.763481609928316]},"properties":{"OBJECTID":907,"SOURCE_ID":907,"kom":2,"GiZScore":-0.91109997816425592,"GiPValue":0.36224270833972083,"NNeighbors":120,"Gi_Bin":0}},{"type":"Feature","id":908,"geometry":{"type":"Point","coordinates":[99.023212830401576,18.763077920314085]},"properties":{"OBJECTID":908,"SOURCE_ID":908,"kom":0,"GiZScore":-0.98239813658539799,"GiPValue":0.325903756753955,"NNeighbors":114,"Gi_Bin":0}},{"type":"Feature","id":909,"geometry":{"type":"Point","coordinates":[99.022609880339104,18.762856660160619]},"properties":{"OBJECTID":909,"SOURCE_ID":909,"kom":0,"GiZScore":-1.055001402810811,"GiPValue":0.29142469866073617,"NNeighbors":115,"Gi_Bin":0}},{"type":"Feature","id":910,"geometry":{"type":"Point","coordinates":[99.022144430194686,18.77209765003818]},"properties":{"OBJECTID":910,"SOURCE_ID":910,"kom":0,"GiZScore":-1.3100256528084313,"GiPValue":0.19018715756079874,"NNeighbors":172,"Gi_Bin":0}},{"type":"Feature","id":911,"geometry":{"type":"Point","coordinates":[99.023018730005361,18.771308949978597]},"properties":{"OBJECTID":911,"SOURCE_ID":911,"kom":0,"GiZScore":-1.1862523274962178,"GiPValue":0.23552268815799171,"NNeighbors":163,"Gi_Bin":0}},{"type":"Feature","id":912,"geometry":{"type":"Point","coordinates":[99.023573819571965,18.771095299682397]},"properties":{"OBJECTID":912,"SOURCE_ID":912,"kom":2,"GiZScore":-1.0584941807343509,"GiPValue":0.2898302180326634,"NNeighbors":156,"Gi_Bin":0}},{"type":"Feature","id":913,"geometry":{"type":"Point","coordinates":[99.024846579970216,18.770668650438129]},"properties":{"OBJECTID":913,"SOURCE_ID":913,"kom":0,"GiZScore":-0.89322781135552798,"GiPValue":0.37173519721719406,"NNeighbors":148,"Gi_Bin":0}},{"type":"Feature","id":914,"geometry":{"type":"Point","coordinates":[99.02511608007768,18.770629650194021]},"properties":{"OBJECTID":914,"SOURCE_ID":914,"kom":0,"GiZScore":-0.98882070778551834,"GiPValue":0.32275088377172223,"NNeighbors":144,"Gi_Bin":0}},{"type":"Feature","id":915,"geometry":{"type":"Point","coordinates":[99.025947109729415,18.770178969860407]},"properties":{"OBJECTID":915,"SOURCE_ID":915,"kom":0,"GiZScore":-0.92057500164692663,"GiPValue":0.35727236928010442,"NNeighbors":140,"Gi_Bin":0}},{"type":"Feature","id":916,"geometry":{"type":"Point","coordinates":[99.026232699604222,18.768794380199811]},"properties":{"OBJECTID":916,"SOURCE_ID":916,"kom":0,"GiZScore":-1.1207830132521488,"GiPValue":0.26238025467837289,"NNeighbors":134,"Gi_Bin":0}},{"type":"Feature","id":917,"geometry":{"type":"Point","coordinates":[99.023308609599567,18.7708350502384]},"properties":{"OBJECTID":917,"SOURCE_ID":917,"kom":0,"GiZScore":-1.0272332752671316,"GiPValue":0.30431064741945324,"NNeighbors":157,"Gi_Bin":0}},{"type":"Feature","id":918,"geometry":{"type":"Point","coordinates":[99.023579499745949,18.770709730074891]},"properties":{"OBJECTID":918,"SOURCE_ID":918,"kom":3,"GiZScore":-0.96063564270916713,"GiPValue":0.33673541276805141,"NNeighbors":152,"Gi_Bin":0}},{"type":"Feature","id":919,"geometry":{"type":"Point","coordinates":[99.024286149891211,18.770281309641579]},"properties":{"OBJECTID":919,"SOURCE_ID":919,"kom":0,"GiZScore":-1.0556697865963605,"GiPValue":0.29111912083593128,"NNeighbors":148,"Gi_Bin":0}},{"type":"Feature","id":920,"geometry":{"type":"Point","coordinates":[99.024469419697127,18.769639660211578]},"properties":{"OBJECTID":920,"SOURCE_ID":920,"kom":0,"GiZScore":-0.98973285802306665,"GiPValue":0.32230472315813996,"NNeighbors":146,"Gi_Bin":0}},{"type":"Feature","id":921,"geometry":{"type":"Point","coordinates":[99.025545670323837,18.763189729702574]},"properties":{"OBJECTID":921,"SOURCE_ID":921,"kom":0,"GiZScore":-0.83193508092797019,"GiPValue":0.40544559712684036,"NNeighbors":103,"Gi_Bin":0}},{"type":"Feature","id":922,"geometry":{"type":"Point","coordinates":[99.023513969618577,18.792137700410787]},"properties":{"OBJECTID":922,"SOURCE_ID":922,"kom":2,"GiZScore":-1.0214439849962484,"GiPValue":0.30704414929912094,"NNeighbors":106,"Gi_Bin":0}},{"type":"Feature","id":923,"geometry":{"type":"Point","coordinates":[99.023880640071212,18.791504589633107]},"properties":{"OBJECTID":923,"SOURCE_ID":923,"kom":0,"GiZScore":-0.98403733668958593,"GiPValue":0.32509716821514201,"NNeighbors":105,"Gi_Bin":0}},{"type":"Feature","id":924,"geometry":{"type":"Point","coordinates":[99.02406397000118,18.791188040286432]},"properties":{"OBJECTID":924,"SOURCE_ID":924,"kom":0,"GiZScore":-0.98435581205985945,"GiPValue":0.3249406093196886,"NNeighbors":104,"Gi_Bin":0}},{"type":"Feature","id":925,"geometry":{"type":"Point","coordinates":[99.024155630438358,18.791029759667801]},"properties":{"OBJECTID":925,"SOURCE_ID":925,"kom":1,"GiZScore":-1.0218963024534173,"GiPValue":0.30682999690172386,"NNeighbors":105,"Gi_Bin":0}},{"type":"Feature","id":926,"geometry":{"type":"Point","coordinates":[99.024430629705009,18.790554940119321]},"properties":{"OBJECTID":926,"SOURCE_ID":926,"kom":2,"GiZScore":-0.98435581205985945,"GiPValue":0.3249406093196886,"NNeighbors":104,"Gi_Bin":0}},{"type":"Feature","id":927,"geometry":{"type":"Point","coordinates":[99.024996469701108,18.789572089702837]},"properties":{"OBJECTID":927,"SOURCE_ID":927,"kom":0,"GiZScore":-0.98325369701308984,"GiPValue":0.32548260555652164,"NNeighbors":108,"Gi_Bin":0}},{"type":"Feature","id":928,"geometry":{"type":"Point","coordinates":[99.025174610098674,18.789252860164854]},"properties":{"OBJECTID":928,"SOURCE_ID":928,"kom":1,"GiZScore":-0.94595156825870941,"GiPValue":0.34417330084195474,"NNeighbors":107,"Gi_Bin":0}},{"type":"Feature","id":929,"geometry":{"type":"Point","coordinates":[99.025263679570656,18.789093239905682]},"properties":{"OBJECTID":929,"SOURCE_ID":929,"kom":1,"GiZScore":-0.94595156825870941,"GiPValue":0.34417330084195474,"NNeighbors":107,"Gi_Bin":0}},{"type":"Feature","id":930,"geometry":{"type":"Point","coordinates":[99.004487229718933,18.80996156963058]},"properties":{"OBJECTID":930,"SOURCE_ID":930,"kom":0,"GiZScore":3.5469275815433821,"GiPValue":0.00038975171124386559,"NNeighbors":135,"Gi_Bin":3}},{"type":"Feature","id":931,"geometry":{"type":"Point","coordinates":[99.003919210456658,18.809999780081348]},"properties":{"OBJECTID":931,"SOURCE_ID":931,"kom":0,"GiZScore":3.59930456295446,"GiPValue":0.00031906932505728236,"NNeighbors":136,"Gi_Bin":3}},{"type":"Feature","id":932,"geometry":{"type":"Point","coordinates":[99.002783179703115,18.810076200314096]},"properties":{"OBJECTID":932,"SOURCE_ID":932,"kom":13,"GiZScore":3.5584749980503192,"GiPValue":0.00037301429009018247,"NNeighbors":141,"Gi_Bin":3}},{"type":"Feature","id":933,"geometry":{"type":"Point","coordinates":[99.00345585004095,18.810176899865517]},"properties":{"OBJECTID":933,"SOURCE_ID":933,"kom":2,"GiZScore":3.5692414234731902,"GiPValue":0.00035801638844185291,"NNeighbors":138,"Gi_Bin":3}},{"type":"Feature","id":934,"geometry":{"type":"Point","coordinates":[99.005070479813469,18.810076000343116]},"properties":{"OBJECTID":934,"SOURCE_ID":934,"kom":0,"GiZScore":3.6246302633422318,"GiPValue":0.00028937514001119277,"NNeighbors":130,"Gi_Bin":3}},{"type":"Feature","id":935,"geometry":{"type":"Point","coordinates":[98.999533520283364,18.758273399616517]},"properties":{"OBJECTID":935,"SOURCE_ID":935,"kom":2,"GiZScore":-0.44155034734705573,"GiPValue":0.65881462225723686,"NNeighbors":117,"Gi_Bin":0}},{"type":"Feature","id":936,"geometry":{"type":"Point","coordinates":[98.999820209670347,18.758000290418909]},"properties":{"OBJECTID":936,"SOURCE_ID":936,"kom":0,"GiZScore":-0.28671611775481093,"GiPValue":0.7743296956844592,"NNeighbors":113,"Gi_Bin":0}},{"type":"Feature","id":937,"geometry":{"type":"Point","coordinates":[98.996720959894333,18.760731239932632]},"properties":{"OBJECTID":937,"SOURCE_ID":937,"kom":0,"GiZScore":-1.0539116938698421,"GiPValue":0.2919233639826273,"NNeighbors":141,"Gi_Bin":0}},{"type":"Feature","id":938,"geometry":{"type":"Point","coordinates":[98.997149840190644,18.76037466041387]},"properties":{"OBJECTID":938,"SOURCE_ID":938,"kom":1,"GiZScore":-1.0869359323132253,"GiPValue":0.27706514169011198,"NNeighbors":139,"Gi_Bin":0}},{"type":"Feature","id":939,"geometry":{"type":"Point","coordinates":[98.997721679679884,18.759899209562434]},"properties":{"OBJECTID":939,"SOURCE_ID":939,"kom":0,"GiZScore":-0.98639064825022382,"GiPValue":0.32394146526526257,"NNeighbors":138,"Gi_Bin":0}},{"type":"Feature","id":940,"geometry":{"type":"Point","coordinates":[98.997312910355575,18.760053680244809]},"properties":{"OBJECTID":940,"SOURCE_ID":940,"kom":0,"GiZScore":-1.0868825321852991,"GiPValue":0.27708874379399429,"NNeighbors":138,"Gi_Bin":0}},{"type":"Feature","id":941,"geometry":{"type":"Point","coordinates":[99.005475320134735,18.763032080410316]},"properties":{"OBJECTID":941,"SOURCE_ID":941,"kom":0,"GiZScore":-0.98795834281899253,"GiPValue":0.32317306312127669,"NNeighbors":142,"Gi_Bin":0}},{"type":"Feature","id":942,"geometry":{"type":"Point","coordinates":[99.003668320285627,18.760600539886401]},"properties":{"OBJECTID":942,"SOURCE_ID":942,"kom":0,"GiZScore":-0.77478174288358159,"GiPValue":0.43846864580994849,"NNeighbors":127,"Gi_Bin":0}},{"type":"Feature","id":943,"geometry":{"type":"Point","coordinates":[99.002906090256928,18.759625950224535]},"properties":{"OBJECTID":943,"SOURCE_ID":943,"kom":1,"GiZScore":-0.73590555857632722,"GiPValue":0.46178817992394627,"NNeighbors":123,"Gi_Bin":0}},{"type":"Feature","id":944,"geometry":{"type":"Point","coordinates":[99.002109429842506,18.758873010022079]},"properties":{"OBJECTID":944,"SOURCE_ID":944,"kom":0,"GiZScore":-0.62318351429976204,"GiPValue":0.53316393739532708,"NNeighbors":118,"Gi_Bin":0}},{"type":"Feature","id":945,"geometry":{"type":"Point","coordinates":[99.001899710092871,18.758720109643388]},"properties":{"OBJECTID":945,"SOURCE_ID":945,"kom":0,"GiZScore":-0.54803749836236193,"GiPValue":0.58366615761172214,"NNeighbors":116,"Gi_Bin":0}},{"type":"Feature","id":946,"geometry":{"type":"Point","coordinates":[99.001683580404404,18.758612900290299]},"properties":{"OBJECTID":946,"SOURCE_ID":946,"kom":0,"GiZScore":-0.40328141130007905,"GiPValue":0.68674121597660842,"NNeighbors":116,"Gi_Bin":0}},{"type":"Feature","id":947,"geometry":{"type":"Point","coordinates":[98.997295999765655,18.792880079959225]},"properties":{"OBJECTID":947,"SOURCE_ID":947,"kom":0,"GiZScore":1.5794292200584681,"GiPValue":0.11423763950909756,"NNeighbors":290,"Gi_Bin":0}},{"type":"Feature","id":948,"geometry":{"type":"Point","coordinates":[98.996966849765272,18.793642689973492]},"properties":{"OBJECTID":948,"SOURCE_ID":948,"kom":16,"GiZScore":1.3894836026265789,"GiPValue":0.16468574369809275,"NNeighbors":288,"Gi_Bin":0}},{"type":"Feature","id":949,"geometry":{"type":"Point","coordinates":[99.020513069835303,18.775210689563789]},"properties":{"OBJECTID":949,"SOURCE_ID":949,"kom":0,"GiZScore":-1.7188777705435452,"GiPValue":0.0856366306322216,"NNeighbors":193,"Gi_Bin":-1}},{"type":"Feature","id":950,"geometry":{"type":"Point","coordinates":[98.98558618980077,18.805377199836045]},"properties":{"OBJECTID":950,"SOURCE_ID":950,"kom":0,"GiZScore":0.29511129288530685,"GiPValue":0.76790886362379618,"NNeighbors":198,"Gi_Bin":0}},{"type":"Feature","id":951,"geometry":{"type":"Point","coordinates":[98.985772980222151,18.805409300431084]},"properties":{"OBJECTID":951,"SOURCE_ID":951,"kom":2,"GiZScore":0.88877505936867796,"GiPValue":0.37412399201617619,"NNeighbors":200,"Gi_Bin":0}},{"type":"Feature","id":952,"geometry":{"type":"Point","coordinates":[98.986146549889668,18.805473500155486]},"properties":{"OBJECTID":952,"SOURCE_ID":952,"kom":7,"GiZScore":0.76072007263541375,"GiPValue":0.44682428923905426,"NNeighbors":203,"Gi_Bin":0}},{"type":"Feature","id":953,"geometry":{"type":"Point","coordinates":[98.987645739664302,18.805354379578027]},"properties":{"OBJECTID":953,"SOURCE_ID":953,"kom":0,"GiZScore":0.87937157781700126,"GiPValue":0.37919984694300979,"NNeighbors":196,"Gi_Bin":0}},{"type":"Feature","id":954,"geometry":{"type":"Point","coordinates":[98.988010840072818,18.805255369970496]},"properties":{"OBJECTID":954,"SOURCE_ID":954,"kom":0,"GiZScore":0.98463205022000655,"GiPValue":0.32480485350152477,"NNeighbors":198,"Gi_Bin":0}},{"type":"Feature","id":955,"geometry":{"type":"Point","coordinates":[98.997917879804206,18.810579660396783]},"properties":{"OBJECTID":955,"SOURCE_ID":955,"kom":4,"GiZScore":2.7076347223581356,"GiPValue":0.0067764560780056229,"NNeighbors":140,"Gi_Bin":3}},{"type":"Feature","id":956,"geometry":{"type":"Point","coordinates":[98.996336140051056,18.810845800404341]},"properties":{"OBJECTID":956,"SOURCE_ID":956,"kom":1,"GiZScore":2.7831748941839218,"GiPValue":0.0053829780282800199,"NNeighbors":142,"Gi_Bin":3}},{"type":"Feature","id":957,"geometry":{"type":"Point","coordinates":[98.984878589784046,18.812045890070024]},"properties":{"OBJECTID":957,"SOURCE_ID":957,"kom":0,"GiZScore":0.57413824542503611,"GiPValue":0.56587425729007146,"NNeighbors":122,"Gi_Bin":0}},{"type":"Feature","id":958,"geometry":{"type":"Point","coordinates":[98.985768289727446,18.812140570266667]},"properties":{"OBJECTID":958,"SOURCE_ID":958,"kom":0,"GiZScore":0.82375876524541469,"GiPValue":0.41007664934302679,"NNeighbors":127,"Gi_Bin":0}},{"type":"Feature","id":959,"geometry":{"type":"Point","coordinates":[98.985957289790775,18.812157329949418]},"properties":{"OBJECTID":959,"SOURCE_ID":959,"kom":0,"GiZScore":0.76056681354873756,"GiPValue":0.44691585425257718,"NNeighbors":126,"Gi_Bin":0}},{"type":"Feature","id":960,"geometry":{"type":"Point","coordinates":[98.943804320194033,18.802822990421287]},"properties":{"OBJECTID":960,"SOURCE_ID":960,"kom":2,"GiZScore":1.7479145004769194,"GiPValue":0.080478833561914875,"NNeighbors":39,"Gi_Bin":1}},{"type":"Feature","id":961,"geometry":{"type":"Point","coordinates":[98.945050930182276,18.802589530066395]},"properties":{"OBJECTID":961,"SOURCE_ID":961,"kom":2,"GiZScore":2.0762778937850701,"GiPValue":0.037868256643797421,"NNeighbors":42,"Gi_Bin":2}},{"type":"Feature","id":962,"geometry":{"type":"Point","coordinates":[98.946059069829204,18.802993789985802]},"properties":{"OBJECTID":962,"SOURCE_ID":962,"kom":0,"GiZScore":1.9891277509118888,"GiPValue":0.046687103974033445,"NNeighbors":43,"Gi_Bin":2}},{"type":"Feature","id":963,"geometry":{"type":"Point","coordinates":[98.946413689804444,18.80318471960814]},"properties":{"OBJECTID":963,"SOURCE_ID":963,"kom":2,"GiZScore":1.9891277509118888,"GiPValue":0.046687103974033445,"NNeighbors":43,"Gi_Bin":2}},{"type":"Feature","id":964,"geometry":{"type":"Point","coordinates":[98.945797940207029,18.804681970081774]},"properties":{"OBJECTID":964,"SOURCE_ID":964,"kom":0,"GiZScore":1.9891277509118888,"GiPValue":0.046687103974033445,"NNeighbors":43,"Gi_Bin":2}},{"type":"Feature","id":965,"geometry":{"type":"Point","coordinates":[98.946157470437029,18.806055489930117]},"properties":{"OBJECTID":965,"SOURCE_ID":965,"kom":0,"GiZScore":1.8397907325736003,"GiPValue":0.065798966545068269,"NNeighbors":40,"Gi_Bin":1}},{"type":"Feature","id":966,"geometry":{"type":"Point","coordinates":[98.947081440338621,18.807643660146137]},"properties":{"OBJECTID":966,"SOURCE_ID":966,"kom":0,"GiZScore":1.0413923632173596,"GiPValue":0.29769350035517361,"NNeighbors":32,"Gi_Bin":0}},{"type":"Feature","id":967,"geometry":{"type":"Point","coordinates":[98.946962879761912,18.80778480976149]},"properties":{"OBJECTID":967,"SOURCE_ID":967,"kom":3,"GiZScore":0.81438261979174242,"GiPValue":0.41542579972816507,"NNeighbors":30,"Gi_Bin":0}},{"type":"Feature","id":968,"geometry":{"type":"Point","coordinates":[98.946844319932978,18.807925970144606]},"properties":{"OBJECTID":968,"SOURCE_ID":968,"kom":0,"GiZScore":0.81438261979174242,"GiPValue":0.41542579972816507,"NNeighbors":30,"Gi_Bin":0}},{"type":"Feature","id":969,"geometry":{"type":"Point","coordinates":[98.94650459968058,18.808714330432998]},"properties":{"OBJECTID":969,"SOURCE_ID":969,"kom":0,"GiZScore":0.90423005220910102,"GiPValue":0.36587343815822027,"NNeighbors":26,"Gi_Bin":0}},{"type":"Feature","id":970,"geometry":{"type":"Point","coordinates":[99.003977990425881,18.787609619987492]},"properties":{"OBJECTID":970,"SOURCE_ID":970,"kom":0,"GiZScore":0.33962043715754103,"GiPValue":0.73414238599453674,"NNeighbors":257,"Gi_Bin":0}},{"type":"Feature","id":971,"geometry":{"type":"Point","coordinates":[99.004356779925359,18.787632849764606]},"properties":{"OBJECTID":971,"SOURCE_ID":971,"kom":0,"GiZScore":0.52314478919474461,"GiPValue":0.60087350104831372,"NNeighbors":249,"Gi_Bin":0}},{"type":"Feature","id":972,"geometry":{"type":"Point","coordinates":[99.005754930361022,18.787565250061458]},"properties":{"OBJECTID":972,"SOURCE_ID":972,"kom":0,"GiZScore":0.42021646625506193,"GiPValue":0.67432732792259897,"NNeighbors":233,"Gi_Bin":0}},{"type":"Feature","id":973,"geometry":{"type":"Point","coordinates":[99.007787519581129,18.787175360333443]},"properties":{"OBJECTID":973,"SOURCE_ID":973,"kom":3,"GiZScore":-0.41177728223795801,"GiPValue":0.68050267511666895,"NNeighbors":219,"Gi_Bin":0}},{"type":"Feature","id":974,"geometry":{"type":"Point","coordinates":[99.009215790336341,18.786900679863628]},"properties":{"OBJECTID":974,"SOURCE_ID":974,"kom":0,"GiZScore":-0.99774012711725513,"GiPValue":0.31840540308640197,"NNeighbors":198,"Gi_Bin":0}},{"type":"Feature","id":975,"geometry":{"type":"Point","coordinates":[99.010621579763495,18.786630759946195]},"properties":{"OBJECTID":975,"SOURCE_ID":975,"kom":1,"GiZScore":-1.3997460649156008,"GiPValue":0.16158937410211544,"NNeighbors":196,"Gi_Bin":0}},{"type":"Feature","id":976,"geometry":{"type":"Point","coordinates":[99.01117969993237,18.78652359038524]},"properties":{"OBJECTID":976,"SOURCE_ID":976,"kom":0,"GiZScore":-1.1993888505522756,"GiPValue":0.23037680268223215,"NNeighbors":199,"Gi_Bin":0}},{"type":"Feature","id":977,"geometry":{"type":"Point","coordinates":[99.01169793035487,18.786424029756542]},"properties":{"OBJECTID":977,"SOURCE_ID":977,"kom":0,"GiZScore":-1.3140728776472528,"GiPValue":0.18882168041730391,"NNeighbors":199,"Gi_Bin":0}},{"type":"Feature","id":978,"geometry":{"type":"Point","coordinates":[99.012757129788909,18.786220680128476]},"properties":{"OBJECTID":978,"SOURCE_ID":978,"kom":1,"GiZScore":-1.5747278178733501,"GiPValue":0.11531928392550417,"NNeighbors":190,"Gi_Bin":0}},{"type":"Feature","id":979,"geometry":{"type":"Point","coordinates":[99.01591274970302,18.785614690326423]},"properties":{"OBJECTID":979,"SOURCE_ID":979,"kom":3,"GiZScore":-1.3401364907805646,"GiPValue":0.1802009744608728,"NNeighbors":179,"Gi_Bin":0}},{"type":"Feature","id":980,"geometry":{"type":"Point","coordinates":[98.993792080307145,18.792266839865515]},"properties":{"OBJECTID":980,"SOURCE_ID":980,"kom":0,"GiZScore":0.93294505862819455,"GiPValue":0.35084834727971603,"NNeighbors":297,"Gi_Bin":0}},{"type":"Feature","id":981,"geometry":{"type":"Point","coordinates":[98.993783270254184,18.792086279748283]},"properties":{"OBJECTID":981,"SOURCE_ID":981,"kom":0,"GiZScore":0.9955609101350209,"GiPValue":0.3194635488248565,"NNeighbors":300,"Gi_Bin":0}},{"type":"Feature","id":982,"geometry":{"type":"Point","coordinates":[98.981710220426464,18.796056830303549]},"properties":{"OBJECTID":982,"SOURCE_ID":982,"kom":0,"GiZScore":-0.13726731614552298,"GiPValue":0.89081950382287234,"NNeighbors":261,"Gi_Bin":0}},{"type":"Feature","id":983,"geometry":{"type":"Point","coordinates":[98.981759310429055,18.797353790294828]},"properties":{"OBJECTID":983,"SOURCE_ID":983,"kom":0,"GiZScore":-0.062214339360694461,"GiPValue":0.95039214345162726,"NNeighbors":252,"Gi_Bin":0}},{"type":"Feature","id":984,"geometry":{"type":"Point","coordinates":[99.018467389625798,18.790729619700336]},"properties":{"OBJECTID":984,"SOURCE_ID":984,"kom":2,"GiZScore":-0.47490542061598423,"GiPValue":0.63485438925309823,"NNeighbors":150,"Gi_Bin":0}},{"type":"Feature","id":985,"geometry":{"type":"Point","coordinates":[99.01903658983305,18.790742850053096]},"properties":{"OBJECTID":985,"SOURCE_ID":985,"kom":0,"GiZScore":-0.34092509553669742,"GiPValue":0.73315997248688447,"NNeighbors":148,"Gi_Bin":0}},{"type":"Feature","id":986,"geometry":{"type":"Point","coordinates":[99.019663530421781,18.790757370441415]},"properties":{"OBJECTID":986,"SOURCE_ID":986,"kom":0,"GiZScore":-0.78144100905053326,"GiPValue":0.43454316629277567,"NNeighbors":134,"Gi_Bin":0}},{"type":"Feature","id":987,"geometry":{"type":"Point","coordinates":[99.00827015012689,18.796805510046198]},"properties":{"OBJECTID":987,"SOURCE_ID":987,"kom":0,"GiZScore":1.3017577987500928,"GiPValue":0.19299919432004076,"NNeighbors":208,"Gi_Bin":0}},{"type":"Feature","id":988,"geometry":{"type":"Point","coordinates":[99.00833839990203,18.796122380392678]},"properties":{"OBJECTID":988,"SOURCE_ID":988,"kom":0,"GiZScore":0.89340822338896919,"GiPValue":0.37163861029417256,"NNeighbors":205,"Gi_Bin":0}},{"type":"Feature","id":989,"geometry":{"type":"Point","coordinates":[99.008483540421793,18.79468867976987]},"properties":{"OBJECTID":989,"SOURCE_ID":989,"kom":4,"GiZScore":0.10660479316854696,"GiPValue":0.91510251587094515,"NNeighbors":203,"Gi_Bin":0}},{"type":"Feature","id":990,"geometry":{"type":"Point","coordinates":[99.008577360102819,18.793762760364562]},"properties":{"OBJECTID":990,"SOURCE_ID":990,"kom":0,"GiZScore":0.29146370282402806,"GiPValue":0.77069670068867191,"NNeighbors":207,"Gi_Bin":0}},{"type":"Feature","id":991,"geometry":{"type":"Point","coordinates":[99.00867424984672,18.792805229764479]},"properties":{"OBJECTID":991,"SOURCE_ID":991,"kom":0,"GiZScore":0.49289335220537717,"GiPValue":0.62208794653495725,"NNeighbors":206,"Gi_Bin":0}},{"type":"Feature","id":992,"geometry":{"type":"Point","coordinates":[99.008709860160806,18.792453880241446]},"properties":{"OBJECTID":992,"SOURCE_ID":992,"kom":0,"GiZScore":0.48897654334008439,"GiPValue":0.62485830533689124,"NNeighbors":207,"Gi_Bin":0}},{"type":"Feature","id":993,"geometry":{"type":"Point","coordinates":[99.008785110366986,18.790741829552559]},"properties":{"OBJECTID":993,"SOURCE_ID":993,"kom":0,"GiZScore":0.2667225363520403,"GiPValue":0.789682801110412,"NNeighbors":206,"Gi_Bin":0}},{"type":"Feature","id":994,"geometry":{"type":"Point","coordinates":[99.00870149961014,18.789177830252545]},"properties":{"OBJECTID":994,"SOURCE_ID":994,"kom":3,"GiZScore":-0.28726429847055435,"GiPValue":0.77390995716405031,"NNeighbors":213,"Gi_Bin":0}},{"type":"Feature","id":995,"geometry":{"type":"Point","coordinates":[99.00869858045715,18.788285939673543]},"properties":{"OBJECTID":995,"SOURCE_ID":995,"kom":6,"GiZScore":-0.52294367893686744,"GiPValue":0.60101344952036595,"NNeighbors":205,"Gi_Bin":0}},{"type":"Feature","id":996,"geometry":{"type":"Point","coordinates":[99.008713369945653,18.787723160314307]},"properties":{"OBJECTID":996,"SOURCE_ID":996,"kom":0,"GiZScore":-0.71814925485489378,"GiPValue":0.47266526822225086,"NNeighbors":203,"Gi_Bin":0}},{"type":"Feature","id":997,"geometry":{"type":"Point","coordinates":[99.020472949956286,18.767259959960036]},"properties":{"OBJECTID":997,"SOURCE_ID":997,"kom":2,"GiZScore":-1.0879600073403297,"GiPValue":0.27661277998631384,"NNeighbors":147,"Gi_Bin":0}},{"type":"Feature","id":998,"geometry":{"type":"Point","coordinates":[99.020545200445056,18.767092810323089]},"properties":{"OBJECTID":998,"SOURCE_ID":998,"kom":0,"GiZScore":-1.186091671932255,"GiPValue":0.23558612020719472,"NNeighbors":144,"Gi_Bin":0}},{"type":"Feature","id":999,"geometry":{"type":"Point","coordinates":[99.020617440355835,18.766925669694441]},"properties":{"OBJECTID":999,"SOURCE_ID":999,"kom":0,"GiZScore":-1.1202769700125781,"GiPValue":0.2625957710628235,"NNeighbors":141,"Gi_Bin":0}},{"type":"Feature","id":1000,"geometry":{"type":"Point","coordinates":[99.021170740262491,18.765645230328747]},"properties":{"OBJECTID":1000,"SOURCE_ID":1000,"kom":1,"GiZScore":-0.85006824330068242,"GiPValue":0.39528715469055942,"NNeighbors":135,"Gi_Bin":0}},{"type":"Feature","id":1001,"geometry":{"type":"Point","coordinates":[99.021592690117615,18.764667230144855]},"properties":{"OBJECTID":1001,"SOURCE_ID":1001,"kom":0,"GiZScore":-1.0183357077885145,"GiPValue":0.30851845851965498,"NNeighbors":130,"Gi_Bin":0}},{"type":"Feature","id":1002,"geometry":{"type":"Point","coordinates":[98.976715370252876,18.796685860390461]},"properties":{"OBJECTID":1002,"SOURCE_ID":1002,"kom":1,"GiZScore":-0.17209986619776466,"GiPValue":0.86335901802350645,"NNeighbors":233,"Gi_Bin":0}},{"type":"Feature","id":1003,"geometry":{"type":"Point","coordinates":[98.98070179955009,18.781654479673836]},"properties":{"OBJECTID":1003,"SOURCE_ID":1003,"kom":0,"GiZScore":-0.71599919715535498,"GiPValue":0.47399184991194809,"NNeighbors":311,"Gi_Bin":0}},{"type":"Feature","id":1004,"geometry":{"type":"Point","coordinates":[98.990442729816436,18.792791890121048]},"properties":{"OBJECTID":1004,"SOURCE_ID":1004,"kom":0,"GiZScore":1.6532598929275342,"GiPValue":0.098277981774261405,"NNeighbors":301,"Gi_Bin":1}},{"type":"Feature","id":1005,"geometry":{"type":"Point","coordinates":[99.016935729815501,18.801245270299614]},"properties":{"OBJECTID":1005,"SOURCE_ID":1005,"kom":0,"GiZScore":0.65272086621789094,"GiPValue":0.51393625188133851,"NNeighbors":77,"Gi_Bin":0}},{"type":"Feature","id":1006,"geometry":{"type":"Point","coordinates":[98.986739589810242,18.783466240043364]},"properties":{"OBJECTID":1006,"SOURCE_ID":1006,"kom":2,"GiZScore":0.17672829593605294,"GiPValue":0.85972181383866486,"NNeighbors":375,"Gi_Bin":0}},{"type":"Feature","id":1007,"geometry":{"type":"Point","coordinates":[98.984862230250286,18.784175339886065]},"properties":{"OBJECTID":1007,"SOURCE_ID":1007,"kom":2,"GiZScore":0.29518371232041951,"GiPValue":0.76785354402126382,"NNeighbors":356,"Gi_Bin":0}},{"type":"Feature","id":1008,"geometry":{"type":"Point","coordinates":[98.982533969639761,18.781761609892783]},"properties":{"OBJECTID":1008,"SOURCE_ID":1008,"kom":2,"GiZScore":-0.15278109728098804,"GiPValue":0.87857090494655532,"NNeighbors":339,"Gi_Bin":0}},{"type":"Feature","id":1009,"geometry":{"type":"Point","coordinates":[98.982625479550094,18.782011989872565]},"properties":{"OBJECTID":1009,"SOURCE_ID":1009,"kom":0,"GiZScore":-0.1694137275065804,"GiPValue":0.86547122665226395,"NNeighbors":336,"Gi_Bin":0}},{"type":"Feature","id":1010,"geometry":{"type":"Point","coordinates":[98.991860179594696,18.785340160390845]},"properties":{"OBJECTID":1010,"SOURCE_ID":1010,"kom":0,"GiZScore":0.34870367894503196,"GiPValue":0.72731178268131669,"NNeighbors":379,"Gi_Bin":0}},{"type":"Feature","id":1011,"geometry":{"type":"Point","coordinates":[98.990272969717168,18.782780089747796]},"properties":{"OBJECTID":1011,"SOURCE_ID":1011,"kom":0,"GiZScore":0.25164700607631396,"GiPValue":0.80131392216032094,"NNeighbors":408,"Gi_Bin":0}},{"type":"Feature","id":1012,"geometry":{"type":"Point","coordinates":[98.990665159922784,18.782651929783949]},"properties":{"OBJECTID":1012,"SOURCE_ID":1012,"kom":0,"GiZScore":0.28402527490266033,"GiPValue":0.7763910116985393,"NNeighbors":404,"Gi_Bin":0}},{"type":"Feature","id":1013,"geometry":{"type":"Point","coordinates":[98.988897830382157,18.784378939794003]},"properties":{"OBJECTID":1013,"SOURCE_ID":1013,"kom":0,"GiZScore":0.48602143642967194,"GiPValue":0.62695196915133666,"NNeighbors":387,"Gi_Bin":0}},{"type":"Feature","id":1014,"geometry":{"type":"Point","coordinates":[98.989167420405479,18.784398460302359]},"properties":{"OBJECTID":1014,"SOURCE_ID":1014,"kom":16,"GiZScore":0.52241699998232261,"GiPValue":0.60138002425753956,"NNeighbors":382,"Gi_Bin":0}},{"type":"Feature","id":1015,"geometry":{"type":"Point","coordinates":[98.990319000360643,18.784479139744999]},"properties":{"OBJECTID":1015,"SOURCE_ID":1015,"kom":0,"GiZScore":0.37145990965012221,"GiPValue":0.71029501152899988,"NNeighbors":379,"Gi_Bin":0}},{"type":"Feature","id":1016,"geometry":{"type":"Point","coordinates":[98.9848494602915,18.793743049572754]},"properties":{"OBJECTID":1016,"SOURCE_ID":1016,"kom":8,"GiZScore":0.81007307652888283,"GiPValue":0.41789818461697481,"NNeighbors":290,"Gi_Bin":0}},{"type":"Feature","id":1017,"geometry":{"type":"Point","coordinates":[98.983697880469265,18.793951010144667]},"properties":{"OBJECTID":1017,"SOURCE_ID":1017,"kom":0,"GiZScore":0.75324835190003347,"GiPValue":0.45130069479031432,"NNeighbors":285,"Gi_Bin":0}},{"type":"Feature","id":1018,"geometry":{"type":"Point","coordinates":[98.983502770264437,18.793977569816064]},"properties":{"OBJECTID":1018,"SOURCE_ID":1018,"kom":0,"GiZScore":0.78181501962796507,"GiPValue":0.43432329958127092,"NNeighbors":284,"Gi_Bin":0}},{"type":"Feature","id":1019,"geometry":{"type":"Point","coordinates":[98.982253070042248,18.793818789721282]},"properties":{"OBJECTID":1019,"SOURCE_ID":1019,"kom":0,"GiZScore":0.51988983244818154,"GiPValue":0.60314036451580777,"NNeighbors":280,"Gi_Bin":0}},{"type":"Feature","id":1020,"geometry":{"type":"Point","coordinates":[98.988034880125099,18.789736739907269]},"properties":{"OBJECTID":1020,"SOURCE_ID":1020,"kom":8,"GiZScore":1.2645113649226594,"GiPValue":0.20604656916442776,"NNeighbors":325,"Gi_Bin":0}},{"type":"Feature","id":1021,"geometry":{"type":"Point","coordinates":[98.988224259745692,18.789724879771345]},"properties":{"OBJECTID":1021,"SOURCE_ID":1021,"kom":0,"GiZScore":1.3160871983514513,"GiPValue":0.18814477719288503,"NNeighbors":324,"Gi_Bin":0}},{"type":"Feature","id":1022,"geometry":{"type":"Point","coordinates":[98.990030350420952,18.789232850097608]},"properties":{"OBJECTID":1022,"SOURCE_ID":1022,"kom":0,"GiZScore":1.2055991568471116,"GiPValue":0.22797210655801825,"NNeighbors":341,"Gi_Bin":0}},{"type":"Feature","id":1023,"geometry":{"type":"Point","coordinates":[98.989945079799853,18.787116180376252]},"properties":{"OBJECTID":1023,"SOURCE_ID":1023,"kom":0,"GiZScore":0.5219263631464095,"GiPValue":0.60172160401530939,"NNeighbors":374,"Gi_Bin":0}},{"type":"Feature","id":1024,"geometry":{"type":"Point","coordinates":[98.988508989820602,18.787576880028006]},"properties":{"OBJECTID":1024,"SOURCE_ID":1024,"kom":2,"GiZScore":0.73265473521152802,"GiPValue":0.4637690437959987,"NNeighbors":357,"Gi_Bin":0}},{"type":"Feature","id":1025,"geometry":{"type":"Point","coordinates":[98.983552770342925,18.787082089675771]},"properties":{"OBJECTID":1025,"SOURCE_ID":1025,"kom":2,"GiZScore":0.98451158720296017,"GiPValue":0.32486404989003392,"NNeighbors":330,"Gi_Bin":0}},{"type":"Feature","id":1026,"geometry":{"type":"Point","coordinates":[98.991727329539586,18.783762890034982]},"properties":{"OBJECTID":1026,"SOURCE_ID":1026,"kom":0,"GiZScore":0.55350975529084434,"GiPValue":0.57991440498591995,"NNeighbors":379,"Gi_Bin":0}},{"type":"Feature","id":1027,"geometry":{"type":"Point","coordinates":[98.963688730354647,18.794901049996508]},"properties":{"OBJECTID":1027,"SOURCE_ID":1027,"kom":0,"GiZScore":0.15385719872028195,"GiPValue":0.8777223326985194,"NNeighbors":121,"Gi_Bin":0}},{"type":"Feature","id":1028,"geometry":{"type":"Point","coordinates":[98.964043839986488,18.794829100338095]},"properties":{"OBJECTID":1028,"SOURCE_ID":1028,"kom":0,"GiZScore":0.1142085129066172,"GiPValue":0.90907250375939419,"NNeighbors":122,"Gi_Bin":0}},{"type":"Feature","id":1029,"geometry":{"type":"Point","coordinates":[99.000933420333311,18.793915839906173]},"properties":{"OBJECTID":1029,"SOURCE_ID":1029,"kom":0,"GiZScore":2.4363831573357029,"GiPValue":0.014834961289568906,"NNeighbors":266,"Gi_Bin":2}},{"type":"Feature","id":1030,"geometry":{"type":"Point","coordinates":[98.9999652502283,18.793393020396252]},"properties":{"OBJECTID":1030,"SOURCE_ID":1030,"kom":0,"GiZScore":1.7399634788872154,"GiPValue":0.081865430981632792,"NNeighbors":267,"Gi_Bin":1}},{"type":"Feature","id":1031,"geometry":{"type":"Point","coordinates":[99.000458380009931,18.79366410039491]},"properties":{"OBJECTID":1031,"SOURCE_ID":1031,"kom":1,"GiZScore":1.6533596614298027,"GiPValue":0.09825768738283952,"NNeighbors":269,"Gi_Bin":1}},{"type":"Feature","id":1032,"geometry":{"type":"Point","coordinates":[99.01636131960322,18.759873920111836]},"properties":{"OBJECTID":1032,"SOURCE_ID":1032,"kom":1,"GiZScore":-1.0561167562497709,"GiPValue":0.29091489141711446,"NNeighbors":112,"Gi_Bin":0}},{"type":"Feature","id":1033,"geometry":{"type":"Point","coordinates":[99.019686909990639,18.761097180054325]},"properties":{"OBJECTID":1033,"SOURCE_ID":1033,"kom":7,"GiZScore":-0.83922854752128073,"GiPValue":0.40134107876727121,"NNeighbors":119,"Gi_Bin":0}},{"type":"Feature","id":1034,"geometry":{"type":"Point","coordinates":[99.01950977024724,18.761032359695001]},"properties":{"OBJECTID":1034,"SOURCE_ID":1034,"kom":0,"GiZScore":-0.87545792522873489,"GiPValue":0.38132480321972029,"NNeighbors":120,"Gi_Bin":0}},{"type":"Feature","id":1035,"geometry":{"type":"Point","coordinates":[99.019726870330587,18.761202259707677]},"properties":{"OBJECTID":1035,"SOURCE_ID":1035,"kom":0,"GiZScore":-0.83922854752128073,"GiPValue":0.40134107876727121,"NNeighbors":119,"Gi_Bin":0}},{"type":"Feature","id":1036,"geometry":{"type":"Point","coordinates":[99.024063319987974,18.762788160269753]},"properties":{"OBJECTID":1036,"SOURCE_ID":1036,"kom":2,"GiZScore":-0.94579716136132908,"GiPValue":0.34425206521165552,"NNeighbors":111,"Gi_Bin":0}},{"type":"Feature","id":1037,"geometry":{"type":"Point","coordinates":[99.024716000085874,18.763027200306524]},"properties":{"OBJECTID":1037,"SOURCE_ID":1037,"kom":0,"GiZScore":-0.87138371149407501,"GiPValue":0.38354468567379896,"NNeighbors":109,"Gi_Bin":0}},{"type":"Feature","id":1038,"geometry":{"type":"Point","coordinates":[99.024893109751687,18.76309209977331]},"properties":{"OBJECTID":1038,"SOURCE_ID":1038,"kom":0,"GiZScore":-0.87138371149407501,"GiPValue":0.38354468567379896,"NNeighbors":109,"Gi_Bin":0}},{"type":"Feature","id":1039,"geometry":{"type":"Point","coordinates":[99.025610539991249,18.763354820036774]},"properties":{"OBJECTID":1039,"SOURCE_ID":1039,"kom":0,"GiZScore":-0.79374280980008116,"GiPValue":0.4273451796289488,"NNeighbors":103,"Gi_Bin":0}},{"type":"Feature","id":1040,"geometry":{"type":"Point","coordinates":[98.987252619816161,18.780663529796133]},"properties":{"OBJECTID":1040,"SOURCE_ID":1040,"kom":0,"GiZScore":-0.24953695354309849,"GiPValue":0.8029454601859809,"NNeighbors":382,"Gi_Bin":0}},{"type":"Feature","id":1041,"geometry":{"type":"Point","coordinates":[98.986193820429918,18.780071830080928]},"properties":{"OBJECTID":1041,"SOURCE_ID":1041,"kom":4,"GiZScore":-0.10440192207972603,"GiPValue":0.9168503974309189,"NNeighbors":388,"Gi_Bin":0}},{"type":"Feature","id":1042,"geometry":{"type":"Point","coordinates":[98.984755729853532,18.778755209900087]},"properties":{"OBJECTID":1042,"SOURCE_ID":1042,"kom":0,"GiZScore":-0.1406236871432926,"GiPValue":0.88816723458485525,"NNeighbors":364,"Gi_Bin":0}},{"type":"Feature","id":1043,"geometry":{"type":"Point","coordinates":[99.002377600258114,18.766263000089712]},"properties":{"OBJECTID":1043,"SOURCE_ID":1043,"kom":0,"GiZScore":-1.9171011368968547,"GiPValue":0.055225084241388341,"NNeighbors":198,"Gi_Bin":-1}},{"type":"Feature","id":1044,"geometry":{"type":"Point","coordinates":[99.002050310392818,18.766706689553338]},"properties":{"OBJECTID":1044,"SOURCE_ID":1044,"kom":1,"GiZScore":-2.1046431651473512,"GiPValue":0.035322381234501647,"NNeighbors":209,"Gi_Bin":-2}},{"type":"Feature","id":1045,"geometry":{"type":"Point","coordinates":[99.00166281040859,18.767256240030001]},"properties":{"OBJECTID":1045,"SOURCE_ID":1045,"kom":0,"GiZScore":-2.1806011997580121,"GiPValue":0.02921292632029842,"NNeighbors":216,"Gi_Bin":-2}},{"type":"Feature","id":1046,"geometry":{"type":"Point","coordinates":[99.001457210037955,18.767560119834382]},"properties":{"OBJECTID":1046,"SOURCE_ID":1046,"kom":3,"GiZScore":-2.2016957810695708,"GiPValue":0.027686804949214532,"NNeighbors":222,"Gi_Bin":-2}},{"type":"Feature","id":1047,"geometry":{"type":"Point","coordinates":[99.001148829923622,18.768015940002229]},"properties":{"OBJECTID":1047,"SOURCE_ID":1047,"kom":0,"GiZScore":-1.978556036146736,"GiPValue":0.047866013646062744,"NNeighbors":228,"Gi_Bin":-2}},{"type":"Feature","id":1048,"geometry":{"type":"Point","coordinates":[99.000923810147867,18.768479640304033]},"properties":{"OBJECTID":1048,"SOURCE_ID":1048,"kom":8,"GiZScore":-2.0811656501684133,"GiPValue":0.037418746459525608,"NNeighbors":237,"Gi_Bin":-2}},{"type":"Feature","id":1049,"geometry":{"type":"Point","coordinates":[98.999847180258953,18.771378919754095]},"properties":{"OBJECTID":1049,"SOURCE_ID":1049,"kom":0,"GiZScore":-1.3118442353114195,"GiPValue":0.18957269612864203,"NNeighbors":277,"Gi_Bin":0}},{"type":"Feature","id":1050,"geometry":{"type":"Point","coordinates":[98.979829589653903,18.768307540037036]},"properties":{"OBJECTID":1050,"SOURCE_ID":1050,"kom":2,"GiZScore":-0.864131542914644,"GiPValue":0.38751564195132027,"NNeighbors":206,"Gi_Bin":0}},{"type":"Feature","id":1051,"geometry":{"type":"Point","coordinates":[98.980986620083186,18.768063119833865]},"properties":{"OBJECTID":1051,"SOURCE_ID":1051,"kom":0,"GiZScore":-1.1281965617966681,"GiPValue":0.25923693419570293,"NNeighbors":218,"Gi_Bin":0}},{"type":"Feature","id":1052,"geometry":{"type":"Point","coordinates":[98.999151100030588,18.794383139677407]},"properties":{"OBJECTID":1052,"SOURCE_ID":1052,"kom":0,"GiZScore":2.8512221610038324,"GiPValue":0.0043551528823220099,"NNeighbors":273,"Gi_Bin":3}},{"type":"Feature","id":1053,"geometry":{"type":"Point","coordinates":[99.011071350359458,18.77342689974013]},"properties":{"OBJECTID":1053,"SOURCE_ID":1053,"kom":1,"GiZScore":-1.4318707941828532,"GiPValue":0.15218080200378223,"NNeighbors":172,"Gi_Bin":0}},{"type":"Feature","id":1054,"geometry":{"type":"Point","coordinates":[98.959171320044149,18.800432160216221]},"properties":{"OBJECTID":1054,"SOURCE_ID":1054,"kom":0,"GiZScore":0.81796365427468865,"GiPValue":0.41337794893732194,"NNeighbors":78,"Gi_Bin":0}},{"type":"Feature","id":1055,"geometry":{"type":"Point","coordinates":[98.972691809605948,18.784489709687911]},"properties":{"OBJECTID":1055,"SOURCE_ID":1055,"kom":0,"GiZScore":-0.70272981825473235,"GiPValue":0.48222414635787725,"NNeighbors":193,"Gi_Bin":0}},{"type":"Feature","id":1056,"geometry":{"type":"Point","coordinates":[98.972616350336196,18.783770259629939]},"properties":{"OBJECTID":1056,"SOURCE_ID":1056,"kom":0,"GiZScore":-0.52470004067705234,"GiPValue":0.59979173118053131,"NNeighbors":191,"Gi_Bin":0}},{"type":"Feature","id":1057,"geometry":{"type":"Point","coordinates":[98.99016294954798,18.775364970321988]},"properties":{"OBJECTID":1057,"SOURCE_ID":1057,"kom":0,"GiZScore":-0.11080890505528386,"GiPValue":0.91176788364415784,"NNeighbors":371,"Gi_Bin":0}},{"type":"Feature","id":1058,"geometry":{"type":"Point","coordinates":[99.005395700347194,18.768979129794278]},"properties":{"OBJECTID":1058,"SOURCE_ID":1058,"kom":0,"GiZScore":-2.0948896866259208,"GiPValue":0.03618079987805372,"NNeighbors":194,"Gi_Bin":-2}},{"type":"Feature","id":1059,"geometry":{"type":"Point","coordinates":[99.004464440086338,18.769262859770645]},"properties":{"OBJECTID":1059,"SOURCE_ID":1059,"kom":0,"GiZScore":-2.0494412937596111,"GiPValue":0.040418982854993089,"NNeighbors":208,"Gi_Bin":-2}},{"type":"Feature","id":1060,"geometry":{"type":"Point","coordinates":[99.003476490262386,18.769218950185042]},"properties":{"OBJECTID":1060,"SOURCE_ID":1060,"kom":0,"GiZScore":-2.4156414270762783,"GiPValue":0.015707521189086967,"NNeighbors":226,"Gi_Bin":-2}},{"type":"Feature","id":1061,"geometry":{"type":"Point","coordinates":[99.00372027992475,18.769089920289737]},"properties":{"OBJECTID":1061,"SOURCE_ID":1061,"kom":4,"GiZScore":-2.3965874274110726,"GiPValue":0.016548545100341337,"NNeighbors":220,"Gi_Bin":-2}},{"type":"Feature","id":1062,"geometry":{"type":"Point","coordinates":[99.004198050296765,18.76780009005925]},"properties":{"OBJECTID":1062,"SOURCE_ID":1062,"kom":2,"GiZScore":-1.9790048688342627,"GiPValue":0.047815458091750439,"NNeighbors":194,"Gi_Bin":-2}},{"type":"Feature","id":1063,"geometry":{"type":"Point","coordinates":[99.008279659574669,18.766497250026447]},"properties":{"OBJECTID":1063,"SOURCE_ID":1063,"kom":0,"GiZScore":-1.0032887161131787,"GiPValue":0.31572159240745168,"NNeighbors":169,"Gi_Bin":0}},{"type":"Feature","id":1064,"geometry":{"type":"Point","coordinates":[99.007018249910246,18.76669902964408]},"properties":{"OBJECTID":1064,"SOURCE_ID":1064,"kom":8,"GiZScore":-1.7705123196982693,"GiPValue":0.07664183393436394,"NNeighbors":169,"Gi_Bin":-1}},{"type":"Feature","id":1065,"geometry":{"type":"Point","coordinates":[98.99997291978184,18.768998539748633]},"properties":{"OBJECTID":1065,"SOURCE_ID":1065,"kom":1,"GiZScore":-1.9437167157292439,"GiPValue":0.051929621744455652,"NNeighbors":250,"Gi_Bin":-1}},{"type":"Feature","id":1066,"geometry":{"type":"Point","coordinates":[99.002201169711512,18.774035030097721]},"properties":{"OBJECTID":1066,"SOURCE_ID":1066,"kom":1,"GiZScore":-1.0667264697737187,"GiPValue":0.28609538661537737,"NNeighbors":262,"Gi_Bin":0}},{"type":"Feature","id":1067,"geometry":{"type":"Point","coordinates":[99.004972149994245,18.777720480310052]},"properties":{"OBJECTID":1067,"SOURCE_ID":1067,"kom":1,"GiZScore":-0.79883681435325138,"GiPValue":0.42438504797151644,"NNeighbors":238,"Gi_Bin":0}},{"type":"Feature","id":1068,"geometry":{"type":"Point","coordinates":[99.025148520303787,18.780320680319342]},"properties":{"OBJECTID":1068,"SOURCE_ID":1068,"kom":1,"GiZScore":-1.3193727984407866,"GiPValue":0.18704451103237713,"NNeighbors":141,"Gi_Bin":0}},{"type":"Feature","id":1069,"geometry":{"type":"Point","coordinates":[98.978033680010924,18.771720060078046]},"properties":{"OBJECTID":1069,"SOURCE_ID":1069,"kom":1,"GiZScore":-1.0282608835754321,"GiPValue":0.30382714037250969,"NNeighbors":200,"Gi_Bin":0}},{"type":"Feature","id":1070,"geometry":{"type":"Point","coordinates":[99.018041120345558,18.79404547960398]},"properties":{"OBJECTID":1070,"SOURCE_ID":1070,"kom":0,"GiZScore":-0.23806287194838213,"GiPValue":0.81183233104247032,"NNeighbors":146,"Gi_Bin":0}},{"type":"Feature","id":1071,"geometry":{"type":"Point","coordinates":[99.018396370077937,18.794172850208096]},"properties":{"OBJECTID":1071,"SOURCE_ID":1071,"kom":1,"GiZScore":-0.29837233327193985,"GiPValue":0.76541900316664824,"NNeighbors":144,"Gi_Bin":0}},{"type":"Feature","id":1072,"geometry":{"type":"Point","coordinates":[99.018929240456345,18.794363890382829]},"properties":{"OBJECTID":1072,"SOURCE_ID":1072,"kom":0,"GiZScore":-0.072138212751347935,"GiPValue":0.94249191605021243,"NNeighbors":135,"Gi_Bin":0}},{"type":"Feature","id":1073,"geometry":{"type":"Point","coordinates":[99.019375039846793,18.794577559913073]},"properties":{"OBJECTID":1073,"SOURCE_ID":1073,"kom":3,"GiZScore":-0.03488859980697917,"GiPValue":0.97216857111422994,"NNeighbors":134,"Gi_Bin":0}},{"type":"Feature","id":1074,"geometry":{"type":"Point","coordinates":[99.019540080203654,18.794666809905173]},"properties":{"OBJECTID":1074,"SOURCE_ID":1074,"kom":0,"GiZScore":0.002606699118783857,"GiPValue":0.99792015737362283,"NNeighbors":133,"Gi_Bin":0}},{"type":"Feature","id":1075,"geometry":{"type":"Point","coordinates":[98.97055572029582,18.797338839815108]},"properties":{"OBJECTID":1075,"SOURCE_ID":1075,"kom":0,"GiZScore":-1.1256620622326259,"GiPValue":0.26030860613181783,"NNeighbors":168,"Gi_Bin":0}},{"type":"Feature","id":1076,"geometry":{"type":"Point","coordinates":[98.982340359860459,18.811604789933284]},"properties":{"OBJECTID":1076,"SOURCE_ID":1076,"kom":0,"GiZScore":-0.034464520345312041,"GiPValue":0.97250673419116096,"NNeighbors":124,"Gi_Bin":0}},{"type":"Feature","id":1077,"geometry":{"type":"Point","coordinates":[99.002031520020267,18.784822850280495]},"properties":{"OBJECTID":1077,"SOURCE_ID":1077,"kom":1,"GiZScore":-0.070818221118806562,"GiPValue":0.94354242987850712,"NNeighbors":285,"Gi_Bin":0}},{"type":"Feature","id":1078,"geometry":{"type":"Point","coordinates":[99.025932349626245,18.785624099964245]},"properties":{"OBJECTID":1078,"SOURCE_ID":1078,"kom":1,"GiZScore":-0.94601013601518236,"GiPValue":0.34414342790327235,"NNeighbors":115,"Gi_Bin":0}},{"type":"Feature","id":1079,"geometry":{"type":"Point","coordinates":[98.980959459970919,18.822916129936779]},"properties":{"OBJECTID":1079,"SOURCE_ID":1079,"kom":0,"GiZScore":-1.3163741257556056,"GiPValue":0.1880485024212141,"NNeighbors":35,"Gi_Bin":0}},{"type":"Feature","id":1080,"geometry":{"type":"Point","coordinates":[98.98133098960875,18.822990490321608]},"properties":{"OBJECTID":1080,"SOURCE_ID":1080,"kom":0,"GiZScore":-1.3679000951385778,"GiPValue":0.17134334999645309,"NNeighbors":36,"Gi_Bin":0}},{"type":"Feature","id":1081,"geometry":{"type":"Point","coordinates":[98.981516750279468,18.823027669784008]},"properties":{"OBJECTID":1081,"SOURCE_ID":1081,"kom":0,"GiZScore":-1.3679000951385778,"GiPValue":0.17134334999645309,"NNeighbors":36,"Gi_Bin":0}},{"type":"Feature","id":1082,"geometry":{"type":"Point","coordinates":[98.981702519574029,18.823064849965938]},"properties":{"OBJECTID":1082,"SOURCE_ID":1082,"kom":2,"GiZScore":-1.4442170659350573,"GiPValue":0.1486779258360785,"NNeighbors":40,"Gi_Bin":0}},{"type":"Feature","id":1083,"geometry":{"type":"Point","coordinates":[98.98231121038063,18.823168919973682]},"properties":{"OBJECTID":1083,"SOURCE_ID":1083,"kom":1,"GiZScore":-0.32459530037214201,"GiPValue":0.74548738508133672,"NNeighbors":46,"Gi_Bin":0}},{"type":"Feature","id":1084,"geometry":{"type":"Point","coordinates":[98.973047540294388,18.802884429577137]},"properties":{"OBJECTID":1084,"SOURCE_ID":1084,"kom":5,"GiZScore":-0.19973685119857149,"GiPValue":0.84168639148353286,"NNeighbors":144,"Gi_Bin":0}},{"type":"Feature","id":1085,"geometry":{"type":"Point","coordinates":[98.973131920320014,18.803111990165803]},"properties":{"OBJECTID":1085,"SOURCE_ID":1085,"kom":0,"GiZScore":-0.12787532385341552,"GiPValue":0.89824763943720021,"NNeighbors":142,"Gi_Bin":0}},{"type":"Feature","id":1086,"geometry":{"type":"Point","coordinates":[98.972472380053475,18.805083589725768]},"properties":{"OBJECTID":1086,"SOURCE_ID":1086,"kom":1,"GiZScore":-0.13358003035238286,"GiPValue":0.89373467614738766,"NNeighbors":133,"Gi_Bin":0}},{"type":"Feature","id":1087,"geometry":{"type":"Point","coordinates":[98.972506019544767,18.805261489876234]},"properties":{"OBJECTID":1087,"SOURCE_ID":1087,"kom":1,"GiZScore":-0.096289953749553722,"GiPValue":0.92329028976545302,"NNeighbors":132,"Gi_Bin":0}},{"type":"Feature","id":1088,"geometry":{"type":"Point","coordinates":[99.00645376005302,18.794535960140074]},"properties":{"OBJECTID":1088,"SOURCE_ID":1088,"kom":0,"GiZScore":1.1312022446656127,"GiPValue":0.25796999607249416,"NNeighbors":225,"Gi_Bin":0}},{"type":"Feature","id":1089,"geometry":{"type":"Point","coordinates":[99.005260720185461,18.789637370192029]},"properties":{"OBJECTID":1089,"SOURCE_ID":1089,"kom":0,"GiZScore":1.4303068890640083,"GiPValue":0.15262895844550137,"NNeighbors":246,"Gi_Bin":0}},{"type":"Feature","id":1090,"geometry":{"type":"Point","coordinates":[99.005816320430171,18.788823959835032]},"properties":{"OBJECTID":1090,"SOURCE_ID":1090,"kom":0,"GiZScore":1.0303951472722435,"GiPValue":0.30282456485127995,"NNeighbors":235,"Gi_Bin":0}},{"type":"Feature","id":1091,"geometry":{"type":"Point","coordinates":[99.004692369914338,18.793860230108521]},"properties":{"OBJECTID":1091,"SOURCE_ID":1091,"kom":1,"GiZScore":1.5028574458464279,"GiPValue":0.13287580850855593,"NNeighbors":237,"Gi_Bin":0}},{"type":"Feature","id":1092,"geometry":{"type":"Point","coordinates":[99.005882889786463,18.792488170176597]},"properties":{"OBJECTID":1092,"SOURCE_ID":1092,"kom":0,"GiZScore":0.48862552265142623,"GiPValue":0.62510684204853706,"NNeighbors":229,"Gi_Bin":0}},{"type":"Feature","id":1093,"geometry":{"type":"Point","coordinates":[99.004169989766183,18.79416736975217]},"properties":{"OBJECTID":1093,"SOURCE_ID":1093,"kom":0,"GiZScore":1.7994396077117849,"GiPValue":0.071949168985339734,"NNeighbors":246,"Gi_Bin":1}},{"type":"Feature","id":1094,"geometry":{"type":"Point","coordinates":[99.004960989564793,18.790724180104238]},"properties":{"OBJECTID":1094,"SOURCE_ID":1094,"kom":0,"GiZScore":1.3726914800058971,"GiPValue":0.16984827899189456,"NNeighbors":247,"Gi_Bin":0}},{"type":"Feature","id":1095,"geometry":{"type":"Point","coordinates":[99.006231039563033,18.790942719779281]},"properties":{"OBJECTID":1095,"SOURCE_ID":1095,"kom":0,"GiZScore":1.2499444021618769,"GiPValue":0.21131988209767882,"NNeighbors":234,"Gi_Bin":0}},{"type":"Feature","id":1096,"geometry":{"type":"Point","coordinates":[99.006420369891813,18.790930240176028]},"properties":{"OBJECTID":1096,"SOURCE_ID":1096,"kom":0,"GiZScore":1.3238136492905632,"GiPValue":0.18556494188805059,"NNeighbors":230,"Gi_Bin":0}},{"type":"Feature","id":1097,"geometry":{"type":"Point","coordinates":[99.014756439999971,18.787305340308937]},"properties":{"OBJECTID":1097,"SOURCE_ID":1097,"kom":1,"GiZScore":-1.4009381805286731,"GiPValue":0.1612325601483644,"NNeighbors":174,"Gi_Bin":0}},{"type":"Feature","id":1098,"geometry":{"type":"Point","coordinates":[99.014803949677727,18.788229349815936]},"properties":{"OBJECTID":1098,"SOURCE_ID":1098,"kom":0,"GiZScore":-1.5537159355572749,"GiPValue":0.12025219020674177,"NNeighbors":172,"Gi_Bin":0}},{"type":"Feature","id":1099,"geometry":{"type":"Point","coordinates":[99.011741089895821,18.79127170042268]},"properties":{"OBJECTID":1099,"SOURCE_ID":1099,"kom":0,"GiZScore":-0.37443085389626601,"GiPValue":0.7080837923597747,"NNeighbors":189,"Gi_Bin":0}},{"type":"Feature","id":1100,"geometry":{"type":"Point","coordinates":[99.012261029577218,18.790441450156653]},"properties":{"OBJECTID":1100,"SOURCE_ID":1100,"kom":3,"GiZScore":-0.49950022779696979,"GiPValue":0.61742702819633766,"NNeighbors":193,"Gi_Bin":0}},{"type":"Feature","id":1101,"geometry":{"type":"Point","coordinates":[99.01225802991874,18.790178249842906]},"properties":{"OBJECTID":1101,"SOURCE_ID":1101,"kom":0,"GiZScore":-0.50344293726384548,"GiPValue":0.61465289193410233,"NNeighbors":195,"Gi_Bin":0}},{"type":"Feature","id":1102,"geometry":{"type":"Point","coordinates":[99.013555560413963,18.790665190334483]},"properties":{"OBJECTID":1102,"SOURCE_ID":1102,"kom":0,"GiZScore":-0.17212884527058656,"GiPValue":0.86333623601981546,"NNeighbors":190,"Gi_Bin":0}},{"type":"Feature","id":1103,"geometry":{"type":"Point","coordinates":[99.010019960161017,18.791706019712944]},"properties":{"OBJECTID":1103,"SOURCE_ID":1103,"kom":0,"GiZScore":0.042733455801235963,"GiPValue":0.96591401004486066,"NNeighbors":196,"Gi_Bin":0}},{"type":"Feature","id":1104,"geometry":{"type":"Point","coordinates":[99.01276673017675,18.787420100025173]},"properties":{"OBJECTID":1104,"SOURCE_ID":1104,"kom":0,"GiZScore":-1.4876499531265788,"GiPValue":0.13684323240336052,"NNeighbors":187,"Gi_Bin":0}},{"type":"Feature","id":1105,"geometry":{"type":"Point","coordinates":[99.012733700219044,18.787598099948994]},"properties":{"OBJECTID":1105,"SOURCE_ID":1105,"kom":0,"GiZScore":-1.5458141924938948,"GiPValue":0.12214944841061166,"NNeighbors":189,"Gi_Bin":0}},{"type":"Feature","id":1106,"geometry":{"type":"Point","coordinates":[99.012593659748376,18.788537090338952]},"properties":{"OBJECTID":1106,"SOURCE_ID":1106,"kom":0,"GiZScore":-1.1725574236541396,"GiPValue":0.24097335216240212,"NNeighbors":202,"Gi_Bin":0}},{"type":"Feature","id":1107,"geometry":{"type":"Point","coordinates":[99.013420150317444,18.78972773960739]},"properties":{"OBJECTID":1107,"SOURCE_ID":1107,"kom":2,"GiZScore":-0.52661817216283424,"GiPValue":0.5984587721593988,"NNeighbors":192,"Gi_Bin":0}},{"type":"Feature","id":1108,"geometry":{"type":"Point","coordinates":[99.013477460145424,18.789153890007928]},"properties":{"OBJECTID":1108,"SOURCE_ID":1108,"kom":0,"GiZScore":-0.64133042221158854,"GiPValue":0.52130803149412008,"NNeighbors":191,"Gi_Bin":0}},{"type":"Feature","id":1109,"geometry":{"type":"Point","coordinates":[99.013525369608487,18.788795260333028]},"properties":{"OBJECTID":1109,"SOURCE_ID":1109,"kom":0,"GiZScore":-0.60349658446799459,"GiPValue":0.546178390231563,"NNeighbors":186,"Gi_Bin":0}},{"type":"Feature","id":1110,"geometry":{"type":"Point","coordinates":[98.989973259549046,18.76724240993855]},"properties":{"OBJECTID":1110,"SOURCE_ID":1110,"kom":2,"GiZScore":-1.4005190249088408,"GiPValue":0.16135795036453085,"NNeighbors":292,"Gi_Bin":0}},{"type":"Feature","id":1111,"geometry":{"type":"Point","coordinates":[98.981879990470702,18.815760860253395]},"properties":{"OBJECTID":1111,"SOURCE_ID":1111,"kom":0,"GiZScore":0.1835028124322528,"GiPValue":0.85440351232985501,"NNeighbors":75,"Gi_Bin":0}},{"type":"Feature","id":1112,"geometry":{"type":"Point","coordinates":[98.980338570100955,18.816483620322231]},"properties":{"OBJECTID":1112,"SOURCE_ID":1112,"kom":0,"GiZScore":0.4516594839819208,"GiPValue":0.65151431174417862,"NNeighbors":63,"Gi_Bin":0}},{"type":"Feature","id":1113,"geometry":{"type":"Point","coordinates":[98.981490470384884,18.816043460434134]},"properties":{"OBJECTID":1113,"SOURCE_ID":1113,"kom":0,"GiZScore":0.38884657287512558,"GiPValue":0.69738964737484288,"NNeighbors":71,"Gi_Bin":0}},{"type":"Feature","id":1114,"geometry":{"type":"Point","coordinates":[98.980947619579737,18.802200129576075]},"properties":{"OBJECTID":1114,"SOURCE_ID":1114,"kom":0,"GiZScore":-0.33925864733994671,"GiPValue":0.7344148924934284,"NNeighbors":199,"Gi_Bin":0}},{"type":"Feature","id":1115,"geometry":{"type":"Point","coordinates":[98.966139669879027,18.800346540226805]},"properties":{"OBJECTID":1115,"SOURCE_ID":1115,"kom":0,"GiZScore":0.85377375831357594,"GiPValue":0.39323036575472603,"NNeighbors":133,"Gi_Bin":0}},{"type":"Feature","id":1116,"geometry":{"type":"Point","coordinates":[99.007608839695678,18.789897320233411]},"properties":{"OBJECTID":1116,"SOURCE_ID":1116,"kom":10,"GiZScore":0.22272094811300344,"GiPValue":0.82375269676335872,"NNeighbors":219,"Gi_Bin":0}},{"type":"Feature","id":1117,"geometry":{"type":"Point","coordinates":[99.009784420206259,18.758664760065642]},"properties":{"OBJECTID":1117,"SOURCE_ID":1117,"kom":1,"GiZScore":-0.68423617927092906,"GiPValue":0.49382604450287892,"NNeighbors":108,"Gi_Bin":0}},{"type":"Feature","id":1118,"geometry":{"type":"Point","coordinates":[99.006909370033114,18.757944419702515]},"properties":{"OBJECTID":1118,"SOURCE_ID":1118,"kom":0,"GiZScore":-0.32527976820077908,"GiPValue":0.74496934217647959,"NNeighbors":99,"Gi_Bin":0}},{"type":"Feature","id":1119,"geometry":{"type":"Point","coordinates":[99.003130920218425,18.757054429578691]},"properties":{"OBJECTID":1119,"SOURCE_ID":1119,"kom":0,"GiZScore":-0.029897387242300837,"GiPValue":0.97614888959599255,"NNeighbors":103,"Gi_Bin":0}},{"type":"Feature","id":1120,"geometry":{"type":"Point","coordinates":[99.012759459557628,18.759046140049268]},"properties":{"OBJECTID":1120,"SOURCE_ID":1120,"kom":4,"GiZScore":-0.50280623623752574,"GiPValue":0.6151005105845283,"NNeighbors":111,"Gi_Bin":0}},{"type":"Feature","id":1121,"geometry":{"type":"Point","coordinates":[98.95726697953998,18.797582089811037]},"properties":{"OBJECTID":1121,"SOURCE_ID":1121,"kom":3,"GiZScore":1.0359243983552751,"GiPValue":0.3002374288535975,"NNeighbors":70,"Gi_Bin":0}},{"type":"Feature","id":1122,"geometry":{"type":"Point","coordinates":[98.982993959947805,18.804248290209735]},"properties":{"OBJECTID":1122,"SOURCE_ID":1122,"kom":1,"GiZScore":-0.8908189092664579,"GiPValue":0.37302633880971081,"NNeighbors":179,"Gi_Bin":0}},{"type":"Feature","id":1123,"geometry":{"type":"Point","coordinates":[98.977913819862067,18.833644609557222]},"properties":{"OBJECTID":1123,"SOURCE_ID":1123,"kom":0,"GiZScore":-1.3247469876601032,"GiPValue":0.18525508290616524,"NNeighbors":21,"Gi_Bin":0}},{"type":"Feature","id":1124,"geometry":{"type":"Point","coordinates":[99.001845960067101,18.788802030394589]},"properties":{"OBJECTID":1124,"SOURCE_ID":1124,"kom":0,"GiZScore":0.73527057531926598,"GiPValue":0.46217473035195411,"NNeighbors":276,"Gi_Bin":0}},{"type":"Feature","id":1125,"geometry":{"type":"Point","coordinates":[98.963108930410854,18.801451170022137]},"properties":{"OBJECTID":1125,"SOURCE_ID":1125,"kom":0,"GiZScore":0.75026833588295472,"GiPValue":0.45309311507322425,"NNeighbors":106,"Gi_Bin":0}},{"type":"Feature","id":1126,"geometry":{"type":"Point","coordinates":[98.962835319845738,18.801545010255193]},"properties":{"OBJECTID":1126,"SOURCE_ID":1126,"kom":0,"GiZScore":0.84081382498015023,"GiPValue":0.40045224920869693,"NNeighbors":104,"Gi_Bin":0}},{"type":"Feature","id":1127,"geometry":{"type":"Point","coordinates":[98.962652740251301,18.801495629717564]},"properties":{"OBJECTID":1127,"SOURCE_ID":1127,"kom":0,"GiZScore":0.93305372178516155,"GiPValue":0.35079224269982456,"NNeighbors":102,"Gi_Bin":0}},{"type":"Feature","id":1128,"geometry":{"type":"Point","coordinates":[98.957247199871034,18.804475229915344]},"properties":{"OBJECTID":1128,"SOURCE_ID":1128,"kom":0,"GiZScore":1.0183342201651031,"GiPValue":0.30851916524394529,"NNeighbors":60,"Gi_Bin":0}},{"type":"Feature","id":1129,"geometry":{"type":"Point","coordinates":[98.951378439634084,18.80809980999242]},"properties":{"OBJECTID":1129,"SOURCE_ID":1129,"kom":0,"GiZScore":1.8707727201866791,"GiPValue":0.061376590318442177,"NNeighbors":41,"Gi_Bin":1}},{"type":"Feature","id":1130,"geometry":{"type":"Point","coordinates":[98.949059740211496,18.810392940094033]},"properties":{"OBJECTID":1130,"SOURCE_ID":1130,"kom":0,"GiZScore":0.43735338889763353,"GiPValue":0.66185508327782872,"NNeighbors":23,"Gi_Bin":0}},{"type":"Feature","id":1131,"geometry":{"type":"Point","coordinates":[98.965943539977573,18.797810329970339]},"properties":{"OBJECTID":1131,"SOURCE_ID":1131,"kom":0,"GiZScore":-0.021844152581452496,"GiPValue":0.98257227391007851,"NNeighbors":140,"Gi_Bin":0}},{"type":"Feature","id":1132,"geometry":{"type":"Point","coordinates":[98.995926660353561,18.762788500083477]},"properties":{"OBJECTID":1132,"SOURCE_ID":1132,"kom":1,"GiZScore":-1.7884159454607318,"GiPValue":0.073708925615207213,"NNeighbors":180,"Gi_Bin":-1}},{"type":"Feature","id":1133,"geometry":{"type":"Point","coordinates":[98.995741109629719,18.762826370240784]},"properties":{"OBJECTID":1133,"SOURCE_ID":1133,"kom":0,"GiZScore":-1.8151202962232489,"GiPValue":0.06950542477212017,"NNeighbors":183,"Gi_Bin":-1}},{"type":"Feature","id":1134,"geometry":{"type":"Point","coordinates":[98.998342440329466,18.762008590213398]},"properties":{"OBJECTID":1134,"SOURCE_ID":1134,"kom":0,"GiZScore":-1.1208979162466535,"GiPValue":0.26233133620428695,"NNeighbors":150,"Gi_Bin":0}},{"type":"Feature","id":1135,"geometry":{"type":"Point","coordinates":[99.020370830035517,18.776860330269212]},"properties":{"OBJECTID":1135,"SOURCE_ID":1135,"kom":0,"GiZScore":-1.4878756427633304,"GiPValue":0.13678369228488838,"NNeighbors":186,"Gi_Bin":0}},{"type":"Feature","id":1136,"geometry":{"type":"Point","coordinates":[99.015022860129136,18.774524489867272]},"properties":{"OBJECTID":1136,"SOURCE_ID":1136,"kom":0,"GiZScore":-1.130454952740648,"GiPValue":0.25828458846063984,"NNeighbors":179,"Gi_Bin":0}},{"type":"Feature","id":1137,"geometry":{"type":"Point","coordinates":[99.010113690000225,18.775481239938145]},"properties":{"OBJECTID":1137,"SOURCE_ID":1137,"kom":0,"GiZScore":-2.3333289668158437,"GiPValue":0.019630886254770611,"NNeighbors":177,"Gi_Bin":-2}},{"type":"Feature","id":1138,"geometry":{"type":"Point","coordinates":[99.009719990047174,18.774995240310712]},"properties":{"OBJECTID":1138,"SOURCE_ID":1138,"kom":0,"GiZScore":-2.3381682868772335,"GiPValue":0.019378519935976352,"NNeighbors":175,"Gi_Bin":-2}},{"type":"Feature","id":1139,"geometry":{"type":"Point","coordinates":[99.013812889892662,18.775283260135907]},"properties":{"OBJECTID":1139,"SOURCE_ID":1139,"kom":0,"GiZScore":-1.5828166920314828,"GiPValue":0.11346325103291169,"NNeighbors":174,"Gi_Bin":0}},{"type":"Feature","id":1140,"geometry":{"type":"Point","coordinates":[99.010425890403681,18.776511779642799]},"properties":{"OBJECTID":1140,"SOURCE_ID":1140,"kom":0,"GiZScore":-2.0307151611151242,"GiPValue":0.042283897479494452,"NNeighbors":178,"Gi_Bin":-2}},{"type":"Feature","id":1141,"geometry":{"type":"Point","coordinates":[99.009477369699042,18.776354630292975]},"properties":{"OBJECTID":1141,"SOURCE_ID":1141,"kom":0,"GiZScore":-1.9946398315665412,"GiPValue":0.046082176041892575,"NNeighbors":182,"Gi_Bin":-2}},{"type":"Feature","id":1142,"geometry":{"type":"Point","coordinates":[99.025199109898566,18.779988640086351]},"properties":{"OBJECTID":1142,"SOURCE_ID":1142,"kom":0,"GiZScore":-1.3181706002816047,"GiPValue":0.18744654486800094,"NNeighbors":143,"Gi_Bin":0}},{"type":"Feature","id":1143,"geometry":{"type":"Point","coordinates":[99.025274419687861,18.780154550371147]},"properties":{"OBJECTID":1143,"SOURCE_ID":1143,"kom":0,"GiZScore":-1.3193727984407866,"GiPValue":0.18704451103237713,"NNeighbors":141,"Gi_Bin":0}},{"type":"Feature","id":1144,"geometry":{"type":"Point","coordinates":[99.011259059621764,18.796517019949189]},"properties":{"OBJECTID":1144,"SOURCE_ID":1144,"kom":0,"GiZScore":1.2791836013980311,"GiPValue":0.20083243490919322,"NNeighbors":172,"Gi_Bin":0}},{"type":"Feature","id":1145,"geometry":{"type":"Point","coordinates":[98.986466910381907,18.794930460021501]},"properties":{"OBJECTID":1145,"SOURCE_ID":1145,"kom":0,"GiZScore":0.73213041396803313,"GiPValue":0.46408897747497202,"NNeighbors":291,"Gi_Bin":0}},{"type":"Feature","id":1146,"geometry":{"type":"Point","coordinates":[98.992414820462642,18.776425760011954]},"properties":{"OBJECTID":1146,"SOURCE_ID":1146,"kom":1,"GiZScore":-0.57072865683722929,"GiPValue":0.5681835929922443,"NNeighbors":372,"Gi_Bin":0}},{"type":"Feature","id":1147,"geometry":{"type":"Point","coordinates":[98.948621879635098,18.809606449645351]},"properties":{"OBJECTID":1147,"SOURCE_ID":1147,"kom":4,"GiZScore":0.90509838678958943,"GiPValue":0.3654132768906897,"NNeighbors":29,"Gi_Bin":0}},{"type":"Feature","id":1148,"geometry":{"type":"Point","coordinates":[98.986967750028185,18.80959405019005]},"properties":{"OBJECTID":1148,"SOURCE_ID":1148,"kom":1,"GiZScore":0.91017302422718738,"GiPValue":0.36273127847644737,"NNeighbors":140,"Gi_Bin":0}},{"type":"Feature","id":1149,"geometry":{"type":"Point","coordinates":[98.993416739902784,18.798175240228492]},"properties":{"OBJECTID":1149,"SOURCE_ID":1149,"kom":0,"GiZScore":1.2854682847269363,"GiPValue":0.19862869264164959,"NNeighbors":260,"Gi_Bin":0}},{"type":"Feature","id":1150,"geometry":{"type":"Point","coordinates":[98.994059489562332,18.797722219869488]},"properties":{"OBJECTID":1150,"SOURCE_ID":1150,"kom":2,"GiZScore":1.19042039111499,"GiPValue":0.23388122380285614,"NNeighbors":264,"Gi_Bin":0}},{"type":"Feature","id":1151,"geometry":{"type":"Point","coordinates":[98.993223220007081,18.814596570351352]},"properties":{"OBJECTID":1151,"SOURCE_ID":1151,"kom":1,"GiZScore":2.3999311145066584,"GiPValue":0.016398157420312424,"NNeighbors":112,"Gi_Bin":2}},{"type":"Feature","id":1152,"geometry":{"type":"Point","coordinates":[98.991128920012642,18.809659920196466]},"properties":{"OBJECTID":1152,"SOURCE_ID":1152,"kom":0,"GiZScore":2.2187351430228031,"GiPValue":0.026504748674097935,"NNeighbors":152,"Gi_Bin":2}},{"type":"Feature","id":1153,"geometry":{"type":"Point","coordinates":[98.991747479560345,18.806099629648344]},"properties":{"OBJECTID":1153,"SOURCE_ID":1153,"kom":0,"GiZScore":1.7845526839748576,"GiPValue":0.074333902057646548,"NNeighbors":203,"Gi_Bin":1}},{"type":"Feature","id":1154,"geometry":{"type":"Point","coordinates":[98.989965110368075,18.808562399763883]},"properties":{"OBJECTID":1154,"SOURCE_ID":1154,"kom":3,"GiZScore":2.2638417814180585,"GiPValue":0.023583847729941258,"NNeighbors":164,"Gi_Bin":2}},{"type":"Feature","id":1155,"geometry":{"type":"Point","coordinates":[98.992859910125773,18.806269130240064]},"properties":{"OBJECTID":1155,"SOURCE_ID":1155,"kom":0,"GiZScore":2.4869650402888195,"GiPValue":0.01288380590425941,"NNeighbors":190,"Gi_Bin":2}},{"type":"Feature","id":1156,"geometry":{"type":"Point","coordinates":[98.994437110467345,18.806058320369996]},"properties":{"OBJECTID":1156,"SOURCE_ID":1156,"kom":2,"GiZScore":2.4535894116966617,"GiPValue":0.014143837254507546,"NNeighbors":194,"Gi_Bin":2}},{"type":"Feature","id":1157,"geometry":{"type":"Point","coordinates":[98.988427419534318,18.817938919921005]},"properties":{"OBJECTID":1157,"SOURCE_ID":1157,"kom":0,"GiZScore":0.023491423978477356,"GiPValue":0.98125827927076748,"NNeighbors":90,"Gi_Bin":0}},{"type":"Feature","id":1158,"geometry":{"type":"Point","coordinates":[98.98837811994089,18.8165152699085]},"properties":{"OBJECTID":1158,"SOURCE_ID":1158,"kom":0,"GiZScore":0.27960126461814044,"GiPValue":0.77978343709324782,"NNeighbors":95,"Gi_Bin":0}},{"type":"Feature","id":1159,"geometry":{"type":"Point","coordinates":[98.991736150267755,18.798591369662422]},"properties":{"OBJECTID":1159,"SOURCE_ID":1159,"kom":2,"GiZScore":1.2410096550403324,"GiPValue":0.21460220599358493,"NNeighbors":270,"Gi_Bin":0}},{"type":"Feature","id":1160,"geometry":{"type":"Point","coordinates":[98.994283549599487,18.820271190086096]},"properties":{"OBJECTID":1160,"SOURCE_ID":1160,"kom":3,"GiZScore":0.8570260941353155,"GiPValue":0.39143047240432749,"NNeighbors":74,"Gi_Bin":0}},{"type":"Feature","id":1161,"geometry":{"type":"Point","coordinates":[98.983898739859825,18.796714570406543]},"properties":{"OBJECTID":1161,"SOURCE_ID":1161,"kom":0,"GiZScore":1.2323474038439062,"GiPValue":0.21781936256976797,"NNeighbors":272,"Gi_Bin":0}},{"type":"Feature","id":1162,"geometry":{"type":"Point","coordinates":[98.992787779854382,18.808818219728458]},"properties":{"OBJECTID":1162,"SOURCE_ID":1162,"kom":1,"GiZScore":2.009644655684939,"GiPValue":0.044468811387351002,"NNeighbors":161,"Gi_Bin":2}},{"type":"Feature","id":1163,"geometry":{"type":"Point","coordinates":[98.987588789642828,18.804411929663825]},"properties":{"OBJECTID":1163,"SOURCE_ID":1163,"kom":0,"GiZScore":0.71906416805871409,"GiPValue":0.4721013890500626,"NNeighbors":206,"Gi_Bin":0}},{"type":"Feature","id":1164,"geometry":{"type":"Point","coordinates":[98.993834039994795,18.808552970390988]},"properties":{"OBJECTID":1164,"SOURCE_ID":1164,"kom":0,"GiZScore":2.4580893890676858,"GiPValue":0.013967840252792523,"NNeighbors":160,"Gi_Bin":2}},{"type":"Feature","id":1165,"geometry":{"type":"Point","coordinates":[98.993966110186634,18.808368450284096]},"properties":{"OBJECTID":1165,"SOURCE_ID":1165,"kom":0,"GiZScore":2.4995023291438843,"GiPValue":0.012436788156846863,"NNeighbors":159,"Gi_Bin":2}},{"type":"Feature","id":1166,"geometry":{"type":"Point","coordinates":[98.99095168995656,18.806527079683402]},"properties":{"OBJECTID":1166,"SOURCE_ID":1166,"kom":0,"GiZScore":1.3757159851386642,"GiPValue":0.16890958099867839,"NNeighbors":195,"Gi_Bin":0}},{"type":"Feature","id":1167,"geometry":{"type":"Point","coordinates":[98.989666600284409,18.806885060064339]},"properties":{"OBJECTID":1167,"SOURCE_ID":1167,"kom":0,"GiZScore":1.7253682690430563,"GiPValue":0.084461125931314274,"NNeighbors":186,"Gi_Bin":1}},{"type":"Feature","id":1168,"geometry":{"type":"Point","coordinates":[98.9909720100096,18.79769230995425]},"properties":{"OBJECTID":1168,"SOURCE_ID":1168,"kom":0,"GiZScore":0.6377081193264692,"GiPValue":0.52366370300327159,"NNeighbors":275,"Gi_Bin":0}},{"type":"Feature","id":1169,"geometry":{"type":"Point","coordinates":[98.992214739558136,18.797917279936286]},"properties":{"OBJECTID":1169,"SOURCE_ID":1169,"kom":0,"GiZScore":0.45818185384335891,"GiPValue":0.64682179711483045,"NNeighbors":268,"Gi_Bin":0}},{"type":"Feature","id":1170,"geometry":{"type":"Point","coordinates":[98.992096860058609,18.800866490001233]},"properties":{"OBJECTID":1170,"SOURCE_ID":1170,"kom":2,"GiZScore":1.0964720163274511,"GiPValue":0.27287228027569987,"NNeighbors":244,"Gi_Bin":0}},{"type":"Feature","id":1171,"geometry":{"type":"Point","coordinates":[98.99226239992656,18.800954909989709]},"properties":{"OBJECTID":1171,"SOURCE_ID":1171,"kom":3,"GiZScore":1.4504083341764622,"GiPValue":0.14694468439381861,"NNeighbors":242,"Gi_Bin":0}},{"type":"Feature","id":1172,"geometry":{"type":"Point","coordinates":[98.992495609843786,18.819026830152517]},"properties":{"OBJECTID":1172,"SOURCE_ID":1172,"kom":1,"GiZScore":0.92217191351077443,"GiPValue":0.35643892153756973,"NNeighbors":85,"Gi_Bin":0}},{"type":"Feature","id":1173,"geometry":{"type":"Point","coordinates":[98.992306109531583,18.8190373199084]},"properties":{"OBJECTID":1173,"SOURCE_ID":1173,"kom":1,"GiZScore":0.58837762597629828,"GiPValue":0.55627885512528208,"NNeighbors":85,"Gi_Bin":0}},{"type":"Feature","id":1174,"geometry":{"type":"Point","coordinates":[98.987324449830169,18.810973619764109]},"properties":{"OBJECTID":1174,"SOURCE_ID":1174,"kom":1,"GiZScore":0.84637317588101402,"GiPValue":0.39734460613027245,"NNeighbors":145,"Gi_Bin":0}},{"type":"Feature","id":1175,"geometry":{"type":"Point","coordinates":[98.987382179941932,18.810195160322031]},"properties":{"OBJECTID":1175,"SOURCE_ID":1175,"kom":1,"GiZScore":0.86452815956840401,"GiPValue":0.38729782702210958,"NNeighbors":142,"Gi_Bin":0}},{"type":"Feature","id":1176,"geometry":{"type":"Point","coordinates":[98.987470800381885,18.80928293967207]},"properties":{"OBJECTID":1176,"SOURCE_ID":1176,"kom":0,"GiZScore":0.71525575801381913,"GiPValue":0.47445102618215818,"NNeighbors":145,"Gi_Bin":0}},{"type":"Feature","id":1177,"geometry":{"type":"Point","coordinates":[98.987082649806879,18.810367630288308]},"properties":{"OBJECTID":1177,"SOURCE_ID":1177,"kom":3,"GiZScore":0.9038639523408738,"GiPValue":0.36606755577679873,"NNeighbors":141,"Gi_Bin":0}},{"type":"Feature","id":1178,"geometry":{"type":"Point","coordinates":[98.995066189550045,18.817373670279977]},"properties":{"OBJECTID":1178,"SOURCE_ID":1178,"kom":0,"GiZScore":2.185254338175262,"GiPValue":0.028870203361226501,"NNeighbors":103,"Gi_Bin":2}},{"type":"Feature","id":1179,"geometry":{"type":"Point","coordinates":[98.994006810148477,18.777511870041256]},"properties":{"OBJECTID":1179,"SOURCE_ID":1179,"kom":0,"GiZScore":-0.33297223008798288,"GiPValue":0.7391552459413504,"NNeighbors":357,"Gi_Bin":0}},{"type":"Feature","id":1180,"geometry":{"type":"Point","coordinates":[98.98583410033234,18.838071979879658]},"properties":{"OBJECTID":1180,"SOURCE_ID":1180,"kom":0,"GiZScore":-1.2451323473527487,"GiPValue":0.21308312952334951,"NNeighbors":14,"Gi_Bin":0}},{"type":"Feature","id":1181,"geometry":{"type":"Point","coordinates":[98.985538840042423,18.838476839910907]},"properties":{"OBJECTID":1181,"SOURCE_ID":1181,"kom":1,"GiZScore":-1.2451323473527487,"GiPValue":0.21308312952334951,"NNeighbors":14,"Gi_Bin":0}},{"type":"Feature","id":1182,"geometry":{"type":"Point","coordinates":[98.994167460448736,18.785681960417929]},"properties":{"OBJECTID":1182,"SOURCE_ID":1182,"kom":0,"GiZScore":1.0371505022753982,"GiPValue":0.29966573678614916,"NNeighbors":363,"Gi_Bin":0}},{"type":"Feature","id":1183,"geometry":{"type":"Point","coordinates":[98.994014500218313,18.786527289648223]},"properties":{"OBJECTID":1183,"SOURCE_ID":1183,"kom":1,"GiZScore":0.84033779850147849,"GiPValue":0.40071902224023581,"NNeighbors":367,"Gi_Bin":0}},{"type":"Feature","id":1184,"geometry":{"type":"Point","coordinates":[98.998961830088447,18.778246169846863]},"properties":{"OBJECTID":1184,"SOURCE_ID":1184,"kom":3,"GiZScore":-0.72521838883732936,"GiPValue":0.46831806880289728,"NNeighbors":288,"Gi_Bin":0}},{"type":"Feature","id":1185,"geometry":{"type":"Point","coordinates":[98.999288849888757,18.77816527041216]},"properties":{"OBJECTID":1185,"SOURCE_ID":1185,"kom":0,"GiZScore":-0.57025250779689141,"GiPValue":0.56850645008351519,"NNeighbors":285,"Gi_Bin":0}},{"type":"Feature","id":1186,"geometry":{"type":"Point","coordinates":[98.998678450454619,18.777835719899777]},"properties":{"OBJECTID":1186,"SOURCE_ID":1186,"kom":0,"GiZScore":-0.82949992466557565,"GiPValue":0.40682158739372598,"NNeighbors":291,"Gi_Bin":0}},{"type":"Feature","id":1187,"geometry":{"type":"Point","coordinates":[99.000367369869224,18.77723978032579]},"properties":{"OBJECTID":1187,"SOURCE_ID":1187,"kom":1,"GiZScore":-0.34660356361876887,"GiPValue":0.72888916895294364,"NNeighbors":274,"Gi_Bin":0}},{"type":"Feature","id":1188,"geometry":{"type":"Point","coordinates":[98.999745720295749,18.776753270227257]},"properties":{"OBJECTID":1188,"SOURCE_ID":1188,"kom":0,"GiZScore":-0.026038316384155661,"GiPValue":0.97922677674556546,"NNeighbors":287,"Gi_Bin":0}},{"type":"Feature","id":1189,"geometry":{"type":"Point","coordinates":[98.993719290147723,18.779468990026128]},"properties":{"OBJECTID":1189,"SOURCE_ID":1189,"kom":0,"GiZScore":-0.5626894231419689,"GiPValue":0.57364639036696496,"NNeighbors":356,"Gi_Bin":0}},{"type":"Feature","id":1190,"geometry":{"type":"Point","coordinates":[98.977172710003472,18.773803789831618]},"properties":{"OBJECTID":1190,"SOURCE_ID":1190,"kom":0,"GiZScore":-0.77787288108227814,"GiPValue":0.43664396372345249,"NNeighbors":224,"Gi_Bin":0}},{"type":"Feature","id":1191,"geometry":{"type":"Point","coordinates":[98.993849529688404,18.806530589596072]},"properties":{"OBJECTID":1191,"SOURCE_ID":1191,"kom":0,"GiZScore":2.5627107737657315,"GiPValue":0.010385852642243395,"NNeighbors":188,"Gi_Bin":2}},{"type":"Feature","id":1192,"geometry":{"type":"Point","coordinates":[98.993954579585562,18.80599762959439]},"properties":{"OBJECTID":1192,"SOURCE_ID":1192,"kom":4,"GiZScore":2.3747468372485296,"GiPValue":0.017560990129766536,"NNeighbors":193,"Gi_Bin":2}},{"type":"Feature","id":1193,"geometry":{"type":"Point","coordinates":[98.993187700125986,18.805351399660605]},"properties":{"OBJECTID":1193,"SOURCE_ID":1193,"kom":0,"GiZScore":1.9981627072031216,"GiPValue":0.045699023169415445,"NNeighbors":205,"Gi_Bin":2}},{"type":"Feature","id":1194,"geometry":{"type":"Point","coordinates":[98.988558400178249,18.80298703031109]},"properties":{"OBJECTID":1194,"SOURCE_ID":1194,"kom":0,"GiZScore":0.52234418974453178,"GiPValue":0.60143070897638107,"NNeighbors":220,"Gi_Bin":0}},{"type":"Feature","id":1195,"geometry":{"type":"Point","coordinates":[98.973908279717804,18.837952240007567]},"properties":{"OBJECTID":1195,"SOURCE_ID":1195,"kom":0,"GiZScore":-1.0331689200953962,"GiPValue":0.30152486945391088,"NNeighbors":8,"Gi_Bin":0}},{"type":"Feature","id":1196,"geometry":{"type":"Point","coordinates":[99.028909190432969,18.764400259909646]},"properties":{"OBJECTID":1196,"SOURCE_ID":1196,"kom":0,"GiZScore":-0.7085450216094864,"GiPValue":0.47860686919143269,"NNeighbors":91,"Gi_Bin":0}},{"type":"Feature","id":1197,"geometry":{"type":"Point","coordinates":[99.028729989554051,18.764340819865065]},"properties":{"OBJECTID":1197,"SOURCE_ID":1197,"kom":0,"GiZScore":-0.74941466589439343,"GiPValue":0.4536073201391474,"NNeighbors":92,"Gi_Bin":0}},{"type":"Feature","id":1198,"geometry":{"type":"Point","coordinates":[99.013033629566934,18.766191319571689]},"properties":{"OBJECTID":1198,"SOURCE_ID":1198,"kom":2,"GiZScore":-1.1233117169025972,"GiPValue":0.26130514761571744,"NNeighbors":161,"Gi_Bin":0}},{"type":"Feature","id":1199,"geometry":{"type":"Point","coordinates":[99.014095390285775,18.765466970405516]},"properties":{"OBJECTID":1199,"SOURCE_ID":1199,"kom":0,"GiZScore":-1.1224898364945015,"GiPValue":0.26165424480778965,"NNeighbors":158,"Gi_Bin":0}},{"type":"Feature","id":1200,"geometry":{"type":"Point","coordinates":[99.010512689990136,18.761152570378403]},"properties":{"OBJECTID":1200,"SOURCE_ID":1200,"kom":0,"GiZScore":-0.37885198479054716,"GiPValue":0.70479778229583423,"NNeighbors":136,"Gi_Bin":0}},{"type":"Feature","id":1201,"geometry":{"type":"Point","coordinates":[99.010888259912221,18.7612045196263]},"properties":{"OBJECTID":1201,"SOURCE_ID":1201,"kom":0,"GiZScore":-0.41475446452589254,"GiPValue":0.67832165807269151,"NNeighbors":137,"Gi_Bin":0}},{"type":"Feature","id":1202,"geometry":{"type":"Point","coordinates":[99.013576609589009,18.760124220395806]},"properties":{"OBJECTID":1202,"SOURCE_ID":1202,"kom":1,"GiZScore":-0.58422652012793264,"GiPValue":0.55906792416390161,"NNeighbors":116,"Gi_Bin":0}},{"type":"Feature","id":1203,"geometry":{"type":"Point","coordinates":[99.011643219990049,18.760669049822312]},"properties":{"OBJECTID":1203,"SOURCE_ID":1203,"kom":3,"GiZScore":-0.30125304820536691,"GiPValue":0.76322154127975961,"NNeighbors":132,"Gi_Bin":0}},{"type":"Feature","id":1204,"geometry":{"type":"Point","coordinates":[99.012905810334217,18.761883080107939]},"properties":{"OBJECTID":1204,"SOURCE_ID":1204,"kom":2,"GiZScore":-0.48589422251394782,"GiPValue":0.62704216660272838,"NNeighbors":139,"Gi_Bin":0}},{"type":"Feature","id":1205,"geometry":{"type":"Point","coordinates":[98.986320839751556,18.803758820157157]},"properties":{"OBJECTID":1205,"SOURCE_ID":1205,"kom":1,"GiZScore":0.17718034871622548,"GiPValue":0.85936673098088012,"NNeighbors":216,"Gi_Bin":0}},{"type":"Feature","id":1206,"geometry":{"type":"Point","coordinates":[98.961383469816326,18.787377859670908]},"properties":{"OBJECTID":1206,"SOURCE_ID":1206,"kom":1,"GiZScore":0.060061367615158866,"GiPValue":0.9521067585641374,"NNeighbors":82,"Gi_Bin":0}},{"type":"Feature","id":1207,"geometry":{"type":"Point","coordinates":[98.961952820292311,18.787378400386753]},"properties":{"OBJECTID":1207,"SOURCE_ID":1207,"kom":0,"GiZScore":-0.11720999195463273,"GiPValue":0.90669364908193983,"NNeighbors":84,"Gi_Bin":0}},{"type":"Feature","id":1208,"geometry":{"type":"Point","coordinates":[98.965895050006353,18.784932729965817]},"properties":{"OBJECTID":1208,"SOURCE_ID":1208,"kom":0,"GiZScore":-1.1703348607925179,"GiPValue":0.2418662586233018,"NNeighbors":82,"Gi_Bin":0}},{"type":"Feature","id":1209,"geometry":{"type":"Point","coordinates":[98.976719260202557,18.786541580284787]},"properties":{"OBJECTID":1209,"SOURCE_ID":1209,"kom":2,"GiZScore":-0.0072365417622035676,"GiPValue":0.99422612544769828,"NNeighbors":251,"Gi_Bin":0}},{"type":"Feature","id":1210,"geometry":{"type":"Point","coordinates":[98.976909020157564,18.786538439672253]},"properties":{"OBJECTID":1210,"SOURCE_ID":1210,"kom":0,"GiZScore":-0.064852549192400855,"GiPValue":0.94829140126983114,"NNeighbors":253,"Gi_Bin":0}},{"type":"Feature","id":1211,"geometry":{"type":"Point","coordinates":[98.971642570109097,18.784520600339491]},"properties":{"OBJECTID":1211,"SOURCE_ID":1211,"kom":0,"GiZScore":-0.58248487876602983,"GiPValue":0.56024012681472402,"NNeighbors":174,"Gi_Bin":0}},{"type":"Feature","id":1212,"geometry":{"type":"Point","coordinates":[98.971857680059856,18.785715739760892]},"properties":{"OBJECTID":1212,"SOURCE_ID":1212,"kom":0,"GiZScore":-0.91785070284482739,"GiPValue":0.35869704394043467,"NNeighbors":176,"Gi_Bin":0}},{"type":"Feature","id":1213,"geometry":{"type":"Point","coordinates":[98.965317109984781,18.788143509981126]},"properties":{"OBJECTID":1213,"SOURCE_ID":1213,"kom":0,"GiZScore":-0.30961960133527611,"GiPValue":0.75685024905411569,"NNeighbors":93,"Gi_Bin":0}},{"type":"Feature","id":1214,"geometry":{"type":"Point","coordinates":[98.966768409685002,18.786385659952447]},"properties":{"OBJECTID":1214,"SOURCE_ID":1214,"kom":0,"GiZScore":-0.79474250787042899,"GiPValue":0.4267633072218332,"NNeighbors":105,"Gi_Bin":0}},{"type":"Feature","id":1215,"geometry":{"type":"Point","coordinates":[98.966593509537404,18.786476470416343]},"properties":{"OBJECTID":1215,"SOURCE_ID":1215,"kom":0,"GiZScore":-1.0218963024534173,"GiPValue":0.30682999690172386,"NNeighbors":105,"Gi_Bin":0}},{"type":"Feature","id":1216,"geometry":{"type":"Point","coordinates":[98.966367629645433,18.787489870350342]},"properties":{"OBJECTID":1216,"SOURCE_ID":1216,"kom":0,"GiZScore":-0.90835770910525171,"GiPValue":0.36368927213940683,"NNeighbors":102,"Gi_Bin":0}},{"type":"Feature","id":1217,"geometry":{"type":"Point","coordinates":[98.978539539852903,18.778124149792845]},"properties":{"OBJECTID":1217,"SOURCE_ID":1217,"kom":0,"GiZScore":-0.53559647391187282,"GiPValue":0.5922374685155618,"NNeighbors":280,"Gi_Bin":0}},{"type":"Feature","id":1218,"geometry":{"type":"Point","coordinates":[98.97870815026684,18.779913359656728]},"properties":{"OBJECTID":1218,"SOURCE_ID":1218,"kom":0,"GiZScore":-0.27747443049241555,"GiPValue":0.78141583713583673,"NNeighbors":277,"Gi_Bin":0}},{"type":"Feature","id":1219,"geometry":{"type":"Point","coordinates":[98.977128219997837,18.787380649972349]},"properties":{"OBJECTID":1219,"SOURCE_ID":1219,"kom":0,"GiZScore":0.025654072132860299,"GiPValue":0.97953325691396465,"NNeighbors":258,"Gi_Bin":0}},{"type":"Feature","id":1220,"geometry":{"type":"Point","coordinates":[98.968569449896293,18.785792810271182]},"properties":{"OBJECTID":1220,"SOURCE_ID":1220,"kom":0,"GiZScore":-0.95111201115134092,"GiPValue":0.3415475297564895,"NNeighbors":134,"Gi_Bin":0}},{"type":"Feature","id":1221,"geometry":{"type":"Point","coordinates":[98.968571239570082,18.7840632496499]},"properties":{"OBJECTID":1221,"SOURCE_ID":1221,"kom":0,"GiZScore":-0.60869768988908679,"GiPValue":0.54272484182884928,"NNeighbors":132,"Gi_Bin":0}},{"type":"Feature","id":1222,"geometry":{"type":"Point","coordinates":[98.969514430105406,18.784698179735543]},"properties":{"OBJECTID":1222,"SOURCE_ID":1222,"kom":0,"GiZScore":-0.9906929965000274,"GiPValue":0.32183552496148893,"NNeighbors":148,"Gi_Bin":0}},{"type":"Feature","id":1223,"geometry":{"type":"Point","coordinates":[98.980042870082926,18.779632700353773]},"properties":{"OBJECTID":1223,"SOURCE_ID":1223,"kom":0,"GiZScore":-0.42481276344805297,"GiPValue":0.67097317373093679,"NNeighbors":299,"Gi_Bin":0}},{"type":"Feature","id":1224,"geometry":{"type":"Point","coordinates":[98.979900750062981,18.780088710400321]},"properties":{"OBJECTID":1224,"SOURCE_ID":1224,"kom":0,"GiZScore":-0.34465058763216089,"GiPValue":0.73035707043652609,"NNeighbors":296,"Gi_Bin":0}},{"type":"Feature","id":1225,"geometry":{"type":"Point","coordinates":[98.969142390255001,18.78381454969881]},"properties":{"OBJECTID":1225,"SOURCE_ID":1225,"kom":0,"GiZScore":-0.55092581786489747,"GiPValue":0.58168453068886805,"NNeighbors":138,"Gi_Bin":0}},{"type":"Feature","id":1226,"geometry":{"type":"Point","coordinates":[98.96933204973088,18.783820900225241]},"properties":{"OBJECTID":1226,"SOURCE_ID":1226,"kom":3,"GiZScore":-0.75867124961432553,"GiPValue":0.44804924567128501,"NNeighbors":144,"Gi_Bin":0}},{"type":"Feature","id":1227,"geometry":{"type":"Point","coordinates":[98.967521020056864,18.784746790320185]},"properties":{"OBJECTID":1227,"SOURCE_ID":1227,"kom":0,"GiZScore":-0.98239813658539799,"GiPValue":0.325903756753955,"NNeighbors":114,"Gi_Bin":0}},{"type":"Feature","id":1228,"geometry":{"type":"Point","coordinates":[98.970594340090344,18.796719890161445]},"properties":{"OBJECTID":1228,"SOURCE_ID":1228,"kom":4,"GiZScore":-1.2796181061603704,"GiPValue":0.20067950462832751,"NNeighbors":173,"Gi_Bin":0}},{"type":"Feature","id":1229,"geometry":{"type":"Point","coordinates":[98.964028070001561,18.795861800185172]},"properties":{"OBJECTID":1229,"SOURCE_ID":1229,"kom":0,"GiZScore":0.13698218397969109,"GiPValue":0.89104487751016037,"NNeighbors":125,"Gi_Bin":0}},{"type":"Feature","id":1230,"geometry":{"type":"Point","coordinates":[98.968335000148045,18.798180619837773]},"properties":{"OBJECTID":1230,"SOURCE_ID":1230,"kom":0,"GiZScore":-0.41468308354307121,"GiPValue":0.67837391875378494,"NNeighbors":152,"Gi_Bin":0}},{"type":"Feature","id":1231,"geometry":{"type":"Point","coordinates":[98.968916039579426,18.798124040026067]},"properties":{"OBJECTID":1231,"SOURCE_ID":1231,"kom":0,"GiZScore":-0.48090939152120349,"GiPValue":0.63058089936308437,"NNeighbors":153,"Gi_Bin":0}},{"type":"Feature","id":1232,"geometry":{"type":"Point","coordinates":[98.966599949886103,18.795130299786717]},"properties":{"OBJECTID":1232,"SOURCE_ID":1232,"kom":0,"GiZScore":-0.46683199814502524,"GiPValue":0.64062008216714217,"NNeighbors":146,"Gi_Bin":0}},{"type":"Feature","id":1233,"geometry":{"type":"Point","coordinates":[98.966622299630401,18.795309799766041]},"properties":{"OBJECTID":1233,"SOURCE_ID":1233,"kom":5,"GiZScore":-0.50144218785600192,"GiPValue":0.61605995705006555,"NNeighbors":147,"Gi_Bin":0}},{"type":"Feature","id":1234,"geometry":{"type":"Point","coordinates":[98.967037920429988,18.799592420397033]},"properties":{"OBJECTID":1234,"SOURCE_ID":1234,"kom":0,"GiZScore":0.041115362485304119,"GiPValue":0.96720392746510397,"NNeighbors":141,"Gi_Bin":0}},{"type":"Feature","id":1235,"geometry":{"type":"Point","coordinates":[98.966018810135722,18.799716259975035]},"properties":{"OBJECTID":1235,"SOURCE_ID":1235,"kom":0,"GiZScore":0.62698861386298099,"GiPValue":0.53066670239890645,"NNeighbors":137,"Gi_Bin":0}},{"type":"Feature","id":1236,"geometry":{"type":"Point","coordinates":[98.968438080050049,18.796670269906311]},"properties":{"OBJECTID":1236,"SOURCE_ID":1236,"kom":0,"GiZScore":-0.65799640553187777,"GiPValue":0.51054044499817786,"NNeighbors":164,"Gi_Bin":0}},{"type":"Feature","id":1237,"geometry":{"type":"Point","coordinates":[98.967206139700679,18.795243209963854]},"properties":{"OBJECTID":1237,"SOURCE_ID":1237,"kom":0,"GiZScore":-0.47691149520340415,"GiPValue":0.6334251476664059,"NNeighbors":151,"Gi_Bin":0}},{"type":"Feature","id":1238,"geometry":{"type":"Point","coordinates":[98.967020519572301,18.795280869764824]},"properties":{"OBJECTID":1238,"SOURCE_ID":1238,"kom":0,"GiZScore":-0.44260579583445075,"GiPValue":0.65805089315388476,"NNeighbors":150,"Gi_Bin":0}},{"type":"Feature","id":1239,"geometry":{"type":"Point","coordinates":[98.997766309913757,18.763630369574329]},"properties":{"OBJECTID":1239,"SOURCE_ID":1239,"kom":1,"GiZScore":-2.0213910081675652,"GiPValue":0.043239304785089909,"NNeighbors":184,"Gi_Bin":-2}},{"type":"Feature","id":1240,"geometry":{"type":"Point","coordinates":[99.018305809927028,18.782701819649592]},"properties":{"OBJECTID":1240,"SOURCE_ID":1240,"kom":1,"GiZScore":-1.3403917760013884,"GiPValue":0.18011800802748951,"NNeighbors":173,"Gi_Bin":0}},{"type":"Feature","id":1241,"geometry":{"type":"Point","coordinates":[99.019287180076986,18.782054950041402]},"properties":{"OBJECTID":1241,"SOURCE_ID":1241,"kom":1,"GiZScore":-1.4910360226164532,"GiPValue":0.13595203759215627,"NNeighbors":176,"Gi_Bin":0}},{"type":"Feature","id":1242,"geometry":{"type":"Point","coordinates":[98.954188730461723,18.795326369632342]},"properties":{"OBJECTID":1242,"SOURCE_ID":1242,"kom":0,"GiZScore":0.97203703002834652,"GiPValue":0.33103213928739161,"NNeighbors":56,"Gi_Bin":0}},{"type":"Feature","id":1243,"geometry":{"type":"Point","coordinates":[98.980301000217665,18.837559890042705]},"properties":{"OBJECTID":1243,"SOURCE_ID":1243,"kom":0,"GiZScore":-0.9978543492575066,"GiPValue":0.31835000450100082,"NNeighbors":12,"Gi_Bin":0}},{"type":"Feature","id":1244,"geometry":{"type":"Point","coordinates":[98.981496380404806,18.837566630070278]},"properties":{"OBJECTID":1244,"SOURCE_ID":1244,"kom":0,"GiZScore":-0.9978543492575066,"GiPValue":0.31835000450100082,"NNeighbors":12,"Gi_Bin":0}},{"type":"Feature","id":1245,"geometry":{"type":"Point","coordinates":[98.981954180079683,18.836604240384997]},"properties":{"OBJECTID":1245,"SOURCE_ID":1245,"kom":0,"GiZScore":-0.92388423252663343,"GiPValue":0.35554660401509042,"NNeighbors":15,"Gi_Bin":0}},{"type":"Feature","id":1246,"geometry":{"type":"Point","coordinates":[99.019791979758892,18.790244669970729]},"properties":{"OBJECTID":1246,"SOURCE_ID":1246,"kom":0,"GiZScore":-0.7844052342767831,"GiPValue":0.43280237487357931,"NNeighbors":137,"Gi_Bin":0}},{"type":"Feature","id":1247,"geometry":{"type":"Point","coordinates":[99.02232874004477,18.788115019956198]},"properties":{"OBJECTID":1247,"SOURCE_ID":1247,"kom":0,"GiZScore":-0.87741839375929898,"GiPValue":0.38025943538640472,"NNeighbors":124,"Gi_Bin":0}},{"type":"Feature","id":1248,"geometry":{"type":"Point","coordinates":[99.022676570349304,18.785405780326919]},"properties":{"OBJECTID":1248,"SOURCE_ID":1248,"kom":1,"GiZScore":-1.2241254316426571,"GiPValue":0.22090493658788746,"NNeighbors":131,"Gi_Bin":0}},{"type":"Feature","id":1249,"geometry":{"type":"Point","coordinates":[98.989447099929052,18.829203219775753]},"properties":{"OBJECTID":1249,"SOURCE_ID":1249,"kom":0,"GiZScore":-1.1616706986549279,"GiPValue":0.2453692722737576,"NNeighbors":38,"Gi_Bin":0}},{"type":"Feature","id":1250,"geometry":{"type":"Point","coordinates":[98.981647230020457,18.823645750093377]},"properties":{"OBJECTID":1250,"SOURCE_ID":1250,"kom":0,"GiZScore":-1.5039262986352147,"GiPValue":0.13260034467646759,"NNeighbors":40,"Gi_Bin":0}},{"type":"Feature","id":1251,"geometry":{"type":"Point","coordinates":[98.975986510108257,18.840248989766927]},"properties":{"OBJECTID":1251,"SOURCE_ID":1251,"kom":0,"GiZScore":-1.0331689200953962,"GiPValue":0.30152486945391088,"NNeighbors":8,"Gi_Bin":0}},{"type":"Feature","id":1252,"geometry":{"type":"Point","coordinates":[98.989936880228242,18.799047590414503]},"properties":{"OBJECTID":1252,"SOURCE_ID":1252,"kom":0,"GiZScore":0.20875968529307501,"GiPValue":0.83463584448287786,"NNeighbors":266,"Gi_Bin":0}},{"type":"Feature","id":1253,"geometry":{"type":"Point","coordinates":[98.97814304007963,18.800210559890143]},"properties":{"OBJECTID":1253,"SOURCE_ID":1253,"kom":0,"GiZScore":-0.3922127348756555,"GiPValue":0.69490103629441502,"NNeighbors":197,"Gi_Bin":0}},{"type":"Feature","id":1254,"geometry":{"type":"Point","coordinates":[98.980732100309964,18.825388280248809]},"properties":{"OBJECTID":1254,"SOURCE_ID":1254,"kom":1,"GiZScore":-1.4866074787216947,"GiPValue":0.13711851142164502,"NNeighbors":28,"Gi_Bin":0}},{"type":"Feature","id":1255,"geometry":{"type":"Point","coordinates":[99.014688780240519,18.785665319635967]},"properties":{"OBJECTID":1255,"SOURCE_ID":1255,"kom":0,"GiZScore":-1.4297988577025484,"GiPValue":0.15277475704726087,"NNeighbors":180,"Gi_Bin":0}},{"type":"Feature","id":1256,"geometry":{"type":"Point","coordinates":[99.010578509947351,18.777548029824651]},"properties":{"OBJECTID":1256,"SOURCE_ID":1256,"kom":0,"GiZScore":-1.8183007027739138,"GiPValue":0.069018185456107148,"NNeighbors":180,"Gi_Bin":-1}},{"type":"Feature","id":1257,"geometry":{"type":"Point","coordinates":[99.011778640198244,18.778324420406889]},"properties":{"OBJECTID":1257,"SOURCE_ID":1257,"kom":0,"GiZScore":-2.2129451994072187,"GiPValue":0.026901423992767005,"NNeighbors":177,"Gi_Bin":-2}},{"type":"Feature","id":1258,"geometry":{"type":"Point","coordinates":[99.012530590376656,18.768409659655859]},"properties":{"OBJECTID":1258,"SOURCE_ID":1258,"kom":0,"GiZScore":-0.93454516708963142,"GiPValue":0.35002275974460906,"NNeighbors":160,"Gi_Bin":0}},{"type":"Feature","id":1259,"geometry":{"type":"Point","coordinates":[99.011649219803061,18.767533970193451]},"properties":{"OBJECTID":1259,"SOURCE_ID":1259,"kom":0,"GiZScore":-0.8765597730071516,"GiPValue":0.38072580616723595,"NNeighbors":165,"Gi_Bin":0}},{"type":"Feature","id":1260,"geometry":{"type":"Point","coordinates":[99.012137529952383,18.767526030053176]},"properties":{"OBJECTID":1260,"SOURCE_ID":1260,"kom":0,"GiZScore":-0.94022446069210186,"GiPValue":0.34710244869395701,"NNeighbors":167,"Gi_Bin":0}},{"type":"Feature","id":1261,"geometry":{"type":"Point","coordinates":[99.009152540153067,18.760494789921044]},"properties":{"OBJECTID":1261,"SOURCE_ID":1261,"kom":1,"GiZScore":0.10198473976931093,"GiPValue":0.91876878783151061,"NNeighbors":125,"Gi_Bin":0}},{"type":"Feature","id":1262,"geometry":{"type":"Point","coordinates":[99.001454749679667,18.758806669793579]},"properties":{"OBJECTID":1262,"SOURCE_ID":1262,"kom":1,"GiZScore":-0.44155034734705573,"GiPValue":0.65881462225723686,"NNeighbors":117,"Gi_Bin":0}},{"type":"Feature","id":1263,"geometry":{"type":"Point","coordinates":[98.973549679707702,18.800397359677216]},"properties":{"OBJECTID":1263,"SOURCE_ID":1263,"kom":0,"GiZScore":-0.38051268399951232,"GiPValue":0.70356488376450887,"NNeighbors":165,"Gi_Bin":0}},{"type":"Feature","id":1264,"geometry":{"type":"Point","coordinates":[99.008964279764214,18.767343700260053]},"properties":{"OBJECTID":1264,"SOURCE_ID":1264,"kom":0,"GiZScore":-1.0358740847159824,"GiPValue":0.30026090397378091,"NNeighbors":172,"Gi_Bin":0}},{"type":"Feature","id":1265,"geometry":{"type":"Point","coordinates":[99.006387469783292,18.77397608991873]},"properties":{"OBJECTID":1265,"SOURCE_ID":1265,"kom":0,"GiZScore":-1.8253575102913258,"GiPValue":0.0679470967980291,"NNeighbors":206,"Gi_Bin":-1}},{"type":"Feature","id":1266,"geometry":{"type":"Point","coordinates":[99.00634846006723,18.774209220396497]},"properties":{"OBJECTID":1266,"SOURCE_ID":1266,"kom":0,"GiZScore":-1.96167571781467,"GiPValue":0.049800250618598302,"NNeighbors":212,"Gi_Bin":-2}},{"type":"Feature","id":1267,"geometry":{"type":"Point","coordinates":[99.025299980444274,18.769393150043182]},"properties":{"OBJECTID":1267,"SOURCE_ID":1267,"kom":0,"GiZScore":-0.98795834281899253,"GiPValue":0.32317306312127669,"NNeighbors":142,"Gi_Bin":0}},{"type":"Feature","id":1268,"geometry":{"type":"Point","coordinates":[98.974316439885584,18.797884100022006]},"properties":{"OBJECTID":1268,"SOURCE_ID":1268,"kom":1,"GiZScore":-0.71043981156113023,"GiPValue":0.4774314477180297,"NNeighbors":198,"Gi_Bin":0}},{"type":"Feature","id":1269,"geometry":{"type":"Point","coordinates":[98.985096700435207,18.777861350143738]},"properties":{"OBJECTID":1269,"SOURCE_ID":1269,"kom":0,"GiZScore":-0.12451974810993306,"GiPValue":0.90090376535422789,"NNeighbors":367,"Gi_Bin":0}},{"type":"Feature","id":1270,"geometry":{"type":"Point","coordinates":[98.980379250184328,18.789253610229622]},"properties":{"OBJECTID":1270,"SOURCE_ID":1270,"kom":0,"GiZScore":0.28723680664098056,"GiPValue":0.77393100591153585,"NNeighbors":299,"Gi_Bin":0}},{"type":"Feature","id":1271,"geometry":{"type":"Point","coordinates":[98.982667399905097,18.789496439766516]},"properties":{"OBJECTID":1271,"SOURCE_ID":1271,"kom":1,"GiZScore":1.0989717168938467,"GiPValue":0.27178042000983227,"NNeighbors":318,"Gi_Bin":0}},{"type":"Feature","id":1272,"geometry":{"type":"Point","coordinates":[98.985360059834107,18.789722509936997]},"properties":{"OBJECTID":1272,"SOURCE_ID":1272,"kom":0,"GiZScore":1.3916920123028693,"GiPValue":0.16401568216792478,"NNeighbors":323,"Gi_Bin":0}},{"type":"Feature","id":1273,"geometry":{"type":"Point","coordinates":[98.992033149735008,18.787316940393758]},"properties":{"OBJECTID":1273,"SOURCE_ID":1273,"kom":1,"GiZScore":0.9393927704243934,"GiPValue":0.34752913477073688,"NNeighbors":372,"Gi_Bin":0}},{"type":"Feature","id":1274,"geometry":{"type":"Point","coordinates":[98.992648200196868,18.786596269587431]},"properties":{"OBJECTID":1274,"SOURCE_ID":1274,"kom":3,"GiZScore":1.1619569807052823,"GiPValue":0.24525295979494766,"NNeighbors":367,"Gi_Bin":0}},{"type":"Feature","id":1275,"geometry":{"type":"Point","coordinates":[98.992160430200116,18.786499960040064]},"properties":{"OBJECTID":1275,"SOURCE_ID":1275,"kom":6,"GiZScore":1.1257283111896632,"GiPValue":0.26028055487493562,"NNeighbors":371,"Gi_Bin":0}},{"type":"Feature","id":1276,"geometry":{"type":"Point","coordinates":[98.981285820292555,18.787682299628724]},"properties":{"OBJECTID":1276,"SOURCE_ID":1276,"kom":0,"GiZScore":0.35276486346536617,"GiPValue":0.72426472796411168,"NNeighbors":310,"Gi_Bin":0}},{"type":"Feature","id":1277,"geometry":{"type":"Point","coordinates":[98.980360120348962,18.787741939629978]},"properties":{"OBJECTID":1277,"SOURCE_ID":1277,"kom":0,"GiZScore":0.47120915824880999,"GiPValue":0.63749138087511992,"NNeighbors":303,"Gi_Bin":0}},{"type":"Feature","id":1278,"geometry":{"type":"Point","coordinates":[98.980097680031875,18.787754120234972]},"properties":{"OBJECTID":1278,"SOURCE_ID":1278,"kom":0,"GiZScore":0.46221973661467836,"GiPValue":0.64392375260941459,"NNeighbors":298,"Gi_Bin":0}},{"type":"Feature","id":1279,"geometry":{"type":"Point","coordinates":[99.001083350021986,18.80831463016667]},"properties":{"OBJECTID":1279,"SOURCE_ID":1279,"kom":10,"GiZScore":3.0946909991660281,"GiPValue":0.0019701803624173615,"NNeighbors":162,"Gi_Bin":3}},{"type":"Feature","id":1280,"geometry":{"type":"Point","coordinates":[99.02461356990527,18.773480690302197]},"properties":{"OBJECTID":1280,"SOURCE_ID":1280,"kom":0,"GiZScore":-1.2181113251170042,"GiPValue":0.22318169346759642,"NNeighbors":169,"Gi_Bin":0}}]
}