{
  "type" : "FeatureCollection",
  "features" : [{"type":"Feature","id":1,"geometry":{"type":"Point","coordinates":[98.971160130000044,18.796639170000049]},"properties":{"OBJECTID":1,"idx":6,"POINT_Y":18.796639169999999,"POINT_X":98.971160130000001,"name":"ถนนศิริมังคลาจารย์ ซอย1","kom":0,"kalae":1,"text_lanna":0,"total_detect":1}},{"type":"Feature","id":2,"geometry":{"type":"Point","coordinates":[98.977957390000086,18.768766910000068]},"properties":{"OBJECTID":2,"idx":31,"POINT_Y":18.76876691,"POINT_X":98.97795739,"name":"ถนนมหิดล","kom":8,"kalae":1,"text_lanna":0,"total_detect":9}},{"type":"Feature","id":3,"geometry":{"type":"Point","coordinates":[98.979201710000041,18.768381360000035]},"properties":{"OBJECTID":3,"idx":37,"POINT_Y":18.768381359999999,"POINT_X":98.979201709999998,"name":"ถนนมหิดล","kom":0,"kalae":1,"text_lanna":0,"total_detect":1}},{"type":"Feature","id":4,"geometry":{"type":"Point","coordinates":[98.973695670000041,18.808618890000048]},"properties":{"OBJECTID":4,"idx":47,"POINT_Y":18.808618890000002,"POINT_X":98.973695669999998,"name":"ถนนซุปเปอร์ไฮเวย์","kom":0,"kalae":4,"text_lanna":0,"total_detect":4}},{"type":"Feature","id":5,"geometry":{"type":"Point","coordinates":[98.976076640000088,18.810010420000026]},"properties":{"OBJECTID":5,"idx":59,"POINT_Y":18.810010420000001,"POINT_X":98.976076640000002,"name":"ถนนซุปเปอร์ไฮเวย์","kom":0,"kalae":2,"text_lanna":0,"total_detect":2}},{"type":"Feature","id":6,"geometry":{"type":"Point","coordinates":[99.02755570000005,18.778513330000067]},"properties":{"OBJECTID":6,"idx":79,"POINT_Y":18.778513329999999,"POINT_X":99.027555699999994,"name":"ถนนซุปเปอร์ไฮเวย์","kom":0,"kalae":2,"text_lanna":0,"total_detect":2}},{"type":"Feature","id":7,"geometry":{"type":"Point","coordinates":[99.027775690000055,18.77690006000006]},"properties":{"OBJECTID":7,"idx":88,"POINT_Y":18.776900059999999,"POINT_X":99.027775689999999,"name":"ถนนซุปเปอร์ไฮเวย์","kom":0,"kalae":1,"text_lanna":0,"total_detect":1}},{"type":"Feature","id":8,"geometry":{"type":"Point","coordinates":[99.027824580000072,18.776541550000047]},"properties":{"OBJECTID":8,"idx":90,"POINT_Y":18.776541550000001,"POINT_X":99.027824580000001,"name":"ถนนซุปเปอร์ไฮเวย์","kom":0,"kalae":1,"text_lanna":0,"total_detect":1}},{"type":"Feature","id":9,"geometry":{"type":"Point","coordinates":[99.027946790000044,18.775645290000057]},"properties":{"OBJECTID":9,"idx":95,"POINT_Y":18.77564529,"POINT_X":99.027946790000001,"name":"ถนนซุปเปอร์ไฮเวย์","kom":0,"kalae":2,"text_lanna":0,"total_detect":2}},{"type":"Feature","id":10,"geometry":{"type":"Point","coordinates":[99.028264550000074,18.773315010000033]},"properties":{"OBJECTID":10,"idx":108,"POINT_Y":18.773315010000001,"POINT_X":99.028264550000003,"name":"ถนนซุปเปอร์ไฮเวย์","kom":0,"kalae":1,"text_lanna":0,"total_detect":1}},{"type":"Feature","id":11,"geometry":{"type":"Point","coordinates":[99.028337880000038,18.772777250000047]},"properties":{"OBJECTID":11,"idx":111,"POINT_Y":18.772777250000001,"POINT_X":99.028337879999995,"name":"ถนนซุปเปอร์ไฮเวย์","kom":0,"kalae":2,"text_lanna":0,"total_detect":2}},{"type":"Feature","id":12,"geometry":{"type":"Point","coordinates":[99.028362320000042,18.772598000000073]},"properties":{"OBJECTID":12,"idx":112,"POINT_Y":18.772597999999999,"POINT_X":99.028362319999999,"name":"ถนนซุปเปอร์ไฮเวย์","kom":0,"kalae":2,"text_lanna":0,"total_detect":2}},{"type":"Feature","id":13,"geometry":{"type":"Point","coordinates":[99.028507820000073,18.771569800000066]},"properties":{"OBJECTID":13,"idx":117,"POINT_Y":18.771569800000002,"POINT_X":99.028507820000002,"name":"ถนนซุปเปอร์ไฮเวย์","kom":0,"kalae":1,"text_lanna":0,"total_detect":1}},{"type":"Feature","id":14,"geometry":{"type":"Point","coordinates":[99.028966500000081,18.768345620000048]},"properties":{"OBJECTID":14,"idx":135,"POINT_Y":18.768345620000002,"POINT_X":99.028966499999996,"name":"ถนนซุปเปอร์ไฮเวย์","kom":0,"kalae":1,"text_lanna":0,"total_detect":1}},{"type":"Feature","id":15,"geometry":{"type":"Point","coordinates":[99.029093910000086,18.767450010000061]},"properties":{"OBJECTID":15,"idx":140,"POINT_Y":18.767450010000001,"POINT_X":99.02909391,"name":"ถนนซุปเปอร์ไฮเวย์","kom":0,"kalae":2,"text_lanna":0,"total_detect":2}},{"type":"Feature","id":16,"geometry":{"type":"Point","coordinates":[99.029348720000087,18.76565880000004]},"properties":{"OBJECTID":16,"idx":150,"POINT_Y":18.765658800000001,"POINT_X":99.029348720000002,"name":"ถนนซุปเปอร์ไฮเวย์","kom":0,"kalae":2,"text_lanna":0,"total_detect":2}},{"type":"Feature","id":17,"geometry":{"type":"Point","coordinates":[99.02939968000004,18.765300560000071]},"properties":{"OBJECTID":17,"idx":152,"POINT_Y":18.76530056,"POINT_X":99.029399679999997,"name":"ถนนซุปเปอร์ไฮเวย์","kom":0,"kalae":1,"text_lanna":0,"total_detect":1}},{"type":"Feature","id":18,"geometry":{"type":"Point","coordinates":[99.026272230000075,18.786118980000026]},"properties":{"OBJECTID":18,"idx":167,"POINT_Y":18.786118980000001,"POINT_X":99.026272230000004,"name":"ถนนซุปเปอร์ไฮเวย์","kom":0,"kalae":3,"text_lanna":0,"total_detect":3}},{"type":"Feature","id":19,"geometry":{"type":"Point","coordinates":[99.026047860000062,18.786919630000057]},"properties":{"OBJECTID":19,"idx":171,"POINT_Y":18.78691963,"POINT_X":99.026047860000006,"name":"ถนนซุปเปอร์ไฮเวย์","kom":0,"kalae":5,"text_lanna":0,"total_detect":5}},{"type":"Feature","id":20,"geometry":{"type":"Point","coordinates":[99.02594724000005,18.787193850000051]},"properties":{"OBJECTID":20,"idx":172,"POINT_Y":18.787193850000001,"POINT_X":99.025947239999994,"name":"ถนนซุปเปอร์ไฮเวย์","kom":0,"kalae":1,"text_lanna":0,"total_detect":1}},{"type":"Feature","id":21,"geometry":{"type":"Point","coordinates":[99.025812300000041,18.787531750000028]},"properties":{"OBJECTID":21,"idx":174,"POINT_Y":18.787531749999999,"POINT_X":99.025812299999998,"name":"ถนนซุปเปอร์ไฮเวย์","kom":0,"kalae":2,"text_lanna":0,"total_detect":2}},{"type":"Feature","id":22,"geometry":{"type":"Point","coordinates":[99.025677370000039,18.787869660000069]},"properties":{"OBJECTID":22,"idx":176,"POINT_Y":18.787869659999998,"POINT_X":99.025677369999997,"name":"ถนนซุปเปอร์ไฮเวย์","kom":0,"kalae":1,"text_lanna":0,"total_detect":1}},{"type":"Feature","id":23,"geometry":{"type":"Point","coordinates":[99.025363970000058,18.788619270000027]},"properties":{"OBJECTID":23,"idx":180,"POINT_Y":18.788619270000002,"POINT_X":99.025363970000001,"name":"ถนนซุปเปอร์ไฮเวย์","kom":0,"kalae":1,"text_lanna":0,"total_detect":1}},{"type":"Feature","id":24,"geometry":{"type":"Point","coordinates":[99.024759190000054,18.78974345000006]},"properties":{"OBJECTID":24,"idx":186,"POINT_Y":18.78974345,"POINT_X":99.024759189999997,"name":"ถนนซุปเปอร์ไฮเวย์","kom":0,"kalae":1,"text_lanna":0,"total_detect":1}},{"type":"Feature","id":25,"geometry":{"type":"Point","coordinates":[99.023823070000049,18.791293950000068]},"properties":{"OBJECTID":25,"idx":195,"POINT_Y":18.79129395,"POINT_X":99.023823070000006,"name":"ถนนซุปเปอร์ไฮเวย์","kom":1,"kalae":2,"text_lanna":0,"total_detect":3}},{"type":"Feature","id":26,"geometry":{"type":"Point","coordinates":[99.023377290000042,18.792038440000056]},"properties":{"OBJECTID":26,"idx":199,"POINT_Y":18.792038439999999,"POINT_X":99.023377289999999,"name":"ถนนซุปเปอร์ไฮเวย์","kom":2,"kalae":1,"text_lanna":0,"total_detect":3}},{"type":"Feature","id":27,"geometry":{"type":"Point","coordinates":[98.995077410000079,18.79176681000007]},"properties":{"OBJECTID":27,"idx":205,"POINT_Y":18.791766809999999,"POINT_X":98.995077409999993,"name":"ถนนช้างม่อยเก่า ซอย3","kom":0,"kalae":3,"text_lanna":0,"total_detect":3}},{"type":"Feature","id":28,"geometry":{"type":"Point","coordinates":[98.989072160000035,18.794947690000072]},"properties":{"OBJECTID":28,"idx":208,"POINT_Y":18.794947690000001,"POINT_X":98.989072160000006,"name":"ถนนศรีภูมิ ซอย3","kom":1,"kalae":1,"text_lanna":0,"total_detect":2}},{"type":"Feature","id":29,"geometry":{"type":"Point","coordinates":[98.991374890000031,18.790860420000058]},"properties":{"OBJECTID":29,"idx":221,"POINT_Y":18.790860420000001,"POINT_X":98.991374890000003,"name":"ถนนราชวิถี ซอย 2","kom":0,"kalae":1,"text_lanna":1,"total_detect":2}},{"type":"Feature","id":30,"geometry":{"type":"Point","coordinates":[98.991469780000045,18.791909880000048]},"properties":{"OBJECTID":30,"idx":225,"POINT_Y":18.791909879999999,"POINT_X":98.991469780000003,"name":"ถนนราชวิถี ซอย 2","kom":0,"kalae":2,"text_lanna":0,"total_detect":2}},{"type":"Feature","id":31,"geometry":{"type":"Point","coordinates":[98.988286650000077,18.793253750000076]},"properties":{"OBJECTID":31,"idx":233,"POINT_Y":18.793253750000002,"POINT_X":98.988286650000006,"name":"ถนนพระปกเกล้า ซอย 13","kom":0,"kalae":1,"text_lanna":0,"total_detect":1}},{"type":"Feature","id":32,"geometry":{"type":"Point","coordinates":[98.988476390000073,18.793257710000034]},"properties":{"OBJECTID":32,"idx":234,"POINT_Y":18.793257709999999,"POINT_X":98.988476390000002,"name":"ถนนพระปกเกล้า ซอย 13","kom":0,"kalae":1,"text_lanna":1,"total_detect":2}},{"type":"Feature","id":33,"geometry":{"type":"Point","coordinates":[98.98442827000008,18.793103780000024]},"properties":{"OBJECTID":33,"idx":253,"POINT_Y":18.793103779999999,"POINT_X":98.984428269999995,"name":"ถนนเวียงแก้ว","kom":0,"kalae":20,"text_lanna":0,"total_detect":20}},{"type":"Feature","id":34,"geometry":{"type":"Point","coordinates":[98.98529067000004,18.793097080000052]},"properties":{"OBJECTID":34,"idx":257,"POINT_Y":18.793097079999999,"POINT_X":98.985290669999998,"name":"ถนนเวียงแก้ว","kom":0,"kalae":1,"text_lanna":2,"total_detect":3}},{"type":"Feature","id":35,"geometry":{"type":"Point","coordinates":[98.985480450000068,18.793095620000031]},"properties":{"OBJECTID":35,"idx":258,"POINT_Y":18.793095619999999,"POINT_X":98.985480449999997,"name":"ถนนเวียงแก้ว","kom":0,"kalae":2,"text_lanna":0,"total_detect":2}},{"type":"Feature","id":36,"geometry":{"type":"Point","coordinates":[98.984947980000072,18.786112390000028]},"properties":{"OBJECTID":36,"idx":271,"POINT_Y":18.78611239,"POINT_X":98.984947980000001,"name":"ถนนจ่าบ้าน","kom":0,"kalae":1,"text_lanna":0,"total_detect":1}},{"type":"Feature","id":37,"geometry":{"type":"Point","coordinates":[98.985315310000033,18.788318470000036]},"properties":{"OBJECTID":37,"idx":280,"POINT_Y":18.78831847,"POINT_X":98.985315310000004,"name":"ถนนจ่าบ้าน","kom":0,"kalae":1,"text_lanna":0,"total_detect":1}},{"type":"Feature","id":38,"geometry":{"type":"Point","coordinates":[98.985697400000049,18.788304590000052]},"properties":{"OBJECTID":38,"idx":282,"POINT_Y":18.788304589999999,"POINT_X":98.985697400000006,"name":"ถนนราชดำเนิน","kom":0,"kalae":1,"text_lanna":0,"total_detect":1}},{"type":"Feature","id":39,"geometry":{"type":"Point","coordinates":[98.989223540000069,18.79075892000003]},"properties":{"OBJECTID":39,"idx":297,"POINT_Y":18.790758919999998,"POINT_X":98.989223539999998,"name":"ถนนราชวิถี","kom":0,"kalae":2,"text_lanna":0,"total_detect":2}},{"type":"Feature","id":40,"geometry":{"type":"Point","coordinates":[98.976159120000034,18.805376800000033]},"properties":{"OBJECTID":40,"idx":327,"POINT_Y":18.805376800000001,"POINT_X":98.976159120000005,"name":"ถนนเทวัญ","kom":0,"kalae":1,"text_lanna":0,"total_detect":1}},{"type":"Feature","id":41,"geometry":{"type":"Point","coordinates":[98.973414290000051,18.80568997000006]},"properties":{"OBJECTID":41,"idx":341,"POINT_Y":18.80568997,"POINT_X":98.973414289999994,"name":"ถนนเทวัญ","kom":3,"kalae":2,"text_lanna":0,"total_detect":5}},{"type":"Feature","id":42,"geometry":{"type":"Point","coordinates":[98.972660590000032,18.805776930000036]},"properties":{"OBJECTID":42,"idx":345,"POINT_Y":18.80577693,"POINT_X":98.972660590000004,"name":"ถนนเทวัญ","kom":0,"kalae":1,"text_lanna":0,"total_detect":1}},{"type":"Feature","id":43,"geometry":{"type":"Point","coordinates":[98.978316370000073,18.804066480000074]},"properties":{"OBJECTID":43,"idx":352,"POINT_Y":18.804066479999999,"POINT_X":98.978316370000002,"name":"ถนน เทพารักษ์","kom":1,"kalae":2,"text_lanna":0,"total_detect":3}},{"type":"Feature","id":44,"geometry":{"type":"Point","coordinates":[98.977940120000085,18.804114430000027]},"properties":{"OBJECTID":44,"idx":354,"POINT_Y":18.804114429999998,"POINT_X":98.97794012,"name":"ถนน เทพารักษ์","kom":0,"kalae":2,"text_lanna":0,"total_detect":2}},{"type":"Feature","id":45,"geometry":{"type":"Point","coordinates":[98.977101540000035,18.804083250000076]},"properties":{"OBJECTID":45,"idx":357,"POINT_Y":18.804083250000001,"POINT_X":98.977101540000007,"name":"ถนน เทพารักษ์","kom":0,"kalae":1,"text_lanna":0,"total_detect":1}},{"type":"Feature","id":46,"geometry":{"type":"Point","coordinates":[98.976850170000034,18.804022670000052]},"properties":{"OBJECTID":46,"idx":358,"POINT_Y":18.804022669999998,"POINT_X":98.976850170000006,"name":"ถนน เทพารักษ์","kom":0,"kalae":1,"text_lanna":0,"total_detect":1}},{"type":"Feature","id":47,"geometry":{"type":"Point","coordinates":[98.973966890000042,18.804043480000075]},"properties":{"OBJECTID":47,"idx":372,"POINT_Y":18.804043480000001,"POINT_X":98.97396689,"name":"ถนน เทพารักษ์","kom":0,"kalae":1,"text_lanna":0,"total_detect":1}},{"type":"Feature","id":48,"geometry":{"type":"Point","coordinates":[98.973212860000046,18.804127850000043]},"properties":{"OBJECTID":48,"idx":376,"POINT_Y":18.80412785,"POINT_X":98.973212860000004,"name":"ถนน เทพารักษ์","kom":0,"kalae":1,"text_lanna":0,"total_detect":1}},{"type":"Feature","id":49,"geometry":{"type":"Point","coordinates":[98.973024360000068,18.804148930000053]},"properties":{"OBJECTID":49,"idx":377,"POINT_Y":18.80414893,"POINT_X":98.973024359999997,"name":"ถนน เทพารักษ์","kom":0,"kalae":1,"text_lanna":0,"total_detect":1}},{"type":"Feature","id":50,"geometry":{"type":"Point","coordinates":[98.972458830000051,18.804212200000052]},"properties":{"OBJECTID":50,"idx":380,"POINT_Y":18.804212199999998,"POINT_X":98.972458829999994,"name":"ถนน เทพารักษ์","kom":0,"kalae":2,"text_lanna":0,"total_detect":2}},{"type":"Feature","id":51,"geometry":{"type":"Point","coordinates":[98.978748710000048,18.804018470000074]},"properties":{"OBJECTID":51,"idx":401,"POINT_Y":18.804018469999999,"POINT_X":98.978748710000005,"name":"ถนนโสตศึกษา","kom":0,"kalae":2,"text_lanna":0,"total_detect":2}},{"type":"Feature","id":52,"geometry":{"type":"Point","coordinates":[98.979816920000076,18.800718440000026]},"properties":{"OBJECTID":52,"idx":405,"POINT_Y":18.800718440000001,"POINT_X":98.979816920000005,"name":"ถนนเจริญสุข","kom":0,"kalae":2,"text_lanna":0,"total_detect":2}},{"type":"Feature","id":53,"geometry":{"type":"Point","coordinates":[98.979502260000061,18.800920660000031]},"properties":{"OBJECTID":53,"idx":407,"POINT_Y":18.800920659999999,"POINT_X":98.979502260000004,"name":"ถนนเจริญสุข","kom":0,"kalae":1,"text_lanna":0,"total_detect":1}},{"type":"Feature","id":54,"geometry":{"type":"Point","coordinates":[98.978838370000062,18.801354150000066]},"properties":{"OBJECTID":54,"idx":411,"POINT_Y":18.801354150000002,"POINT_X":98.978838370000005,"name":"ถนนเจริญสุข","kom":0,"kalae":2,"text_lanna":1,"total_detect":3}},{"type":"Feature","id":55,"geometry":{"type":"Point","coordinates":[98.978272950000076,18.80176584000003]},"properties":{"OBJECTID":55,"idx":413,"POINT_Y":18.801765840000002,"POINT_X":98.978272950000004,"name":"ถนนเจริญสุข","kom":0,"kalae":1,"text_lanna":0,"total_detect":1}},{"type":"Feature","id":56,"geometry":{"type":"Point","coordinates":[98.977071630000069,18.798660340000026]},"properties":{"OBJECTID":56,"idx":427,"POINT_Y":18.798660340000001,"POINT_X":98.977071629999998,"name":"ถนนเสริมสุข","kom":0,"kalae":2,"text_lanna":0,"total_detect":2}},{"type":"Feature","id":57,"geometry":{"type":"Point","coordinates":[98.976623010000083,18.798860190000028]},"properties":{"OBJECTID":57,"idx":429,"POINT_Y":18.798860189999999,"POINT_X":98.976623009999997,"name":"ถนนเสริมสุข","kom":0,"kalae":1,"text_lanna":0,"total_detect":1}},{"type":"Feature","id":58,"geometry":{"type":"Point","coordinates":[98.97732239000004,18.799523930000078]},"properties":{"OBJECTID":58,"idx":436,"POINT_Y":18.799523929999999,"POINT_X":98.977322389999998,"name":"ถนนเม็งรายรัศมี","kom":3,"kalae":1,"text_lanna":0,"total_detect":4}},{"type":"Feature","id":59,"geometry":{"type":"Point","coordinates":[98.976769540000078,18.799362710000025]},"properties":{"OBJECTID":59,"idx":438,"POINT_Y":18.79936271,"POINT_X":98.976769540000006,"name":"ถนนเม็งรายรัศมี","kom":0,"kalae":1,"text_lanna":0,"total_detect":1}},{"type":"Feature","id":60,"geometry":{"type":"Point","coordinates":[98.984749890000046,18.800524930000051]},"properties":{"OBJECTID":60,"idx":462,"POINT_Y":18.800524930000002,"POINT_X":98.984749890000003,"name":"ถนนช้างเผือก ซอย 4","kom":0,"kalae":1,"text_lanna":0,"total_detect":1}},{"type":"Feature","id":61,"geometry":{"type":"Point","coordinates":[98.996521380000047,18.795990250000045]},"properties":{"OBJECTID":61,"idx":473,"POINT_Y":18.795990249999999,"POINT_X":98.996521380000004,"name":"ถนนเมืองสมุทร","kom":0,"kalae":1,"text_lanna":0,"total_detect":1}},{"type":"Feature","id":62,"geometry":{"type":"Point","coordinates":[98.997247340000058,18.797612180000044]},"properties":{"OBJECTID":62,"idx":480,"POINT_Y":18.797612180000002,"POINT_X":98.997247340000001,"name":"ถนนเมืองสมุทร","kom":0,"kalae":2,"text_lanna":0,"total_detect":2}},{"type":"Feature","id":63,"geometry":{"type":"Point","coordinates":[99.011696990000075,18.802027950000024]},"properties":{"OBJECTID":63,"idx":486,"POINT_Y":18.802027949999999,"POINT_X":99.011696990000004,"name":"ถนนรัตนโกสินทร์","kom":0,"kalae":2,"text_lanna":0,"total_detect":2}},{"type":"Feature","id":64,"geometry":{"type":"Point","coordinates":[99.010556340000051,18.801441220000072]},"properties":{"OBJECTID":64,"idx":492,"POINT_Y":18.801441220000001,"POINT_X":99.010556339999994,"name":"ถนนรัตนโกสินทร์","kom":2,"kalae":2,"text_lanna":0,"total_detect":4}},{"type":"Feature","id":65,"geometry":{"type":"Point","coordinates":[99.002727580000055,18.808420450000028]},"properties":{"OBJECTID":65,"idx":504,"POINT_Y":18.80842045,"POINT_X":99.002727579999998,"name":"ถนนวังสิงห์คำ","kom":0,"kalae":9,"text_lanna":0,"total_detect":9}},{"type":"Feature","id":66,"geometry":{"type":"Point","coordinates":[99.002712070000086,18.808240300000023]},"properties":{"OBJECTID":66,"idx":505,"POINT_Y":18.808240300000001,"POINT_X":99.002712070000001,"name":"ถนนวังสิงห์คำ","kom":0,"kalae":2,"text_lanna":0,"total_detect":2}},{"type":"Feature","id":67,"geometry":{"type":"Point","coordinates":[99.002681210000048,18.807798960000071]},"properties":{"OBJECTID":67,"idx":507,"POINT_Y":18.80779896,"POINT_X":99.002681210000006,"name":"ถนนวังสิงห์คำ","kom":0,"kalae":1,"text_lanna":0,"total_detect":1}},{"type":"Feature","id":68,"geometry":{"type":"Point","coordinates":[99.002723200000048,18.806938880000075]},"properties":{"OBJECTID":68,"idx":510,"POINT_Y":18.806938880000001,"POINT_X":99.002723200000005,"name":"ถนนวังสิงห์คำ","kom":0,"kalae":1,"text_lanna":0,"total_detect":1}},{"type":"Feature","id":69,"geometry":{"type":"Point","coordinates":[99.002817080000057,18.806526040000051]},"properties":{"OBJECTID":69,"idx":512,"POINT_Y":18.806526040000001,"POINT_X":99.00281708,"name":"ถนนวังสิงห์คำ","kom":0,"kalae":1,"text_lanna":0,"total_detect":1}},{"type":"Feature","id":70,"geometry":{"type":"Point","coordinates":[99.002933830000075,18.80186899000006]},"properties":{"OBJECTID":70,"idx":534,"POINT_Y":18.801868989999999,"POINT_X":99.002933830000003,"name":"ถนนวังสิงห์คำ","kom":0,"kalae":1,"text_lanna":0,"total_detect":1}},{"type":"Feature","id":71,"geometry":{"type":"Point","coordinates":[99.002880970000035,18.801315930000044]},"properties":{"OBJECTID":71,"idx":537,"POINT_Y":18.801315930000001,"POINT_X":99.002880970000007,"name":"ถนนวังสิงห์คำ","kom":0,"kalae":3,"text_lanna":0,"total_detect":3}},{"type":"Feature","id":72,"geometry":{"type":"Point","coordinates":[99.002870340000072,18.801135450000061]},"properties":{"OBJECTID":72,"idx":538,"POINT_Y":18.80113545,"POINT_X":99.002870340000001,"name":"ถนนวังสิงห์คำ","kom":0,"kalae":1,"text_lanna":0,"total_detect":1}},{"type":"Feature","id":73,"geometry":{"type":"Point","coordinates":[98.980998480000039,18.777044560000036]},"properties":{"OBJECTID":73,"idx":556,"POINT_Y":18.77704456,"POINT_X":98.980998479999997,"name":"ถนนทิพย์เนตร","kom":0,"kalae":1,"text_lanna":0,"total_detect":1}},{"type":"Feature","id":74,"geometry":{"type":"Point","coordinates":[98.981041340000047,18.777553080000075]},"properties":{"OBJECTID":74,"idx":558,"POINT_Y":18.777553080000001,"POINT_X":98.981041340000004,"name":"ถนนทิพย์เนตร","kom":0,"kalae":1,"text_lanna":0,"total_detect":1}},{"type":"Feature","id":75,"geometry":{"type":"Point","coordinates":[98.981338390000076,18.78068077000006]},"properties":{"OBJECTID":75,"idx":571,"POINT_Y":18.78068077,"POINT_X":98.981338390000005,"name":"ถนนทิพย์เนตร","kom":0,"kalae":2,"text_lanna":0,"total_detect":2}},{"type":"Feature","id":76,"geometry":{"type":"Point","coordinates":[98.989499390000049,18.782135000000039]},"properties":{"OBJECTID":76,"idx":584,"POINT_Y":18.782135,"POINT_X":98.989499390000006,"name":"ถนนพระปกเกล้า ซอย 1","kom":0,"kalae":1,"text_lanna":0,"total_detect":1}},{"type":"Feature","id":77,"geometry":{"type":"Point","coordinates":[98.988775210000085,18.782114850000028]},"properties":{"OBJECTID":77,"idx":592,"POINT_Y":18.782114849999999,"POINT_X":98.98877521,"name":"ถนนพระปกเกล้า ซอย 2","kom":0,"kalae":1,"text_lanna":0,"total_detect":1}},{"type":"Feature","id":78,"geometry":{"type":"Point","coordinates":[98.984391860000073,18.789575160000027]},"properties":{"OBJECTID":78,"idx":614,"POINT_Y":18.789575159999998,"POINT_X":98.984391860000002,"name":"ถนนราชดำเนิน ซอย7","kom":0,"kalae":1,"text_lanna":0,"total_detect":1}},{"type":"Feature","id":79,"geometry":{"type":"Point","coordinates":[98.984025680000059,18.786110860000065]},"properties":{"OBJECTID":79,"idx":618,"POINT_Y":18.786110860000001,"POINT_X":98.984025680000002,"name":null,"kom":0,"kalae":2,"text_lanna":0,"total_detect":2}},{"type":"Feature","id":80,"geometry":{"type":"Point","coordinates":[98.983308940000086,18.788014070000031]},"properties":{"OBJECTID":80,"idx":625,"POINT_Y":18.788014069999999,"POINT_X":98.983308940000001,"name":null,"kom":0,"kalae":1,"text_lanna":0,"total_detect":1}},{"type":"Feature","id":81,"geometry":{"type":"Point","coordinates":[98.981122570000082,18.786614120000024]},"properties":{"OBJECTID":81,"idx":630,"POINT_Y":18.786614119999999,"POINT_X":98.981122569999997,"name":"ถนน ราชมรรคา 8","kom":0,"kalae":1,"text_lanna":0,"total_detect":1}},{"type":"Feature","id":82,"geometry":{"type":"Point","coordinates":[98.981248950000065,18.787524200000064]},"properties":{"OBJECTID":82,"idx":634,"POINT_Y":18.7875242,"POINT_X":98.981248949999994,"name":"ถนน ราชมรรคา 8","kom":0,"kalae":2,"text_lanna":0,"total_detect":2}},{"type":"Feature","id":83,"geometry":{"type":"Point","coordinates":[98.978743030000032,18.786441310000043]},"properties":{"OBJECTID":83,"idx":636,"POINT_Y":18.786441310000001,"POINT_X":98.978743030000004,"name":"ถนนอารักษ์ ซอย 7","kom":6,"kalae":1,"text_lanna":0,"total_detect":7}},{"type":"Feature","id":84,"geometry":{"type":"Point","coordinates":[98.979268900000079,18.786404920000052]},"properties":{"OBJECTID":84,"idx":638,"POINT_Y":18.786404919999999,"POINT_X":98.979268899999994,"name":"ถนนอารักษ์ ซอย 7","kom":0,"kalae":1,"text_lanna":0,"total_detect":1}},{"type":"Feature","id":85,"geometry":{"type":"Point","coordinates":[98.979585020000059,18.786383630000046]},"properties":{"OBJECTID":85,"idx":639,"POINT_Y":18.78638363,"POINT_X":98.979585020000002,"name":"ถนนอารักษ์ ซอย 7","kom":0,"kalae":2,"text_lanna":0,"total_detect":2}},{"type":"Feature","id":86,"geometry":{"type":"Point","coordinates":[98.980941160000043,18.791485050000063]},"properties":{"OBJECTID":86,"idx":647,"POINT_Y":18.791485049999999,"POINT_X":98.98094116,"name":"ถนนสิงหราช ซอย 2","kom":0,"kalae":2,"text_lanna":0,"total_detect":2}},{"type":"Feature","id":87,"geometry":{"type":"Point","coordinates":[98.97919292000006,18.791471500000057]},"properties":{"OBJECTID":87,"idx":656,"POINT_Y":18.7914715,"POINT_X":98.979192920000003,"name":"ถนนสิงหราช ซอย 2","kom":0,"kalae":1,"text_lanna":0,"total_detect":1}},{"type":"Feature","id":88,"geometry":{"type":"Point","coordinates":[98.975844920000043,18.794110950000061]},"properties":{"OBJECTID":88,"idx":665,"POINT_Y":18.79411095,"POINT_X":98.97584492,"name":null,"kom":0,"kalae":1,"text_lanna":0,"total_detect":1}},{"type":"Feature","id":89,"geometry":{"type":"Point","coordinates":[98.997745480000049,18.800764290000075]},"properties":{"OBJECTID":89,"idx":674,"POINT_Y":18.80076429,"POINT_X":98.997745480000006,"name":"ถนนรัตนโกสินทร์","kom":0,"kalae":2,"text_lanna":0,"total_detect":2}},{"type":"Feature","id":90,"geometry":{"type":"Point","coordinates":[98.994701880000036,18.828645820000077]},"properties":{"OBJECTID":90,"idx":719,"POINT_Y":18.828645819999998,"POINT_X":98.994701879999994,"name":"ถนนป่าตัน","kom":0,"kalae":2,"text_lanna":0,"total_detect":2}},{"type":"Feature","id":91,"geometry":{"type":"Point","coordinates":[98.994712830000083,18.828284460000077]},"properties":{"OBJECTID":91,"idx":721,"POINT_Y":18.828284459999999,"POINT_X":98.994712829999997,"name":"ถนนป่าตัน","kom":0,"kalae":1,"text_lanna":0,"total_detect":1}},{"type":"Feature","id":92,"geometry":{"type":"Point","coordinates":[98.994131610000068,18.822391520000053]},"properties":{"OBJECTID":92,"idx":745,"POINT_Y":18.82239152,"POINT_X":98.994131609999997,"name":"ถนนป่าตัน","kom":0,"kalae":2,"text_lanna":0,"total_detect":2}},{"type":"Feature","id":93,"geometry":{"type":"Point","coordinates":[98.994476760000055,18.82192617000004]},"properties":{"OBJECTID":93,"idx":747,"POINT_Y":18.821926170000001,"POINT_X":98.994476759999998,"name":"ถนนป่าตัน","kom":0,"kalae":2,"text_lanna":0,"total_detect":2}},{"type":"Feature","id":94,"geometry":{"type":"Point","coordinates":[98.995256960000063,18.820945640000048]},"properties":{"OBJECTID":94,"idx":752,"POINT_Y":18.820945640000001,"POINT_X":98.995256960000006,"name":"ถนนป่าตัน","kom":0,"kalae":1,"text_lanna":0,"total_detect":1}},{"type":"Feature","id":95,"geometry":{"type":"Point","coordinates":[98.996512710000047,18.819617780000044]},"properties":{"OBJECTID":95,"idx":760,"POINT_Y":18.819617780000002,"POINT_X":98.996512710000005,"name":"ถนนป่าตัน","kom":0,"kalae":1,"text_lanna":0,"total_detect":1}},{"type":"Feature","id":96,"geometry":{"type":"Point","coordinates":[98.997976630000039,18.81802459000005]},"properties":{"OBJECTID":96,"idx":770,"POINT_Y":18.81802459,"POINT_X":98.997976629999997,"name":"ถนนป่าตัน","kom":0,"kalae":1,"text_lanna":0,"total_detect":1}},{"type":"Feature","id":97,"geometry":{"type":"Point","coordinates":[98.998912360000077,18.817277570000044]},"properties":{"OBJECTID":97,"idx":774,"POINT_Y":18.817277570000002,"POINT_X":98.998912360000006,"name":"ถนนป่าตัน","kom":0,"kalae":1,"text_lanna":0,"total_detect":1}},{"type":"Feature","id":98,"geometry":{"type":"Point","coordinates":[99.000021610000033,18.815944870000067]},"properties":{"OBJECTID":98,"idx":782,"POINT_Y":18.815944869999999,"POINT_X":99.000021610000005,"name":"ถนนป่าตัน","kom":0,"kalae":2,"text_lanna":0,"total_detect":2}},{"type":"Feature","id":99,"geometry":{"type":"Point","coordinates":[99.000554400000055,18.814962700000024]},"properties":{"OBJECTID":99,"idx":786,"POINT_Y":18.814962699999999,"POINT_X":99.000554399999999,"name":"ถนนป่าตัน","kom":0,"kalae":1,"text_lanna":0,"total_detect":1}},{"type":"Feature","id":100,"geometry":{"type":"Point","coordinates":[99.004650600000048,18.800157510000076]},"properties":{"OBJECTID":100,"idx":787,"POINT_Y":18.800157509999998,"POINT_X":99.004650600000005,"name":"ถนนเจริญราษฎร์","kom":4,"kalae":1,"text_lanna":0,"total_detect":5}},{"type":"Feature","id":101,"geometry":{"type":"Point","coordinates":[99.000776160000044,18.786519840000039]},"properties":{"OBJECTID":101,"idx":837,"POINT_Y":18.78651984,"POINT_X":99.000776160000001,"name":"ถนนช้างคลาน","kom":0,"kalae":2,"text_lanna":0,"total_detect":2}},{"type":"Feature","id":102,"geometry":{"type":"Point","coordinates":[98.998843290000082,18.773287410000023]},"properties":{"OBJECTID":102,"idx":863,"POINT_Y":18.773287409999998,"POINT_X":98.998843289999996,"name":"ถนนช้างคลาน","kom":0,"kalae":1,"text_lanna":0,"total_detect":1}},{"type":"Feature","id":103,"geometry":{"type":"Point","coordinates":[98.998708470000054,18.77181279000007]},"properties":{"OBJECTID":103,"idx":869,"POINT_Y":18.771812789999998,"POINT_X":98.998708469999997,"name":"ถนนช้างคลาน","kom":0,"kalae":2,"text_lanna":0,"total_detect":2}},{"type":"Feature","id":104,"geometry":{"type":"Point","coordinates":[98.998944960000074,18.768911250000031]},"properties":{"OBJECTID":104,"idx":880,"POINT_Y":18.768911249999999,"POINT_X":98.998944960000003,"name":"ถนนช้างคลาน","kom":0,"kalae":2,"text_lanna":0,"total_detect":2}},{"type":"Feature","id":105,"geometry":{"type":"Point","coordinates":[99.00070173000006,18.76454633000003]},"properties":{"OBJECTID":105,"idx":900,"POINT_Y":18.764546330000002,"POINT_X":99.000701730000003,"name":"ถนนช้างคลาน","kom":0,"kalae":1,"text_lanna":0,"total_detect":1}},{"type":"Feature","id":106,"geometry":{"type":"Point","coordinates":[98.998120530000051,18.774760740000033]},"properties":{"OBJECTID":106,"idx":909,"POINT_Y":18.774760740000001,"POINT_X":98.998120529999994,"name":"ถนนระแกง","kom":0,"kalae":1,"text_lanna":0,"total_detect":1}},{"type":"Feature","id":107,"geometry":{"type":"Point","coordinates":[98.997781000000032,18.775141360000077]},"properties":{"OBJECTID":107,"idx":911,"POINT_Y":18.775141359999999,"POINT_X":98.997781000000003,"name":"ถนนระแกง","kom":0,"kalae":1,"text_lanna":0,"total_detect":1}},{"type":"Feature","id":108,"geometry":{"type":"Point","coordinates":[99.00566837000008,18.763951080000027]},"properties":{"OBJECTID":108,"idx":932,"POINT_Y":18.763951079999998,"POINT_X":99.005668369999995,"name":"ถนนเชียงใหม่-ลำพูน","kom":0,"kalae":2,"text_lanna":0,"total_detect":2}},{"type":"Feature","id":109,"geometry":{"type":"Point","coordinates":[99.004284080000048,18.766499970000041]},"properties":{"OBJECTID":109,"idx":958,"POINT_Y":18.766499970000002,"POINT_X":99.004284080000005,"name":null,"kom":0,"kalae":1,"text_lanna":0,"total_detect":1}},{"type":"Feature","id":110,"geometry":{"type":"Point","coordinates":[99.003654250000068,18.766292040000053]},"properties":{"OBJECTID":110,"idx":963,"POINT_Y":18.76629204,"POINT_X":99.003654249999997,"name":null,"kom":2,"kalae":1,"text_lanna":0,"total_detect":3}},{"type":"Feature","id":111,"geometry":{"type":"Point","coordinates":[99.005164190000073,18.78388158000007]},"properties":{"OBJECTID":111,"idx":980,"POINT_Y":18.783881579999999,"POINT_X":99.005164190000002,"name":"ถนนเชียงใหม่-ลำพูน","kom":0,"kalae":1,"text_lanna":0,"total_detect":1}},{"type":"Feature","id":112,"geometry":{"type":"Point","coordinates":[98.994552800000065,18.78999538000005]},"properties":{"OBJECTID":112,"idx":989,"POINT_Y":18.789995380000001,"POINT_X":98.994552799999994,"name":"ถนนช้างม่อยเก่า","kom":0,"kalae":1,"text_lanna":0,"total_detect":1}},{"type":"Feature","id":113,"geometry":{"type":"Point","coordinates":[98.995733200000075,18.792221330000075]},"properties":{"OBJECTID":113,"idx":1000,"POINT_Y":18.79222133,"POINT_X":98.995733200000004,"name":"ถนนสิทธิวงศ์","kom":3,"kalae":9,"text_lanna":0,"total_detect":12}},{"type":"Feature","id":114,"geometry":{"type":"Point","coordinates":[98.995570930000042,18.792375720000052]},"properties":{"OBJECTID":114,"idx":1001,"POINT_Y":18.792375719999999,"POINT_X":98.99557093,"name":"ถนนสิทธิวงศ์","kom":0,"kalae":1,"text_lanna":0,"total_detect":1}},{"type":"Feature","id":115,"geometry":{"type":"Point","coordinates":[98.994756480000035,18.790810860000022]},"properties":{"OBJECTID":115,"idx":1011,"POINT_Y":18.790810860000001,"POINT_X":98.994756480000007,"name":"ถนนช้างม่อยเก่า ซอย 1","kom":0,"kalae":2,"text_lanna":0,"total_detect":2}},{"type":"Feature","id":116,"geometry":{"type":"Point","coordinates":[99.000699000000054,18.795664870000053]},"properties":{"OBJECTID":116,"idx":1015,"POINT_Y":18.79566487,"POINT_X":99.000698999999997,"name":"ถนนเจริญราษฎร์","kom":0,"kalae":1,"text_lanna":0,"total_detect":1}},{"type":"Feature","id":117,"geometry":{"type":"Point","coordinates":[99.002561470000046,18.797820270000045]},"properties":{"OBJECTID":117,"idx":1021,"POINT_Y":18.797820269999999,"POINT_X":99.002561470000003,"name":"ถนนเจริญราษฎร์","kom":0,"kalae":2,"text_lanna":0,"total_detect":2}},{"type":"Feature","id":118,"geometry":{"type":"Point","coordinates":[99.003365820000056,18.798664250000058]},"properties":{"OBJECTID":118,"idx":1026,"POINT_Y":18.798664250000002,"POINT_X":99.003365819999999,"name":"ถนนเจริญราษฎร์","kom":0,"kalae":1,"text_lanna":0,"total_detect":1}},{"type":"Feature","id":119,"geometry":{"type":"Point","coordinates":[99.003501340000071,18.798790810000071]},"properties":{"OBJECTID":119,"idx":1027,"POINT_Y":18.79879081,"POINT_X":99.00350134,"name":"ถนนเจริญราษฎร์","kom":0,"kalae":2,"text_lanna":0,"total_detect":2}},{"type":"Feature","id":120,"geometry":{"type":"Point","coordinates":[99.003696990000037,18.798984190000056]},"properties":{"OBJECTID":120,"idx":1028,"POINT_Y":18.798984189999999,"POINT_X":99.003696989999995,"name":"ถนนเจริญราษฎร์","kom":1,"kalae":3,"text_lanna":0,"total_detect":4}},{"type":"Feature","id":121,"geometry":{"type":"Point","coordinates":[99.003608170000064,18.791590530000065]},"properties":{"OBJECTID":121,"idx":1045,"POINT_Y":18.791590530000001,"POINT_X":99.003608170000007,"name":"ถนนหน้าวัดเกตุ","kom":0,"kalae":1,"text_lanna":0,"total_detect":1}},{"type":"Feature","id":122,"geometry":{"type":"Point","coordinates":[99.002951880000069,18.796696720000057]},"properties":{"OBJECTID":122,"idx":1047,"POINT_Y":18.79669672,"POINT_X":99.002951879999998,"name":"ถนนแก้วนวรัฐ ซอย 1","kom":0,"kalae":2,"text_lanna":0,"total_detect":2}},{"type":"Feature","id":123,"geometry":{"type":"Point","coordinates":[99.002379140000073,18.797123700000043]},"properties":{"OBJECTID":123,"idx":1056,"POINT_Y":18.7971237,"POINT_X":99.002379140000002,"name":"ถนน เชตุพน","kom":4,"kalae":1,"text_lanna":0,"total_detect":5}},{"type":"Feature","id":124,"geometry":{"type":"Point","coordinates":[99.005400920000056,18.799604370000054]},"properties":{"OBJECTID":124,"idx":1069,"POINT_Y":18.799604370000001,"POINT_X":99.00540092,"name":"เชตุพน ซอย 1","kom":0,"kalae":1,"text_lanna":0,"total_detect":1}},{"type":"Feature","id":125,"geometry":{"type":"Point","coordinates":[99.005109230000073,18.797803170000066]},"properties":{"OBJECTID":125,"idx":1077,"POINT_Y":18.797803170000002,"POINT_X":99.005109230000002,"name":"เชตุพน ซอย 1","kom":0,"kalae":2,"text_lanna":0,"total_detect":2}},{"type":"Feature","id":126,"geometry":{"type":"Point","coordinates":[98.982868690000032,18.797030670000026]},"properties":{"OBJECTID":126,"idx":1086,"POINT_Y":18.797030670000002,"POINT_X":98.982868690000004,"name":"ถนนมณีนพรัตน์ ซอย 2","kom":0,"kalae":1,"text_lanna":0,"total_detect":1}},{"type":"Feature","id":127,"geometry":{"type":"Point","coordinates":[98.985323640000047,18.79840033000005]},"properties":{"OBJECTID":127,"idx":1093,"POINT_Y":18.79840033,"POINT_X":98.985323640000004,"name":"ถนน ช้างเผือก ซอย2","kom":0,"kalae":1,"text_lanna":0,"total_detect":1}},{"type":"Feature","id":128,"geometry":{"type":"Point","coordinates":[98.984675780000032,18.798425940000072]},"properties":{"OBJECTID":128,"idx":1096,"POINT_Y":18.798425940000001,"POINT_X":98.984675780000003,"name":"ถนน ช้างเผือก ซอย2","kom":0,"kalae":1,"text_lanna":0,"total_detect":1}},{"type":"Feature","id":129,"geometry":{"type":"Point","coordinates":[98.987689390000071,18.802700540000046]},"properties":{"OBJECTID":129,"idx":1104,"POINT_Y":18.80270054,"POINT_X":98.98768939,"name":"ถนนช้างเผือก ซอย6","kom":3,"kalae":1,"text_lanna":0,"total_detect":4}},{"type":"Feature","id":130,"geometry":{"type":"Point","coordinates":[99.007881810000072,18.79862877000005]},"properties":{"OBJECTID":130,"idx":1122,"POINT_Y":18.798628770000001,"POINT_X":99.007881810000001,"name":"ถนน บำรุงราษฏร์","kom":0,"kalae":1,"text_lanna":0,"total_detect":1}},{"type":"Feature","id":131,"geometry":{"type":"Point","coordinates":[99.012786720000065,18.806864380000036]},"properties":{"OBJECTID":131,"idx":1129,"POINT_Y":18.80686438,"POINT_X":99.012786719999994,"name":"ถนน ตรัสวงศ์","kom":0,"kalae":1,"text_lanna":0,"total_detect":1}},{"type":"Feature","id":132,"geometry":{"type":"Point","coordinates":[99.012575950000041,18.806066960000067]},"properties":{"OBJECTID":132,"idx":1133,"POINT_Y":18.806066959999999,"POINT_X":99.012575949999999,"name":"ถนน ตรัสวงศ์","kom":0,"kalae":1,"text_lanna":0,"total_detect":1}},{"type":"Feature","id":133,"geometry":{"type":"Point","coordinates":[99.012000120000039,18.804227970000056]},"properties":{"OBJECTID":133,"idx":1136,"POINT_Y":18.804227969999999,"POINT_X":99.012000119999996,"name":"ถนน ตรัสวงศ์","kom":0,"kalae":1,"text_lanna":0,"total_detect":1}},{"type":"Feature","id":134,"geometry":{"type":"Point","coordinates":[98.976461930000085,18.790463540000076]},"properties":{"OBJECTID":134,"idx":1156,"POINT_Y":18.790463540000001,"POINT_X":98.976461929999999,"name":null,"kom":0,"kalae":2,"text_lanna":0,"total_detect":2}},{"type":"Feature","id":135,"geometry":{"type":"Point","coordinates":[98.997868780000033,18.762556380000035]},"properties":{"OBJECTID":135,"idx":1163,"POINT_Y":18.762556379999999,"POINT_X":98.997868780000005,"name":"ถนนป่าพร้าว","kom":0,"kalae":1,"text_lanna":0,"total_detect":1}},{"type":"Feature","id":136,"geometry":{"type":"Point","coordinates":[98.998400600000082,18.762097490000031]},"properties":{"OBJECTID":136,"idx":1166,"POINT_Y":18.762097489999999,"POINT_X":98.998400599999997,"name":"ถนนป่าพร้าว","kom":0,"kalae":1,"text_lanna":0,"total_detect":1}},{"type":"Feature","id":137,"geometry":{"type":"Point","coordinates":[98.998634450000054,18.761764370000037]},"properties":{"OBJECTID":137,"idx":1168,"POINT_Y":18.761764370000002,"POINT_X":98.998634449999997,"name":"ถนนป่าพร้าว","kom":0,"kalae":8,"text_lanna":0,"total_detect":8}},{"type":"Feature","id":138,"geometry":{"type":"Point","coordinates":[98.999487360000046,18.762625520000029]},"properties":{"OBJECTID":138,"idx":1172,"POINT_Y":18.76262552,"POINT_X":98.999487360000003,"name":null,"kom":0,"kalae":6,"text_lanna":0,"total_detect":6}},{"type":"Feature","id":139,"geometry":{"type":"Point","coordinates":[98.998441890000038,18.762074380000058]},"properties":{"OBJECTID":139,"idx":1178,"POINT_Y":18.762074380000001,"POINT_X":98.998441889999995,"name":null,"kom":0,"kalae":1,"text_lanna":0,"total_detect":1}},{"type":"Feature","id":140,"geometry":{"type":"Point","coordinates":[98.998120780000079,18.763247070000034]},"properties":{"OBJECTID":140,"idx":1189,"POINT_Y":18.763247069999998,"POINT_X":98.998120779999994,"name":null,"kom":0,"kalae":1,"text_lanna":0,"total_detect":1}},{"type":"Feature","id":141,"geometry":{"type":"Point","coordinates":[99.000326460000053,18.764831150000077]},"properties":{"OBJECTID":141,"idx":1201,"POINT_Y":18.764831149999999,"POINT_X":99.000326459999997,"name":null,"kom":0,"kalae":2,"text_lanna":0,"total_detect":2}},{"type":"Feature","id":142,"geometry":{"type":"Point","coordinates":[98.996545720000086,18.76491548000007]},"properties":{"OBJECTID":142,"idx":1206,"POINT_Y":18.764915479999999,"POINT_X":98.99654572,"name":null,"kom":0,"kalae":1,"text_lanna":0,"total_detect":1}},{"type":"Feature","id":143,"geometry":{"type":"Point","coordinates":[98.997754530000066,18.765672980000033]},"properties":{"OBJECTID":143,"idx":1213,"POINT_Y":18.765672980000002,"POINT_X":98.997754529999995,"name":null,"kom":0,"kalae":4,"text_lanna":0,"total_detect":4}},{"type":"Feature","id":144,"geometry":{"type":"Point","coordinates":[99.004553780000037,18.784017850000055]},"properties":{"OBJECTID":144,"idx":1220,"POINT_Y":18.784017850000001,"POINT_X":99.004553779999995,"name":"ถนนลอยเคราะห์","kom":0,"kalae":16,"text_lanna":0,"total_detect":16}},{"type":"Feature","id":145,"geometry":{"type":"Point","coordinates":[98.999728030000085,18.786004710000043]},"properties":{"OBJECTID":145,"idx":1248,"POINT_Y":18.78600471,"POINT_X":98.99972803,"name":"ถนน ท่าแพ ซอย 1","kom":0,"kalae":2,"text_lanna":0,"total_detect":2}},{"type":"Feature","id":146,"geometry":{"type":"Point","coordinates":[98.999926050000056,18.786974870000051]},"properties":{"OBJECTID":146,"idx":1251,"POINT_Y":18.786974870000002,"POINT_X":98.999926049999999,"name":"ถนน ท่าแพ ซอย 1","kom":0,"kalae":2,"text_lanna":0,"total_detect":2}},{"type":"Feature","id":147,"geometry":{"type":"Point","coordinates":[98.999077500000055,18.78141413000003]},"properties":{"OBJECTID":147,"idx":1254,"POINT_Y":18.781414130000002,"POINT_X":98.999077499999999,"name":"ถนนลอยเคราะห์ 4","kom":0,"kalae":2,"text_lanna":0,"total_detect":2}},{"type":"Feature","id":148,"geometry":{"type":"Point","coordinates":[98.999363360000075,18.783538160000035]},"properties":{"OBJECTID":148,"idx":1263,"POINT_Y":18.783538159999999,"POINT_X":98.999363360000004,"name":"ถนนลอยเคราะห์ 4","kom":4,"kalae":2,"text_lanna":0,"total_detect":6}},{"type":"Feature","id":149,"geometry":{"type":"Point","coordinates":[98.999379870000041,18.783718240000042]},"properties":{"OBJECTID":149,"idx":1264,"POINT_Y":18.783718239999999,"POINT_X":98.999379869999999,"name":"ถนนลอยเคราะห์ 4","kom":0,"kalae":2,"text_lanna":1,"total_detect":3}},{"type":"Feature","id":150,"geometry":{"type":"Point","coordinates":[98.998410420000084,18.784271080000053]},"properties":{"OBJECTID":150,"idx":1284,"POINT_Y":18.78427108,"POINT_X":98.998410419999999,"name":"ถนนกำแพงดิน","kom":0,"kalae":2,"text_lanna":0,"total_detect":2}},{"type":"Feature","id":151,"geometry":{"type":"Point","coordinates":[98.998440230000085,18.781716390000042]},"properties":{"OBJECTID":151,"idx":1293,"POINT_Y":18.78171639,"POINT_X":98.99844023,"name":"ถนนกำแพงดิน","kom":0,"kalae":2,"text_lanna":0,"total_detect":2}},{"type":"Feature","id":152,"geometry":{"type":"Point","coordinates":[98.998259340000061,18.780678170000044]},"properties":{"OBJECTID":152,"idx":1298,"POINT_Y":18.780678170000002,"POINT_X":98.998259340000004,"name":"ถนนกำแพงดิน","kom":0,"kalae":2,"text_lanna":0,"total_detect":2}},{"type":"Feature","id":153,"geometry":{"type":"Point","coordinates":[98.997065120000059,18.778871800000047]},"properties":{"OBJECTID":153,"idx":1306,"POINT_Y":18.778871800000001,"POINT_X":98.997065120000002,"name":"ถนนกำแพงดิน","kom":0,"kalae":1,"text_lanna":0,"total_detect":1}},{"type":"Feature","id":154,"geometry":{"type":"Point","coordinates":[99.002966620000052,18.784592190000069]},"properties":{"OBJECTID":154,"idx":1309,"POINT_Y":18.784592190000001,"POINT_X":99.002966619999995,"name":"ถนนเจริญประเทศ","kom":0,"kalae":1,"text_lanna":0,"total_detect":1}},{"type":"Feature","id":155,"geometry":{"type":"Point","coordinates":[99.002903640000056,18.785660080000071]},"properties":{"OBJECTID":155,"idx":1312,"POINT_Y":18.78566008,"POINT_X":99.00290364,"name":"ถนนเจริญประเทศ","kom":0,"kalae":1,"text_lanna":0,"total_detect":1}},{"type":"Feature","id":156,"geometry":{"type":"Point","coordinates":[99.004107550000072,18.789874760000032]},"properties":{"OBJECTID":156,"idx":1315,"POINT_Y":18.78987476,"POINT_X":99.004107550000001,"name":"ถนนเจริญราษฎร์","kom":2,"kalae":1,"text_lanna":0,"total_detect":3}},{"type":"Feature","id":157,"geometry":{"type":"Point","coordinates":[98.979093950000049,18.768342530000041]},"properties":{"OBJECTID":157,"idx":1325,"POINT_Y":18.768342530000002,"POINT_X":98.979093950000006,"name":"ถนนมหิดล","kom":0,"kalae":2,"text_lanna":0,"total_detect":2}},{"type":"Feature","id":158,"geometry":{"type":"Point","coordinates":[98.988296330000082,18.766324860000054]},"properties":{"OBJECTID":158,"idx":1335,"POINT_Y":18.766324860000001,"POINT_X":98.988296329999997,"name":"ถนนมหิดล","kom":0,"kalae":1,"text_lanna":0,"total_detect":1}},{"type":"Feature","id":159,"geometry":{"type":"Point","coordinates":[98.99197692000007,18.764586120000047]},"properties":{"OBJECTID":159,"idx":1353,"POINT_Y":18.764586120000001,"POINT_X":98.991976919999999,"name":"ถนนมหิดล","kom":0,"kalae":1,"text_lanna":0,"total_detect":1}},{"type":"Feature","id":160,"geometry":{"type":"Point","coordinates":[98.992121920000045,18.764469520000034]},"properties":{"OBJECTID":160,"idx":1354,"POINT_Y":18.764469519999999,"POINT_X":98.992121920000002,"name":"ถนนมหิดล","kom":0,"kalae":1,"text_lanna":0,"total_detect":1}},{"type":"Feature","id":161,"geometry":{"type":"Point","coordinates":[98.992723820000037,18.763980280000055]},"properties":{"OBJECTID":161,"idx":1357,"POINT_Y":18.763980279999998,"POINT_X":98.992723819999995,"name":"ถนนมหิดล","kom":0,"kalae":2,"text_lanna":0,"total_detect":2}},{"type":"Feature","id":162,"geometry":{"type":"Point","coordinates":[99.023088600000051,18.762325590000046]},"properties":{"OBJECTID":162,"idx":1374,"POINT_Y":18.76232559,"POINT_X":99.023088599999994,"name":"ถนนมหิดล","kom":0,"kalae":2,"text_lanna":0,"total_detect":2}},{"type":"Feature","id":163,"geometry":{"type":"Point","coordinates":[98.984679550000067,18.767355870000074]},"properties":{"OBJECTID":163,"idx":1390,"POINT_Y":18.767355869999999,"POINT_X":98.984679549999996,"name":"ถนนมหิดล","kom":0,"kalae":6,"text_lanna":0,"total_detect":6}},{"type":"Feature","id":164,"geometry":{"type":"Point","coordinates":[98.984496420000085,18.767403250000029]},"properties":{"OBJECTID":164,"idx":1391,"POINT_Y":18.767403250000001,"POINT_X":98.984496419999999,"name":"ถนนมหิดล","kom":0,"kalae":1,"text_lanna":0,"total_detect":1}},{"type":"Feature","id":165,"geometry":{"type":"Point","coordinates":[98.983143230000053,18.767642340000066]},"properties":{"OBJECTID":165,"idx":1397,"POINT_Y":18.767642339999998,"POINT_X":98.983143229999996,"name":"ถนนมหิดล","kom":0,"kalae":3,"text_lanna":0,"total_detect":3}},{"type":"Feature","id":166,"geometry":{"type":"Point","coordinates":[98.982902810000041,18.767677830000025]},"properties":{"OBJECTID":166,"idx":1398,"POINT_Y":18.76767783,"POINT_X":98.982902809999999,"name":"ถนนมหิดล","kom":0,"kalae":2,"text_lanna":0,"total_detect":2}},{"type":"Feature","id":167,"geometry":{"type":"Point","coordinates":[98.982024920000072,18.767803380000032]},"properties":{"OBJECTID":167,"idx":1402,"POINT_Y":18.76780338,"POINT_X":98.982024920000001,"name":"ถนนมหิดล","kom":0,"kalae":1,"text_lanna":0,"total_detect":1}},{"type":"Feature","id":168,"geometry":{"type":"Point","coordinates":[98.991629420000038,18.764710540000067]},"properties":{"OBJECTID":168,"idx":1416,"POINT_Y":18.764710539999999,"POINT_X":98.991629419999995,"name":"ถนนมหิดล","kom":0,"kalae":1,"text_lanna":0,"total_detect":1}},{"type":"Feature","id":169,"geometry":{"type":"Point","coordinates":[98.990725410000039,18.76530377000006]},"properties":{"OBJECTID":169,"idx":1420,"POINT_Y":18.765303769999999,"POINT_X":98.990725409999996,"name":"ถนนมหิดล","kom":0,"kalae":1,"text_lanna":0,"total_detect":1}},{"type":"Feature","id":170,"geometry":{"type":"Point","coordinates":[99.007480310000062,18.75995381000007]},"properties":{"OBJECTID":170,"idx":1440,"POINT_Y":18.759953809999999,"POINT_X":99.007480310000005,"name":null,"kom":0,"kalae":2,"text_lanna":0,"total_detect":2}},{"type":"Feature","id":171,"geometry":{"type":"Point","coordinates":[99.012252390000072,18.767600750000042]},"properties":{"OBJECTID":171,"idx":1467,"POINT_Y":18.76760075,"POINT_X":99.01225239,"name":null,"kom":0,"kalae":1,"text_lanna":1,"total_detect":2}},{"type":"Feature","id":172,"geometry":{"type":"Point","coordinates":[99.011631320000049,18.771379990000071]},"properties":{"OBJECTID":172,"idx":1473,"POINT_Y":18.77137999,"POINT_X":99.011631320000006,"name":"ถนนราษฎร์อุทิศ ซอย 6","kom":0,"kalae":2,"text_lanna":0,"total_detect":2}},{"type":"Feature","id":173,"geometry":{"type":"Point","coordinates":[99.010878450000064,18.77343546000003]},"properties":{"OBJECTID":173,"idx":1482,"POINT_Y":18.773435460000002,"POINT_X":99.010878450000007,"name":"ถนนราษฎร์อุทิศ ซอย 6","kom":0,"kalae":2,"text_lanna":0,"total_detect":2}},{"type":"Feature","id":174,"geometry":{"type":"Point","coordinates":[99.010772370000041,18.773585340000068]},"properties":{"OBJECTID":174,"idx":1483,"POINT_Y":18.77358534,"POINT_X":99.010772369999998,"name":"ถนนราษฎร์อุทิศ ซอย 6","kom":0,"kalae":2,"text_lanna":0,"total_detect":2}},{"type":"Feature","id":175,"geometry":{"type":"Point","coordinates":[99.010654880000061,18.773762040000065]},"properties":{"OBJECTID":175,"idx":1484,"POINT_Y":18.773762040000001,"POINT_X":99.010654880000004,"name":"ถนนราษฎร์อุทิศ ซอย 6","kom":0,"kalae":1,"text_lanna":1,"total_detect":2}},{"type":"Feature","id":176,"geometry":{"type":"Point","coordinates":[99.017897450000078,18.785410820000038]},"properties":{"OBJECTID":176,"idx":1487,"POINT_Y":18.785410819999999,"POINT_X":99.017897450000007,"name":"ถนน ทุ่งโฮเต็ล","kom":0,"kalae":2,"text_lanna":0,"total_detect":2}},{"type":"Feature","id":177,"geometry":{"type":"Point","coordinates":[99.017919360000064,18.786495170000023]},"properties":{"OBJECTID":177,"idx":1493,"POINT_Y":18.786495169999998,"POINT_X":99.017919359999993,"name":"ถนน ทุ่งโฮเต็ล","kom":0,"kalae":1,"text_lanna":0,"total_detect":1}},{"type":"Feature","id":178,"geometry":{"type":"Point","coordinates":[99.017917900000043,18.78684590000006]},"properties":{"OBJECTID":178,"idx":1494,"POINT_Y":18.786845899999999,"POINT_X":99.0179179,"name":"ถนน ทุ่งโฮเต็ล","kom":0,"kalae":1,"text_lanna":0,"total_detect":1}},{"type":"Feature","id":179,"geometry":{"type":"Point","coordinates":[99.013150180000082,18.801117960000056]},"properties":{"OBJECTID":179,"idx":1497,"POINT_Y":18.801117959999999,"POINT_X":99.013150179999997,"name":"ถนน รัตนโกสินทร์","kom":0,"kalae":1,"text_lanna":0,"total_detect":1}},{"type":"Feature","id":180,"geometry":{"type":"Point","coordinates":[99.01520424000006,18.805013230000043]},"properties":{"OBJECTID":180,"idx":1541,"POINT_Y":18.80501323,"POINT_X":99.015204240000003,"name":null,"kom":0,"kalae":1,"text_lanna":0,"total_detect":1}},{"type":"Feature","id":181,"geometry":{"type":"Point","coordinates":[99.014372820000062,18.806026320000058]},"properties":{"OBJECTID":181,"idx":1545,"POINT_Y":18.806026320000001,"POINT_X":99.014372820000006,"name":null,"kom":0,"kalae":2,"text_lanna":0,"total_detect":2}},{"type":"Feature","id":182,"geometry":{"type":"Point","coordinates":[99.014509560000079,18.805900950000023]},"properties":{"OBJECTID":182,"idx":1546,"POINT_Y":18.805900950000002,"POINT_X":99.014509559999993,"name":null,"kom":6,"kalae":1,"text_lanna":0,"total_detect":7}},{"type":"Feature","id":183,"geometry":{"type":"Point","coordinates":[99.014783040000054,18.805650230000026]},"properties":{"OBJECTID":183,"idx":1548,"POINT_Y":18.805650230000001,"POINT_X":99.014783039999998,"name":null,"kom":0,"kalae":1,"text_lanna":0,"total_detect":1}},{"type":"Feature","id":184,"geometry":{"type":"Point","coordinates":[99.013866090000079,18.806299000000024]},"properties":{"OBJECTID":184,"idx":1554,"POINT_Y":18.806298999999999,"POINT_X":99.013866089999993,"name":null,"kom":0,"kalae":2,"text_lanna":0,"total_detect":2}},{"type":"Feature","id":185,"geometry":{"type":"Point","coordinates":[99.014373040000066,18.80529942000004]},"properties":{"OBJECTID":185,"idx":1558,"POINT_Y":18.805299420000001,"POINT_X":99.014373039999995,"name":null,"kom":0,"kalae":2,"text_lanna":0,"total_detect":2}},{"type":"Feature","id":186,"geometry":{"type":"Point","coordinates":[98.998074330000065,18.789860780000026]},"properties":{"OBJECTID":186,"idx":1568,"POINT_Y":18.789860780000001,"POINT_X":98.998074329999994,"name":"Sittiwong","kom":0,"kalae":1,"text_lanna":0,"total_detect":1}},{"type":"Feature","id":187,"geometry":{"type":"Point","coordinates":[98.997767030000034,18.790092170000037]},"properties":{"OBJECTID":187,"idx":1570,"POINT_Y":18.790092170000001,"POINT_X":98.997767030000006,"name":"Sittiwong","kom":2,"kalae":1,"text_lanna":0,"total_detect":3}},{"type":"Feature","id":188,"geometry":{"type":"Point","coordinates":[99.000218320000045,18.790002120000054]},"properties":{"OBJECTID":188,"idx":1582,"POINT_Y":18.79000212,"POINT_X":99.000218320000002,"name":"ถนนข่วงเมรุ","kom":3,"kalae":2,"text_lanna":1,"total_detect":6}},{"type":"Feature","id":189,"geometry":{"type":"Point","coordinates":[98.999034340000037,18.799017610000078]},"properties":{"OBJECTID":189,"idx":1589,"POINT_Y":18.79901761,"POINT_X":98.999034339999994,"name":"ถนนวังสิงห์คำ ซอย 1","kom":0,"kalae":4,"text_lanna":0,"total_detect":4}},{"type":"Feature","id":190,"geometry":{"type":"Point","coordinates":[98.999339510000084,18.798947610000027]},"properties":{"OBJECTID":190,"idx":1590,"POINT_Y":18.798947609999999,"POINT_X":98.999339509999999,"name":"ถนนวังสิงห์คำ ซอย 1","kom":0,"kalae":2,"text_lanna":0,"total_detect":2}},{"type":"Feature","id":191,"geometry":{"type":"Point","coordinates":[98.999826230000053,18.798689630000069]},"properties":{"OBJECTID":191,"idx":1592,"POINT_Y":18.798689629999998,"POINT_X":98.999826229999996,"name":"ถนนวังสิงห์คำ ซอย 1","kom":0,"kalae":2,"text_lanna":0,"total_detect":2}},{"type":"Feature","id":192,"geometry":{"type":"Point","coordinates":[98.999971470000048,18.798573260000069]},"properties":{"OBJECTID":192,"idx":1593,"POINT_Y":18.798573260000001,"POINT_X":98.999971470000006,"name":"ถนนวังสิงห์คำ ซอย 1","kom":0,"kalae":1,"text_lanna":0,"total_detect":1}},{"type":"Feature","id":193,"geometry":{"type":"Point","coordinates":[99.000116700000035,18.798456890000068]},"properties":{"OBJECTID":193,"idx":1594,"POINT_Y":18.798456890000001,"POINT_X":99.000116700000007,"name":"ถนนวังสิงห์คำ ซอย 1","kom":2,"kalae":2,"text_lanna":0,"total_detect":4}},{"type":"Feature","id":194,"geometry":{"type":"Point","coordinates":[99.000261930000079,18.798340520000067]},"properties":{"OBJECTID":194,"idx":1595,"POINT_Y":18.79834052,"POINT_X":99.000261929999994,"name":"ถนนวังสิงห์คำ ซอย 1","kom":0,"kalae":2,"text_lanna":0,"total_detect":2}},{"type":"Feature","id":195,"geometry":{"type":"Point","coordinates":[98.996020340000086,18.78919097000005]},"properties":{"OBJECTID":195,"idx":1613,"POINT_Y":18.78919097,"POINT_X":98.996020340000001,"name":"ถนนช้างม่อย ซอย 2","kom":2,"kalae":2,"text_lanna":0,"total_detect":4}},{"type":"Feature","id":196,"geometry":{"type":"Point","coordinates":[99.006931210000062,18.788454830000035]},"properties":{"OBJECTID":196,"idx":1618,"POINT_Y":18.788454829999999,"POINT_X":99.006931210000005,"name":"ถนนเจริญเมือง ซอย 2","kom":0,"kalae":1,"text_lanna":0,"total_detect":1}},{"type":"Feature","id":197,"geometry":{"type":"Point","coordinates":[99.007233380000059,18.791219180000041]},"properties":{"OBJECTID":197,"idx":1624,"POINT_Y":18.791219179999999,"POINT_X":99.007233380000002,"name":"หน้าวัดเกตุซอย 1","kom":0,"kalae":1,"text_lanna":0,"total_detect":1}},{"type":"Feature","id":198,"geometry":{"type":"Point","coordinates":[99.004867510000054,18.792389100000037]},"properties":{"OBJECTID":198,"idx":1633,"POINT_Y":18.792389100000001,"POINT_X":99.004867509999997,"name":"หน้าวัดเกตุซอย 1","kom":0,"kalae":2,"text_lanna":0,"total_detect":2}},{"type":"Feature","id":199,"geometry":{"type":"Point","coordinates":[98.98501372000004,18.794216520000077]},"properties":{"OBJECTID":199,"idx":1646,"POINT_Y":18.794216519999999,"POINT_X":98.985013719999998,"name":"ถนนศรีภูมิ ซอย 6","kom":0,"kalae":1,"text_lanna":0,"total_detect":1}},{"type":"Feature","id":200,"geometry":{"type":"Point","coordinates":[98.984335800000053,18.794495100000063]},"properties":{"OBJECTID":200,"idx":1655,"POINT_Y":18.794495099999999,"POINT_X":98.984335799999997,"name":"ถนนศรีภูมิ ซอย7","kom":0,"kalae":1,"text_lanna":0,"total_detect":1}},{"type":"Feature","id":201,"geometry":{"type":"Point","coordinates":[98.97895249000004,18.794508800000074]},"properties":{"OBJECTID":201,"idx":1660,"POINT_Y":18.794508799999999,"POINT_X":98.978952489999998,"name":"ถนนอารักษ์ ซอย 1","kom":0,"kalae":1,"text_lanna":0,"total_detect":1}},{"type":"Feature","id":202,"geometry":{"type":"Point","coordinates":[98.979458160000036,18.793567430000053]},"properties":{"OBJECTID":202,"idx":1666,"POINT_Y":18.79356743,"POINT_X":98.979458159999993,"name":"ถนนอารักษ์ ซอย 1","kom":0,"kalae":2,"text_lanna":0,"total_detect":2}},{"type":"Feature","id":203,"geometry":{"type":"Point","coordinates":[98.979578890000084,18.793500330000029]},"properties":{"OBJECTID":203,"idx":1674,"POINT_Y":18.793500330000001,"POINT_X":98.979578889999999,"name":"ถนนอารักษ์ ซอย 2","kom":0,"kalae":1,"text_lanna":0,"total_detect":1}},{"type":"Feature","id":204,"geometry":{"type":"Point","coordinates":[98.978567840000039,18.793505090000053]},"properties":{"OBJECTID":204,"idx":1678,"POINT_Y":18.79350509,"POINT_X":98.978567839999997,"name":"ถนนอารักษ์ ซอย 2","kom":0,"kalae":1,"text_lanna":0,"total_detect":1}},{"type":"Feature","id":205,"geometry":{"type":"Point","coordinates":[98.967817230000037,18.788932700000032]},"properties":{"OBJECTID":205,"idx":1695,"POINT_Y":18.7889327,"POINT_X":98.967817229999994,"name":null,"kom":0,"kalae":1,"text_lanna":0,"total_detect":1}},{"type":"Feature","id":206,"geometry":{"type":"Point","coordinates":[98.950561060000041,18.794109070000047]},"properties":{"OBJECTID":206,"idx":1702,"POINT_Y":18.794109070000001,"POINT_X":98.950561059999998,"name":"ถนนสุเทพ","kom":0,"kalae":1,"text_lanna":0,"total_detect":1}},{"type":"Feature","id":207,"geometry":{"type":"Point","coordinates":[98.951436370000067,18.793871700000068]},"properties":{"OBJECTID":207,"idx":1705,"POINT_Y":18.7938717,"POINT_X":98.951436369999996,"name":"ถนนสุเทพ","kom":0,"kalae":1,"text_lanna":0,"total_detect":1}},{"type":"Feature","id":208,"geometry":{"type":"Point","coordinates":[98.94823260000004,18.796901990000038]},"properties":{"OBJECTID":208,"idx":1717,"POINT_Y":18.796901989999999,"POINT_X":98.948232599999997,"name":"ซอย ๑๐ เชิงดอย","kom":0,"kalae":10,"text_lanna":1,"total_detect":11}},{"type":"Feature","id":209,"geometry":{"type":"Point","coordinates":[98.948491080000053,18.796212830000059]},"properties":{"OBJECTID":209,"idx":1720,"POINT_Y":18.796212830000002,"POINT_X":98.948491079999997,"name":"ซอย ๑๐ เชิงดอย","kom":0,"kalae":1,"text_lanna":0,"total_detect":1}},{"type":"Feature","id":210,"geometry":{"type":"Point","coordinates":[98.954717540000047,18.801582910000036]},"properties":{"OBJECTID":210,"idx":1735,"POINT_Y":18.80158291,"POINT_X":98.954717540000004,"name":null,"kom":0,"kalae":1,"text_lanna":0,"total_detect":1}},{"type":"Feature","id":211,"geometry":{"type":"Point","coordinates":[98.995742460000088,18.79401794000006]},"properties":{"OBJECTID":211,"idx":1739,"POINT_Y":18.79401794,"POINT_X":98.995742460000002,"name":"ถนนราชวงศ์ ซอย 3","kom":0,"kalae":2,"text_lanna":0,"total_detect":2}},{"type":"Feature","id":212,"geometry":{"type":"Point","coordinates":[98.996026770000071,18.792733590000068]},"properties":{"OBJECTID":212,"idx":1744,"POINT_Y":18.792733590000001,"POINT_X":98.99602677,"name":"ถนนราชวงศ์ ซอย 3","kom":0,"kalae":1,"text_lanna":0,"total_detect":1}},{"type":"Feature","id":213,"geometry":{"type":"Point","coordinates":[98.994992140000079,18.784481970000058]},"properties":{"OBJECTID":213,"idx":1752,"POINT_Y":18.784481970000002,"POINT_X":98.994992139999994,"name":"ถนนลอยเคาะห์ ซอย 1","kom":0,"kalae":1,"text_lanna":0,"total_detect":1}},{"type":"Feature","id":214,"geometry":{"type":"Point","coordinates":[98.994824050000034,18.781668950000039]},"properties":{"OBJECTID":214,"idx":1760,"POINT_Y":18.78166895,"POINT_X":98.994824050000005,"name":"ถนนลอยเคราะห์2","kom":0,"kalae":2,"text_lanna":0,"total_detect":2}},{"type":"Feature","id":215,"geometry":{"type":"Point","coordinates":[98.995971410000038,18.783900320000043]},"properties":{"OBJECTID":215,"idx":1769,"POINT_Y":18.783900320000001,"POINT_X":98.995971409999996,"name":"ถนนลอยเคราะห์2","kom":0,"kalae":1,"text_lanna":0,"total_detect":1}},{"type":"Feature","id":216,"geometry":{"type":"Point","coordinates":[98.994178520000048,18.779965350000055]},"properties":{"OBJECTID":216,"idx":1783,"POINT_Y":18.779965350000001,"POINT_X":98.994178520000006,"name":"ถนน ระแกง 2","kom":0,"kalae":3,"text_lanna":0,"total_detect":3}},{"type":"Feature","id":217,"geometry":{"type":"Point","coordinates":[98.995596700000078,18.778816670000026]},"properties":{"OBJECTID":217,"idx":1788,"POINT_Y":18.778816670000001,"POINT_X":98.995596699999993,"name":"ถนน ระแกง 2 ก","kom":0,"kalae":1,"text_lanna":0,"total_detect":1}},{"type":"Feature","id":218,"geometry":{"type":"Point","coordinates":[98.995576120000067,18.779611930000044]},"properties":{"OBJECTID":218,"idx":1789,"POINT_Y":18.779611930000002,"POINT_X":98.995576119999996,"name":"ถนน ระแกง 2 ก","kom":0,"kalae":2,"text_lanna":0,"total_detect":2}},{"type":"Feature","id":219,"geometry":{"type":"Point","coordinates":[98.994562590000044,18.778662560000043]},"properties":{"OBJECTID":219,"idx":1794,"POINT_Y":18.778662560000001,"POINT_X":98.994562590000001,"name":"ถนนระแกง","kom":0,"kalae":2,"text_lanna":0,"total_detect":2}},{"type":"Feature","id":220,"geometry":{"type":"Point","coordinates":[98.991884560000074,18.778802530000064]},"properties":{"OBJECTID":220,"idx":1806,"POINT_Y":18.77880253,"POINT_X":98.991884560000003,"name":"ถนน ราชเชียงแสน 2","kom":0,"kalae":2,"text_lanna":0,"total_detect":2}},{"type":"Feature","id":221,"geometry":{"type":"Point","coordinates":[98.989961900000083,18.776654510000071]},"properties":{"OBJECTID":221,"idx":1813,"POINT_Y":18.77665451,"POINT_X":98.989961899999997,"name":"ถนน ราชเชียงแสน ซอย2","kom":0,"kalae":1,"text_lanna":1,"total_detect":2}},{"type":"Feature","id":222,"geometry":{"type":"Point","coordinates":[98.990717500000073,18.776723750000031]},"properties":{"OBJECTID":222,"idx":1817,"POINT_Y":18.776723749999999,"POINT_X":98.990717500000002,"name":"ถนน ราชเชียงแสน ซอย2","kom":0,"kalae":2,"text_lanna":0,"total_detect":2}},{"type":"Feature","id":223,"geometry":{"type":"Point","coordinates":[98.991028490000076,18.776747770000043]},"properties":{"OBJECTID":223,"idx":1818,"POINT_Y":18.77674777,"POINT_X":98.991028490000005,"name":"ถนน ราชเชียงแสน ซอย2","kom":0,"kalae":1,"text_lanna":0,"total_detect":1}},{"type":"Feature","id":224,"geometry":{"type":"Point","coordinates":[98.989762380000059,18.774057620000065]},"properties":{"OBJECTID":224,"idx":1824,"POINT_Y":18.774057620000001,"POINT_X":98.989762380000002,"name":"ถนนสุริยะวงษ์","kom":0,"kalae":1,"text_lanna":0,"total_detect":1}},{"type":"Feature","id":225,"geometry":{"type":"Point","coordinates":[98.989566330000059,18.774805750000041]},"properties":{"OBJECTID":225,"idx":1827,"POINT_Y":18.774805749999999,"POINT_X":98.989566330000002,"name":"ถนนสุริยะวงษ์","kom":8,"kalae":1,"text_lanna":0,"total_detect":9}},{"type":"Feature","id":226,"geometry":{"type":"Point","coordinates":[98.989480140000069,18.775204660000043]},"properties":{"OBJECTID":226,"idx":1829,"POINT_Y":18.77520466,"POINT_X":98.989480139999998,"name":"ถนนสุริยะวงษ์","kom":2,"kalae":16,"text_lanna":0,"total_detect":18}},{"type":"Feature","id":227,"geometry":{"type":"Point","coordinates":[98.989147480000042,18.776561610000044]},"properties":{"OBJECTID":227,"idx":1835,"POINT_Y":18.776561610000002,"POINT_X":98.98914748,"name":"ถนนสุริยะวงษ์","kom":0,"kalae":2,"text_lanna":0,"total_detect":2}},{"type":"Feature","id":228,"geometry":{"type":"Point","coordinates":[98.988935110000057,18.777668100000028]},"properties":{"OBJECTID":228,"idx":1839,"POINT_Y":18.7776681,"POINT_X":98.98893511,"name":"ถนนสุริยะวงษ์","kom":0,"kalae":1,"text_lanna":0,"total_detect":1}},{"type":"Feature","id":229,"geometry":{"type":"Point","coordinates":[98.98877243000004,18.778142900000034]},"properties":{"OBJECTID":229,"idx":1841,"POINT_Y":18.778142899999999,"POINT_X":98.988772429999997,"name":"ถนนสุริยะวงษ์","kom":0,"kalae":2,"text_lanna":0,"total_detect":2}},{"type":"Feature","id":230,"geometry":{"type":"Point","coordinates":[98.98843093000005,18.779189550000069]},"properties":{"OBJECTID":230,"idx":1845,"POINT_Y":18.779189550000002,"POINT_X":98.988430930000007,"name":"ถนนสุริยะวงษ์","kom":0,"kalae":2,"text_lanna":0,"total_detect":2}},{"type":"Feature","id":231,"geometry":{"type":"Point","coordinates":[98.982556160000058,18.775464290000059]},"properties":{"OBJECTID":231,"idx":1853,"POINT_Y":18.775464289999999,"POINT_X":98.982556160000001,"name":"ถนนนันทาราม","kom":0,"kalae":2,"text_lanna":0,"total_detect":2}},{"type":"Feature","id":232,"geometry":{"type":"Point","coordinates":[98.983310130000064,18.775301820000038]},"properties":{"OBJECTID":232,"idx":1857,"POINT_Y":18.775301819999999,"POINT_X":98.983310130000007,"name":"ถนนนันทาราม","kom":0,"kalae":1,"text_lanna":0,"total_detect":1}},{"type":"Feature","id":233,"geometry":{"type":"Point","coordinates":[98.978358240000034,18.77518198000007]},"properties":{"OBJECTID":233,"idx":1875,"POINT_Y":18.775181979999999,"POINT_X":98.978358240000006,"name":"ถนนหายยา","kom":0,"kalae":2,"text_lanna":0,"total_detect":2}},{"type":"Feature","id":234,"geometry":{"type":"Point","coordinates":[98.97623647000006,18.772713640000063]},"properties":{"OBJECTID":234,"idx":1886,"POINT_Y":18.772713639999999,"POINT_X":98.976236470000003,"name":"ถนนมหิดล","kom":0,"kalae":1,"text_lanna":0,"total_detect":1}},{"type":"Feature","id":235,"geometry":{"type":"Point","coordinates":[98.976098990000082,18.771487700000023]},"properties":{"OBJECTID":235,"idx":1892,"POINT_Y":18.771487700000002,"POINT_X":98.976098989999997,"name":"ถนนมหิดล","kom":0,"kalae":1,"text_lanna":0,"total_detect":1}},{"type":"Feature","id":236,"geometry":{"type":"Point","coordinates":[98.991933290000077,18.814709850000042]},"properties":{"OBJECTID":236,"idx":1901,"POINT_Y":18.81470985,"POINT_X":98.991933290000006,"name":"ถนนสุขเกษม","kom":0,"kalae":4,"text_lanna":0,"total_detect":4}},{"type":"Feature","id":237,"geometry":{"type":"Point","coordinates":[98.992306820000067,18.816346130000056]},"properties":{"OBJECTID":237,"idx":1915,"POINT_Y":18.816346129999999,"POINT_X":98.992306819999996,"name":"สุขเกษม ซอย 2","kom":0,"kalae":3,"text_lanna":0,"total_detect":3}},{"type":"Feature","id":238,"geometry":{"type":"Point","coordinates":[98.995499190000032,18.81559124000006]},"properties":{"OBJECTID":238,"idx":1928,"POINT_Y":18.81559124,"POINT_X":98.995499190000004,"name":null,"kom":0,"kalae":1,"text_lanna":0,"total_detect":1}},{"type":"Feature","id":239,"geometry":{"type":"Point","coordinates":[98.997603130000073,18.813508300000024]},"properties":{"OBJECTID":239,"idx":1942,"POINT_Y":18.813508299999999,"POINT_X":98.997603130000002,"name":"ถนนป่าตันงาม","kom":0,"kalae":2,"text_lanna":0,"total_detect":2}},{"type":"Feature","id":240,"geometry":{"type":"Point","coordinates":[98.997666830000071,18.814021790000027]},"properties":{"OBJECTID":240,"idx":1944,"POINT_Y":18.814021790000002,"POINT_X":98.99766683,"name":"ถนนป่าตันงาม","kom":0,"kalae":2,"text_lanna":0,"total_detect":2}},{"type":"Feature","id":241,"geometry":{"type":"Point","coordinates":[99.00050058000005,18.812983340000073]},"properties":{"OBJECTID":241,"idx":1963,"POINT_Y":18.812983339999999,"POINT_X":99.000500579999994,"name":null,"kom":0,"kalae":1,"text_lanna":0,"total_detect":1}},{"type":"Feature","id":242,"geometry":{"type":"Point","coordinates":[98.991617290000079,18.791674770000043]},"properties":{"OBJECTID":242,"idx":1969,"POINT_Y":18.79167477,"POINT_X":98.991617289999994,"name":"ถนนราชวิถี ซอย 1","kom":0,"kalae":1,"text_lanna":0,"total_detect":1}},{"type":"Feature","id":243,"geometry":{"type":"Point","coordinates":[98.980257550000033,18.783414270000037]},"properties":{"OBJECTID":243,"idx":1988,"POINT_Y":18.783414270000002,"POINT_X":98.980257550000005,"name":null,"kom":0,"kalae":1,"text_lanna":0,"total_detect":1}},{"type":"Feature","id":244,"geometry":{"type":"Point","coordinates":[98.97828577000007,18.784147910000058]},"properties":{"OBJECTID":244,"idx":1992,"POINT_Y":18.784147910000002,"POINT_X":98.978285769999999,"name":"ถนนสามล้าน ซอย 6","kom":0,"kalae":1,"text_lanna":0,"total_detect":1}},{"type":"Feature","id":245,"geometry":{"type":"Point","coordinates":[98.979877420000037,18.783946770000057]},"properties":{"OBJECTID":245,"idx":1998,"POINT_Y":18.78394677,"POINT_X":98.979877419999994,"name":"ถนนสามล้าน ซอย 6","kom":0,"kalae":1,"text_lanna":0,"total_detect":1}},{"type":"Feature","id":246,"geometry":{"type":"Point","coordinates":[98.987319110000044,18.783319050000046]},"properties":{"OBJECTID":246,"idx":2008,"POINT_Y":18.783319049999999,"POINT_X":98.987319110000001,"name":"ถนนพระปกเกล้า ซอย 4","kom":8,"kalae":2,"text_lanna":0,"total_detect":10}},{"type":"Feature","id":247,"geometry":{"type":"Point","coordinates":[98.987014530000067,18.783295340000052]},"properties":{"OBJECTID":247,"idx":2009,"POINT_Y":18.783295339999999,"POINT_X":98.987014529999996,"name":"ถนนพระปกเกล้า ซอย 4","kom":0,"kalae":1,"text_lanna":0,"total_detect":1}},{"type":"Feature","id":248,"geometry":{"type":"Point","coordinates":[98.990123130000086,18.789773970000056]},"properties":{"OBJECTID":248,"idx":2032,"POINT_Y":18.789773969999999,"POINT_X":98.990123130000001,"name":"ถนนราชภาคินัย","kom":0,"kalae":1,"text_lanna":0,"total_detect":1}},{"type":"Feature","id":249,"geometry":{"type":"Point","coordinates":[98.990128740000046,18.790450290000024]},"properties":{"OBJECTID":249,"idx":2035,"POINT_Y":18.790450289999999,"POINT_X":98.990128740000003,"name":"ถนนราชภาคินัย","kom":0,"kalae":1,"text_lanna":0,"total_detect":1}},{"type":"Feature","id":250,"geometry":{"type":"Point","coordinates":[98.99014088000007,18.790630680000049]},"properties":{"OBJECTID":250,"idx":2036,"POINT_Y":18.79063068,"POINT_X":98.990140879999998,"name":"ถนนราชภาคินัย","kom":0,"kalae":1,"text_lanna":0,"total_detect":1}},{"type":"Feature","id":251,"geometry":{"type":"Point","coordinates":[98.990127220000034,18.791323770000076]},"properties":{"OBJECTID":251,"idx":2038,"POINT_Y":18.791323770000002,"POINT_X":98.990127220000005,"name":"ถนนราชภาคินัย","kom":0,"kalae":1,"text_lanna":0,"total_detect":1}},{"type":"Feature","id":252,"geometry":{"type":"Point","coordinates":[98.977612760000056,18.77281744000004]},"properties":{"OBJECTID":252,"idx":2047,"POINT_Y":18.772817440000001,"POINT_X":98.97761276,"name":null,"kom":0,"kalae":2,"text_lanna":0,"total_detect":2}},{"type":"Feature","id":253,"geometry":{"type":"Point","coordinates":[98.978662990000032,18.772452770000029]},"properties":{"OBJECTID":253,"idx":2057,"POINT_Y":18.772452770000001,"POINT_X":98.978662990000004,"name":"ซอยบุญเมือง","kom":0,"kalae":1,"text_lanna":0,"total_detect":1}},{"type":"Feature","id":254,"geometry":{"type":"Point","coordinates":[98.980833300000086,18.772057840000059]},"properties":{"OBJECTID":254,"idx":2075,"POINT_Y":18.772057839999999,"POINT_X":98.9808333,"name":null,"kom":0,"kalae":1,"text_lanna":0,"total_detect":1}},{"type":"Feature","id":255,"geometry":{"type":"Point","coordinates":[98.981063200000051,18.770885480000061]},"properties":{"OBJECTID":255,"idx":2080,"POINT_Y":18.77088548,"POINT_X":98.981063199999994,"name":null,"kom":0,"kalae":2,"text_lanna":0,"total_detect":2}},{"type":"Feature","id":256,"geometry":{"type":"Point","coordinates":[98.981077070000083,18.770705200000066]},"properties":{"OBJECTID":256,"idx":2081,"POINT_Y":18.770705199999998,"POINT_X":98.981077069999998,"name":null,"kom":0,"kalae":1,"text_lanna":0,"total_detect":1}},{"type":"Feature","id":257,"geometry":{"type":"Point","coordinates":[98.978883460000077,18.77397263000006]},"properties":{"OBJECTID":257,"idx":2083,"POINT_Y":18.773972629999999,"POINT_X":98.978883460000006,"name":null,"kom":0,"kalae":3,"text_lanna":0,"total_detect":3}},{"type":"Feature","id":258,"geometry":{"type":"Point","coordinates":[98.979924750000066,18.777745480000078]},"properties":{"OBJECTID":258,"idx":2093,"POINT_Y":18.77774548,"POINT_X":98.979924749999995,"name":"หมู่บ้านระมิงค์นิเวศน์","kom":0,"kalae":1,"text_lanna":0,"total_detect":1}},{"type":"Feature","id":259,"geometry":{"type":"Point","coordinates":[98.980464550000079,18.777720370000054]},"properties":{"OBJECTID":259,"idx":2095,"POINT_Y":18.777720370000001,"POINT_X":98.980464549999994,"name":"หมู่บ้านระมิงค์นิเวศน์","kom":0,"kalae":4,"text_lanna":0,"total_detect":4}},{"type":"Feature","id":260,"geometry":{"type":"Point","coordinates":[98.978720220000071,18.776800920000028]},"properties":{"OBJECTID":260,"idx":2106,"POINT_Y":18.776800919999999,"POINT_X":98.97872022,"name":null,"kom":0,"kalae":1,"text_lanna":0,"total_detect":1}},{"type":"Feature","id":261,"geometry":{"type":"Point","coordinates":[98.978901840000049,18.776853330000051]},"properties":{"OBJECTID":261,"idx":2107,"POINT_Y":18.776853330000002,"POINT_X":98.978901840000006,"name":null,"kom":0,"kalae":3,"text_lanna":0,"total_detect":3}},{"type":"Feature","id":262,"geometry":{"type":"Point","coordinates":[98.978039640000077,18.776761130000068]},"properties":{"OBJECTID":262,"idx":2113,"POINT_Y":18.776761130000001,"POINT_X":98.978039640000006,"name":null,"kom":0,"kalae":2,"text_lanna":0,"total_detect":2}},{"type":"Feature","id":263,"geometry":{"type":"Point","coordinates":[98.979473340000084,18.777081150000072]},"properties":{"OBJECTID":263,"idx":2116,"POINT_Y":18.777081150000001,"POINT_X":98.979473339999998,"name":null,"kom":6,"kalae":1,"text_lanna":0,"total_detect":7}},{"type":"Feature","id":264,"geometry":{"type":"Point","coordinates":[98.984673130000033,18.768661300000076]},"properties":{"OBJECTID":264,"idx":2133,"POINT_Y":18.768661300000002,"POINT_X":98.984673130000004,"name":"ถนนศรีปิงเมือง","kom":0,"kalae":1,"text_lanna":0,"total_detect":1}},{"type":"Feature","id":265,"geometry":{"type":"Point","coordinates":[98.982628700000078,18.771837920000053]},"properties":{"OBJECTID":265,"idx":2142,"POINT_Y":18.771837919999999,"POINT_X":98.982628700000006,"name":"ถนนศรีปิงเมือง","kom":0,"kalae":1,"text_lanna":0,"total_detect":1}},{"type":"Feature","id":266,"geometry":{"type":"Point","coordinates":[98.982436700000051,18.772319540000069]},"properties":{"OBJECTID":266,"idx":2144,"POINT_Y":18.772319540000002,"POINT_X":98.982436699999994,"name":"ถนนศรีปิงเมือง","kom":0,"kalae":5,"text_lanna":0,"total_detect":5}},{"type":"Feature","id":267,"geometry":{"type":"Point","coordinates":[98.982405890000052,18.772508560000063]},"properties":{"OBJECTID":267,"idx":2145,"POINT_Y":18.772508559999999,"POINT_X":98.982405889999995,"name":"ถนนศรีปิงเมือง","kom":0,"kalae":1,"text_lanna":0,"total_detect":1}},{"type":"Feature","id":268,"geometry":{"type":"Point","coordinates":[98.982304440000064,18.77324942000007]},"properties":{"OBJECTID":268,"idx":2148,"POINT_Y":18.773249419999999,"POINT_X":98.982304439999993,"name":"ถนนศรีปิงเมือง","kom":0,"kalae":3,"text_lanna":0,"total_detect":3}},{"type":"Feature","id":269,"geometry":{"type":"Point","coordinates":[98.984903620000068,18.779252650000046]},"properties":{"OBJECTID":269,"idx":2159,"POINT_Y":18.77925265,"POINT_X":98.984903619999997,"name":"ถนนวัวลาย ซอย 2","kom":0,"kalae":2,"text_lanna":0,"total_detect":2}},{"type":"Feature","id":270,"geometry":{"type":"Point","coordinates":[98.982827520000058,18.77994072000007]},"properties":{"OBJECTID":270,"idx":2166,"POINT_Y":18.779940719999999,"POINT_X":98.982827520000001,"name":"ถนนวัวลาย ซอย 2","kom":0,"kalae":1,"text_lanna":0,"total_detect":1}},{"type":"Feature","id":271,"geometry":{"type":"Point","coordinates":[98.982189980000044,18.78014974000007]},"properties":{"OBJECTID":271,"idx":2168,"POINT_Y":18.780149739999999,"POINT_X":98.982189980000001,"name":"ถนนวัวลาย ซอย 2","kom":0,"kalae":2,"text_lanna":0,"total_detect":2}},{"type":"Feature","id":272,"geometry":{"type":"Point","coordinates":[98.986054730000035,18.779026010000052]},"properties":{"OBJECTID":272,"idx":2176,"POINT_Y":18.779026009999999,"POINT_X":98.986054730000006,"name":"ถนนวัวลาย ซอย 1","kom":0,"kalae":1,"text_lanna":0,"total_detect":1}},{"type":"Feature","id":273,"geometry":{"type":"Point","coordinates":[98.978918090000036,18.792008760000044]},"properties":{"OBJECTID":273,"idx":2194,"POINT_Y":18.792008760000002,"POINT_X":98.978918089999993,"name":"ถนนอารักษ์ 3","kom":0,"kalae":1,"text_lanna":0,"total_detect":1}},{"type":"Feature","id":274,"geometry":{"type":"Point","coordinates":[98.972423210000045,18.788625110000055]},"properties":{"OBJECTID":274,"idx":2197,"POINT_Y":18.788625110000002,"POINT_X":98.972423210000002,"name":"ซอย ทานตะวัน","kom":0,"kalae":1,"text_lanna":0,"total_detect":1}},{"type":"Feature","id":275,"geometry":{"type":"Point","coordinates":[98.972416320000036,18.788082880000047]},"properties":{"OBJECTID":275,"idx":2200,"POINT_Y":18.788082880000001,"POINT_X":98.972416319999994,"name":"ซอย ทานตะวัน","kom":0,"kalae":1,"text_lanna":1,"total_detect":2}},{"type":"Feature","id":276,"geometry":{"type":"Point","coordinates":[98.972421000000054,18.787790340000072]},"properties":{"OBJECTID":276,"idx":2201,"POINT_Y":18.787790340000001,"POINT_X":98.972420999999997,"name":"ซอย ทานตะวัน","kom":0,"kalae":2,"text_lanna":0,"total_detect":2}},{"type":"Feature","id":277,"geometry":{"type":"Point","coordinates":[98.971127370000033,18.785230660000025]},"properties":{"OBJECTID":277,"idx":2208,"POINT_Y":18.78523066,"POINT_X":98.971127370000005,"name":"สิโรรส ซอย 3","kom":0,"kalae":1,"text_lanna":0,"total_detect":1}},{"type":"Feature","id":278,"geometry":{"type":"Point","coordinates":[98.971460980000074,18.785193280000044]},"properties":{"OBJECTID":278,"idx":2209,"POINT_Y":18.785193280000001,"POINT_X":98.971460980000003,"name":"สิโรรส ซอย 3","kom":0,"kalae":2,"text_lanna":0,"total_detect":2}},{"type":"Feature","id":279,"geometry":{"type":"Point","coordinates":[98.992366900000036,18.794591810000043]},"properties":{"OBJECTID":279,"idx":2226,"POINT_Y":18.79459181,"POINT_X":98.992366899999993,"name":"ถนนศรีภูมิ ซอย 1","kom":0,"kalae":2,"text_lanna":0,"total_detect":2}},{"type":"Feature","id":280,"geometry":{"type":"Point","coordinates":[98.970780470000079,18.796014500000069]},"properties":{"OBJECTID":280,"idx":2242,"POINT_Y":18.796014499999998,"POINT_X":98.970780469999994,"name":"ถนนศิริมังคลาจารย์","kom":0,"kalae":1,"text_lanna":0,"total_detect":1}},{"type":"Feature","id":281,"geometry":{"type":"Point","coordinates":[98.970790540000053,18.796195010000076]},"properties":{"OBJECTID":281,"idx":2243,"POINT_Y":18.796195010000002,"POINT_X":98.970790539999996,"name":"ถนนศิริมังคลาจารย์","kom":0,"kalae":2,"text_lanna":0,"total_detect":2}},{"type":"Feature","id":282,"geometry":{"type":"Point","coordinates":[98.970878050000067,18.797239130000037]},"properties":{"OBJECTID":282,"idx":2247,"POINT_Y":18.797239130000001,"POINT_X":98.970878049999996,"name":"ถนนศิริมังคลาจารย์","kom":0,"kalae":1,"text_lanna":0,"total_detect":1}},{"type":"Feature","id":283,"geometry":{"type":"Point","coordinates":[98.980288420000079,18.784594940000034]},"properties":{"OBJECTID":283,"idx":2253,"POINT_Y":18.784594940000002,"POINT_X":98.980288419999994,"name":"ถนนสามล้าน ซอย 3","kom":0,"kalae":1,"text_lanna":0,"total_detect":1}},{"type":"Feature","id":284,"geometry":{"type":"Point","coordinates":[98.978649890000042,18.796889220000025]},"properties":{"OBJECTID":284,"idx":2257,"POINT_Y":18.796889220000001,"POINT_X":98.97864989,"name":"ถนนห้วยแก้ว","kom":0,"kalae":2,"text_lanna":0,"total_detect":2}},{"type":"Feature","id":285,"geometry":{"type":"Point","coordinates":[98.978964980000057,18.797558860000038]},"properties":{"OBJECTID":285,"idx":2261,"POINT_Y":18.797558859999999,"POINT_X":98.978964980000001,"name":"ถนนห้วยแก้ว","kom":0,"kalae":4,"text_lanna":0,"total_detect":4}},{"type":"Feature","id":286,"geometry":{"type":"Point","coordinates":[98.987775380000073,18.804360970000062]},"properties":{"OBJECTID":286,"idx":2301,"POINT_Y":18.804360970000001,"POINT_X":98.987775380000002,"name":"ถนน กู่เต้า","kom":0,"kalae":10,"text_lanna":0,"total_detect":10}},{"type":"Feature","id":287,"geometry":{"type":"Point","coordinates":[98.99933929000008,18.793047610000031]},"properties":{"OBJECTID":287,"idx":2323,"POINT_Y":18.793047609999999,"POINT_X":98.999339289999995,"name":"ถนนท้ายวัง","kom":0,"kalae":1,"text_lanna":0,"total_detect":1}},{"type":"Feature","id":288,"geometry":{"type":"Point","coordinates":[98.998010850000071,18.776562180000042]},"properties":{"OBJECTID":288,"idx":2326,"POINT_Y":18.776562179999999,"POINT_X":98.99801085,"name":"ถนนประชาสัมพันธ์ ซอย2","kom":0,"kalae":4,"text_lanna":0,"total_detect":4}},{"type":"Feature","id":289,"geometry":{"type":"Point","coordinates":[98.99817610000008,18.776473310000029]},"properties":{"OBJECTID":289,"idx":2327,"POINT_Y":18.77647331,"POINT_X":98.998176099999995,"name":"ถนนประชาสัมพันธ์ ซอย2","kom":0,"kalae":1,"text_lanna":0,"total_detect":1}},{"type":"Feature","id":290,"geometry":{"type":"Point","coordinates":[98.999050240000088,18.779150430000072]},"properties":{"OBJECTID":290,"idx":2338,"POINT_Y":18.779150430000001,"POINT_X":98.999050240000003,"name":"ถนนประชาสัมพันธ์","kom":0,"kalae":1,"text_lanna":0,"total_detect":1}},{"type":"Feature","id":291,"geometry":{"type":"Point","coordinates":[98.998802030000036,18.778693980000071]},"properties":{"OBJECTID":291,"idx":2340,"POINT_Y":18.77869398,"POINT_X":98.998802029999993,"name":"ถนนประชาสัมพันธ์","kom":0,"kalae":1,"text_lanna":0,"total_detect":1}},{"type":"Feature","id":292,"geometry":{"type":"Point","coordinates":[98.995570640000039,18.774798780000026]},"properties":{"OBJECTID":292,"idx":2362,"POINT_Y":18.774798780000001,"POINT_X":98.995570639999997,"name":"ถนนเวียงพิงค์","kom":0,"kalae":1,"text_lanna":0,"total_detect":1}},{"type":"Feature","id":293,"geometry":{"type":"Point","coordinates":[98.995796680000069,18.775014400000032]},"properties":{"OBJECTID":293,"idx":2363,"POINT_Y":18.7750144,"POINT_X":98.995796679999998,"name":"ถนนเวียงพิงค์","kom":0,"kalae":1,"text_lanna":0,"total_detect":1}},{"type":"Feature","id":294,"geometry":{"type":"Point","coordinates":[98.996644940000067,18.775831710000034]},"properties":{"OBJECTID":294,"idx":2368,"POINT_Y":18.775831709999999,"POINT_X":98.996644939999996,"name":"ถนนเวียงพิงค์","kom":1,"kalae":2,"text_lanna":0,"total_detect":3}},{"type":"Feature","id":295,"geometry":{"type":"Point","coordinates":[98.992018010000038,18.778594010000063]},"properties":{"OBJECTID":295,"idx":2373,"POINT_Y":18.778594009999999,"POINT_X":98.992018009999995,"name":"ถนนราชเชียงแสน 2ก","kom":0,"kalae":1,"text_lanna":0,"total_detect":1}},{"type":"Feature","id":296,"geometry":{"type":"Point","coordinates":[98.993668900000046,18.778216060000034]},"properties":{"OBJECTID":296,"idx":2380,"POINT_Y":18.778216059999998,"POINT_X":98.993668900000003,"name":"ถนนราชเชียงแสน 2ก","kom":0,"kalae":1,"text_lanna":0,"total_detect":1}},{"type":"Feature","id":297,"geometry":{"type":"Point","coordinates":[98.998128410000049,18.796349000000077]},"properties":{"OBJECTID":297,"idx":2386,"POINT_Y":18.796348999999999,"POINT_X":98.998128410000007,"name":null,"kom":0,"kalae":1,"text_lanna":0,"total_detect":1}},{"type":"Feature","id":298,"geometry":{"type":"Point","coordinates":[98.996841850000067,18.796664660000033]},"properties":{"OBJECTID":298,"idx":2393,"POINT_Y":18.796664660000001,"POINT_X":98.996841849999996,"name":null,"kom":0,"kalae":4,"text_lanna":0,"total_detect":4}},{"type":"Feature","id":299,"geometry":{"type":"Point","coordinates":[98.99836909000004,18.796562280000046]},"properties":{"OBJECTID":299,"idx":2396,"POINT_Y":18.79656228,"POINT_X":98.998369089999997,"name":null,"kom":2,"kalae":2,"text_lanna":0,"total_detect":4}},{"type":"Feature","id":300,"geometry":{"type":"Point","coordinates":[98.993916650000074,18.784423340000046]},"properties":{"OBJECTID":300,"idx":2407,"POINT_Y":18.78442334,"POINT_X":98.993916650000003,"name":null,"kom":0,"kalae":2,"text_lanna":0,"total_detect":2}},{"type":"Feature","id":301,"geometry":{"type":"Point","coordinates":[98.980337820000045,18.788565960000028]},"properties":{"OBJECTID":301,"idx":2413,"POINT_Y":18.78856596,"POINT_X":98.980337820000003,"name":"ถนนราชมรรคา ซอย 9","kom":0,"kalae":1,"text_lanna":0,"total_detect":1}},{"type":"Feature","id":302,"geometry":{"type":"Point","coordinates":[98.996661880000033,18.782030100000043]},"properties":{"OBJECTID":302,"idx":2440,"POINT_Y":18.7820301,"POINT_X":98.996661880000005,"name":"ถนนลอยเคราะห์ 3","kom":0,"kalae":2,"text_lanna":0,"total_detect":2}},{"type":"Feature","id":303,"geometry":{"type":"Point","coordinates":[98.996830460000069,18.78317203000006]},"properties":{"OBJECTID":303,"idx":2445,"POINT_Y":18.783172029999999,"POINT_X":98.996830459999998,"name":"ถนนลอยเคราะห์ 3","kom":0,"kalae":1,"text_lanna":0,"total_detect":1}},{"type":"Feature","id":304,"geometry":{"type":"Point","coordinates":[98.99751002000005,18.783529600000065]},"properties":{"OBJECTID":304,"idx":2454,"POINT_Y":18.783529600000001,"POINT_X":98.997510020000007,"name":"ถนนลอยเคราะห์ ซอย 3ก","kom":0,"kalae":2,"text_lanna":0,"total_detect":2}},{"type":"Feature","id":305,"geometry":{"type":"Point","coordinates":[98.99357918000004,18.769666390000054]},"properties":{"OBJECTID":305,"idx":2468,"POINT_Y":18.769666390000001,"POINT_X":98.993579179999998,"name":"ถนนศรีจันทร์ดร","kom":0,"kalae":1,"text_lanna":0,"total_detect":1}},{"type":"Feature","id":306,"geometry":{"type":"Point","coordinates":[98.995974120000085,18.769836220000059]},"properties":{"OBJECTID":306,"idx":2479,"POINT_Y":18.769836219999998,"POINT_X":98.99597412,"name":"ถนนศรีจันทร์ดร","kom":0,"kalae":1,"text_lanna":0,"total_detect":1}},{"type":"Feature","id":307,"geometry":{"type":"Point","coordinates":[98.997053470000083,18.772976460000052]},"properties":{"OBJECTID":307,"idx":2489,"POINT_Y":18.772976459999999,"POINT_X":98.997053469999997,"name":"ถนนศรีจันทร์ดร","kom":0,"kalae":2,"text_lanna":0,"total_detect":2}},{"type":"Feature","id":308,"geometry":{"type":"Point","coordinates":[98.993712810000034,18.771051510000063]},"properties":{"OBJECTID":308,"idx":2504,"POINT_Y":18.771051509999999,"POINT_X":98.993712810000005,"name":null,"kom":0,"kalae":1,"text_lanna":0,"total_detect":1}},{"type":"Feature","id":309,"geometry":{"type":"Point","coordinates":[98.993302100000051,18.770236780000062]},"properties":{"OBJECTID":309,"idx":2509,"POINT_Y":18.770236780000001,"POINT_X":98.993302099999994,"name":null,"kom":0,"kalae":2,"text_lanna":0,"total_detect":2}},{"type":"Feature","id":310,"geometry":{"type":"Point","coordinates":[98.993219960000033,18.770073830000058]},"properties":{"OBJECTID":310,"idx":2510,"POINT_Y":18.770073830000001,"POINT_X":98.993219960000005,"name":null,"kom":0,"kalae":1,"text_lanna":0,"total_detect":1}},{"type":"Feature","id":311,"geometry":{"type":"Point","coordinates":[98.994162890000041,18.77224244000007]},"properties":{"OBJECTID":311,"idx":2511,"POINT_Y":18.772242439999999,"POINT_X":98.994162889999998,"name":null,"kom":0,"kalae":1,"text_lanna":0,"total_detect":1}},{"type":"Feature","id":312,"geometry":{"type":"Point","coordinates":[98.994007190000048,18.776692290000028]},"properties":{"OBJECTID":312,"idx":2516,"POINT_Y":18.77669229,"POINT_X":98.994007190000005,"name":"ถนนกำแพงดิน ซอย 3","kom":0,"kalae":1,"text_lanna":0,"total_detect":1}},{"type":"Feature","id":313,"geometry":{"type":"Point","coordinates":[98.990735140000083,18.774617520000049]},"properties":{"OBJECTID":313,"idx":2522,"POINT_Y":18.77461752,"POINT_X":98.990735139999998,"name":"ถนน สุริยวงศ์ ซอย 5","kom":0,"kalae":3,"text_lanna":0,"total_detect":3}},{"type":"Feature","id":314,"geometry":{"type":"Point","coordinates":[98.992051290000063,18.775274030000048]},"properties":{"OBJECTID":314,"idx":2528,"POINT_Y":18.775274029999999,"POINT_X":98.992051290000006,"name":"ถนน สุริยวงศ์ ซอย 5","kom":0,"kalae":2,"text_lanna":0,"total_detect":2}},{"type":"Feature","id":315,"geometry":{"type":"Point","coordinates":[98.992863760000034,18.776243260000058]},"properties":{"OBJECTID":315,"idx":2533,"POINT_Y":18.776243260000001,"POINT_X":98.992863760000006,"name":"ถนน สุริยวงศ์ ซอย 5","kom":0,"kalae":2,"text_lanna":0,"total_detect":2}},{"type":"Feature","id":316,"geometry":{"type":"Point","coordinates":[98.99087835000006,18.780162050000058]},"properties":{"OBJECTID":316,"idx":2557,"POINT_Y":18.780162050000001,"POINT_X":98.990878350000003,"name":"ถนน ราชเชียงแสน ซอย1ก","kom":0,"kalae":1,"text_lanna":0,"total_detect":1}},{"type":"Feature","id":317,"geometry":{"type":"Point","coordinates":[99.008724280000081,18.786349130000076]},"properties":{"OBJECTID":317,"idx":2563,"POINT_Y":18.786349130000001,"POINT_X":99.008724279999996,"name":"ถนนนายพล","kom":0,"kalae":2,"text_lanna":0,"total_detect":2}},{"type":"Feature","id":318,"geometry":{"type":"Point","coordinates":[99.008722840000075,18.786594250000064]},"properties":{"OBJECTID":318,"idx":2564,"POINT_Y":18.78659425,"POINT_X":99.008722840000004,"name":"ถนนนายพล","kom":0,"kalae":1,"text_lanna":0,"total_detect":1}},{"type":"Feature","id":319,"geometry":{"type":"Point","coordinates":[99.01106905000006,18.784623080000074]},"properties":{"OBJECTID":319,"idx":2577,"POINT_Y":18.784623079999999,"POINT_X":99.011069050000003,"name":"ถนน สันนาลุง","kom":3,"kalae":1,"text_lanna":0,"total_detect":4}},{"type":"Feature","id":320,"geometry":{"type":"Point","coordinates":[99.009671380000043,18.785387870000022]},"properties":{"OBJECTID":320,"idx":2585,"POINT_Y":18.785387870000001,"POINT_X":99.00967138,"name":"ถนน สันนาลุง","kom":4,"kalae":1,"text_lanna":0,"total_detect":5}},{"type":"Feature","id":321,"geometry":{"type":"Point","coordinates":[99.012769910000031,18.785779390000073]},"properties":{"OBJECTID":321,"idx":2598,"POINT_Y":18.785779389999998,"POINT_X":99.012769910000003,"name":"ถนนเจริญเมือง ซอย3","kom":0,"kalae":2,"text_lanna":0,"total_detect":2}},{"type":"Feature","id":322,"geometry":{"type":"Point","coordinates":[99.012830970000039,18.786134460000028]},"properties":{"OBJECTID":322,"idx":2599,"POINT_Y":18.78613446,"POINT_X":99.012830969999996,"name":"ถนนเจริญเมือง ซอย3","kom":0,"kalae":10,"text_lanna":0,"total_detect":10}},{"type":"Feature","id":323,"geometry":{"type":"Point","coordinates":[99.016328990000034,18.778395060000037]},"properties":{"OBJECTID":323,"idx":2602,"POINT_Y":18.778395060000001,"POINT_X":99.016328990000005,"name":"ถนน สันนาลุง","kom":0,"kalae":1,"text_lanna":0,"total_detect":1}},{"type":"Feature","id":324,"geometry":{"type":"Point","coordinates":[99.016113330000053,18.778603600000054]},"properties":{"OBJECTID":324,"idx":2603,"POINT_Y":18.7786036,"POINT_X":99.016113329999996,"name":"ถนน สันนาลุง","kom":0,"kalae":1,"text_lanna":0,"total_detect":1}},{"type":"Feature","id":325,"geometry":{"type":"Point","coordinates":[99.013370730000076,18.782993910000073]},"properties":{"OBJECTID":325,"idx":2621,"POINT_Y":18.782993909999998,"POINT_X":99.013370730000005,"name":"ถนน สันนาลุง","kom":0,"kalae":1,"text_lanna":0,"total_detect":1}},{"type":"Feature","id":326,"geometry":{"type":"Point","coordinates":[99.014555140000084,18.782910550000054]},"properties":{"OBJECTID":326,"idx":2630,"POINT_Y":18.78291055,"POINT_X":99.014555139999999,"name":"ถนนกองทราย","kom":2,"kalae":5,"text_lanna":0,"total_detect":7}},{"type":"Feature","id":327,"geometry":{"type":"Point","coordinates":[99.015009340000063,18.782801340000049]},"properties":{"OBJECTID":327,"idx":2632,"POINT_Y":18.782801339999999,"POINT_X":99.015009340000006,"name":"ถนนกองทราย","kom":0,"kalae":2,"text_lanna":1,"total_detect":3}},{"type":"Feature","id":328,"geometry":{"type":"Point","coordinates":[99.015743570000041,18.782453020000048]},"properties":{"OBJECTID":328,"idx":2645,"POINT_Y":18.782453019999998,"POINT_X":99.015743569999998,"name":"กองทราย ซอย 1","kom":0,"kalae":1,"text_lanna":0,"total_detect":1}},{"type":"Feature","id":329,"geometry":{"type":"Point","coordinates":[99.015399390000084,18.774464090000038]},"properties":{"OBJECTID":329,"idx":2652,"POINT_Y":18.774464089999999,"POINT_X":99.015399389999999,"name":null,"kom":0,"kalae":1,"text_lanna":0,"total_detect":1}},{"type":"Feature","id":330,"geometry":{"type":"Point","coordinates":[99.015163880000046,18.770578520000072]},"properties":{"OBJECTID":330,"idx":2656,"POINT_Y":18.770578520000001,"POINT_X":99.015163880000003,"name":"ถนนราษฎร์อุทิศ ซอย 8","kom":0,"kalae":1,"text_lanna":0,"total_detect":1}},{"type":"Feature","id":331,"geometry":{"type":"Point","coordinates":[99.015697040000077,18.772659820000058]},"properties":{"OBJECTID":331,"idx":2666,"POINT_Y":18.772659820000001,"POINT_X":99.015697040000006,"name":"ถนนราษฎร์อุทิศ ซอย 8","kom":1,"kalae":2,"text_lanna":0,"total_detect":3}},{"type":"Feature","id":332,"geometry":{"type":"Point","coordinates":[99.017071840000085,18.772630020000065]},"properties":{"OBJECTID":332,"idx":2684,"POINT_Y":18.772630020000001,"POINT_X":99.01707184,"name":null,"kom":0,"kalae":1,"text_lanna":2,"total_detect":3}},{"type":"Feature","id":333,"geometry":{"type":"Point","coordinates":[99.017055290000087,18.77195295000007]},"properties":{"OBJECTID":333,"idx":2687,"POINT_Y":18.771952949999999,"POINT_X":99.017055290000002,"name":null,"kom":0,"kalae":1,"text_lanna":0,"total_detect":1}},{"type":"Feature","id":334,"geometry":{"type":"Point","coordinates":[99.017050830000073,18.771229930000061]},"properties":{"OBJECTID":334,"idx":2691,"POINT_Y":18.771229930000001,"POINT_X":99.017050830000002,"name":null,"kom":0,"kalae":3,"text_lanna":0,"total_detect":3}},{"type":"Feature","id":335,"geometry":{"type":"Point","coordinates":[99.013511010000059,18.771449300000029]},"properties":{"OBJECTID":335,"idx":2703,"POINT_Y":18.7714493,"POINT_X":99.013511010000002,"name":"ถนนราษฎร์อุทิศ ซอย 8","kom":0,"kalae":2,"text_lanna":0,"total_detect":2}},{"type":"Feature","id":336,"geometry":{"type":"Point","coordinates":[99.015418870000076,18.769237520000047]},"properties":{"OBJECTID":336,"idx":2716,"POINT_Y":18.769237520000001,"POINT_X":99.015418870000005,"name":null,"kom":0,"kalae":1,"text_lanna":0,"total_detect":1}},{"type":"Feature","id":337,"geometry":{"type":"Point","coordinates":[99.015600830000039,18.769186230000059]},"properties":{"OBJECTID":337,"idx":2717,"POINT_Y":18.769186229999999,"POINT_X":99.015600829999997,"name":null,"kom":0,"kalae":2,"text_lanna":0,"total_detect":2}},{"type":"Feature","id":338,"geometry":{"type":"Point","coordinates":[99.018364050000059,18.780396990000042]},"properties":{"OBJECTID":338,"idx":2726,"POINT_Y":18.78039699,"POINT_X":99.018364050000002,"name":null,"kom":0,"kalae":2,"text_lanna":0,"total_detect":2}},{"type":"Feature","id":339,"geometry":{"type":"Point","coordinates":[99.022931910000068,18.781835140000055]},"properties":{"OBJECTID":339,"idx":2753,"POINT_Y":18.781835139999998,"POINT_X":99.022931909999997,"name":"ถนนเจริญเมือง ซอย 7","kom":0,"kalae":1,"text_lanna":0,"total_detect":1}},{"type":"Feature","id":340,"geometry":{"type":"Point","coordinates":[98.976528510000037,18.795861650000063]},"properties":{"OBJECTID":340,"idx":2775,"POINT_Y":18.795861649999999,"POINT_X":98.976528509999994,"name":null,"kom":0,"kalae":2,"text_lanna":0,"total_detect":2}},{"type":"Feature","id":341,"geometry":{"type":"Point","coordinates":[98.974410190000071,18.796097090000046]},"properties":{"OBJECTID":341,"idx":2779,"POINT_Y":18.79609709,"POINT_X":98.97441019,"name":null,"kom":0,"kalae":1,"text_lanna":0,"total_detect":1}},{"type":"Feature","id":342,"geometry":{"type":"Point","coordinates":[98.972239720000061,18.795159100000035]},"properties":{"OBJECTID":342,"idx":2791,"POINT_Y":18.795159099999999,"POINT_X":98.972239720000005,"name":"ถนนศิริมังคลาจารย์ ซอย 7","kom":0,"kalae":1,"text_lanna":0,"total_detect":1}},{"type":"Feature","id":343,"geometry":{"type":"Point","coordinates":[98.972605550000083,18.795962880000047]},"properties":{"OBJECTID":343,"idx":2803,"POINT_Y":18.795962880000001,"POINT_X":98.972605549999997,"name":"ถนนศิริมังคลาจารย์ ซอย 3","kom":0,"kalae":1,"text_lanna":0,"total_detect":1}},{"type":"Feature","id":344,"geometry":{"type":"Point","coordinates":[98.972232210000072,18.796028170000056]},"properties":{"OBJECTID":344,"idx":2805,"POINT_Y":18.79602817,"POINT_X":98.972232210000001,"name":"ถนนศิริมังคลาจารย์ ซอย 3","kom":0,"kalae":1,"text_lanna":0,"total_detect":1}},{"type":"Feature","id":345,"geometry":{"type":"Point","coordinates":[98.97159208000005,18.795694470000058]},"properties":{"OBJECTID":345,"idx":2823,"POINT_Y":18.795694470000001,"POINT_X":98.971592079999994,"name":"ถนนศิริมังคลาจารย์ ซอย 5","kom":0,"kalae":1,"text_lanna":0,"total_detect":1}},{"type":"Feature","id":346,"geometry":{"type":"Point","coordinates":[98.971487340000067,18.793879180000033]},"properties":{"OBJECTID":346,"idx":2856,"POINT_Y":18.793879180000001,"POINT_X":98.971487339999996,"name":"ถนนศิริมังคลาจารย์ ซอย 11","kom":0,"kalae":4,"text_lanna":0,"total_detect":4}},{"type":"Feature","id":347,"geometry":{"type":"Point","coordinates":[98.972570610000048,18.79359235000004]},"properties":{"OBJECTID":347,"idx":2861,"POINT_Y":18.793592350000001,"POINT_X":98.972570610000005,"name":"ถนนศิริมังคลาจารย์ ซอย 11","kom":0,"kalae":2,"text_lanna":0,"total_detect":2}},{"type":"Feature","id":348,"geometry":{"type":"Point","coordinates":[98.972753180000041,18.793542970000033]},"properties":{"OBJECTID":348,"idx":2862,"POINT_Y":18.793542970000001,"POINT_X":98.972753179999998,"name":"ถนนศิริมังคลาจารย์ ซอย 11","kom":0,"kalae":1,"text_lanna":0,"total_detect":1}},{"type":"Feature","id":349,"geometry":{"type":"Point","coordinates":[98.971851170000036,18.795044330000053]},"properties":{"OBJECTID":349,"idx":2884,"POINT_Y":18.79504433,"POINT_X":98.971851169999994,"name":null,"kom":0,"kalae":1,"text_lanna":0,"total_detect":1}},{"type":"Feature","id":350,"geometry":{"type":"Point","coordinates":[98.966587470000036,18.793581860000074]},"properties":{"OBJECTID":350,"idx":2893,"POINT_Y":18.79358186,"POINT_X":98.966587469999993,"name":"ถนนสาย 26","kom":0,"kalae":1,"text_lanna":0,"total_detect":1}},{"type":"Feature","id":351,"geometry":{"type":"Point","coordinates":[98.968116640000062,18.793281660000048]},"properties":{"OBJECTID":351,"idx":2898,"POINT_Y":18.793281660000002,"POINT_X":98.968116640000005,"name":"ถนนสาย 26","kom":0,"kalae":1,"text_lanna":0,"total_detect":1}},{"type":"Feature","id":352,"geometry":{"type":"Point","coordinates":[98.955142780000074,18.796234280000078]},"properties":{"OBJECTID":352,"idx":2913,"POINT_Y":18.79623428,"POINT_X":98.955142780000003,"name":"ซอยเชียงราย 2","kom":0,"kalae":2,"text_lanna":0,"total_detect":2}},{"type":"Feature","id":353,"geometry":{"type":"Point","coordinates":[98.956544270000052,18.796040230000074]},"properties":{"OBJECTID":353,"idx":2919,"POINT_Y":18.796040229999999,"POINT_X":98.956544269999995,"name":"ซอยเชียงราย 2","kom":5,"kalae":1,"text_lanna":0,"total_detect":6}},{"type":"Feature","id":354,"geometry":{"type":"Point","coordinates":[98.955259280000064,18.798013770000068]},"properties":{"OBJECTID":354,"idx":2942,"POINT_Y":18.798013770000001,"POINT_X":98.955259280000007,"name":"ซอย ๔๐๑ วังเหนึอ","kom":1,"kalae":1,"text_lanna":0,"total_detect":2}},{"type":"Feature","id":355,"geometry":{"type":"Point","coordinates":[98.954356940000082,18.797889250000026]},"properties":{"OBJECTID":355,"idx":2966,"POINT_Y":18.797889250000001,"POINT_X":98.954356939999997,"name":"ซอย ๑๐๘ สันป่ตอง","kom":0,"kalae":1,"text_lanna":0,"total_detect":1}},{"type":"Feature","id":356,"geometry":{"type":"Point","coordinates":[98.954361980000044,18.796762860000058]},"properties":{"OBJECTID":356,"idx":2971,"POINT_Y":18.796762860000001,"POINT_X":98.954361980000002,"name":"ซอย ๑๐๘ สันป่ตอง","kom":0,"kalae":2,"text_lanna":0,"total_detect":2}},{"type":"Feature","id":357,"geometry":{"type":"Point","coordinates":[98.953782680000074,18.806490230000065]},"properties":{"OBJECTID":357,"idx":2980,"POINT_Y":18.806490230000001,"POINT_X":98.953782680000003,"name":null,"kom":0,"kalae":1,"text_lanna":0,"total_detect":1}},{"type":"Feature","id":358,"geometry":{"type":"Point","coordinates":[98.981142200000079,18.791300360000037]},"properties":{"OBJECTID":358,"idx":2992,"POINT_Y":18.791300360000001,"POINT_X":98.981142199999994,"name":"ถนนอินทวโรรส ซอย 3","kom":0,"kalae":2,"text_lanna":0,"total_detect":2}},{"type":"Feature","id":359,"geometry":{"type":"Point","coordinates":[98.98115351000007,18.791119930000036]},"properties":{"OBJECTID":359,"idx":2993,"POINT_Y":18.791119930000001,"POINT_X":98.981153509999999,"name":"ถนนอินทวโรรส ซอย 3","kom":0,"kalae":4,"text_lanna":0,"total_detect":4}},{"type":"Feature","id":360,"geometry":{"type":"Point","coordinates":[98.999013300000058,18.801511330000039]},"properties":{"OBJECTID":360,"idx":3014,"POINT_Y":18.80151133,"POINT_X":98.999013300000001,"name":"ถนนเมืองสมุทร","kom":0,"kalae":2,"text_lanna":0,"total_detect":2}},{"type":"Feature","id":361,"geometry":{"type":"Point","coordinates":[98.999088100000051,18.801677460000064]},"properties":{"OBJECTID":361,"idx":3015,"POINT_Y":18.801677460000001,"POINT_X":98.999088099999994,"name":"ถนนเมืองสมุทร","kom":0,"kalae":1,"text_lanna":0,"total_detect":1}},{"type":"Feature","id":362,"geometry":{"type":"Point","coordinates":[98.996521280000081,18.81019445000004]},"properties":{"OBJECTID":362,"idx":3031,"POINT_Y":18.810194450000001,"POINT_X":98.996521279999996,"name":null,"kom":8,"kalae":3,"text_lanna":0,"total_detect":11}},{"type":"Feature","id":363,"geometry":{"type":"Point","coordinates":[98.996541520000051,18.810374180000053]},"properties":{"OBJECTID":363,"idx":3032,"POINT_Y":18.81037418,"POINT_X":98.996541519999994,"name":null,"kom":0,"kalae":1,"text_lanna":0,"total_detect":1}},{"type":"Feature","id":364,"geometry":{"type":"Point","coordinates":[98.996571480000057,18.810633550000034]},"properties":{"OBJECTID":364,"idx":3033,"POINT_Y":18.810633549999999,"POINT_X":98.99657148,"name":null,"kom":0,"kalae":1,"text_lanna":0,"total_detect":1}},{"type":"Feature","id":365,"geometry":{"type":"Point","coordinates":[98.995938110000054,18.807802330000072]},"properties":{"OBJECTID":365,"idx":3035,"POINT_Y":18.807802330000001,"POINT_X":98.995938109999997,"name":null,"kom":0,"kalae":1,"text_lanna":0,"total_detect":1}},{"type":"Feature","id":366,"geometry":{"type":"Point","coordinates":[98.99795497000008,18.805803200000071]},"properties":{"OBJECTID":366,"idx":3061,"POINT_Y":18.8058032,"POINT_X":98.997954969999995,"name":null,"kom":0,"kalae":1,"text_lanna":0,"total_detect":1}},{"type":"Feature","id":367,"geometry":{"type":"Point","coordinates":[98.998861370000043,18.805350500000031]},"properties":{"OBJECTID":367,"idx":3070,"POINT_Y":18.805350499999999,"POINT_X":98.99886137,"name":null,"kom":0,"kalae":1,"text_lanna":0,"total_detect":1}},{"type":"Feature","id":368,"geometry":{"type":"Point","coordinates":[98.998214390000044,18.805235580000044]},"properties":{"OBJECTID":368,"idx":3073,"POINT_Y":18.805235580000002,"POINT_X":98.998214390000001,"name":null,"kom":0,"kalae":2,"text_lanna":0,"total_detect":2}},{"type":"Feature","id":369,"geometry":{"type":"Point","coordinates":[98.998707440000032,18.805664490000026]},"properties":{"OBJECTID":369,"idx":3081,"POINT_Y":18.805664490000002,"POINT_X":98.998707440000004,"name":null,"kom":1,"kalae":2,"text_lanna":0,"total_detect":3}},{"type":"Feature","id":370,"geometry":{"type":"Point","coordinates":[98.999130480000076,18.805053550000025]},"properties":{"OBJECTID":370,"idx":3092,"POINT_Y":18.80505355,"POINT_X":98.999130480000005,"name":null,"kom":0,"kalae":1,"text_lanna":0,"total_detect":1}},{"type":"Feature","id":371,"geometry":{"type":"Point","coordinates":[99.002465570000084,18.803691950000029]},"properties":{"OBJECTID":371,"idx":3106,"POINT_Y":18.803691950000001,"POINT_X":99.002465569999998,"name":"ถนนวังสิงห์คำ ซอย2","kom":0,"kalae":1,"text_lanna":0,"total_detect":1}},{"type":"Feature","id":372,"geometry":{"type":"Point","coordinates":[99.002333990000068,18.803959830000053]},"properties":{"OBJECTID":372,"idx":3128,"POINT_Y":18.80395983,"POINT_X":99.002333989999997,"name":null,"kom":0,"kalae":6,"text_lanna":0,"total_detect":6}},{"type":"Feature","id":373,"geometry":{"type":"Point","coordinates":[99.016683760000035,18.798271560000046]},"properties":{"OBJECTID":373,"idx":3133,"POINT_Y":18.79827156,"POINT_X":99.016683760000006,"name":"ถนนทุ่งโฮเต็ล ซอย 5","kom":0,"kalae":1,"text_lanna":0,"total_detect":1}},{"type":"Feature","id":374,"geometry":{"type":"Point","coordinates":[99.00736943000004,18.783078470000078]},"properties":{"OBJECTID":374,"idx":3144,"POINT_Y":18.78307847,"POINT_X":99.007369429999997,"name":"ถนนท่าสะต๋อย","kom":2,"kalae":2,"text_lanna":0,"total_detect":4}},{"type":"Feature","id":375,"geometry":{"type":"Point","coordinates":[98.992605430000083,18.794070560000023]},"properties":{"OBJECTID":375,"idx":3160,"POINT_Y":18.794070560000002,"POINT_X":98.992605429999998,"name":"ถนนมูลเมือง ซอย 9","kom":0,"kalae":2,"text_lanna":0,"total_detect":2}},{"type":"Feature","id":376,"geometry":{"type":"Point","coordinates":[98.99021877000007,18.794456030000049]},"properties":{"OBJECTID":376,"idx":3161,"POINT_Y":18.794456029999999,"POINT_X":98.990218769999998,"name":"ถนนมูลเมือง ซอย 9","kom":0,"kalae":1,"text_lanna":0,"total_detect":1}},{"type":"Feature","id":377,"geometry":{"type":"Point","coordinates":[98.991403260000084,18.794809210000039]},"properties":{"OBJECTID":377,"idx":3169,"POINT_Y":18.79480921,"POINT_X":98.991403259999998,"name":"ถนนศรีภูมิ ซอย 2","kom":0,"kalae":2,"text_lanna":0,"total_detect":2}},{"type":"Feature","id":378,"geometry":{"type":"Point","coordinates":[98.991011810000032,18.794285390000027]},"properties":{"OBJECTID":378,"idx":3170,"POINT_Y":18.794285389999999,"POINT_X":98.991011810000003,"name":"ถนนศรีภูมิ ซอย 2","kom":0,"kalae":1,"text_lanna":0,"total_detect":1}},{"type":"Feature","id":379,"geometry":{"type":"Point","coordinates":[98.998590970000066,18.791129750000039]},"properties":{"OBJECTID":379,"idx":3181,"POINT_Y":18.79112975,"POINT_X":98.998590969999995,"name":null,"kom":0,"kalae":1,"text_lanna":0,"total_detect":1}},{"type":"Feature","id":380,"geometry":{"type":"Point","coordinates":[98.999241430000041,18.790991150000025]},"properties":{"OBJECTID":380,"idx":3182,"POINT_Y":18.79099115,"POINT_X":98.999241429999998,"name":null,"kom":0,"kalae":2,"text_lanna":0,"total_detect":2}},{"type":"Feature","id":381,"geometry":{"type":"Point","coordinates":[98.984615380000037,18.794730700000059]},"properties":{"OBJECTID":381,"idx":3185,"POINT_Y":18.794730699999999,"POINT_X":98.984615379999994,"name":null,"kom":0,"kalae":1,"text_lanna":0,"total_detect":1}},{"type":"Feature","id":382,"geometry":{"type":"Point","coordinates":[98.988048710000044,18.797803230000056]},"properties":{"OBJECTID":382,"idx":3191,"POINT_Y":18.79780323,"POINT_X":98.988048710000001,"name":"ถนนสนามกีฬา ซอย2","kom":0,"kalae":1,"text_lanna":0,"total_detect":1}},{"type":"Feature","id":383,"geometry":{"type":"Point","coordinates":[98.979364330000067,18.800372450000054]},"properties":{"OBJECTID":383,"idx":3200,"POINT_Y":18.800372450000001,"POINT_X":98.979364329999996,"name":"ถนนสันติรักษ์","kom":0,"kalae":1,"text_lanna":0,"total_detect":1}},{"type":"Feature","id":384,"geometry":{"type":"Point","coordinates":[98.97659241000008,18.799701180000056]},"properties":{"OBJECTID":384,"idx":3208,"POINT_Y":18.79970118,"POINT_X":98.976592409999995,"name":null,"kom":0,"kalae":1,"text_lanna":0,"total_detect":1}},{"type":"Feature","id":385,"geometry":{"type":"Point","coordinates":[98.97578105000008,18.801156560000038]},"properties":{"OBJECTID":385,"idx":3222,"POINT_Y":18.801156559999999,"POINT_X":98.975781049999995,"name":"ถนนราชพฤกษ์","kom":0,"kalae":1,"text_lanna":0,"total_detect":1}},{"type":"Feature","id":386,"geometry":{"type":"Point","coordinates":[98.97544675000006,18.800079130000029]},"properties":{"OBJECTID":386,"idx":3227,"POINT_Y":18.80007913,"POINT_X":98.975446750000003,"name":"ถนนราชพฤกษ์","kom":4,"kalae":8,"text_lanna":0,"total_detect":12}},{"type":"Feature","id":387,"geometry":{"type":"Point","coordinates":[98.995125720000033,18.787415870000075]},"properties":{"OBJECTID":387,"idx":3246,"POINT_Y":18.78741587,"POINT_X":98.995125720000004,"name":"ถนน ท่าแพ ซอย 5","kom":0,"kalae":2,"text_lanna":0,"total_detect":2}},{"type":"Feature","id":388,"geometry":{"type":"Point","coordinates":[98.99511976000008,18.78614108000005]},"properties":{"OBJECTID":388,"idx":3251,"POINT_Y":18.78614108,"POINT_X":98.995119759999994,"name":"ถนน ท่าแพ ซอย 5","kom":0,"kalae":2,"text_lanna":0,"total_detect":2}},{"type":"Feature","id":389,"geometry":{"type":"Point","coordinates":[98.995088340000052,18.785396900000023]},"properties":{"OBJECTID":389,"idx":3258,"POINT_Y":18.785396899999999,"POINT_X":98.995088339999995,"name":"ถนนคชสาร ซอย 3","kom":4,"kalae":2,"text_lanna":0,"total_detect":6}},{"type":"Feature","id":390,"geometry":{"type":"Point","coordinates":[98.996261080000068,18.779333120000047]},"properties":{"OBJECTID":390,"idx":3286,"POINT_Y":18.77933312,"POINT_X":98.996261079999996,"name":"ถนน ระแกง 2","kom":0,"kalae":1,"text_lanna":0,"total_detect":1}},{"type":"Feature","id":391,"geometry":{"type":"Point","coordinates":[98.989279680000038,18.76945696000007]},"properties":{"OBJECTID":391,"idx":3297,"POINT_Y":18.769456959999999,"POINT_X":98.989279679999996,"name":null,"kom":0,"kalae":1,"text_lanna":1,"total_detect":2}},{"type":"Feature","id":392,"geometry":{"type":"Point","coordinates":[98.989582770000084,18.769887320000066]},"properties":{"OBJECTID":392,"idx":3313,"POINT_Y":18.769887319999999,"POINT_X":98.989582769999998,"name":null,"kom":0,"kalae":1,"text_lanna":0,"total_detect":1}},{"type":"Feature","id":393,"geometry":{"type":"Point","coordinates":[98.989776300000074,18.770020350000038]},"properties":{"OBJECTID":393,"idx":3329,"POINT_Y":18.770020349999999,"POINT_X":98.989776300000003,"name":null,"kom":0,"kalae":1,"text_lanna":0,"total_detect":1}},{"type":"Feature","id":394,"geometry":{"type":"Point","coordinates":[99.01241377000008,18.806895040000029]},"properties":{"OBJECTID":394,"idx":3330,"POINT_Y":18.806895040000001,"POINT_X":99.012413769999995,"name":null,"kom":0,"kalae":1,"text_lanna":0,"total_detect":1}},{"type":"Feature","id":395,"geometry":{"type":"Point","coordinates":[98.979395640000064,18.821723820000045]},"properties":{"OBJECTID":395,"idx":3342,"POINT_Y":18.821723819999999,"POINT_X":98.979395640000007,"name":null,"kom":0,"kalae":2,"text_lanna":0,"total_detect":2}},{"type":"Feature","id":396,"geometry":{"type":"Point","coordinates":[98.978340370000069,18.822131830000046]},"properties":{"OBJECTID":396,"idx":3348,"POINT_Y":18.82213183,"POINT_X":98.978340369999998,"name":null,"kom":0,"kalae":1,"text_lanna":0,"total_detect":1}},{"type":"Feature","id":397,"geometry":{"type":"Point","coordinates":[98.980723060000059,18.785769780000066]},"properties":{"OBJECTID":397,"idx":3356,"POINT_Y":18.785769779999999,"POINT_X":98.980723060000003,"name":"ถนนราชมรรคา","kom":0,"kalae":2,"text_lanna":0,"total_detect":2}},{"type":"Feature","id":398,"geometry":{"type":"Point","coordinates":[98.982627150000042,18.785747330000049]},"properties":{"OBJECTID":398,"idx":3365,"POINT_Y":18.78574733,"POINT_X":98.982627149999999,"name":"ถนนราชมรรคา","kom":0,"kalae":2,"text_lanna":0,"total_detect":2}},{"type":"Feature","id":399,"geometry":{"type":"Point","coordinates":[98.983534680000048,18.785748800000022]},"properties":{"OBJECTID":399,"idx":3369,"POINT_Y":18.7857488,"POINT_X":98.983534680000005,"name":"ถนนราชมรรคา","kom":0,"kalae":2,"text_lanna":0,"total_detect":2}},{"type":"Feature","id":400,"geometry":{"type":"Point","coordinates":[98.984568580000087,18.785750510000071]},"properties":{"OBJECTID":400,"idx":3373,"POINT_Y":18.78575051,"POINT_X":98.984568580000001,"name":"ถนนราชมรรคา","kom":0,"kalae":1,"text_lanna":0,"total_detect":1}},{"type":"Feature","id":401,"geometry":{"type":"Point","coordinates":[98.985800270000084,18.785748740000031]},"properties":{"OBJECTID":401,"idx":3378,"POINT_Y":18.785748739999999,"POINT_X":98.985800269999999,"name":"ถนนราชมรรคา","kom":0,"kalae":1,"text_lanna":0,"total_detect":1}},{"type":"Feature","id":402,"geometry":{"type":"Point","coordinates":[98.990050020000069,18.769842750000066]},"properties":{"OBJECTID":402,"idx":3398,"POINT_Y":18.769842749999999,"POINT_X":98.990050019999998,"name":null,"kom":0,"kalae":1,"text_lanna":0,"total_detect":1}},{"type":"Feature","id":403,"geometry":{"type":"Point","coordinates":[98.999995960000035,18.774771930000043]},"properties":{"OBJECTID":403,"idx":3409,"POINT_Y":18.77477193,"POINT_X":98.999995960000007,"name":"ถนนเจริญประเทศ 12","kom":0,"kalae":1,"text_lanna":0,"total_detect":1}},{"type":"Feature","id":404,"geometry":{"type":"Point","coordinates":[98.999827720000042,18.774855560000049]},"properties":{"OBJECTID":404,"idx":3410,"POINT_Y":18.774855559999999,"POINT_X":98.999827719999999,"name":"ถนนเจริญประเทศ 12","kom":0,"kalae":1,"text_lanna":0,"total_detect":1}},{"type":"Feature","id":405,"geometry":{"type":"Point","coordinates":[98.983067960000085,18.767471110000031]},"properties":{"OBJECTID":405,"idx":3415,"POINT_Y":18.767471109999999,"POINT_X":98.98306796,"name":null,"kom":0,"kalae":1,"text_lanna":0,"total_detect":1}},{"type":"Feature","id":406,"geometry":{"type":"Point","coordinates":[99.008816610000054,18.758316670000056]},"properties":{"OBJECTID":406,"idx":3467,"POINT_Y":18.758316669999999,"POINT_X":99.008816609999997,"name":"ถนนมหิดล","kom":0,"kalae":2,"text_lanna":0,"total_detect":2}},{"type":"Feature","id":407,"geometry":{"type":"Point","coordinates":[98.984499690000064,18.779014090000032]},"properties":{"OBJECTID":407,"idx":3474,"POINT_Y":18.77901409,"POINT_X":98.984499690000007,"name":"ถนนวัฒนธรรมวัดศรีสุพรรณ","kom":0,"kalae":1,"text_lanna":1,"total_detect":2}},{"type":"Feature","id":408,"geometry":{"type":"Point","coordinates":[98.984761400000082,18.779082030000041]},"properties":{"OBJECTID":408,"idx":3475,"POINT_Y":18.779082030000001,"POINT_X":98.984761399999996,"name":"ถนนวัฒนธรรมวัดศรีสุพรรณ","kom":0,"kalae":2,"text_lanna":0,"total_detect":2}},{"type":"Feature","id":409,"geometry":{"type":"Point","coordinates":[98.981859020000059,18.777777810000032]},"properties":{"OBJECTID":409,"idx":3485,"POINT_Y":18.77777781,"POINT_X":98.981859020000002,"name":"ถนนวัวลาย ซอย 6","kom":0,"kalae":2,"text_lanna":0,"total_detect":2}},{"type":"Feature","id":410,"geometry":{"type":"Point","coordinates":[98.982983730000058,18.777953440000033]},"properties":{"OBJECTID":410,"idx":3498,"POINT_Y":18.777953440000001,"POINT_X":98.982983730000001,"name":"ซอยสำราญ","kom":0,"kalae":2,"text_lanna":0,"total_detect":2}},{"type":"Feature","id":411,"geometry":{"type":"Point","coordinates":[98.985388780000051,18.776993520000076]},"properties":{"OBJECTID":411,"idx":3502,"POINT_Y":18.776993520000001,"POINT_X":98.985388779999994,"name":null,"kom":0,"kalae":1,"text_lanna":0,"total_detect":1}},{"type":"Feature","id":412,"geometry":{"type":"Point","coordinates":[98.983226020000075,18.780953630000056]},"properties":{"OBJECTID":412,"idx":3514,"POINT_Y":18.780953629999999,"POINT_X":98.983226020000004,"name":"ถนนวัวลาย ซอย 2ข","kom":0,"kalae":8,"text_lanna":2,"total_detect":10}},{"type":"Feature","id":413,"geometry":{"type":"Point","coordinates":[98.988188980000075,18.77811685000006]},"properties":{"OBJECTID":413,"idx":3520,"POINT_Y":18.77811685,"POINT_X":98.988188980000004,"name":"ถนนนันทาราม","kom":0,"kalae":3,"text_lanna":0,"total_detect":3}},{"type":"Feature","id":414,"geometry":{"type":"Point","coordinates":[98.988002230000063,18.778084660000047]},"properties":{"OBJECTID":414,"idx":3521,"POINT_Y":18.778084660000001,"POINT_X":98.988002230000006,"name":"ถนนนันทาราม","kom":0,"kalae":2,"text_lanna":0,"total_detect":2}},{"type":"Feature","id":415,"geometry":{"type":"Point","coordinates":[98.988653610000085,18.777936560000057]},"properties":{"OBJECTID":415,"idx":3525,"POINT_Y":18.777936560000001,"POINT_X":98.98865361,"name":"ถนนนันทาราม1","kom":1,"kalae":1,"text_lanna":0,"total_detect":2}},{"type":"Feature","id":416,"geometry":{"type":"Point","coordinates":[98.983951230000059,18.77592087000005]},"properties":{"OBJECTID":416,"idx":3552,"POINT_Y":18.77592087,"POINT_X":98.983951230000002,"name":"ถนนวัวลาย ซอย 5ก","kom":0,"kalae":2,"text_lanna":0,"total_detect":2}},{"type":"Feature","id":417,"geometry":{"type":"Point","coordinates":[98.985940440000036,18.77582411000003]},"properties":{"OBJECTID":417,"idx":3569,"POINT_Y":18.775824109999999,"POINT_X":98.985940439999993,"name":null,"kom":0,"kalae":2,"text_lanna":0,"total_detect":2}},{"type":"Feature","id":418,"geometry":{"type":"Point","coordinates":[98.988674280000055,18.775983100000076]},"properties":{"OBJECTID":418,"idx":3573,"POINT_Y":18.775983100000001,"POINT_X":98.988674279999998,"name":"ถนนสุริยวงศ์ ซอย3","kom":1,"kalae":2,"text_lanna":0,"total_detect":3}},{"type":"Feature","id":419,"geometry":{"type":"Point","coordinates":[98.987867620000031,18.775219030000073]},"properties":{"OBJECTID":419,"idx":3581,"POINT_Y":18.775219029999999,"POINT_X":98.987867620000003,"name":null,"kom":0,"kalae":2,"text_lanna":0,"total_detect":2}},{"type":"Feature","id":420,"geometry":{"type":"Point","coordinates":[98.98813111000004,18.780772650000074]},"properties":{"OBJECTID":420,"idx":3587,"POINT_Y":18.780772649999999,"POINT_X":98.988131109999998,"name":"ถนนนันทาราม","kom":0,"kalae":2,"text_lanna":0,"total_detect":2}},{"type":"Feature","id":421,"geometry":{"type":"Point","coordinates":[98.991372650000073,18.778937530000064]},"properties":{"OBJECTID":421,"idx":3630,"POINT_Y":18.77893753,"POINT_X":98.991372650000002,"name":"ถนนราชเชียงแสน ซอย 1ค","kom":0,"kalae":2,"text_lanna":0,"total_detect":2}},{"type":"Feature","id":422,"geometry":{"type":"Point","coordinates":[98.981595300000038,18.772803600000032]},"properties":{"OBJECTID":422,"idx":3650,"POINT_Y":18.7728036,"POINT_X":98.981595299999995,"name":"ถนนศรีปิงเมือง ซอย 1ก","kom":0,"kalae":1,"text_lanna":0,"total_detect":1}},{"type":"Feature","id":423,"geometry":{"type":"Point","coordinates":[98.98191496000004,18.772824410000055]},"properties":{"OBJECTID":423,"idx":3656,"POINT_Y":18.772824409999998,"POINT_X":98.981914959999997,"name":"ถนนศรีปิงเมือง ซอย 2","kom":0,"kalae":3,"text_lanna":0,"total_detect":3}},{"type":"Feature","id":424,"geometry":{"type":"Point","coordinates":[98.981894020000084,18.772101650000025]},"properties":{"OBJECTID":424,"idx":3660,"POINT_Y":18.77210165,"POINT_X":98.981894019999999,"name":"ถนนศรีปิงเมือง ซอย 2","kom":0,"kalae":1,"text_lanna":0,"total_detect":1}},{"type":"Feature","id":425,"geometry":{"type":"Point","coordinates":[98.985053440000058,18.771328750000066]},"properties":{"OBJECTID":425,"idx":3681,"POINT_Y":18.771328749999999,"POINT_X":98.985053440000002,"name":null,"kom":0,"kalae":1,"text_lanna":0,"total_detect":1}},{"type":"Feature","id":426,"geometry":{"type":"Point","coordinates":[98.985481800000059,18.77005986000006]},"properties":{"OBJECTID":426,"idx":3687,"POINT_Y":18.77005986,"POINT_X":98.985481800000002,"name":null,"kom":0,"kalae":1,"text_lanna":1,"total_detect":2}},{"type":"Feature","id":427,"geometry":{"type":"Point","coordinates":[98.985680000000059,18.769861580000054]},"properties":{"OBJECTID":427,"idx":3690,"POINT_Y":18.769861580000001,"POINT_X":98.985680000000002,"name":null,"kom":0,"kalae":2,"text_lanna":0,"total_detect":2}},{"type":"Feature","id":428,"geometry":{"type":"Point","coordinates":[98.98549010000005,18.769873800000028]},"properties":{"OBJECTID":428,"idx":3692,"POINT_Y":18.769873799999999,"POINT_X":98.985490100000007,"name":null,"kom":0,"kalae":1,"text_lanna":0,"total_detect":1}},{"type":"Feature","id":429,"geometry":{"type":"Point","coordinates":[98.987440440000057,18.772628980000036]},"properties":{"OBJECTID":429,"idx":3705,"POINT_Y":18.77262898,"POINT_X":98.98744044,"name":null,"kom":0,"kalae":1,"text_lanna":0,"total_detect":1}},{"type":"Feature","id":430,"geometry":{"type":"Point","coordinates":[98.986994420000087,18.772590360000038]},"properties":{"OBJECTID":430,"idx":3707,"POINT_Y":18.772590359999999,"POINT_X":98.986994420000002,"name":null,"kom":0,"kalae":1,"text_lanna":0,"total_detect":1}},{"type":"Feature","id":431,"geometry":{"type":"Point","coordinates":[98.986587430000043,18.772572010000033]},"properties":{"OBJECTID":431,"idx":3709,"POINT_Y":18.772572010000001,"POINT_X":98.98658743,"name":null,"kom":0,"kalae":1,"text_lanna":0,"total_detect":1}},{"type":"Feature","id":432,"geometry":{"type":"Point","coordinates":[98.984267990000035,18.772154470000032]},"properties":{"OBJECTID":432,"idx":3717,"POINT_Y":18.77215447,"POINT_X":98.984267990000006,"name":"ถนนศรีปิงเมือง 3","kom":0,"kalae":2,"text_lanna":0,"total_detect":2}},{"type":"Feature","id":433,"geometry":{"type":"Point","coordinates":[98.984980520000079,18.772249530000067]},"properties":{"OBJECTID":433,"idx":3719,"POINT_Y":18.77224953,"POINT_X":98.984980519999993,"name":"ถนนศรีปิงเมือง 3","kom":0,"kalae":1,"text_lanna":0,"total_detect":1}},{"type":"Feature","id":434,"geometry":{"type":"Point","coordinates":[98.984617320000041,18.773939380000058]},"properties":{"OBJECTID":434,"idx":3736,"POINT_Y":18.773939380000002,"POINT_X":98.984617319999998,"name":null,"kom":0,"kalae":1,"text_lanna":0,"total_detect":1}},{"type":"Feature","id":435,"geometry":{"type":"Point","coordinates":[98.986069950000058,18.773888740000075]},"properties":{"OBJECTID":435,"idx":3742,"POINT_Y":18.77388874,"POINT_X":98.986069950000001,"name":null,"kom":0,"kalae":1,"text_lanna":0,"total_detect":1}},{"type":"Feature","id":436,"geometry":{"type":"Point","coordinates":[98.985483550000083,18.77389837000004]},"properties":{"OBJECTID":436,"idx":3745,"POINT_Y":18.773898370000001,"POINT_X":98.985483549999998,"name":null,"kom":0,"kalae":2,"text_lanna":0,"total_detect":2}},{"type":"Feature","id":437,"geometry":{"type":"Point","coordinates":[98.981391040000062,18.774404010000069]},"properties":{"OBJECTID":437,"idx":3748,"POINT_Y":18.774404010000001,"POINT_X":98.981391040000005,"name":null,"kom":0,"kalae":1,"text_lanna":0,"total_detect":1}},{"type":"Feature","id":438,"geometry":{"type":"Point","coordinates":[98.981576950000033,18.774297230000059]},"properties":{"OBJECTID":438,"idx":3749,"POINT_Y":18.774297229999998,"POINT_X":98.981576950000004,"name":null,"kom":0,"kalae":2,"text_lanna":0,"total_detect":2}},{"type":"Feature","id":439,"geometry":{"type":"Point","coordinates":[98.981954460000054,18.774109750000036]},"properties":{"OBJECTID":439,"idx":3751,"POINT_Y":18.774109750000001,"POINT_X":98.981954459999997,"name":null,"kom":0,"kalae":3,"text_lanna":0,"total_detect":3}},{"type":"Feature","id":440,"geometry":{"type":"Point","coordinates":[98.983300160000056,18.773693880000053]},"properties":{"OBJECTID":440,"idx":3758,"POINT_Y":18.77369388,"POINT_X":98.983300159999999,"name":null,"kom":0,"kalae":2,"text_lanna":0,"total_detect":2}},{"type":"Feature","id":441,"geometry":{"type":"Point","coordinates":[98.984008760000052,18.773381650000033]},"properties":{"OBJECTID":441,"idx":3761,"POINT_Y":18.773381650000001,"POINT_X":98.984008759999995,"name":null,"kom":0,"kalae":1,"text_lanna":0,"total_detect":1}},{"type":"Feature","id":442,"geometry":{"type":"Point","coordinates":[98.987776580000059,18.774446900000044]},"properties":{"OBJECTID":442,"idx":3762,"POINT_Y":18.774446900000001,"POINT_X":98.987776580000002,"name":"ถนนนันทาราม ซอย5","kom":0,"kalae":1,"text_lanna":0,"total_detect":1}},{"type":"Feature","id":443,"geometry":{"type":"Point","coordinates":[98.986525060000076,18.774594600000057]},"properties":{"OBJECTID":443,"idx":3771,"POINT_Y":18.7745946,"POINT_X":98.986525060000005,"name":null,"kom":0,"kalae":2,"text_lanna":0,"total_detect":2}},{"type":"Feature","id":444,"geometry":{"type":"Point","coordinates":[98.986909610000055,18.774609070000054]},"properties":{"OBJECTID":444,"idx":3773,"POINT_Y":18.77460907,"POINT_X":98.986909609999998,"name":null,"kom":0,"kalae":1,"text_lanna":0,"total_detect":1}},{"type":"Feature","id":445,"geometry":{"type":"Point","coordinates":[98.988529400000061,18.774210560000029]},"properties":{"OBJECTID":445,"idx":3781,"POINT_Y":18.77421056,"POINT_X":98.988529400000004,"name":null,"kom":0,"kalae":2,"text_lanna":0,"total_detect":2}},{"type":"Feature","id":446,"geometry":{"type":"Point","coordinates":[98.994045480000068,18.776486390000059]},"properties":{"OBJECTID":446,"idx":3784,"POINT_Y":18.776486389999999,"POINT_X":98.994045479999997,"name":"ถนนสุริยะางษ์","kom":0,"kalae":2,"text_lanna":0,"total_detect":2}},{"type":"Feature","id":447,"geometry":{"type":"Point","coordinates":[98.992862780000053,18.774902690000033]},"properties":{"OBJECTID":447,"idx":3795,"POINT_Y":18.774902690000001,"POINT_X":98.992862779999996,"name":"ถนนสุริยะางษ์","kom":0,"kalae":1,"text_lanna":0,"total_detect":1}},{"type":"Feature","id":448,"geometry":{"type":"Point","coordinates":[98.992722760000049,18.774780690000057]},"properties":{"OBJECTID":448,"idx":3796,"POINT_Y":18.77478069,"POINT_X":98.992722760000007,"name":"ถนนสุริยะางษ์","kom":0,"kalae":1,"text_lanna":0,"total_detect":1}},{"type":"Feature","id":449,"geometry":{"type":"Point","coordinates":[98.992582740000046,18.774658680000073]},"properties":{"OBJECTID":449,"idx":3797,"POINT_Y":18.774658680000002,"POINT_X":98.992582740000003,"name":"ถนนสุริยะางษ์","kom":0,"kalae":1,"text_lanna":0,"total_detect":1}},{"type":"Feature","id":450,"geometry":{"type":"Point","coordinates":[98.990170800000044,18.77332744000006]},"properties":{"OBJECTID":450,"idx":3807,"POINT_Y":18.773327439999999,"POINT_X":98.990170800000001,"name":"ถนนสุริยะางษ์","kom":0,"kalae":2,"text_lanna":0,"total_detect":2}},{"type":"Feature","id":451,"geometry":{"type":"Point","coordinates":[98.990864710000039,18.774058890000049]},"properties":{"OBJECTID":451,"idx":3819,"POINT_Y":18.774058889999999,"POINT_X":98.990864709999997,"name":"ถนน สุริยวงศ์ ซอย 6","kom":0,"kalae":1,"text_lanna":0,"total_detect":1}},{"type":"Feature","id":452,"geometry":{"type":"Point","coordinates":[98.990537520000032,18.773875690000068]},"properties":{"OBJECTID":452,"idx":3821,"POINT_Y":18.773875690000001,"POINT_X":98.990537520000004,"name":"ถนน สุริยวงศ์ ซอย 6","kom":0,"kalae":2,"text_lanna":0,"total_detect":2}},{"type":"Feature","id":453,"geometry":{"type":"Point","coordinates":[98.982777560000045,18.768927010000027]},"properties":{"OBJECTID":453,"idx":3836,"POINT_Y":18.768927009999999,"POINT_X":98.982777560000002,"name":null,"kom":0,"kalae":1,"text_lanna":0,"total_detect":1}},{"type":"Feature","id":454,"geometry":{"type":"Point","coordinates":[98.982791140000074,18.768746720000024]},"properties":{"OBJECTID":454,"idx":3837,"POINT_Y":18.768746719999999,"POINT_X":98.982791140000003,"name":null,"kom":0,"kalae":3,"text_lanna":0,"total_detect":3}},{"type":"Feature","id":455,"geometry":{"type":"Point","coordinates":[98.982811210000079,18.768456590000028]},"properties":{"OBJECTID":455,"idx":3838,"POINT_Y":18.76845659,"POINT_X":98.982811209999994,"name":null,"kom":0,"kalae":3,"text_lanna":0,"total_detect":3}},{"type":"Feature","id":456,"geometry":{"type":"Point","coordinates":[98.982823030000077,18.768276190000051]},"properties":{"OBJECTID":456,"idx":3839,"POINT_Y":18.768276190000002,"POINT_X":98.982823030000006,"name":null,"kom":0,"kalae":3,"text_lanna":0,"total_detect":3}},{"type":"Feature","id":457,"geometry":{"type":"Point","coordinates":[98.987489320000066,18.767981880000036]},"properties":{"OBJECTID":457,"idx":3849,"POINT_Y":18.767981880000001,"POINT_X":98.987489319999995,"name":null,"kom":0,"kalae":1,"text_lanna":0,"total_detect":1}},{"type":"Feature","id":458,"geometry":{"type":"Point","coordinates":[98.97913058000006,18.767793980000022]},"properties":{"OBJECTID":458,"idx":3857,"POINT_Y":18.76779398,"POINT_X":98.979130580000003,"name":null,"kom":2,"kalae":1,"text_lanna":0,"total_detect":3}},{"type":"Feature","id":459,"geometry":{"type":"Point","coordinates":[98.979209940000032,18.767491180000036]},"properties":{"OBJECTID":459,"idx":3858,"POINT_Y":18.76749118,"POINT_X":98.979209940000004,"name":null,"kom":0,"kalae":1,"text_lanna":0,"total_detect":1}},{"type":"Feature","id":460,"geometry":{"type":"Point","coordinates":[98.994399930000043,18.763883870000029]},"properties":{"OBJECTID":460,"idx":3868,"POINT_Y":18.763883870000001,"POINT_X":98.99439993,"name":null,"kom":0,"kalae":2,"text_lanna":0,"total_detect":2}},{"type":"Feature","id":461,"geometry":{"type":"Point","coordinates":[98.99598517000004,18.76515844000005]},"properties":{"OBJECTID":461,"idx":3878,"POINT_Y":18.76515844,"POINT_X":98.995985169999997,"name":null,"kom":0,"kalae":1,"text_lanna":0,"total_detect":1}},{"type":"Feature","id":462,"geometry":{"type":"Point","coordinates":[98.994719930000088,18.764618480000024]},"properties":{"OBJECTID":462,"idx":3888,"POINT_Y":18.764618479999999,"POINT_X":98.994719930000002,"name":"ถนน เชียงใหม่แลนด์ ซอย 7","kom":0,"kalae":2,"text_lanna":0,"total_detect":2}},{"type":"Feature","id":463,"geometry":{"type":"Point","coordinates":[98.994203220000031,18.764406640000061]},"properties":{"OBJECTID":463,"idx":3895,"POINT_Y":18.764406640000001,"POINT_X":98.994203220000003,"name":null,"kom":0,"kalae":1,"text_lanna":0,"total_detect":1}},{"type":"Feature","id":464,"geometry":{"type":"Point","coordinates":[98.991571040000053,18.767260990000068]},"properties":{"OBJECTID":464,"idx":3916,"POINT_Y":18.76726099,"POINT_X":98.991571039999997,"name":null,"kom":0,"kalae":1,"text_lanna":3,"total_detect":4}},{"type":"Feature","id":465,"geometry":{"type":"Point","coordinates":[98.992225330000053,18.76678000000004]},"properties":{"OBJECTID":465,"idx":3923,"POINT_Y":18.766780000000001,"POINT_X":98.992225329999997,"name":null,"kom":0,"kalae":1,"text_lanna":0,"total_detect":1}},{"type":"Feature","id":466,"geometry":{"type":"Point","coordinates":[98.991723510000043,18.766807690000064]},"properties":{"OBJECTID":466,"idx":3925,"POINT_Y":18.76680769,"POINT_X":98.99172351,"name":null,"kom":0,"kalae":2,"text_lanna":0,"total_detect":2}},{"type":"Feature","id":467,"geometry":{"type":"Point","coordinates":[98.99156940000006,18.76729019000004]},"properties":{"OBJECTID":467,"idx":3933,"POINT_Y":18.767290190000001,"POINT_X":98.991569400000003,"name":null,"kom":0,"kalae":1,"text_lanna":0,"total_detect":1}},{"type":"Feature","id":468,"geometry":{"type":"Point","coordinates":[98.991543810000053,18.766900390000046]},"properties":{"OBJECTID":468,"idx":3935,"POINT_Y":18.76690039,"POINT_X":98.991543809999996,"name":null,"kom":0,"kalae":2,"text_lanna":0,"total_detect":2}},{"type":"Feature","id":469,"geometry":{"type":"Point","coordinates":[99.024713800000086,18.784079750000046]},"properties":{"OBJECTID":469,"idx":3944,"POINT_Y":18.78407975,"POINT_X":99.024713800000001,"name":"ซอยเจริญยิ่ง","kom":0,"kalae":2,"text_lanna":0,"total_detect":2}},{"type":"Feature","id":470,"geometry":{"type":"Point","coordinates":[99.024649410000052,18.785343560000058]},"properties":{"OBJECTID":470,"idx":3951,"POINT_Y":18.785343560000001,"POINT_X":99.024649409999995,"name":"ซอยเจริญยิ่ง","kom":0,"kalae":1,"text_lanna":0,"total_detect":1}},{"type":"Feature","id":471,"geometry":{"type":"Point","coordinates":[99.024491280000063,18.787055890000033]},"properties":{"OBJECTID":471,"idx":3959,"POINT_Y":18.787055890000001,"POINT_X":99.024491280000007,"name":"ซอยเจริญยิ่ง","kom":0,"kalae":1,"text_lanna":0,"total_detect":1}},{"type":"Feature","id":472,"geometry":{"type":"Point","coordinates":[99.022965340000042,18.786212120000073]},"properties":{"OBJECTID":472,"idx":3967,"POINT_Y":18.786212119999998,"POINT_X":99.022965339999999,"name":"ถนนหนองป่าครั่ง ซอย 2","kom":0,"kalae":2,"text_lanna":0,"total_detect":2}},{"type":"Feature","id":473,"geometry":{"type":"Point","coordinates":[99.022775680000052,18.786218500000075]},"properties":{"OBJECTID":473,"idx":3968,"POINT_Y":18.7862185,"POINT_X":99.022775679999995,"name":"ถนนหนองป่าครั่ง ซอย 2","kom":0,"kalae":3,"text_lanna":0,"total_detect":3}},{"type":"Feature","id":474,"geometry":{"type":"Point","coordinates":[99.020711490000053,18.786053350000032]},"properties":{"OBJECTID":474,"idx":3977,"POINT_Y":18.78605335,"POINT_X":99.020711489999997,"name":"ถนนหนองประทีป","kom":0,"kalae":2,"text_lanna":0,"total_detect":2}},{"type":"Feature","id":475,"geometry":{"type":"Point","coordinates":[99.023611190000054,18.783684040000026]},"properties":{"OBJECTID":475,"idx":3992,"POINT_Y":18.783684040000001,"POINT_X":99.023611189999997,"name":"ถนนเจริญเมือง ซอย 8","kom":2,"kalae":2,"text_lanna":0,"total_detect":4}},{"type":"Feature","id":476,"geometry":{"type":"Point","coordinates":[99.021089110000048,18.784422920000054]},"properties":{"OBJECTID":476,"idx":4010,"POINT_Y":18.784422920000001,"POINT_X":99.021089110000005,"name":"ถนนเจริญเมือง ซอย 6","kom":0,"kalae":1,"text_lanna":0,"total_detect":1}},{"type":"Feature","id":477,"geometry":{"type":"Point","coordinates":[99.025450170000056,18.764480220000053]},"properties":{"OBJECTID":477,"idx":4031,"POINT_Y":18.764480219999999,"POINT_X":99.025450169999999,"name":null,"kom":0,"kalae":3,"text_lanna":0,"total_detect":3}},{"type":"Feature","id":478,"geometry":{"type":"Point","coordinates":[99.024680100000069,18.766366920000053]},"properties":{"OBJECTID":478,"idx":4035,"POINT_Y":18.766366919999999,"POINT_X":99.024680099999998,"name":null,"kom":0,"kalae":2,"text_lanna":0,"total_detect":2}},{"type":"Feature","id":479,"geometry":{"type":"Point","coordinates":[99.026159990000053,18.76680607000003]},"properties":{"OBJECTID":479,"idx":4048,"POINT_Y":18.766806070000001,"POINT_X":99.026159989999996,"name":"ถนนต้นขาม 2","kom":0,"kalae":2,"text_lanna":0,"total_detect":2}},{"type":"Feature","id":480,"geometry":{"type":"Point","coordinates":[99.026143000000047,18.766235960000074]},"properties":{"OBJECTID":480,"idx":4051,"POINT_Y":18.766235959999999,"POINT_X":99.026143000000005,"name":"ถนนต้นขาม 2","kom":0,"kalae":2,"text_lanna":0,"total_detect":2}},{"type":"Feature","id":481,"geometry":{"type":"Point","coordinates":[99.027361920000033,18.765151690000039]},"properties":{"OBJECTID":481,"idx":4058,"POINT_Y":18.76515169,"POINT_X":99.027361920000004,"name":"ถนนต้นขาม 2","kom":0,"kalae":2,"text_lanna":0,"total_detect":2}},{"type":"Feature","id":482,"geometry":{"type":"Point","coordinates":[99.027542720000042,18.765096820000053]},"properties":{"OBJECTID":482,"idx":4059,"POINT_Y":18.76509682,"POINT_X":99.02754272,"name":"ถนนต้นขาม 2","kom":0,"kalae":2,"text_lanna":0,"total_detect":2}},{"type":"Feature","id":483,"geometry":{"type":"Point","coordinates":[99.028113390000044,18.764850790000025]},"properties":{"OBJECTID":483,"idx":4062,"POINT_Y":18.764850790000001,"POINT_X":99.028113390000001,"name":"ถนนต้นขาม 2","kom":0,"kalae":9,"text_lanna":0,"total_detect":9}},{"type":"Feature","id":484,"geometry":{"type":"Point","coordinates":[99.020224840000083,18.770373730000074]},"properties":{"OBJECTID":484,"idx":4086,"POINT_Y":18.770373729999999,"POINT_X":99.020224839999997,"name":null,"kom":0,"kalae":1,"text_lanna":0,"total_detect":1}},{"type":"Feature","id":485,"geometry":{"type":"Point","coordinates":[99.020175300000062,18.770026450000046]},"properties":{"OBJECTID":485,"idx":4087,"POINT_Y":18.77002645,"POINT_X":99.020175300000005,"name":null,"kom":0,"kalae":1,"text_lanna":0,"total_detect":1}},{"type":"Feature","id":486,"geometry":{"type":"Point","coordinates":[99.020268150000049,18.76941000000005]},"properties":{"OBJECTID":486,"idx":4090,"POINT_Y":18.769410000000001,"POINT_X":99.020268150000007,"name":null,"kom":0,"kalae":4,"text_lanna":0,"total_detect":4}},{"type":"Feature","id":487,"geometry":{"type":"Point","coordinates":[99.020303120000051,18.769218880000039]},"properties":{"OBJECTID":487,"idx":4091,"POINT_Y":18.76921888,"POINT_X":99.020303119999994,"name":null,"kom":0,"kalae":1,"text_lanna":2,"total_detect":3}},{"type":"Feature","id":488,"geometry":{"type":"Point","coordinates":[99.021750190000034,18.767498820000071]},"properties":{"OBJECTID":488,"idx":4098,"POINT_Y":18.76749882,"POINT_X":99.021750190000006,"name":null,"kom":0,"kalae":1,"text_lanna":0,"total_detect":1}},{"type":"Feature","id":489,"geometry":{"type":"Point","coordinates":[99.021715360000087,18.768040080000048]},"properties":{"OBJECTID":489,"idx":4101,"POINT_Y":18.768040079999999,"POINT_X":99.021715360000002,"name":null,"kom":0,"kalae":2,"text_lanna":0,"total_detect":2}},{"type":"Feature","id":490,"geometry":{"type":"Point","coordinates":[99.021703750000086,18.768220500000041]},"properties":{"OBJECTID":490,"idx":4102,"POINT_Y":18.768220500000002,"POINT_X":99.02170375,"name":null,"kom":0,"kalae":1,"text_lanna":0,"total_detect":1}},{"type":"Feature","id":491,"geometry":{"type":"Point","coordinates":[99.021810580000079,18.766631910000058]},"properties":{"OBJECTID":491,"idx":4105,"POINT_Y":18.766631910000001,"POINT_X":99.021810579999993,"name":"มงฟอร์ด วิลล่า 14","kom":0,"kalae":3,"text_lanna":0,"total_detect":3}},{"type":"Feature","id":492,"geometry":{"type":"Point","coordinates":[99.021954490000041,18.76630713000003]},"properties":{"OBJECTID":492,"idx":4111,"POINT_Y":18.766307130000001,"POINT_X":99.021954489999999,"name":"มงฟอร์ด วิลล่า 12","kom":0,"kalae":1,"text_lanna":2,"total_detect":3}},{"type":"Feature","id":493,"geometry":{"type":"Point","coordinates":[99.021250670000086,18.76603638000006]},"properties":{"OBJECTID":493,"idx":4115,"POINT_Y":18.766036379999999,"POINT_X":99.021250670000001,"name":"มงฟอร์ด วิลล่า 12","kom":0,"kalae":2,"text_lanna":0,"total_detect":2}},{"type":"Feature","id":494,"geometry":{"type":"Point","coordinates":[99.022051540000064,18.765948700000024]},"properties":{"OBJECTID":494,"idx":4118,"POINT_Y":18.765948699999999,"POINT_X":99.022051540000007,"name":"มงฟอร์ด วิลล่า 10","kom":0,"kalae":2,"text_lanna":0,"total_detect":2}},{"type":"Feature","id":495,"geometry":{"type":"Point","coordinates":[99.023212830000034,18.763077920000057]},"properties":{"OBJECTID":495,"idx":4139,"POINT_Y":18.763077920000001,"POINT_X":99.023212830000006,"name":null,"kom":0,"kalae":1,"text_lanna":0,"total_detect":1}},{"type":"Feature","id":496,"geometry":{"type":"Point","coordinates":[99.022609880000061,18.762856660000068]},"properties":{"OBJECTID":496,"idx":4142,"POINT_Y":18.762856660000001,"POINT_X":99.022609880000005,"name":null,"kom":0,"kalae":3,"text_lanna":1,"total_detect":4}},{"type":"Feature","id":497,"geometry":{"type":"Point","coordinates":[99.022144430000083,18.772097650000035]},"properties":{"OBJECTID":497,"idx":4145,"POINT_Y":18.772097649999999,"POINT_X":99.022144429999997,"name":"ตันขาม ซอย 2","kom":0,"kalae":2,"text_lanna":0,"total_detect":2}},{"type":"Feature","id":498,"geometry":{"type":"Point","coordinates":[99.024846580000087,18.770668650000061]},"properties":{"OBJECTID":498,"idx":4153,"POINT_Y":18.770668650000001,"POINT_X":99.024846580000002,"name":"ตันขาม ซอย 2","kom":0,"kalae":2,"text_lanna":0,"total_detect":2}},{"type":"Feature","id":499,"geometry":{"type":"Point","coordinates":[99.025116080000032,18.770629650000046]},"properties":{"OBJECTID":499,"idx":4154,"POINT_Y":18.77062965,"POINT_X":99.025116080000004,"name":"ตันขาม ซอย 2","kom":0,"kalae":1,"text_lanna":0,"total_detect":1}},{"type":"Feature","id":500,"geometry":{"type":"Point","coordinates":[99.026232700000037,18.768794380000031]},"properties":{"OBJECTID":500,"idx":4162,"POINT_Y":18.768794379999999,"POINT_X":99.026232699999994,"name":"ตันขาม ซอย 2","kom":0,"kalae":1,"text_lanna":0,"total_detect":1}},{"type":"Feature","id":501,"geometry":{"type":"Point","coordinates":[99.025545670000042,18.763189730000022]},"properties":{"OBJECTID":501,"idx":4188,"POINT_Y":18.763189730000001,"POINT_X":99.02554567,"name":null,"kom":0,"kalae":2,"text_lanna":0,"total_detect":2}},{"type":"Feature","id":502,"geometry":{"type":"Point","coordinates":[99.023880640000073,18.791504590000045]},"properties":{"OBJECTID":502,"idx":4203,"POINT_Y":18.791504589999999,"POINT_X":99.023880640000002,"name":"ถนนซุปเปอร์ไฮเวย์","kom":0,"kalae":1,"text_lanna":0,"total_detect":1}},{"type":"Feature","id":503,"geometry":{"type":"Point","coordinates":[99.024063970000043,18.791188040000065]},"properties":{"OBJECTID":503,"idx":4205,"POINT_Y":18.791188040000002,"POINT_X":99.02406397,"name":"ถนนซุปเปอร์ไฮเวย์","kom":0,"kalae":1,"text_lanna":0,"total_detect":1}},{"type":"Feature","id":504,"geometry":{"type":"Point","coordinates":[99.024996470000076,18.789572090000036]},"properties":{"OBJECTID":504,"idx":4215,"POINT_Y":18.78957209,"POINT_X":99.024996470000005,"name":"ถนนซุปเปอร์ไฮเวย์","kom":0,"kalae":2,"text_lanna":0,"total_detect":2}},{"type":"Feature","id":505,"geometry":{"type":"Point","coordinates":[99.004487230000052,18.809961570000041]},"properties":{"OBJECTID":505,"idx":4235,"POINT_Y":18.809961569999999,"POINT_X":99.004487229999995,"name":"ถนนซุปเปอร์ไฮเวย์","kom":0,"kalae":1,"text_lanna":0,"total_detect":1}},{"type":"Feature","id":506,"geometry":{"type":"Point","coordinates":[99.003919210000049,18.809999780000055]},"properties":{"OBJECTID":506,"idx":4238,"POINT_Y":18.809999779999998,"POINT_X":99.003919210000007,"name":"ถนนซุปเปอร์ไฮเวย์","kom":0,"kalae":2,"text_lanna":0,"total_detect":2}},{"type":"Feature","id":507,"geometry":{"type":"Point","coordinates":[99.005070480000086,18.810076000000038]},"properties":{"OBJECTID":507,"idx":4260,"POINT_Y":18.810075999999999,"POINT_X":99.005070480000001,"name":"ถนนซุปเปอร์ไฮเวย์","kom":0,"kalae":1,"text_lanna":0,"total_detect":1}},{"type":"Feature","id":508,"geometry":{"type":"Point","coordinates":[98.999820210000053,18.758000290000041]},"properties":{"OBJECTID":508,"idx":4276,"POINT_Y":18.758000289999998,"POINT_X":98.999820209999996,"name":"ถนนมหิดล","kom":0,"kalae":2,"text_lanna":0,"total_detect":2}},{"type":"Feature","id":509,"geometry":{"type":"Point","coordinates":[98.996720960000061,18.760731240000041]},"properties":{"OBJECTID":509,"idx":4283,"POINT_Y":18.760731239999998,"POINT_X":98.996720960000005,"name":"ถนนมหิดล","kom":0,"kalae":3,"text_lanna":2,"total_detect":5}},{"type":"Feature","id":510,"geometry":{"type":"Point","coordinates":[98.997312910000062,18.760053680000055]},"properties":{"OBJECTID":510,"idx":4295,"POINT_Y":18.760053679999999,"POINT_X":98.997312910000005,"name":"ถนนมหิดล","kom":0,"kalae":1,"text_lanna":0,"total_detect":1}},{"type":"Feature","id":511,"geometry":{"type":"Point","coordinates":[99.002109430000075,18.758873010000059]},"properties":{"OBJECTID":511,"idx":4323,"POINT_Y":18.758873009999999,"POINT_X":99.002109430000004,"name":"ถนน เกาะกลาง","kom":0,"kalae":1,"text_lanna":0,"total_detect":1}},{"type":"Feature","id":512,"geometry":{"type":"Point","coordinates":[99.001899710000032,18.75872011000007]},"properties":{"OBJECTID":512,"idx":4324,"POINT_Y":18.758720109999999,"POINT_X":99.001899710000004,"name":"ถนน เกาะกลาง","kom":0,"kalae":1,"text_lanna":0,"total_detect":1}},{"type":"Feature","id":513,"geometry":{"type":"Point","coordinates":[99.02051307000005,18.775210690000051]},"properties":{"OBJECTID":513,"idx":4341,"POINT_Y":18.775210690000002,"POINT_X":99.020513070000007,"name":null,"kom":0,"kalae":2,"text_lanna":0,"total_detect":2}},{"type":"Feature","id":514,"geometry":{"type":"Point","coordinates":[98.986146550000058,18.805473500000062]},"properties":{"OBJECTID":514,"idx":4347,"POINT_Y":18.805473500000002,"POINT_X":98.986146550000001,"name":"ถนนหมื่่นด้ามพร้าคต","kom":7,"kalae":2,"text_lanna":0,"total_detect":9}},{"type":"Feature","id":515,"geometry":{"type":"Point","coordinates":[98.987645740000062,18.80535438000004]},"properties":{"OBJECTID":515,"idx":4352,"POINT_Y":18.805354380000001,"POINT_X":98.987645740000005,"name":"ถนนหมื่่นด้ามพร้าคต","kom":0,"kalae":1,"text_lanna":0,"total_detect":1}},{"type":"Feature","id":516,"geometry":{"type":"Point","coordinates":[98.988010840000072,18.805255370000054]},"properties":{"OBJECTID":516,"idx":4354,"POINT_Y":18.805255370000001,"POINT_X":98.988010840000001,"name":"ถนนหมื่่นด้ามพร้าคต","kom":0,"kalae":2,"text_lanna":0,"total_detect":2}},{"type":"Feature","id":517,"geometry":{"type":"Point","coordinates":[98.997917880000045,18.81057966000003]},"properties":{"OBJECTID":517,"idx":4363,"POINT_Y":18.810579659999998,"POINT_X":98.997917880000003,"name":"ถนนซุปเปอร์ไฮเวย์","kom":4,"kalae":1,"text_lanna":0,"total_detect":5}},{"type":"Feature","id":518,"geometry":{"type":"Point","coordinates":[98.984878590000051,18.812045890000036]},"properties":{"OBJECTID":518,"idx":4375,"POINT_Y":18.81204589,"POINT_X":98.984878589999994,"name":"ถนนซุปเปอร์ไฮเวย์","kom":0,"kalae":2,"text_lanna":0,"total_detect":2}},{"type":"Feature","id":519,"geometry":{"type":"Point","coordinates":[98.985768290000067,18.812140570000054]},"properties":{"OBJECTID":519,"idx":4379,"POINT_Y":18.81214057,"POINT_X":98.985768289999996,"name":"ถนนซุปเปอร์ไฮเวย์","kom":0,"kalae":2,"text_lanna":0,"total_detect":2}},{"type":"Feature","id":520,"geometry":{"type":"Point","coordinates":[98.985957290000044,18.812157330000048]},"properties":{"OBJECTID":520,"idx":4380,"POINT_Y":18.812157330000002,"POINT_X":98.985957290000002,"name":"ถนนซุปเปอร์ไฮเวย์","kom":0,"kalae":1,"text_lanna":1,"total_detect":2}},{"type":"Feature","id":521,"geometry":{"type":"Point","coordinates":[98.946059070000047,18.802993790000073]},"properties":{"OBJECTID":521,"idx":4399,"POINT_Y":18.802993789999999,"POINT_X":98.946059070000004,"name":null,"kom":0,"kalae":1,"text_lanna":0,"total_detect":1}},{"type":"Feature","id":522,"geometry":{"type":"Point","coordinates":[98.945797940000034,18.804681970000047]},"properties":{"OBJECTID":522,"idx":4405,"POINT_Y":18.804681970000001,"POINT_X":98.945797940000006,"name":null,"kom":0,"kalae":1,"text_lanna":0,"total_detect":1}},{"type":"Feature","id":523,"geometry":{"type":"Point","coordinates":[98.94615747000006,18.806055490000062]},"properties":{"OBJECTID":523,"idx":4408,"POINT_Y":18.806055489999999,"POINT_X":98.946157470000003,"name":null,"kom":0,"kalae":2,"text_lanna":0,"total_detect":2}},{"type":"Feature","id":524,"geometry":{"type":"Point","coordinates":[98.947081440000034,18.807643660000053]},"properties":{"OBJECTID":524,"idx":4412,"POINT_Y":18.80764366,"POINT_X":98.947081440000005,"name":null,"kom":0,"kalae":2,"text_lanna":0,"total_detect":2}},{"type":"Feature","id":525,"geometry":{"type":"Point","coordinates":[98.946962880000058,18.807784810000044]},"properties":{"OBJECTID":525,"idx":4413,"POINT_Y":18.807784810000001,"POINT_X":98.946962880000001,"name":null,"kom":3,"kalae":1,"text_lanna":0,"total_detect":4}},{"type":"Feature","id":526,"geometry":{"type":"Point","coordinates":[98.946844320000082,18.807925970000042]},"properties":{"OBJECTID":526,"idx":4414,"POINT_Y":18.807925969999999,"POINT_X":98.946844319999997,"name":null,"kom":0,"kalae":1,"text_lanna":0,"total_detect":1}},{"type":"Feature","id":527,"geometry":{"type":"Point","coordinates":[98.946504600000083,18.808714330000043]},"properties":{"OBJECTID":527,"idx":4417,"POINT_Y":18.808714330000001,"POINT_X":98.946504599999997,"name":null,"kom":0,"kalae":1,"text_lanna":0,"total_detect":1}},{"type":"Feature","id":528,"geometry":{"type":"Point","coordinates":[99.003977990000067,18.787609620000069]},"properties":{"OBJECTID":528,"idx":4418,"POINT_Y":18.787609620000001,"POINT_X":99.003977989999996,"name":"สะพานนวรัฐ","kom":0,"kalae":1,"text_lanna":0,"total_detect":1}},{"type":"Feature","id":529,"geometry":{"type":"Point","coordinates":[99.00435678000008,18.787632850000023]},"properties":{"OBJECTID":529,"idx":4420,"POINT_Y":18.787632850000001,"POINT_X":99.004356779999995,"name":"สะพานนวรัฐ","kom":0,"kalae":1,"text_lanna":0,"total_detect":1}},{"type":"Feature","id":530,"geometry":{"type":"Point","coordinates":[99.00575493000008,18.787565250000057]},"properties":{"OBJECTID":530,"idx":4426,"POINT_Y":18.78756525,"POINT_X":99.005754929999995,"name":"ถนนเจริญเมือง","kom":0,"kalae":2,"text_lanna":0,"total_detect":2}},{"type":"Feature","id":531,"geometry":{"type":"Point","coordinates":[99.011179700000071,18.786523590000058]},"properties":{"OBJECTID":531,"idx":4450,"POINT_Y":18.786523590000002,"POINT_X":99.0111797,"name":"ถนนเจริญเมือง","kom":0,"kalae":1,"text_lanna":0,"total_detect":1}},{"type":"Feature","id":532,"geometry":{"type":"Point","coordinates":[99.011697930000082,18.786424030000035]},"properties":{"OBJECTID":532,"idx":4452,"POINT_Y":18.786424029999999,"POINT_X":99.011697929999997,"name":"ถนนเจริญเมือง","kom":0,"kalae":1,"text_lanna":0,"total_detect":1}},{"type":"Feature","id":533,"geometry":{"type":"Point","coordinates":[98.981710220000082,18.796056830000055]},"properties":{"OBJECTID":533,"idx":4483,"POINT_Y":18.796056830000001,"POINT_X":98.981710219999997,"name":null,"kom":0,"kalae":1,"text_lanna":1,"total_detect":2}},{"type":"Feature","id":534,"geometry":{"type":"Point","coordinates":[98.981759310000086,18.797353790000045]},"properties":{"OBJECTID":534,"idx":4489,"POINT_Y":18.797353789999999,"POINT_X":98.981759310000001,"name":null,"kom":0,"kalae":1,"text_lanna":0,"total_detect":1}},{"type":"Feature","id":535,"geometry":{"type":"Point","coordinates":[99.019663530000059,18.790757370000051]},"properties":{"OBJECTID":535,"idx":4502,"POINT_Y":18.790757370000001,"POINT_X":99.019663530000003,"name":null,"kom":0,"kalae":2,"text_lanna":0,"total_detect":2}},{"type":"Feature","id":536,"geometry":{"type":"Point","coordinates":[99.008270150000044,18.79680551000007]},"properties":{"OBJECTID":536,"idx":4505,"POINT_Y":18.796805509999999,"POINT_X":99.008270150000001,"name":"ถนน บำรุงราษฏร์","kom":0,"kalae":1,"text_lanna":0,"total_detect":1}},{"type":"Feature","id":537,"geometry":{"type":"Point","coordinates":[99.008338400000071,18.796122380000043]},"properties":{"OBJECTID":537,"idx":4508,"POINT_Y":18.79612238,"POINT_X":99.0083384,"name":"ถนน บำรุงราษฏร์","kom":0,"kalae":2,"text_lanna":0,"total_detect":2}},{"type":"Feature","id":538,"geometry":{"type":"Point","coordinates":[99.008577360000061,18.79376276000005]},"properties":{"OBJECTID":538,"idx":4515,"POINT_Y":18.79376276,"POINT_X":99.008577360000004,"name":"ถนน บำรุงราษฏร์","kom":0,"kalae":1,"text_lanna":0,"total_detect":1}},{"type":"Feature","id":539,"geometry":{"type":"Point","coordinates":[99.00867425000007,18.792805230000056]},"properties":{"OBJECTID":539,"idx":4519,"POINT_Y":18.792805229999999,"POINT_X":99.008674249999999,"name":"ถนน บำรุงราษฏร์","kom":0,"kalae":1,"text_lanna":0,"total_detect":1}},{"type":"Feature","id":540,"geometry":{"type":"Point","coordinates":[99.008709860000067,18.792453880000039]},"properties":{"OBJECTID":540,"idx":4520,"POINT_Y":18.79245388,"POINT_X":99.008709859999996,"name":"ถนน บำรุงราษฏร์","kom":0,"kalae":1,"text_lanna":0,"total_detect":1}},{"type":"Feature","id":541,"geometry":{"type":"Point","coordinates":[99.008785110000076,18.790741830000059]},"properties":{"OBJECTID":541,"idx":4527,"POINT_Y":18.790741830000002,"POINT_X":99.008785110000005,"name":"ถนน บำรุงราษฏร์","kom":0,"kalae":1,"text_lanna":0,"total_detect":1}},{"type":"Feature","id":542,"geometry":{"type":"Point","coordinates":[99.008713370000066,18.787723160000041]},"properties":{"OBJECTID":542,"idx":4541,"POINT_Y":18.787723159999999,"POINT_X":99.008713369999995,"name":"ถนน บำรุงราษฏร์","kom":0,"kalae":2,"text_lanna":0,"total_detect":2}},{"type":"Feature","id":543,"geometry":{"type":"Point","coordinates":[99.02061744000008,18.766925670000035]},"properties":{"OBJECTID":543,"idx":4553,"POINT_Y":18.766925669999999,"POINT_X":99.020617439999995,"name":null,"kom":0,"kalae":2,"text_lanna":0,"total_detect":2}},{"type":"Feature","id":544,"geometry":{"type":"Point","coordinates":[99.021592690000034,18.764667230000043]},"properties":{"OBJECTID":544,"idx":4560,"POINT_Y":18.764667230000001,"POINT_X":99.021592690000006,"name":null,"kom":0,"kalae":2,"text_lanna":0,"total_detect":2}},{"type":"Feature","id":545,"geometry":{"type":"Point","coordinates":[98.980701800000077,18.781654480000043]},"properties":{"OBJECTID":545,"idx":4606,"POINT_Y":18.78165448,"POINT_X":98.980701800000006,"name":"ถนนบำรุงบุรี","kom":0,"kalae":1,"text_lanna":0,"total_detect":1}},{"type":"Feature","id":546,"geometry":{"type":"Point","coordinates":[98.990442730000041,18.792791890000046]},"properties":{"OBJECTID":546,"idx":4613,"POINT_Y":18.79279189,"POINT_X":98.990442729999998,"name":"ถนนมูลเมือง ซอย 7","kom":0,"kalae":2,"text_lanna":0,"total_detect":2}},{"type":"Feature","id":547,"geometry":{"type":"Point","coordinates":[99.016935730000057,18.801245270000038]},"properties":{"OBJECTID":547,"idx":4622,"POINT_Y":18.801245269999999,"POINT_X":99.01693573,"name":null,"kom":0,"kalae":2,"text_lanna":0,"total_detect":2}},{"type":"Feature","id":548,"geometry":{"type":"Point","coordinates":[98.982533970000077,18.781761610000046]},"properties":{"OBJECTID":548,"idx":4654,"POINT_Y":18.78176161,"POINT_X":98.982533970000006,"name":"ถนนบำรุงบุรี ซอย1","kom":2,"kalae":1,"text_lanna":0,"total_detect":3}},{"type":"Feature","id":549,"geometry":{"type":"Point","coordinates":[98.982625480000081,18.782011990000058]},"properties":{"OBJECTID":549,"idx":4655,"POINT_Y":18.782011990000001,"POINT_X":98.982625479999996,"name":"ถนนบำรุงบุรี ซอย1","kom":0,"kalae":5,"text_lanna":0,"total_detect":5}},{"type":"Feature","id":550,"geometry":{"type":"Point","coordinates":[98.99186018000006,18.785340160000032]},"properties":{"OBJECTID":550,"idx":4658,"POINT_Y":18.785340160000001,"POINT_X":98.991860180000003,"name":"ถนนราชมรรคา ซอย 2","kom":0,"kalae":1,"text_lanna":0,"total_detect":1}},{"type":"Feature","id":551,"geometry":{"type":"Point","coordinates":[98.990665160000049,18.782651930000043]},"properties":{"OBJECTID":551,"idx":4665,"POINT_Y":18.78265193,"POINT_X":98.990665160000006,"name":"ถนนมิตรปราณี","kom":0,"kalae":1,"text_lanna":0,"total_detect":1}},{"type":"Feature","id":552,"geometry":{"type":"Point","coordinates":[98.988897830000042,18.784378940000067]},"properties":{"OBJECTID":552,"idx":4668,"POINT_Y":18.78437894,"POINT_X":98.988897829999999,"name":"ถนนพระปกเกล้า ซอย 6","kom":0,"kalae":1,"text_lanna":0,"total_detect":1}},{"type":"Feature","id":553,"geometry":{"type":"Point","coordinates":[98.988224260000038,18.789724880000051]},"properties":{"OBJECTID":553,"idx":4699,"POINT_Y":18.789724880000001,"POINT_X":98.988224259999996,"name":"ถนนพระปกเกล้า ซอย 12","kom":0,"kalae":1,"text_lanna":0,"total_detect":1}},{"type":"Feature","id":554,"geometry":{"type":"Point","coordinates":[98.99003035000004,18.789232850000076]},"properties":{"OBJECTID":554,"idx":4706,"POINT_Y":18.789232850000001,"POINT_X":98.990030349999998,"name":"ถนนพระปกเกล้า ซอย 12","kom":0,"kalae":2,"text_lanna":0,"total_detect":2}},{"type":"Feature","id":555,"geometry":{"type":"Point","coordinates":[98.989945080000041,18.787116180000055]},"properties":{"OBJECTID":555,"idx":4708,"POINT_Y":18.787116180000002,"POINT_X":98.989945079999998,"name":"ถนนพระปกเกล้า ซอย 9","kom":0,"kalae":1,"text_lanna":0,"total_detect":1}},{"type":"Feature","id":556,"geometry":{"type":"Point","coordinates":[98.99172733000006,18.783762890000048]},"properties":{"OBJECTID":556,"idx":4732,"POINT_Y":18.783762889999998,"POINT_X":98.991727330000003,"name":null,"kom":0,"kalae":12,"text_lanna":0,"total_detect":12}},{"type":"Feature","id":557,"geometry":{"type":"Point","coordinates":[98.964043840000045,18.794829100000072]},"properties":{"OBJECTID":557,"idx":4742,"POINT_Y":18.794829100000001,"POINT_X":98.964043840000002,"name":"ถนน ๒ เชียงราย","kom":0,"kalae":1,"text_lanna":0,"total_detect":1}},{"type":"Feature","id":558,"geometry":{"type":"Point","coordinates":[99.000458380000055,18.793664100000058]},"properties":{"OBJECTID":558,"idx":4761,"POINT_Y":18.793664100000001,"POINT_X":99.000458379999998,"name":"สะพานนครพิงค์","kom":1,"kalae":1,"text_lanna":0,"total_detect":2}},{"type":"Feature","id":559,"geometry":{"type":"Point","coordinates":[99.01950977000007,18.761032360000058]},"properties":{"OBJECTID":559,"idx":4775,"POINT_Y":18.761032360000002,"POINT_X":99.019509769999999,"name":"ถนนมหิดล","kom":0,"kalae":2,"text_lanna":0,"total_detect":2}},{"type":"Feature","id":560,"geometry":{"type":"Point","coordinates":[99.019726870000056,18.761202260000061]},"properties":{"OBJECTID":560,"idx":4781,"POINT_Y":18.761202260000001,"POINT_X":99.01972687,"name":"ถนนมหิดล","kom":0,"kalae":4,"text_lanna":0,"total_detect":4}},{"type":"Feature","id":561,"geometry":{"type":"Point","coordinates":[99.024716000000069,18.763027200000067]},"properties":{"OBJECTID":561,"idx":4796,"POINT_Y":18.7630272,"POINT_X":99.024715999999998,"name":"ถนนมหิดล","kom":0,"kalae":1,"text_lanna":0,"total_detect":1}},{"type":"Feature","id":562,"geometry":{"type":"Point","coordinates":[99.02489311000005,18.763092100000051]},"properties":{"OBJECTID":562,"idx":4797,"POINT_Y":18.763092100000001,"POINT_X":99.024893109999994,"name":"ถนนมหิดล","kom":0,"kalae":1,"text_lanna":0,"total_detect":1}},{"type":"Feature","id":563,"geometry":{"type":"Point","coordinates":[99.025610540000059,18.763354820000075]},"properties":{"OBJECTID":563,"idx":4800,"POINT_Y":18.76335482,"POINT_X":99.025610540000002,"name":"ถนนมหิดล","kom":0,"kalae":1,"text_lanna":0,"total_detect":1}},{"type":"Feature","id":564,"geometry":{"type":"Point","coordinates":[98.987252620000049,18.780663530000027]},"properties":{"OBJECTID":564,"idx":4805,"POINT_Y":18.780663530000002,"POINT_X":98.987252620000007,"name":"ถนนวัวลาย","kom":0,"kalae":1,"text_lanna":0,"total_detect":1}},{"type":"Feature","id":565,"geometry":{"type":"Point","coordinates":[99.000923810000074,18.768479640000066]},"properties":{"OBJECTID":565,"idx":4838,"POINT_Y":18.768479639999999,"POINT_X":99.000923810000003,"name":"ถนนเจริญประเทศ","kom":8,"kalae":1,"text_lanna":0,"total_detect":9}},{"type":"Feature","id":566,"geometry":{"type":"Point","coordinates":[98.980986620000067,18.768063120000022]},"properties":{"OBJECTID":566,"idx":4868,"POINT_Y":18.768063120000001,"POINT_X":98.980986619999996,"name":"ถนนมหิดล","kom":0,"kalae":1,"text_lanna":0,"total_detect":1}},{"type":"Feature","id":567,"geometry":{"type":"Point","coordinates":[98.999151100000063,18.794383140000036]},"properties":{"OBJECTID":567,"idx":4875,"POINT_Y":18.794383140000001,"POINT_X":98.999151100000006,"name":"ถนนวิชยานนท์","kom":0,"kalae":2,"text_lanna":0,"total_detect":2}},{"type":"Feature","id":568,"geometry":{"type":"Point","coordinates":[98.959171320000053,18.800432160000071]},"properties":{"OBJECTID":568,"idx":4881,"POINT_Y":18.80043216,"POINT_X":98.959171319999996,"name":"ถนนห้วยแก้ว ซอย3","kom":0,"kalae":1,"text_lanna":0,"total_detect":1}},{"type":"Feature","id":569,"geometry":{"type":"Point","coordinates":[98.972691810000072,18.784489710000059]},"properties":{"OBJECTID":569,"idx":4897,"POINT_Y":18.784489709999999,"POINT_X":98.972691810000001,"name":null,"kom":0,"kalae":1,"text_lanna":0,"total_detect":1}},{"type":"Feature","id":570,"geometry":{"type":"Point","coordinates":[98.972616350000067,18.78377026000004]},"properties":{"OBJECTID":570,"idx":4901,"POINT_Y":18.783770260000001,"POINT_X":98.972616349999996,"name":null,"kom":0,"kalae":2,"text_lanna":0,"total_detect":2}},{"type":"Feature","id":571,"geometry":{"type":"Point","coordinates":[98.990162950000069,18.775364970000055]},"properties":{"OBJECTID":571,"idx":4913,"POINT_Y":18.775364969999998,"POINT_X":98.990162949999998,"name":null,"kom":0,"kalae":1,"text_lanna":0,"total_detect":1}},{"type":"Feature","id":572,"geometry":{"type":"Point","coordinates":[99.005395700000065,18.768979130000048]},"properties":{"OBJECTID":572,"idx":4919,"POINT_Y":18.768979130000002,"POINT_X":99.005395699999994,"name":"ถนนเชียงใหม่-ลำพูน ซอย 7","kom":0,"kalae":1,"text_lanna":0,"total_detect":1}},{"type":"Feature","id":573,"geometry":{"type":"Point","coordinates":[99.004464440000049,18.769262860000026]},"properties":{"OBJECTID":573,"idx":4922,"POINT_Y":18.769262860000001,"POINT_X":99.004464440000007,"name":"ถนนเชียงใหม่-ลำพูน ซอย 7","kom":0,"kalae":1,"text_lanna":0,"total_detect":1}},{"type":"Feature","id":574,"geometry":{"type":"Point","coordinates":[99.003476490000082,18.769218950000038]},"properties":{"OBJECTID":574,"idx":4926,"POINT_Y":18.769218949999999,"POINT_X":99.003476489999997,"name":"ถนนเชียงใหม่-ลำพูน ซอย 7","kom":0,"kalae":2,"text_lanna":0,"total_detect":2}},{"type":"Feature","id":575,"geometry":{"type":"Point","coordinates":[99.008279660000085,18.766497250000043]},"properties":{"OBJECTID":575,"idx":4942,"POINT_Y":18.76649725,"POINT_X":99.008279659999999,"name":"ถนนลำพูน ซอย9","kom":0,"kalae":2,"text_lanna":1,"total_detect":3}},{"type":"Feature","id":576,"geometry":{"type":"Point","coordinates":[99.002201170000035,18.77403503000005]},"properties":{"OBJECTID":576,"idx":4963,"POINT_Y":18.77403503,"POINT_X":99.002201170000006,"name":"ถนนเจริญประเทศ 12 ก","kom":1,"kalae":1,"text_lanna":0,"total_detect":2}},{"type":"Feature","id":577,"geometry":{"type":"Point","coordinates":[98.978033680000067,18.771720060000064]},"properties":{"OBJECTID":577,"idx":4996,"POINT_Y":18.77172006,"POINT_X":98.978033679999996,"name":null,"kom":1,"kalae":2,"text_lanna":0,"total_detect":3}},{"type":"Feature","id":578,"geometry":{"type":"Point","coordinates":[99.018041120000078,18.794045480000023]},"properties":{"OBJECTID":578,"idx":4997,"POINT_Y":18.794045480000001,"POINT_X":99.018041120000007,"name":"ถนนทุ่งโฮเต็ล ซอย 1","kom":0,"kalae":1,"text_lanna":1,"total_detect":2}},{"type":"Feature","id":579,"geometry":{"type":"Point","coordinates":[99.01954008000007,18.794666810000024]},"properties":{"OBJECTID":579,"idx":5004,"POINT_Y":18.794666809999999,"POINT_X":99.019540079999999,"name":"ถนนทุ่งโฮเต็ล ซอย 1","kom":0,"kalae":1,"text_lanna":0,"total_detect":1}},{"type":"Feature","id":580,"geometry":{"type":"Point","coordinates":[98.97055572000005,18.797338840000066]},"properties":{"OBJECTID":580,"idx":5023,"POINT_Y":18.797338839999998,"POINT_X":98.970555719999993,"name":"ถนนนิมมานเหมินท์ ซอย 9","kom":0,"kalae":2,"text_lanna":0,"total_detect":2}},{"type":"Feature","id":581,"geometry":{"type":"Point","coordinates":[98.98234036000008,18.811604790000047]},"properties":{"OBJECTID":581,"idx":5034,"POINT_Y":18.811604790000001,"POINT_X":98.982340359999995,"name":"ถนนซุปเปอร์ไฮเวย์","kom":0,"kalae":3,"text_lanna":0,"total_detect":3}},{"type":"Feature","id":582,"geometry":{"type":"Point","coordinates":[98.980959460000065,18.822916130000067]},"properties":{"OBJECTID":582,"idx":5096,"POINT_Y":18.822916129999999,"POINT_X":98.980959459999994,"name":"ถนนโชตนา ซอย12","kom":0,"kalae":2,"text_lanna":0,"total_detect":2}},{"type":"Feature","id":583,"geometry":{"type":"Point","coordinates":[98.981516750000083,18.823027670000045]},"properties":{"OBJECTID":583,"idx":5099,"POINT_Y":18.823027669999998,"POINT_X":98.981516749999997,"name":"ถนนโชตนา ซอย12","kom":0,"kalae":2,"text_lanna":0,"total_detect":2}},{"type":"Feature","id":584,"geometry":{"type":"Point","coordinates":[98.973131920000071,18.803111990000048]},"properties":{"OBJECTID":584,"idx":5122,"POINT_Y":18.803111990000001,"POINT_X":98.97313192,"name":null,"kom":0,"kalae":1,"text_lanna":0,"total_detect":1}},{"type":"Feature","id":585,"geometry":{"type":"Point","coordinates":[99.006453760000056,18.794535960000076]},"properties":{"OBJECTID":585,"idx":5150,"POINT_Y":18.794535960000001,"POINT_X":99.006453759999999,"name":null,"kom":0,"kalae":1,"text_lanna":0,"total_detect":1}},{"type":"Feature","id":586,"geometry":{"type":"Point","coordinates":[99.004169990000037,18.794167370000025]},"properties":{"OBJECTID":586,"idx":5240,"POINT_Y":18.79416737,"POINT_X":99.004169989999994,"name":"ถนนแก้วนวรัฐ ซอย 2/1","kom":0,"kalae":1,"text_lanna":0,"total_detect":1}},{"type":"Feature","id":587,"geometry":{"type":"Point","coordinates":[99.004960990000086,18.790724180000041]},"properties":{"OBJECTID":587,"idx":5244,"POINT_Y":18.790724180000002,"POINT_X":99.004960990000001,"name":"บำรุงราษฏร์ ซอย 2","kom":0,"kalae":1,"text_lanna":0,"total_detect":1}},{"type":"Feature","id":588,"geometry":{"type":"Point","coordinates":[99.006231040000046,18.790942720000032]},"properties":{"OBJECTID":588,"idx":5249,"POINT_Y":18.79094272,"POINT_X":99.006231040000003,"name":"บำรุงราษฏร์ ซอย 2","kom":0,"kalae":2,"text_lanna":0,"total_detect":2}},{"type":"Feature","id":589,"geometry":{"type":"Point","coordinates":[99.006420370000058,18.790930240000023]},"properties":{"OBJECTID":589,"idx":5250,"POINT_Y":18.790930240000002,"POINT_X":99.006420370000001,"name":"บำรุงราษฏร์ ซอย 2","kom":0,"kalae":1,"text_lanna":0,"total_detect":1}},{"type":"Feature","id":590,"geometry":{"type":"Point","coordinates":[99.014803950000044,18.788229350000051]},"properties":{"OBJECTID":590,"idx":5282,"POINT_Y":18.788229350000002,"POINT_X":99.014803950000001,"name":null,"kom":0,"kalae":1,"text_lanna":0,"total_detect":1}},{"type":"Feature","id":591,"geometry":{"type":"Point","coordinates":[99.011741090000044,18.791271700000038]},"properties":{"OBJECTID":591,"idx":5290,"POINT_Y":18.791271699999999,"POINT_X":99.011741090000001,"name":null,"kom":0,"kalae":1,"text_lanna":0,"total_detect":1}},{"type":"Feature","id":592,"geometry":{"type":"Point","coordinates":[99.012258030000055,18.790178250000054]},"properties":{"OBJECTID":592,"idx":5309,"POINT_Y":18.79017825,"POINT_X":99.012258029999998,"name":null,"kom":0,"kalae":1,"text_lanna":0,"total_detect":1}},{"type":"Feature","id":593,"geometry":{"type":"Point","coordinates":[99.013555560000043,18.790665190000027]},"properties":{"OBJECTID":593,"idx":5312,"POINT_Y":18.790665189999999,"POINT_X":99.01355556,"name":null,"kom":0,"kalae":1,"text_lanna":0,"total_detect":1}},{"type":"Feature","id":594,"geometry":{"type":"Point","coordinates":[99.012766730000067,18.787420100000077]},"properties":{"OBJECTID":594,"idx":5331,"POINT_Y":18.787420099999999,"POINT_X":99.012766729999996,"name":"ถนนเทวีอุทิศ","kom":0,"kalae":1,"text_lanna":0,"total_detect":1}},{"type":"Feature","id":595,"geometry":{"type":"Point","coordinates":[99.012733700000069,18.787598100000025]},"properties":{"OBJECTID":595,"idx":5332,"POINT_Y":18.7875981,"POINT_X":99.012733699999998,"name":"ถนนเทวีอุทิศ","kom":0,"kalae":1,"text_lanna":0,"total_detect":1}},{"type":"Feature","id":596,"geometry":{"type":"Point","coordinates":[99.013477460000047,18.789153890000023]},"properties":{"OBJECTID":596,"idx":5358,"POINT_Y":18.789153890000001,"POINT_X":99.013477460000004,"name":"ถนน มนตรี","kom":0,"kalae":2,"text_lanna":0,"total_detect":2}},{"type":"Feature","id":597,"geometry":{"type":"Point","coordinates":[98.981879990000039,18.815760860000069]},"properties":{"OBJECTID":597,"idx":5431,"POINT_Y":18.815760860000001,"POINT_X":98.981879989999996,"name":null,"kom":0,"kalae":1,"text_lanna":0,"total_detect":1}},{"type":"Feature","id":598,"geometry":{"type":"Point","coordinates":[98.980338570000072,18.816483620000042]},"properties":{"OBJECTID":598,"idx":5436,"POINT_Y":18.81648362,"POINT_X":98.980338570000001,"name":null,"kom":0,"kalae":1,"text_lanna":0,"total_detect":1}},{"type":"Feature","id":599,"geometry":{"type":"Point","coordinates":[98.980947620000052,18.802200130000074]},"properties":{"OBJECTID":599,"idx":5445,"POINT_Y":18.802200129999999,"POINT_X":98.980947619999995,"name":"ถนน หัสดิเสวี","kom":0,"kalae":1,"text_lanna":0,"total_detect":1}},{"type":"Feature","id":600,"geometry":{"type":"Point","coordinates":[98.966139670000075,18.800346540000078]},"properties":{"OBJECTID":600,"idx":5483,"POINT_Y":18.80034654,"POINT_X":98.966139670000004,"name":null,"kom":0,"kalae":8,"text_lanna":0,"total_detect":8}},{"type":"Feature","id":601,"geometry":{"type":"Point","coordinates":[99.007608840000046,18.789897320000023]},"properties":{"OBJECTID":601,"idx":5499,"POINT_Y":18.789897320000001,"POINT_X":99.007608840000003,"name":"บำรุงราษฏร์ ซอย 1","kom":10,"kalae":1,"text_lanna":0,"total_detect":11}},{"type":"Feature","id":602,"geometry":{"type":"Point","coordinates":[99.003130920000046,18.757054430000039]},"properties":{"OBJECTID":602,"idx":5564,"POINT_Y":18.75705443,"POINT_X":99.003130920000004,"name":"ถนนมหิดล","kom":0,"kalae":1,"text_lanna":0,"total_detect":1}},{"type":"Feature","id":603,"geometry":{"type":"Point","coordinates":[98.963108930000033,18.801451170000064]},"properties":{"OBJECTID":603,"idx":5807,"POINT_Y":18.80145117,"POINT_X":98.963108930000004,"name":null,"kom":0,"kalae":19,"text_lanna":0,"total_detect":19}},{"type":"Feature","id":604,"geometry":{"type":"Point","coordinates":[98.962835320000067,18.801545010000041]},"properties":{"OBJECTID":604,"idx":5808,"POINT_Y":18.801545010000002,"POINT_X":98.962835319999996,"name":null,"kom":0,"kalae":6,"text_lanna":0,"total_detect":6}},{"type":"Feature","id":605,"geometry":{"type":"Point","coordinates":[98.962652740000067,18.801495630000034]},"properties":{"OBJECTID":605,"idx":5809,"POINT_Y":18.801495630000002,"POINT_X":98.962652739999996,"name":null,"kom":0,"kalae":5,"text_lanna":0,"total_detect":5}},{"type":"Feature","id":606,"geometry":{"type":"Point","coordinates":[98.951378440000042,18.808099810000044]},"properties":{"OBJECTID":606,"idx":5828,"POINT_Y":18.808099810000002,"POINT_X":98.951378439999999,"name":null,"kom":0,"kalae":1,"text_lanna":0,"total_detect":1}},{"type":"Feature","id":607,"geometry":{"type":"Point","coordinates":[98.949059740000052,18.810392940000042]},"properties":{"OBJECTID":607,"idx":5829,"POINT_Y":18.81039294,"POINT_X":98.949059739999996,"name":null,"kom":0,"kalae":1,"text_lanna":0,"total_detect":1}},{"type":"Feature","id":608,"geometry":{"type":"Point","coordinates":[98.965943540000069,18.797810330000061]},"properties":{"OBJECTID":608,"idx":5873,"POINT_Y":18.797810330000001,"POINT_X":98.965943539999998,"name":"ถนนนิมมานเหมินทร์ ซอย 6","kom":0,"kalae":1,"text_lanna":0,"total_detect":1}},{"type":"Feature","id":609,"geometry":{"type":"Point","coordinates":[98.99574111000004,18.762826370000028]},"properties":{"OBJECTID":609,"idx":5891,"POINT_Y":18.762826369999999,"POINT_X":98.995741109999997,"name":"ซอย 1","kom":0,"kalae":1,"text_lanna":0,"total_detect":1}},{"type":"Feature","id":610,"geometry":{"type":"Point","coordinates":[98.998342440000044,18.76200859000005]},"properties":{"OBJECTID":610,"idx":5936,"POINT_Y":18.762008590000001,"POINT_X":98.998342440000002,"name":"ถนนป่าพร้าว 3","kom":0,"kalae":1,"text_lanna":0,"total_detect":1}},{"type":"Feature","id":611,"geometry":{"type":"Point","coordinates":[99.020370830000047,18.776860330000034]},"properties":{"OBJECTID":611,"idx":5947,"POINT_Y":18.776860330000002,"POINT_X":99.020370830000005,"name":"บ้านแพะ ซอย 3","kom":0,"kalae":1,"text_lanna":0,"total_detect":1}},{"type":"Feature","id":612,"geometry":{"type":"Point","coordinates":[99.015022860000045,18.774524490000033]},"properties":{"OBJECTID":612,"idx":5969,"POINT_Y":18.774524490000001,"POINT_X":99.015022860000002,"name":null,"kom":0,"kalae":2,"text_lanna":0,"total_detect":2}},{"type":"Feature","id":613,"geometry":{"type":"Point","coordinates":[99.013812890000054,18.775283260000037]},"properties":{"OBJECTID":613,"idx":5993,"POINT_Y":18.775283259999998,"POINT_X":99.013812889999997,"name":null,"kom":0,"kalae":1,"text_lanna":0,"total_detect":1}},{"type":"Feature","id":614,"geometry":{"type":"Point","coordinates":[99.025274420000073,18.780154550000077]},"properties":{"OBJECTID":614,"idx":6088,"POINT_Y":18.780154549999999,"POINT_X":99.025274420000002,"name":"อนุวิถี ซอย 2ก","kom":0,"kalae":1,"text_lanna":0,"total_detect":1}},{"type":"Feature","id":615,"geometry":{"type":"Point","coordinates":[98.986466910000047,18.794930460000046]},"properties":{"OBJECTID":615,"idx":6250,"POINT_Y":18.79493046,"POINT_X":98.986466910000004,"name":"ถนนศรีภูมิ ซอย 4","kom":0,"kalae":1,"text_lanna":0,"total_detect":1}},{"type":"Feature","id":616,"geometry":{"type":"Point","coordinates":[98.993416740000043,18.798175240000035]},"properties":{"OBJECTID":616,"idx":6317,"POINT_Y":18.798175239999999,"POINT_X":98.993416740000001,"name":"อุ่นอารี ซอย2","kom":0,"kalae":1,"text_lanna":0,"total_detect":1}},{"type":"Feature","id":617,"geometry":{"type":"Point","coordinates":[98.991128920000051,18.809659920000058]},"properties":{"OBJECTID":617,"idx":6471,"POINT_Y":18.809659920000001,"POINT_X":98.991128919999994,"name":null,"kom":0,"kalae":1,"text_lanna":0,"total_detect":1}},{"type":"Feature","id":618,"geometry":{"type":"Point","coordinates":[98.991747480000072,18.806099630000062]},"properties":{"OBJECTID":618,"idx":6474,"POINT_Y":18.806099629999999,"POINT_X":98.991747480000001,"name":"ถนนหมื่่นด้ามพร้าคต ซอย11","kom":0,"kalae":1,"text_lanna":0,"total_detect":1}},{"type":"Feature","id":619,"geometry":{"type":"Point","coordinates":[98.994437110000035,18.806058320000034]},"properties":{"OBJECTID":619,"idx":6575,"POINT_Y":18.806058320000002,"POINT_X":98.994437110000007,"name":"ถนนศรีมงคล ซอย3","kom":2,"kalae":1,"text_lanna":0,"total_detect":3}},{"type":"Feature","id":620,"geometry":{"type":"Point","coordinates":[98.983898740000086,18.796714570000063]},"properties":{"OBJECTID":620,"idx":6625,"POINT_Y":18.796714569999999,"POINT_X":98.983898740000001,"name":null,"kom":0,"kalae":1,"text_lanna":0,"total_detect":1}},{"type":"Feature","id":621,"geometry":{"type":"Point","coordinates":[98.987588790000075,18.804411930000072]},"properties":{"OBJECTID":621,"idx":6666,"POINT_Y":18.804411930000001,"POINT_X":98.987588790000004,"name":"ถนนกุลวงษ์อุทิศ","kom":0,"kalae":1,"text_lanna":0,"total_detect":1}},{"type":"Feature","id":622,"geometry":{"type":"Point","coordinates":[98.990951690000031,18.806527080000023]},"properties":{"OBJECTID":622,"idx":6690,"POINT_Y":18.806527079999999,"POINT_X":98.990951690000003,"name":"ถนนหมื่่นด้ามพร้าคต","kom":0,"kalae":1,"text_lanna":0,"total_detect":1}},{"type":"Feature","id":623,"geometry":{"type":"Point","coordinates":[98.990972010000064,18.797692310000059]},"properties":{"OBJECTID":623,"idx":6747,"POINT_Y":18.797692309999999,"POINT_X":98.990972009999993,"name":null,"kom":0,"kalae":1,"text_lanna":0,"total_detect":1}},{"type":"Feature","id":624,"geometry":{"type":"Point","coordinates":[98.992306110000072,18.819037320000064]},"properties":{"OBJECTID":624,"idx":6830,"POINT_Y":18.81903732,"POINT_X":98.992306110000001,"name":"สุขเกษม ซอย 12","kom":1,"kalae":1,"text_lanna":0,"total_detect":2}},{"type":"Feature","id":625,"geometry":{"type":"Point","coordinates":[98.98747080000004,18.80928294000006]},"properties":{"OBJECTID":625,"idx":6839,"POINT_Y":18.809282939999999,"POINT_X":98.987470799999997,"name":"ถนน ปราณี ซอย3","kom":0,"kalae":1,"text_lanna":0,"total_detect":1}},{"type":"Feature","id":626,"geometry":{"type":"Point","coordinates":[98.994006810000087,18.777511870000069]},"properties":{"OBJECTID":626,"idx":6887,"POINT_Y":18.777511870000001,"POINT_X":98.994006810000002,"name":null,"kom":0,"kalae":1,"text_lanna":0,"total_detect":1}},{"type":"Feature","id":627,"geometry":{"type":"Point","coordinates":[98.985834100000034,18.838071980000052]},"properties":{"OBJECTID":627,"idx":6903,"POINT_Y":18.838071979999999,"POINT_X":98.985834100000005,"name":null,"kom":0,"kalae":1,"text_lanna":0,"total_detect":1}},{"type":"Feature","id":628,"geometry":{"type":"Point","coordinates":[98.999288850000084,18.778165270000045]},"properties":{"OBJECTID":628,"idx":6934,"POINT_Y":18.778165269999999,"POINT_X":98.999288849999999,"name":null,"kom":0,"kalae":1,"text_lanna":0,"total_detect":1}},{"type":"Feature","id":629,"geometry":{"type":"Point","coordinates":[98.998678450000057,18.777835720000041]},"properties":{"OBJECTID":629,"idx":6936,"POINT_Y":18.777835719999999,"POINT_X":98.99867845,"name":null,"kom":0,"kalae":1,"text_lanna":0,"total_detect":1}},{"type":"Feature","id":630,"geometry":{"type":"Point","coordinates":[98.999745720000078,18.776753270000029]},"properties":{"OBJECTID":630,"idx":6950,"POINT_Y":18.77675327,"POINT_X":98.999745720000007,"name":null,"kom":0,"kalae":1,"text_lanna":0,"total_detect":1}},{"type":"Feature","id":631,"geometry":{"type":"Point","coordinates":[98.993849530000034,18.806530590000023]},"properties":{"OBJECTID":631,"idx":6961,"POINT_Y":18.806530590000001,"POINT_X":98.993849530000006,"name":"ถนนศรีมงคล ซอย 1","kom":0,"kalae":1,"text_lanna":0,"total_detect":1}},{"type":"Feature","id":632,"geometry":{"type":"Point","coordinates":[98.993187700000078,18.805351400000063]},"properties":{"OBJECTID":632,"idx":6969,"POINT_Y":18.805351399999999,"POINT_X":98.993187699999993,"name":"ถนนศรีมงคล","kom":0,"kalae":5,"text_lanna":0,"total_detect":5}},{"type":"Feature","id":633,"geometry":{"type":"Point","coordinates":[98.988558400000045,18.802987030000054]},"properties":{"OBJECTID":633,"idx":6985,"POINT_Y":18.802987030000001,"POINT_X":98.988558400000002,"name":"ถนน กู่เต้า 1","kom":0,"kalae":2,"text_lanna":0,"total_detect":2}},{"type":"Feature","id":634,"geometry":{"type":"Point","coordinates":[99.010512690000041,18.761152570000036]},"properties":{"OBJECTID":634,"idx":7041,"POINT_Y":18.76115257,"POINT_X":99.010512689999999,"name":"การเคหะ ซอย 5","kom":0,"kalae":1,"text_lanna":0,"total_detect":1}},{"type":"Feature","id":635,"geometry":{"type":"Point","coordinates":[99.010888260000058,18.761204520000035]},"properties":{"OBJECTID":635,"idx":7043,"POINT_Y":18.76120452,"POINT_X":99.010888260000002,"name":"การเคหะ ซอย 5","kom":0,"kalae":1,"text_lanna":0,"total_detect":1}},{"type":"Feature","id":636,"geometry":{"type":"Point","coordinates":[98.976909020000051,18.786538440000072]},"properties":{"OBJECTID":636,"idx":7135,"POINT_Y":18.786538440000001,"POINT_X":98.976909019999994,"name":null,"kom":0,"kalae":3,"text_lanna":0,"total_detect":3}},{"type":"Feature","id":637,"geometry":{"type":"Point","coordinates":[98.971642570000085,18.784520600000064]},"properties":{"OBJECTID":637,"idx":7164,"POINT_Y":18.7845206,"POINT_X":98.97164257,"name":null,"kom":0,"kalae":1,"text_lanna":0,"total_detect":1}},{"type":"Feature","id":638,"geometry":{"type":"Point","coordinates":[98.971857680000085,18.785715740000057]},"properties":{"OBJECTID":638,"idx":7172,"POINT_Y":18.785715740000001,"POINT_X":98.971857679999999,"name":null,"kom":0,"kalae":1,"text_lanna":0,"total_detect":1}},{"type":"Feature","id":639,"geometry":{"type":"Point","coordinates":[98.965317110000058,18.788143510000054]},"properties":{"OBJECTID":639,"idx":7183,"POINT_Y":18.788143510000001,"POINT_X":98.965317110000001,"name":"ถนนศรีวิชัย ซอย 3","kom":0,"kalae":1,"text_lanna":0,"total_detect":1}},{"type":"Feature","id":640,"geometry":{"type":"Point","coordinates":[98.966768410000043,18.786385660000064]},"properties":{"OBJECTID":640,"idx":7195,"POINT_Y":18.786385660000001,"POINT_X":98.96676841,"name":"ถนนศรีวิชัย ซอย 6","kom":0,"kalae":1,"text_lanna":0,"total_detect":1}},{"type":"Feature","id":641,"geometry":{"type":"Point","coordinates":[98.966593510000052,18.786476470000025]},"properties":{"OBJECTID":641,"idx":7196,"POINT_Y":18.78647647,"POINT_X":98.966593509999996,"name":"ถนนศรีวิชัย ซอย 6","kom":0,"kalae":1,"text_lanna":0,"total_detect":1}},{"type":"Feature","id":642,"geometry":{"type":"Point","coordinates":[98.966367630000036,18.787489870000059]},"properties":{"OBJECTID":642,"idx":7240,"POINT_Y":18.787489870000002,"POINT_X":98.966367629999993,"name":"ถนนศรีวิชัย ซอย 4","kom":0,"kalae":1,"text_lanna":0,"total_detect":1}},{"type":"Feature","id":643,"geometry":{"type":"Point","coordinates":[98.977128220000054,18.787380650000046]},"properties":{"OBJECTID":643,"idx":7286,"POINT_Y":18.787380649999999,"POINT_X":98.977128219999997,"name":null,"kom":0,"kalae":2,"text_lanna":0,"total_detect":2}},{"type":"Feature","id":644,"geometry":{"type":"Point","coordinates":[98.969514430000061,18.784698180000078]},"properties":{"OBJECTID":644,"idx":7317,"POINT_Y":18.784698179999999,"POINT_X":98.969514430000004,"name":"ถนนสวนดอก ซอย 5","kom":0,"kalae":1,"text_lanna":0,"total_detect":1}},{"type":"Feature","id":645,"geometry":{"type":"Point","coordinates":[98.980042870000034,18.779632700000036]},"properties":{"OBJECTID":645,"idx":7338,"POINT_Y":18.779632700000001,"POINT_X":98.980042870000005,"name":null,"kom":0,"kalae":1,"text_lanna":0,"total_detect":1}},{"type":"Feature","id":646,"geometry":{"type":"Point","coordinates":[98.97990075000007,18.78008871000003]},"properties":{"OBJECTID":646,"idx":7341,"POINT_Y":18.780088710000001,"POINT_X":98.979900749999999,"name":null,"kom":0,"kalae":1,"text_lanna":0,"total_detect":1}},{"type":"Feature","id":647,"geometry":{"type":"Point","coordinates":[98.969142390000059,18.783814550000045]},"properties":{"OBJECTID":647,"idx":7353,"POINT_Y":18.783814549999999,"POINT_X":98.969142390000002,"name":null,"kom":0,"kalae":1,"text_lanna":0,"total_detect":1}},{"type":"Feature","id":648,"geometry":{"type":"Point","coordinates":[98.96402807000004,18.795861800000068]},"properties":{"OBJECTID":648,"idx":7420,"POINT_Y":18.795861800000001,"POINT_X":98.964028069999998,"name":"ถนนนิมมานเหมินทร์ ซอย 12","kom":0,"kalae":1,"text_lanna":0,"total_detect":1}},{"type":"Feature","id":649,"geometry":{"type":"Point","coordinates":[98.968335000000081,18.798180620000039]},"properties":{"OBJECTID":649,"idx":7442,"POINT_Y":18.79818062,"POINT_X":98.968334999999996,"name":"ถนนนิมมานเหมินท์ ซอย 7","kom":0,"kalae":1,"text_lanna":0,"total_detect":1}},{"type":"Feature","id":650,"geometry":{"type":"Point","coordinates":[98.966599950000045,18.795130300000039]},"properties":{"OBJECTID":650,"idx":7468,"POINT_Y":18.7951303,"POINT_X":98.966599950000003,"name":"ซอย จำปี","kom":0,"kalae":1,"text_lanna":0,"total_detect":1}},{"type":"Feature","id":651,"geometry":{"type":"Point","coordinates":[98.96662230000004,18.795309800000041]},"properties":{"OBJECTID":651,"idx":7469,"POINT_Y":18.795309799999998,"POINT_X":98.966622299999997,"name":"ซอย จำปี","kom":5,"kalae":1,"text_lanna":0,"total_detect":6}},{"type":"Feature","id":652,"geometry":{"type":"Point","coordinates":[98.967037920000053,18.799592420000067]},"properties":{"OBJECTID":652,"idx":7470,"POINT_Y":18.79959242,"POINT_X":98.967037919999996,"name":"ถนนนิมมานเหมินทร์ ซอย2","kom":0,"kalae":1,"text_lanna":0,"total_detect":1}},{"type":"Feature","id":653,"geometry":{"type":"Point","coordinates":[98.966018810000037,18.799716260000025]},"properties":{"OBJECTID":653,"idx":7474,"POINT_Y":18.79971626,"POINT_X":98.966018809999994,"name":"ถนนนิมมานเหมินทร์ ซอย2","kom":0,"kalae":2,"text_lanna":0,"total_detect":2}},{"type":"Feature","id":654,"geometry":{"type":"Point","coordinates":[98.968438080000055,18.79667027000005]},"properties":{"OBJECTID":654,"idx":7492,"POINT_Y":18.79667027,"POINT_X":98.968438079999999,"name":null,"kom":0,"kalae":1,"text_lanna":0,"total_detect":1}},{"type":"Feature","id":655,"geometry":{"type":"Point","coordinates":[98.967206140000087,18.795243210000024]},"properties":{"OBJECTID":655,"idx":7522,"POINT_Y":18.795243209999999,"POINT_X":98.967206140000002,"name":"ถนนนิมมานเหมินท์ ซอย 17","kom":0,"kalae":1,"text_lanna":0,"total_detect":1}},{"type":"Feature","id":656,"geometry":{"type":"Point","coordinates":[98.954188730000055,18.795326370000055]},"properties":{"OBJECTID":656,"idx":7656,"POINT_Y":18.795326370000002,"POINT_X":98.954188729999998,"name":null,"kom":0,"kalae":1,"text_lanna":0,"total_detect":1}},{"type":"Feature","id":657,"geometry":{"type":"Point","coordinates":[98.980301000000054,18.837559890000023]},"properties":{"OBJECTID":657,"idx":7713,"POINT_Y":18.837559890000001,"POINT_X":98.980300999999997,"name":"ถนนร่มเย็น ซอย 3","kom":0,"kalae":1,"text_lanna":0,"total_detect":1}},{"type":"Feature","id":658,"geometry":{"type":"Point","coordinates":[98.981496380000067,18.837566630000026]},"properties":{"OBJECTID":658,"idx":7718,"POINT_Y":18.837566630000001,"POINT_X":98.981496379999996,"name":"ถนนร่มเย็น ซอย 3","kom":0,"kalae":1,"text_lanna":1,"total_detect":2}},{"type":"Feature","id":659,"geometry":{"type":"Point","coordinates":[99.019791980000036,18.79024467000005]},"properties":{"OBJECTID":659,"idx":7787,"POINT_Y":18.79024467,"POINT_X":99.019791979999994,"name":null,"kom":0,"kalae":1,"text_lanna":1,"total_detect":2}},{"type":"Feature","id":660,"geometry":{"type":"Point","coordinates":[99.022328740000034,18.788115020000077]},"properties":{"OBJECTID":660,"idx":7794,"POINT_Y":18.788115019999999,"POINT_X":99.022328740000006,"name":null,"kom":0,"kalae":1,"text_lanna":0,"total_detect":1}},{"type":"Feature","id":661,"geometry":{"type":"Point","coordinates":[98.989447100000064,18.829203220000068]},"properties":{"OBJECTID":661,"idx":7865,"POINT_Y":18.82920322,"POINT_X":98.989447100000007,"name":"ถนน มหาโชค 15 ก","kom":0,"kalae":1,"text_lanna":0,"total_detect":1}},{"type":"Feature","id":662,"geometry":{"type":"Point","coordinates":[98.981647230000078,18.823645750000026]},"properties":{"OBJECTID":662,"idx":7894,"POINT_Y":18.823645750000001,"POINT_X":98.981647229999993,"name":null,"kom":0,"kalae":1,"text_lanna":0,"total_detect":1}},{"type":"Feature","id":663,"geometry":{"type":"Point","coordinates":[98.975986510000041,18.840248990000077]},"properties":{"OBJECTID":663,"idx":8019,"POINT_Y":18.840248989999999,"POINT_X":98.975986509999998,"name":"ถนนสมโภชเชียงใหม่ 700 ปี","kom":0,"kalae":1,"text_lanna":0,"total_detect":1}},{"type":"Feature","id":664,"geometry":{"type":"Point","coordinates":[98.978143040000077,18.800210560000039]},"properties":{"OBJECTID":664,"idx":8049,"POINT_Y":18.80021056,"POINT_X":98.978143040000006,"name":"ถนนสันติธรรม","kom":0,"kalae":1,"text_lanna":0,"total_detect":1}},{"type":"Feature","id":665,"geometry":{"type":"Point","coordinates":[99.014688780000085,18.785665320000078]},"properties":{"OBJECTID":665,"idx":8155,"POINT_Y":18.78566532,"POINT_X":99.01468878,"name":"ถนนเจริญเมือง ซอย4","kom":0,"kalae":1,"text_lanna":0,"total_detect":1}},{"type":"Feature","id":666,"geometry":{"type":"Point","coordinates":[99.01253059000004,18.768409660000032]},"properties":{"OBJECTID":666,"idx":8260,"POINT_Y":18.76840966,"POINT_X":99.012530589999997,"name":null,"kom":0,"kalae":1,"text_lanna":0,"total_detect":1}},{"type":"Feature","id":667,"geometry":{"type":"Point","coordinates":[99.011649220000038,18.767533970000045]},"properties":{"OBJECTID":667,"idx":8279,"POINT_Y":18.767533969999999,"POINT_X":99.011649219999995,"name":null,"kom":0,"kalae":1,"text_lanna":0,"total_detect":1}},{"type":"Feature","id":668,"geometry":{"type":"Point","coordinates":[99.012137530000075,18.767526030000056]},"properties":{"OBJECTID":668,"idx":8281,"POINT_Y":18.767526029999999,"POINT_X":99.012137530000004,"name":null,"kom":0,"kalae":1,"text_lanna":0,"total_detect":1}},{"type":"Feature","id":669,"geometry":{"type":"Point","coordinates":[99.00638747000005,18.773976090000076]},"properties":{"OBJECTID":669,"idx":8630,"POINT_Y":18.773976090000001,"POINT_X":99.006387470000007,"name":null,"kom":0,"kalae":1,"text_lanna":0,"total_detect":1}},{"type":"Feature","id":670,"geometry":{"type":"Point","coordinates":[99.006348460000083,18.774209220000046]},"properties":{"OBJECTID":670,"idx":8639,"POINT_Y":18.774209219999999,"POINT_X":99.006348459999998,"name":"ถนน กฟภ.","kom":0,"kalae":1,"text_lanna":0,"total_detect":1}},{"type":"Feature","id":671,"geometry":{"type":"Point","coordinates":[99.025299980000057,18.769393150000042]},"properties":{"OBJECTID":671,"idx":8680,"POINT_Y":18.769393149999999,"POINT_X":99.02529998,"name":null,"kom":0,"kalae":1,"text_lanna":0,"total_detect":1}},{"type":"Feature","id":672,"geometry":{"type":"Point","coordinates":[98.985096700000042,18.777861350000023]},"properties":{"OBJECTID":672,"idx":8815,"POINT_Y":18.777861349999998,"POINT_X":98.9850967,"name":"ถนนวัวลาย ซอย 3","kom":0,"kalae":1,"text_lanna":0,"total_detect":1}},{"type":"Feature","id":673,"geometry":{"type":"Point","coordinates":[98.980379250000055,18.78925361000006]},"properties":{"OBJECTID":673,"idx":8841,"POINT_Y":18.789253609999999,"POINT_X":98.980379249999999,"name":"ถนนอินทวโรรส","kom":0,"kalae":1,"text_lanna":1,"total_detect":2}},{"type":"Feature","id":674,"geometry":{"type":"Point","coordinates":[98.985360060000062,18.789722510000047]},"properties":{"OBJECTID":674,"idx":8859,"POINT_Y":18.789722510000001,"POINT_X":98.985360060000005,"name":"ถนนอินทวโรรส","kom":0,"kalae":1,"text_lanna":0,"total_detect":1}},{"type":"Feature","id":675,"geometry":{"type":"Point","coordinates":[98.981285820000039,18.787682300000029]},"properties":{"OBJECTID":675,"idx":8935,"POINT_Y":18.7876823,"POINT_X":98.981285819999997,"name":"ถนนสามล้าน ซอย1","kom":0,"kalae":1,"text_lanna":0,"total_detect":1}},{"type":"Feature","id":676,"geometry":{"type":"Point","coordinates":[98.980097680000085,18.787754120000045]},"properties":{"OBJECTID":676,"idx":8940,"POINT_Y":18.787754119999999,"POINT_X":98.98009768,"name":"ถนนสามล้าน ซอย1","kom":0,"kalae":1,"text_lanna":0,"total_detect":1}}]
}