{
  "type" : "FeatureCollection",
  "features" : [{"type":"Feature","id":1,"geometry":{"type":"Point","coordinates":[98.971160129778099,18.79663916980132]},"properties":{"OBJECTID":1,"SOURCE_ID":1,"kalae":1,"GiZScore":2.1353106750474349,"GiPValue":0.032735641526864451,"NNeighbors":181,"Gi_Bin":2}},{"type":"Feature","id":2,"geometry":{"type":"Point","coordinates":[98.977009740390031,18.769203639615501]},"properties":{"OBJECTID":2,"SOURCE_ID":2,"kalae":0,"GiZScore":1.1807259458335957,"GiPValue":0.23771163177705523,"NNeighbors":164,"Gi_Bin":0}},{"type":"Feature","id":3,"geometry":{"type":"Point","coordinates":[98.977957389535732,18.76876691000928]},"properties":{"OBJECTID":3,"SOURCE_ID":3,"kalae":1,"GiZScore":1.5148193645497343,"GiPValue":0.1298181551231247,"NNeighbors":179,"Gi_Bin":0}},{"type":"Feature","id":4,"geometry":{"type":"Point","coordinates":[98.979201710387741,18.768381359771688]},"properties":{"OBJECTID":4,"SOURCE_ID":4,"kalae":1,"GiZScore":1.0861307768975661,"GiPValue":0.27742115442946824,"NNeighbors":198,"Gi_Bin":0}},{"type":"Feature","id":5,"geometry":{"type":"Point","coordinates":[98.973238120451313,18.808296100048825]},"properties":{"OBJECTID":5,"SOURCE_ID":5,"kalae":0,"GiZScore":1.6260826222714972,"GiPValue":0.10393208026370952,"NNeighbors":110,"Gi_Bin":0}},{"type":"Feature","id":6,"geometry":{"type":"Point","coordinates":[98.973695669898007,18.808618890314182]},"properties":{"OBJECTID":6,"SOURCE_ID":6,"kalae":4,"GiZScore":1.5610302196065517,"GiPValue":0.11851662083328991,"NNeighbors":111,"Gi_Bin":0}},{"type":"Feature","id":7,"geometry":{"type":"Point","coordinates":[98.975710829725728,18.809824389743024]},"properties":{"OBJECTID":7,"SOURCE_ID":7,"kalae":0,"GiZScore":0.76008823865880448,"GiPValue":0.44720184868374946,"NNeighbors":95,"Gi_Bin":0}},{"type":"Feature","id":8,"geometry":{"type":"Point","coordinates":[98.97607664005902,18.810010420096376]},"properties":{"OBJECTID":8,"SOURCE_ID":8,"kalae":2,"GiZScore":0.55447084968734917,"GiPValue":0.57925665256181136,"NNeighbors":95,"Gi_Bin":0}},{"type":"Feature","id":9,"geometry":{"type":"Point","coordinates":[98.976245679549194,18.810092640214304]},"properties":{"OBJECTID":9,"SOURCE_ID":9,"kalae":0,"GiZScore":0.063644257252771744,"GiPValue":0.94925349095979739,"NNeighbors":93,"Gi_Bin":0}},{"type":"Feature","id":10,"geometry":{"type":"Point","coordinates":[99.027213989630852,18.780919329701817]},"properties":{"OBJECTID":10,"SOURCE_ID":10,"kalae":0,"GiZScore":-1.3833762602356425,"GiPValue":0.1665495258189077,"NNeighbors":128,"Gi_Bin":0}},{"type":"Feature","id":11,"geometry":{"type":"Point","coordinates":[99.027296369852294,18.780382770213606]},"properties":{"OBJECTID":11,"SOURCE_ID":11,"kalae":0,"GiZScore":-0.9900553434956465,"GiPValue":0.32214708196872999,"NNeighbors":132,"Gi_Bin":0}},{"type":"Feature","id":12,"geometry":{"type":"Point","coordinates":[99.027384589620269,18.779768099762158]},"properties":{"OBJECTID":12,"SOURCE_ID":12,"kalae":0,"GiZScore":-0.92286449344395904,"GiPValue":0.35607783692191941,"NNeighbors":133,"Gi_Bin":0}},{"type":"Feature","id":13,"geometry":{"type":"Point","coordinates":[99.027482370103726,18.779051089879406]},"properties":{"OBJECTID":13,"SOURCE_ID":13,"kalae":0,"GiZScore":-0.8253805102296714,"GiPValue":0.40915560422728448,"NNeighbors":138,"Gi_Bin":0}},{"type":"Feature","id":14,"geometry":{"type":"Point","coordinates":[99.027555699944344,18.778513330365573]},"properties":{"OBJECTID":14,"SOURCE_ID":14,"kalae":2,"GiZScore":-0.82328901006506983,"GiPValue":0.41034366958461155,"NNeighbors":146,"Gi_Bin":0}},{"type":"Feature","id":15,"geometry":{"type":"Point","coordinates":[99.027629030270873,18.777975569888735]},"properties":{"OBJECTID":15,"SOURCE_ID":15,"kalae":0,"GiZScore":-0.26372386223231059,"GiPValue":0.79199270716096248,"NNeighbors":145,"Gi_Bin":0}},{"type":"Feature","id":16,"geometry":{"type":"Point","coordinates":[99.02765347044793,18.777796320300201]},"properties":{"OBJECTID":16,"SOURCE_ID":16,"kalae":0,"GiZScore":-0.19620885581027486,"GiPValue":0.84444669695678831,"NNeighbors":147,"Gi_Bin":0}},{"type":"Feature","id":17,"geometry":{"type":"Point","coordinates":[99.027775689537236,18.77690005960325]},"properties":{"OBJECTID":17,"SOURCE_ID":17,"kalae":1,"GiZScore":-0.43378257440226403,"GiPValue":0.66444633796013186,"NNeighbors":145,"Gi_Bin":0}},{"type":"Feature","id":18,"geometry":{"type":"Point","coordinates":[99.027800130354663,18.776720809975192]},"properties":{"OBJECTID":18,"SOURCE_ID":18,"kalae":0,"GiZScore":-0.4276722809980833,"GiPValue":0.66888973464418622,"NNeighbors":146,"Gi_Bin":0}},{"type":"Feature","id":19,"geometry":{"type":"Point","coordinates":[99.027824579658784,18.776541550397621]},"properties":{"OBJECTID":19,"SOURCE_ID":19,"kalae":1,"GiZScore":-0.36525574975495834,"GiPValue":0.71492050714523125,"NNeighbors":147,"Gi_Bin":0}},{"type":"Feature","id":20,"geometry":{"type":"Point","coordinates":[99.027946790306544,18.775645290375678]},"properties":{"OBJECTID":20,"SOURCE_ID":20,"kalae":2,"GiZScore":-0.36525574975495834,"GiPValue":0.71492050714523125,"NNeighbors":147,"Gi_Bin":0}},{"type":"Feature","id":21,"geometry":{"type":"Point","coordinates":[99.027971240252469,18.775466039796459]},"properties":{"OBJECTID":21,"SOURCE_ID":21,"kalae":0,"GiZScore":-0.3711556054170852,"GiPValue":0.71052163770943544,"NNeighbors":146,"Gi_Bin":0}},{"type":"Feature","id":22,"geometry":{"type":"Point","coordinates":[99.027995679709747,18.775286790116049]},"properties":{"OBJECTID":22,"SOURCE_ID":22,"kalae":0,"GiZScore":-0.30890678510673053,"GiPValue":0.75739243575261361,"NNeighbors":147,"Gi_Bin":0}},{"type":"Feature","id":23,"geometry":{"type":"Point","coordinates":[99.028069010106378,18.774749030188055]},"properties":{"OBJECTID":23,"SOURCE_ID":23,"kalae":0,"GiZScore":-0.25255782045850267,"GiPValue":0.80060992809756304,"NNeighbors":147,"Gi_Bin":0}},{"type":"Feature","id":24,"geometry":{"type":"Point","coordinates":[99.028093450306713,18.774569779577455]},"properties":{"OBJECTID":24,"SOURCE_ID":24,"kalae":0,"GiZScore":-0.25255782045850267,"GiPValue":0.80060992809756304,"NNeighbors":147,"Gi_Bin":0}},{"type":"Feature","id":25,"geometry":{"type":"Point","coordinates":[99.028264550192986,18.773315009752015]},"properties":{"OBJECTID":25,"SOURCE_ID":25,"kalae":1,"GiZScore":-0.76745271918383406,"GiPValue":0.44281240055334925,"NNeighbors":138,"Gi_Bin":0}},{"type":"Feature","id":26,"geometry":{"type":"Point","coordinates":[99.028337879842042,18.772777249607302]},"properties":{"OBJECTID":26,"SOURCE_ID":26,"kalae":2,"GiZScore":-0.56271825519238861,"GiPValue":0.57362675409527686,"NNeighbors":134,"Gi_Bin":0}},{"type":"Feature","id":27,"geometry":{"type":"Point","coordinates":[99.028362320425956,18.772597999828164]},"properties":{"OBJECTID":27,"SOURCE_ID":27,"kalae":2,"GiZScore":-0.69468175602724547,"GiPValue":0.48725476864075323,"NNeighbors":132,"Gi_Bin":0}},{"type":"Feature","id":28,"geometry":{"type":"Point","coordinates":[99.028405879662358,18.772286280357172]},"properties":{"OBJECTID":28,"SOURCE_ID":28,"kalae":0,"GiZScore":-0.69468175602724547,"GiPValue":0.48725476864075323,"NNeighbors":132,"Gi_Bin":0}},{"type":"Feature","id":29,"geometry":{"type":"Point","coordinates":[99.028507819867301,18.771569800171161]},"properties":{"OBJECTID":29,"SOURCE_ID":29,"kalae":1,"GiZScore":-0.41864417035847906,"GiPValue":0.67547620448369372,"NNeighbors":129,"Gi_Bin":0}},{"type":"Feature","id":30,"geometry":{"type":"Point","coordinates":[99.028635229684355,18.770674190071382]},"properties":{"OBJECTID":30,"SOURCE_ID":30,"kalae":0,"GiZScore":-0.28837786236508622,"GiPValue":0.77305751192229644,"NNeighbors":121,"Gi_Bin":0}},{"type":"Feature","id":31,"geometry":{"type":"Point","coordinates":[99.028711679677215,18.770136830436105]},"properties":{"OBJECTID":31,"SOURCE_ID":31,"kalae":0,"GiZScore":-0.35633763683662051,"GiPValue":0.72158772725576581,"NNeighbors":120,"Gi_Bin":0}},{"type":"Feature","id":32,"geometry":{"type":"Point","coordinates":[99.028762640061998,18.769778589742231]},"properties":{"OBJECTID":32,"SOURCE_ID":32,"kalae":0,"GiZScore":-0.30750895015841823,"GiPValue":0.75845601205249147,"NNeighbors":118,"Gi_Bin":0}},{"type":"Feature","id":33,"geometry":{"type":"Point","coordinates":[99.028813609719293,18.769420339981686]},"properties":{"OBJECTID":33,"SOURCE_ID":33,"kalae":0,"GiZScore":-0.25795793728612498,"GiPValue":0.79643937025004008,"NNeighbors":116,"Gi_Bin":0}},{"type":"Feature","id":34,"geometry":{"type":"Point","coordinates":[99.028966500332388,18.768345620363831]},"properties":{"OBJECTID":34,"SOURCE_ID":34,"kalae":1,"GiZScore":0.028877488007674871,"GiPValue":0.97696230009843721,"NNeighbors":111,"Gi_Bin":0}},{"type":"Feature","id":35,"geometry":{"type":"Point","coordinates":[99.029093910074494,18.767450009648627]},"properties":{"OBJECTID":35,"SOURCE_ID":35,"kalae":2,"GiZScore":0.13210905441987714,"GiPValue":0.89489803432301207,"NNeighbors":106,"Gi_Bin":0}},{"type":"Feature","id":36,"geometry":{"type":"Point","coordinates":[99.029221309940837,18.766554409609562]},"properties":{"OBJECTID":36,"SOURCE_ID":36,"kalae":0,"GiZScore":0.49972747660167388,"GiPValue":0.6172669844643327,"NNeighbors":99,"Gi_Bin":0}},{"type":"Feature","id":37,"geometry":{"type":"Point","coordinates":[99.029272279568275,18.766196159602856]},"properties":{"OBJECTID":37,"SOURCE_ID":37,"kalae":0,"GiZScore":0.62582681602990209,"GiPValue":0.53142854442225251,"NNeighbors":96,"Gi_Bin":0}},{"type":"Feature","id":38,"geometry":{"type":"Point","coordinates":[99.029348719853047,18.765658800360118]},"properties":{"OBJECTID":38,"SOURCE_ID":38,"kalae":2,"GiZScore":0.5481408970019912,"GiPValue":0.58359516331474337,"NNeighbors":93,"Gi_Bin":0}},{"type":"Feature","id":39,"geometry":{"type":"Point","coordinates":[99.029399680407707,18.765300560228177]},"properties":{"OBJECTID":39,"SOURCE_ID":39,"kalae":1,"GiZScore":0.5481408970019912,"GiPValue":0.58359516331474337,"NNeighbors":93,"Gi_Bin":0}},{"type":"Feature","id":40,"geometry":{"type":"Point","coordinates":[99.026272230464755,18.786118980150292]},"properties":{"OBJECTID":40,"SOURCE_ID":40,"kalae":3,"GiZScore":-0.78381282607269465,"GiPValue":0.43314995354965724,"NNeighbors":113,"Gi_Bin":0}},{"type":"Feature","id":41,"geometry":{"type":"Point","coordinates":[99.026178420291401,18.7864778301958]},"properties":{"OBJECTID":41,"SOURCE_ID":41,"kalae":0,"GiZScore":-0.85596271313533434,"GiPValue":0.39201841304124085,"NNeighbors":112,"Gi_Bin":0}},{"type":"Feature","id":42,"geometry":{"type":"Point","coordinates":[99.026047860444919,18.786919629660211]},"properties":{"OBJECTID":42,"SOURCE_ID":42,"kalae":5,"GiZScore":-0.85596271313533434,"GiPValue":0.39201841304124085,"NNeighbors":112,"Gi_Bin":0}},{"type":"Feature","id":43,"geometry":{"type":"Point","coordinates":[99.025947240228248,18.787193849690865]},"properties":{"OBJECTID":43,"SOURCE_ID":43,"kalae":1,"GiZScore":-0.85596271313533434,"GiPValue":0.39201841304124085,"NNeighbors":112,"Gi_Bin":0}},{"type":"Feature","id":44,"geometry":{"type":"Point","coordinates":[99.025812300256931,18.787531749966377]},"properties":{"OBJECTID":44,"SOURCE_ID":44,"kalae":2,"GiZScore":-0.84713924262088935,"GiPValue":0.39691752250191792,"NNeighbors":113,"Gi_Bin":0}},{"type":"Feature","id":45,"geometry":{"type":"Point","coordinates":[99.025744839560474,18.787700710003602]},"properties":{"OBJECTID":45,"SOURCE_ID":45,"kalae":0,"GiZScore":-0.84713924262088935,"GiPValue":0.39691752250191792,"NNeighbors":113,"Gi_Bin":0}},{"type":"Feature","id":46,"geometry":{"type":"Point","coordinates":[99.025677370187836,18.787869660073081]},"properties":{"OBJECTID":46,"SOURCE_ID":46,"kalae":1,"GiZScore":-0.96455606580060083,"GiPValue":0.33476722594992792,"NNeighbors":114,"Gi_Bin":0}},{"type":"Feature","id":47,"geometry":{"type":"Point","coordinates":[99.025363970355841,18.788619270311049]},"properties":{"OBJECTID":47,"SOURCE_ID":47,"kalae":1,"GiZScore":-0.79238145310671149,"GiPValue":0.42813829750285159,"NNeighbors":112,"Gi_Bin":0}},{"type":"Feature","id":48,"geometry":{"type":"Point","coordinates":[99.024759190270416,18.789743449868258]},"properties":{"OBJECTID":48,"SOURCE_ID":48,"kalae":1,"GiZScore":-0.70676982370044672,"GiPValue":0.47970953526376048,"NNeighbors":107,"Gi_Bin":0}},{"type":"Feature","id":49,"geometry":{"type":"Point","coordinates":[99.02447883038576,18.790215420091986]},"properties":{"OBJECTID":49,"SOURCE_ID":49,"kalae":0,"GiZScore":-0.60126174925958065,"GiPValue":0.54766566533262595,"NNeighbors":104,"Gi_Bin":0}},{"type":"Feature","id":50,"geometry":{"type":"Point","coordinates":[99.023823070278439,18.791293950029509]},"properties":{"OBJECTID":50,"SOURCE_ID":50,"kalae":2,"GiZScore":-0.65854165124322728,"GiPValue":0.51019014634168103,"NNeighbors":105,"Gi_Bin":0}},{"type":"Feature","id":51,"geometry":{"type":"Point","coordinates":[99.023727990085561,18.791450389897669]},"properties":{"OBJECTID":51,"SOURCE_ID":51,"kalae":0,"GiZScore":-0.65854165124322728,"GiPValue":0.51019014634168103,"NNeighbors":105,"Gi_Bin":0}},{"type":"Feature","id":52,"geometry":{"type":"Point","coordinates":[99.023377290386222,18.792038439994332]},"properties":{"OBJECTID":52,"SOURCE_ID":52,"kalae":1,"GiZScore":-0.78053329531188276,"GiPValue":0.4350770442079448,"NNeighbors":106,"Gi_Bin":0}},{"type":"Feature","id":53,"geometry":{"type":"Point","coordinates":[98.995077410300098,18.791766810026267]},"properties":{"OBJECTID":53,"SOURCE_ID":53,"kalae":3,"GiZScore":0.41743067383773386,"GiPValue":0.6763634237050633,"NNeighbors":304,"Gi_Bin":0}},{"type":"Feature","id":54,"geometry":{"type":"Point","coordinates":[98.989072159855567,18.794947689672231]},"properties":{"OBJECTID":54,"SOURCE_ID":54,"kalae":1,"GiZScore":-0.013076683250935963,"GiPValue":0.98956661367823384,"NNeighbors":290,"Gi_Bin":0}},{"type":"Feature","id":55,"geometry":{"type":"Point","coordinates":[98.989030330105678,18.795232140182616]},"properties":{"OBJECTID":55,"SOURCE_ID":55,"kalae":0,"GiZScore":-0.013076683250935963,"GiPValue":0.98956661367823384,"NNeighbors":290,"Gi_Bin":0}},{"type":"Feature","id":56,"geometry":{"type":"Point","coordinates":[98.991374890033143,18.790860420440339]},"properties":{"OBJECTID":56,"SOURCE_ID":56,"kalae":1,"GiZScore":0.058807508756783484,"GiPValue":0.95310542768902318,"NNeighbors":322,"Gi_Bin":0}},{"type":"Feature","id":57,"geometry":{"type":"Point","coordinates":[98.991469779634031,18.79190987999986]},"properties":{"OBJECTID":57,"SOURCE_ID":57,"kalae":2,"GiZScore":0.64002583579173544,"GiPValue":0.52215580685532115,"NNeighbors":308,"Gi_Bin":0}},{"type":"Feature","id":58,"geometry":{"type":"Point","coordinates":[98.988286650143692,18.793253749757042]},"properties":{"OBJECTID":58,"SOURCE_ID":58,"kalae":1,"GiZScore":0.81305834306520619,"GiPValue":0.41618461608089152,"NNeighbors":294,"Gi_Bin":0}},{"type":"Feature","id":59,"geometry":{"type":"Point","coordinates":[98.988476390358002,18.793257710214839]},"properties":{"OBJECTID":59,"SOURCE_ID":59,"kalae":1,"GiZScore":0.77577657248340937,"GiPValue":0.43788092550087365,"NNeighbors":296,"Gi_Bin":0}},{"type":"Feature","id":60,"geometry":{"type":"Point","coordinates":[98.982321570368939,18.793119989573526]},"properties":{"OBJECTID":60,"SOURCE_ID":60,"kalae":0,"GiZScore":0.38276138730634396,"GiPValue":0.70189669446393843,"NNeighbors":293,"Gi_Bin":0}},{"type":"Feature","id":61,"geometry":{"type":"Point","coordinates":[98.98368804964683,18.793109470017043]},"properties":{"OBJECTID":61,"SOURCE_ID":61,"kalae":0,"GiZScore":0.35288465529683177,"GiPValue":0.72417491570493109,"NNeighbors":297,"Gi_Bin":0}},{"type":"Feature","id":62,"geometry":{"type":"Point","coordinates":[98.98442826962436,18.793103779690053]},"properties":{"OBJECTID":62,"SOURCE_ID":62,"kalae":20,"GiZScore":0.35929241703748299,"GiPValue":0.71937634717484666,"NNeighbors":299,"Gi_Bin":0}},{"type":"Feature","id":63,"geometry":{"type":"Point","coordinates":[98.98529067018876,18.793097080234396]},"properties":{"OBJECTID":63,"SOURCE_ID":63,"kalae":1,"GiZScore":0.40489940084731602,"GiPValue":0.68555145981923205,"NNeighbors":300,"Gi_Bin":0}},{"type":"Feature","id":64,"geometry":{"type":"Point","coordinates":[98.985480449527444,18.793095620103522]},"properties":{"OBJECTID":64,"SOURCE_ID":64,"kalae":2,"GiZScore":0.36248767964563317,"GiPValue":0.71698762938135152,"NNeighbors":300,"Gi_Bin":0}},{"type":"Feature","id":65,"geometry":{"type":"Point","coordinates":[98.986837269979532,18.793085179782985]},"properties":{"OBJECTID":65,"SOURCE_ID":65,"kalae":0,"GiZScore":0.21847068289917537,"GiPValue":0.82706239843423413,"NNeighbors":295,"Gi_Bin":0}},{"type":"Feature","id":66,"geometry":{"type":"Point","coordinates":[98.984947980422831,18.786112389892569]},"properties":{"OBJECTID":66,"SOURCE_ID":66,"kalae":1,"GiZScore":1.4792813147551886,"GiPValue":0.13906514465399777,"NNeighbors":348,"Gi_Bin":0}},{"type":"Feature","id":67,"geometry":{"type":"Point","coordinates":[98.984954629554679,18.786293039838796]},"properties":{"OBJECTID":67,"SOURCE_ID":67,"kalae":0,"GiZScore":1.3537134323073465,"GiPValue":0.17582782105251191,"NNeighbors":346,"Gi_Bin":0}},{"type":"Feature","id":68,"geometry":{"type":"Point","coordinates":[98.985315310227634,18.788318470126722]},"properties":{"OBJECTID":68,"SOURCE_ID":68,"kalae":1,"GiZScore":0.011144372677509791,"GiPValue":0.99110826115484862,"NNeighbors":332,"Gi_Bin":0}},{"type":"Feature","id":69,"geometry":{"type":"Point","coordinates":[98.985697400344932,18.788304589557246]},"properties":{"OBJECTID":69,"SOURCE_ID":69,"kalae":1,"GiZScore":0.15843790915176312,"GiPValue":0.87411174388317614,"NNeighbors":327,"Gi_Bin":0}},{"type":"Feature","id":70,"geometry":{"type":"Point","coordinates":[98.986080650152815,18.788277149648014]},"properties":{"OBJECTID":70,"SOURCE_ID":70,"kalae":0,"GiZScore":0.8719510898368148,"GiPValue":0.38323506964467857,"NNeighbors":332,"Gi_Bin":0}},{"type":"Feature","id":71,"geometry":{"type":"Point","coordinates":[98.986483120124433,18.788252289758343]},"properties":{"OBJECTID":71,"SOURCE_ID":71,"kalae":0,"GiZScore":1.0359142740576348,"GiPValue":0.30024215250626674,"NNeighbors":332,"Gi_Bin":0}},{"type":"Feature","id":72,"geometry":{"type":"Point","coordinates":[98.989223540221658,18.790758919848255]},"properties":{"OBJECTID":72,"SOURCE_ID":72,"kalae":2,"GiZScore":0.46066580761563503,"GiPValue":0.64503839140348451,"NNeighbors":318,"Gi_Bin":0}},{"type":"Feature","id":73,"geometry":{"type":"Point","coordinates":[98.990827060314373,18.7906100899996]},"properties":{"OBJECTID":73,"SOURCE_ID":73,"kalae":0,"GiZScore":0.36441040936936986,"GiPValue":0.7155515642737631,"NNeighbors":327,"Gi_Bin":0}},{"type":"Feature","id":74,"geometry":{"type":"Point","coordinates":[98.982474610279638,18.784153630006919]},"properties":{"OBJECTID":74,"SOURCE_ID":74,"kalae":0,"GiZScore":1.3898162811162362,"GiPValue":0.16458467285390793,"NNeighbors":344,"Gi_Bin":0}},{"type":"Feature","id":75,"geometry":{"type":"Point","coordinates":[98.976068219570195,18.772363579818713]},"properties":{"OBJECTID":75,"SOURCE_ID":75,"kalae":0,"GiZScore":1.4701971217875944,"GiPValue":0.14150837401503885,"NNeighbors":186,"Gi_Bin":0}},{"type":"Feature","id":76,"geometry":{"type":"Point","coordinates":[98.976159119678016,18.805376800387116]},"properties":{"OBJECTID":76,"SOURCE_ID":76,"kalae":1,"GiZScore":1.2251146757648592,"GiPValue":0.22053203947731825,"NNeighbors":157,"Gi_Bin":0}},{"type":"Feature","id":77,"geometry":{"type":"Point","coordinates":[98.973414289779527,18.805689969700261]},"properties":{"OBJECTID":77,"SOURCE_ID":77,"kalae":2,"GiZScore":1.3753349502418593,"GiPValue":0.16902762582783742,"NNeighbors":137,"Gi_Bin":0}},{"type":"Feature","id":78,"geometry":{"type":"Point","coordinates":[98.973037439847857,18.805733450172902]},"properties":{"OBJECTID":78,"SOURCE_ID":78,"kalae":0,"GiZScore":1.3132422419349776,"GiPValue":0.18910133407521088,"NNeighbors":131,"Gi_Bin":0}},{"type":"Feature","id":79,"geometry":{"type":"Point","coordinates":[98.972660589723617,18.805776929884171]},"properties":{"OBJECTID":79,"SOURCE_ID":79,"kalae":1,"GiZScore":1.3721211039130947,"GiPValue":0.17002574074311669,"NNeighbors":130,"Gi_Bin":0}},{"type":"Feature","id":80,"geometry":{"type":"Point","coordinates":[98.972377070111833,18.805809609758803]},"properties":{"OBJECTID":80,"SOURCE_ID":80,"kalae":0,"GiZScore":1.3721211039130947,"GiPValue":0.17002574074311669,"NNeighbors":130,"Gi_Bin":0}},{"type":"Feature","id":81,"geometry":{"type":"Point","coordinates":[98.978316370399625,18.80406648031439]},"properties":{"OBJECTID":81,"SOURCE_ID":81,"kalae":2,"GiZScore":0.72702178138457485,"GiPValue":0.4672126182427645,"NNeighbors":175,"Gi_Bin":0}},{"type":"Feature","id":82,"geometry":{"type":"Point","coordinates":[98.977940119780826,18.804114430055996]},"properties":{"OBJECTID":82,"SOURCE_ID":82,"kalae":2,"GiZScore":0.82669916977346392,"GiPValue":0.40840759996901987,"NNeighbors":173,"Gi_Bin":0}},{"type":"Feature","id":83,"geometry":{"type":"Point","coordinates":[98.977101540432514,18.804083249614035]},"properties":{"OBJECTID":83,"SOURCE_ID":83,"kalae":1,"GiZScore":0.72431424495044128,"GiPValue":0.46887283901943433,"NNeighbors":174,"Gi_Bin":0}},{"type":"Feature","id":84,"geometry":{"type":"Point","coordinates":[98.976850169950382,18.804022670261812]},"properties":{"OBJECTID":84,"SOURCE_ID":84,"kalae":1,"GiZScore":1.6674797724928627,"GiPValue":0.095419043243443927,"NNeighbors":173,"Gi_Bin":1}},{"type":"Feature","id":85,"geometry":{"type":"Point","coordinates":[98.975797029954549,18.803836569724886]},"properties":{"OBJECTID":85,"SOURCE_ID":85,"kalae":0,"GiZScore":2.1921092545073666,"GiPValue":0.02837161867739884,"NNeighbors":174,"Gi_Bin":2}},{"type":"Feature","id":86,"geometry":{"type":"Point","coordinates":[98.975608560458042,18.803857929708816]},"properties":{"OBJECTID":86,"SOURCE_ID":86,"kalae":0,"GiZScore":1.1898809327469282,"GiPValue":0.23409321502050584,"NNeighbors":170,"Gi_Bin":0}},{"type":"Feature","id":87,"geometry":{"type":"Point","coordinates":[98.973966889874546,18.804043479681354]},"properties":{"OBJECTID":87,"SOURCE_ID":87,"kalae":1,"GiZScore":1.6633069775812435,"GiPValue":0.0962510027086904,"NNeighbors":147,"Gi_Bin":1}},{"type":"Feature","id":88,"geometry":{"type":"Point","coordinates":[98.973212859992586,18.80412785001047]},"properties":{"OBJECTID":88,"SOURCE_ID":88,"kalae":1,"GiZScore":1.2009947987570695,"GiPValue":0.22975324080184045,"NNeighbors":137,"Gi_Bin":0}},{"type":"Feature","id":89,"geometry":{"type":"Point","coordinates":[98.973024360473858,18.804148929916558]},"properties":{"OBJECTID":89,"SOURCE_ID":89,"kalae":1,"GiZScore":1.2582116218119554,"GiPValue":0.20831525770951853,"NNeighbors":136,"Gi_Bin":0}},{"type":"Feature","id":90,"geometry":{"type":"Point","coordinates":[98.972647340414667,18.804191109941357]},"properties":{"OBJECTID":90,"SOURCE_ID":90,"kalae":0,"GiZScore":1.3158217132378818,"GiPValue":0.18823388966948223,"NNeighbors":135,"Gi_Bin":0}},{"type":"Feature","id":91,"geometry":{"type":"Point","coordinates":[98.972458830314949,18.804212200119903]},"properties":{"OBJECTID":91,"SOURCE_ID":91,"kalae":2,"GiZScore":1.3151487590393407,"GiPValue":0.18845991232254464,"NNeighbors":134,"Gi_Bin":0}},{"type":"Feature","id":92,"geometry":{"type":"Point","coordinates":[98.979711909608241,18.804904410310979]},"properties":{"OBJECTID":92,"SOURCE_ID":92,"kalae":0,"GiZScore":0.20407270570474578,"GiPValue":0.83829668331244589,"NNeighbors":175,"Gi_Bin":0}},{"type":"Feature","id":93,"geometry":{"type":"Point","coordinates":[98.979669250409898,18.804270930145069]},"properties":{"OBJECTID":93,"SOURCE_ID":93,"kalae":0,"GiZScore":0.59150923292101365,"GiPValue":0.55417927369151765,"NNeighbors":182,"Gi_Bin":0}},{"type":"Feature","id":94,"geometry":{"type":"Point","coordinates":[98.978748710398804,18.804018470231988]},"properties":{"OBJECTID":94,"SOURCE_ID":94,"kalae":2,"GiZScore":0.58239869293460622,"GiPValue":0.5602981646542996,"NNeighbors":179,"Gi_Bin":0}},{"type":"Feature","id":95,"geometry":{"type":"Point","coordinates":[98.979816920344007,18.800718440389559]},"properties":{"OBJECTID":95,"SOURCE_ID":95,"kalae":2,"GiZScore":0.71650129348638558,"GiPValue":0.47368187437014342,"NNeighbors":208,"Gi_Bin":0}},{"type":"Feature","id":96,"geometry":{"type":"Point","coordinates":[98.979659590334975,18.800819549948503]},"properties":{"OBJECTID":96,"SOURCE_ID":96,"kalae":0,"GiZScore":0.45673677971812537,"GiPValue":0.647860252778234,"NNeighbors":203,"Gi_Bin":0}},{"type":"Feature","id":97,"geometry":{"type":"Point","coordinates":[98.97950226013802,18.800920660277377]},"properties":{"OBJECTID":97,"SOURCE_ID":97,"kalae":1,"GiZScore":0.46000741379690491,"GiPValue":0.64551090049289195,"NNeighbors":204,"Gi_Bin":0}},{"type":"Feature","id":98,"geometry":{"type":"Point","coordinates":[98.979344940192277,18.801021769569736]},"properties":{"OBJECTID":98,"SOURCE_ID":98,"kalae":0,"GiZScore":0.45345696635734106,"GiPValue":0.65021972560589947,"NNeighbors":202,"Gi_Bin":0}},{"type":"Feature","id":99,"geometry":{"type":"Point","coordinates":[98.978838370345173,18.801354150406336]},"properties":{"OBJECTID":99,"SOURCE_ID":99,"kalae":2,"GiZScore":0.4268736122740957,"GiPValue":0.66947138748457014,"NNeighbors":194,"Gi_Bin":0}},{"type":"Feature","id":100,"geometry":{"type":"Point","coordinates":[98.978272950263204,18.801765840335168]},"properties":{"OBJECTID":100,"SOURCE_ID":100,"kalae":1,"GiZScore":0.56493590519338177,"GiPValue":0.57211736336947649,"NNeighbors":190,"Gi_Bin":0}},{"type":"Feature","id":101,"geometry":{"type":"Point","coordinates":[98.9772453600727,18.798587570193259]},"properties":{"OBJECTID":101,"SOURCE_ID":101,"kalae":0,"GiZScore":0.43423374389969488,"GiPValue":0.66411871278945711,"NNeighbors":211,"Gi_Bin":0}},{"type":"Feature","id":102,"geometry":{"type":"Point","coordinates":[98.977071630206225,18.798660340030963]},"properties":{"OBJECTID":102,"SOURCE_ID":102,"kalae":2,"GiZScore":0.43423374389969488,"GiPValue":0.66411871278945711,"NNeighbors":211,"Gi_Bin":0}},{"type":"Feature","id":103,"geometry":{"type":"Point","coordinates":[98.976623010221729,18.798860189665454]},"properties":{"OBJECTID":103,"SOURCE_ID":103,"kalae":1,"GiZScore":1.7361867011561052,"GiPValue":0.082530827953019373,"NNeighbors":204,"Gi_Bin":1}},{"type":"Feature","id":104,"geometry":{"type":"Point","coordinates":[98.97757007985858,18.799559430185418]},"properties":{"OBJECTID":104,"SOURCE_ID":104,"kalae":0,"GiZScore":0.65921588107977591,"GiPValue":0.50975715442885461,"NNeighbors":205,"Gi_Bin":0}},{"type":"Feature","id":105,"geometry":{"type":"Point","coordinates":[98.977322389895733,18.799523930197729]},"properties":{"OBJECTID":105,"SOURCE_ID":105,"kalae":1,"GiZScore":0.75182708578653634,"GiPValue":0.45215505717865367,"NNeighbors":203,"Gi_Bin":0}},{"type":"Feature","id":106,"geometry":{"type":"Point","coordinates":[98.976769539574846,18.799362709589353]},"properties":{"OBJECTID":106,"SOURCE_ID":106,"kalae":1,"GiZScore":1.8830065923821115,"GiPValue":0.059699474568774002,"NNeighbors":203,"Gi_Bin":1}},{"type":"Feature","id":107,"geometry":{"type":"Point","coordinates":[98.987203109680365,18.800478099597367]},"properties":{"OBJECTID":107,"SOURCE_ID":107,"kalae":0,"GiZScore":0.43117712160948063,"GiPValue":0.66633958899092893,"NNeighbors":239,"Gi_Bin":0}},{"type":"Feature","id":108,"geometry":{"type":"Point","coordinates":[98.988017980087733,18.799991689798919]},"properties":{"OBJECTID":108,"SOURCE_ID":108,"kalae":0,"GiZScore":0.28157609601529215,"GiPValue":0.77826857180659959,"NNeighbors":249,"Gi_Bin":0}},{"type":"Feature","id":109,"geometry":{"type":"Point","coordinates":[98.98815426978301,18.799865890302154]},"properties":{"OBJECTID":109,"SOURCE_ID":109,"kalae":0,"GiZScore":0.20148222126338947,"GiPValue":0.84032152987910502,"NNeighbors":252,"Gi_Bin":0}},{"type":"Feature","id":110,"geometry":{"type":"Point","coordinates":[98.981251180299935,18.801540600380427]},"properties":{"OBJECTID":110,"SOURCE_ID":110,"kalae":0,"GiZScore":0.21833536148389676,"GiPValue":0.82716782466841798,"NNeighbors":205,"Gi_Bin":0}},{"type":"Feature","id":111,"geometry":{"type":"Point","coordinates":[98.981454180344016,18.801476870176632]},"properties":{"OBJECTID":111,"SOURCE_ID":111,"kalae":0,"GiZScore":0.18079939181432181,"GiPValue":0.85652504058841716,"NNeighbors":208,"Gi_Bin":0}},{"type":"Feature","id":112,"geometry":{"type":"Point","coordinates":[98.984749889544588,18.800524930357806]},"properties":{"OBJECTID":112,"SOURCE_ID":112,"kalae":1,"GiZScore":-0.21767984554059536,"GiPValue":0.82767856821329466,"NNeighbors":249,"Gi_Bin":0}},{"type":"Feature","id":113,"geometry":{"type":"Point","coordinates":[98.985776709595825,18.800318329572132]},"properties":{"OBJECTID":113,"SOURCE_ID":113,"kalae":0,"GiZScore":0.22916014447204053,"GiPValue":0.81874444861499263,"NNeighbors":247,"Gi_Bin":0}},{"type":"Feature","id":114,"geometry":{"type":"Point","coordinates":[98.99652137959454,18.795990250285108]},"properties":{"OBJECTID":114,"SOURCE_ID":114,"kalae":1,"GiZScore":-0.0067904815477070179,"GiPValue":0.99458202124987138,"NNeighbors":280,"Gi_Bin":0}},{"type":"Feature","id":115,"geometry":{"type":"Point","coordinates":[98.996720739777118,18.796491909767038]},"properties":{"OBJECTID":115,"SOURCE_ID":115,"kalae":0,"GiZScore":0.029342735613033365,"GiPValue":0.97659124347024329,"NNeighbors":278,"Gi_Bin":0}},{"type":"Feature","id":116,"geometry":{"type":"Point","coordinates":[98.99724734032101,18.79761218014113]},"properties":{"OBJECTID":116,"SOURCE_ID":116,"kalae":2,"GiZScore":0.051054944280596024,"GiPValue":0.95928173839165543,"NNeighbors":272,"Gi_Bin":0}},{"type":"Feature","id":117,"geometry":{"type":"Point","coordinates":[98.997546520064148,18.798260899995455]},"properties":{"OBJECTID":117,"SOURCE_ID":117,"kalae":0,"GiZScore":0.084094124795895064,"GiPValue":0.93298159583584184,"NNeighbors":269,"Gi_Bin":0}},{"type":"Feature","id":118,"geometry":{"type":"Point","coordinates":[98.997706889526981,18.798607449665472]},"properties":{"OBJECTID":118,"SOURCE_ID":118,"kalae":0,"GiZScore":-0.7978434396346229,"GiPValue":0.42496135644554101,"NNeighbors":269,"Gi_Bin":0}},{"type":"Feature","id":119,"geometry":{"type":"Point","coordinates":[99.011696989546479,18.802027950158777]},"properties":{"OBJECTID":119,"SOURCE_ID":119,"kalae":2,"GiZScore":-0.27520800798859602,"GiPValue":0.78315643526949719,"NNeighbors":133,"Gi_Bin":0}},{"type":"Feature","id":120,"geometry":{"type":"Point","coordinates":[99.011058360052033,18.801697109651002]},"properties":{"OBJECTID":120,"SOURCE_ID":120,"kalae":0,"GiZScore":-0.53430264369964187,"GiPValue":0.59313216569982008,"NNeighbors":147,"Gi_Bin":0}},{"type":"Feature","id":121,"geometry":{"type":"Point","coordinates":[99.010723680175019,18.801526520241627]},"properties":{"OBJECTID":121,"SOURCE_ID":121,"kalae":0,"GiZScore":-0.62053192326702655,"GiPValue":0.53490764696638116,"NNeighbors":151,"Gi_Bin":0}},{"type":"Feature","id":122,"geometry":{"type":"Point","coordinates":[99.010556339540017,18.801441220339832]},"properties":{"OBJECTID":122,"SOURCE_ID":122,"kalae":2,"GiZScore":-0.66295755105574861,"GiPValue":0.50735774533326095,"NNeighbors":153,"Gi_Bin":0}},{"type":"Feature","id":123,"geometry":{"type":"Point","coordinates":[99.010126239926535,18.80120940992305]},"properties":{"OBJECTID":123,"SOURCE_ID":123,"kalae":0,"GiZScore":-0.47266586886370315,"GiPValue":0.63645158237236654,"NNeighbors":157,"Gi_Bin":0}},{"type":"Feature","id":124,"geometry":{"type":"Point","coordinates":[99.009802950378145,18.801030300033954]},"properties":{"OBJECTID":124,"SOURCE_ID":124,"kalae":0,"GiZScore":-0.52134443521092899,"GiPValue":0.60212685374485897,"NNeighbors":158,"Gi_Bin":0}},{"type":"Feature","id":125,"geometry":{"type":"Point","coordinates":[99.002727579601142,18.808420449571081]},"properties":{"OBJECTID":125,"SOURCE_ID":125,"kalae":9,"GiZScore":-0.0031239620258355777,"GiPValue":0.99750744298498817,"NNeighbors":152,"Gi_Bin":0}},{"type":"Feature","id":126,"geometry":{"type":"Point","coordinates":[99.002712070367409,18.808240299699992]},"properties":{"OBJECTID":126,"SOURCE_ID":126,"kalae":2,"GiZScore":-0.0031239620258355777,"GiPValue":0.99750744298498817,"NNeighbors":152,"Gi_Bin":0}},{"type":"Feature","id":127,"geometry":{"type":"Point","coordinates":[99.002681210153312,18.807798960049169]},"properties":{"OBJECTID":127,"SOURCE_ID":127,"kalae":1,"GiZScore":0.001600824211255468,"GiPValue":0.99872272762267478,"NNeighbors":153,"Gi_Bin":0}},{"type":"Feature","id":128,"geometry":{"type":"Point","coordinates":[99.002686059863336,18.807149930440662]},"properties":{"OBJECTID":128,"SOURCE_ID":128,"kalae":0,"GiZScore":-0.18334300178808946,"GiPValue":0.85452889573740842,"NNeighbors":160,"Gi_Bin":0}},{"type":"Feature","id":129,"geometry":{"type":"Point","coordinates":[99.002723199673866,18.806938880195286]},"properties":{"OBJECTID":129,"SOURCE_ID":129,"kalae":1,"GiZScore":-0.38931066595145936,"GiPValue":0.69704634807115162,"NNeighbors":162,"Gi_Bin":0}},{"type":"Feature","id":130,"geometry":{"type":"Point","coordinates":[99.002817080400575,18.806526039578802]},"properties":{"OBJECTID":130,"SOURCE_ID":130,"kalae":1,"GiZScore":-0.34077791292716392,"GiPValue":0.73327077980533395,"NNeighbors":161,"Gi_Bin":0}},{"type":"Feature","id":131,"geometry":{"type":"Point","coordinates":[99.003160570179602,18.804259040406681]},"properties":{"OBJECTID":131,"SOURCE_ID":131,"kalae":0,"GiZScore":-0.58621701358252787,"GiPValue":0.55772969284066076,"NNeighbors":174,"Gi_Bin":0}},{"type":"Feature","id":132,"geometry":{"type":"Point","coordinates":[99.002933829815518,18.80186899013599]},"properties":{"OBJECTID":132,"SOURCE_ID":132,"kalae":1,"GiZScore":-0.27624986737186452,"GiPValue":0.78235615849035822,"NNeighbors":204,"Gi_Bin":0}},{"type":"Feature","id":133,"geometry":{"type":"Point","coordinates":[99.002880970472816,18.801315929726179]},"properties":{"OBJECTID":133,"SOURCE_ID":133,"kalae":3,"GiZScore":-0.40854301575501767,"GiPValue":0.68287505769832268,"NNeighbors":207,"Gi_Bin":0}},{"type":"Feature","id":134,"geometry":{"type":"Point","coordinates":[99.002870339572354,18.801135449773266]},"properties":{"OBJECTID":134,"SOURCE_ID":134,"kalae":1,"GiZScore":-0.40854301575501767,"GiPValue":0.68287505769832268,"NNeighbors":207,"Gi_Bin":0}},{"type":"Feature","id":135,"geometry":{"type":"Point","coordinates":[99.002521790088437,18.80084548981727]},"properties":{"OBJECTID":135,"SOURCE_ID":135,"kalae":0,"GiZScore":-0.51380740770351663,"GiPValue":0.6073866503362334,"NNeighbors":215,"Gi_Bin":0}},{"type":"Feature","id":136,"geometry":{"type":"Point","coordinates":[99.001699930346163,18.809977100424195]},"properties":{"OBJECTID":136,"SOURCE_ID":136,"kalae":0,"GiZScore":-0.0094285662543088719,"GiPValue":0.99247720401463624,"NNeighbors":139,"Gi_Bin":0}},{"type":"Feature","id":137,"geometry":{"type":"Point","coordinates":[98.98099847968669,18.777044560311722]},"properties":{"OBJECTID":137,"SOURCE_ID":137,"kalae":1,"GiZScore":1.0060294399289373,"GiPValue":0.3144014221723016,"NNeighbors":303,"Gi_Bin":0}},{"type":"Feature","id":138,"geometry":{"type":"Point","coordinates":[98.98104133990087,18.777553080397581]},"properties":{"OBJECTID":138,"SOURCE_ID":138,"kalae":1,"GiZScore":0.99866349767087592,"GiPValue":0.31795774230397356,"NNeighbors":300,"Gi_Bin":0}},{"type":"Feature","id":139,"geometry":{"type":"Point","coordinates":[98.981104120401895,18.77825356024621]},"properties":{"OBJECTID":139,"SOURCE_ID":139,"kalae":0,"GiZScore":1.230651664174556,"GiPValue":0.21845319672411811,"NNeighbors":309,"Gi_Bin":0}},{"type":"Feature","id":140,"geometry":{"type":"Point","coordinates":[98.981217239953267,18.779555050063294]},"properties":{"OBJECTID":140,"SOURCE_ID":140,"kalae":0,"GiZScore":1.4465327251651778,"GiPValue":0.14802784007958536,"NNeighbors":312,"Gi_Bin":0}},{"type":"Feature","id":141,"geometry":{"type":"Point","coordinates":[98.981289800228907,18.780228879727346]},"properties":{"OBJECTID":141,"SOURCE_ID":141,"kalae":0,"GiZScore":2.0519422300777888,"GiPValue":0.04017527709410993,"NNeighbors":326,"Gi_Bin":2}},{"type":"Feature","id":142,"geometry":{"type":"Point","coordinates":[98.981309489612073,18.780408659965964]},"properties":{"OBJECTID":142,"SOURCE_ID":142,"kalae":0,"GiZScore":2.0519422300777888,"GiPValue":0.04017527709410993,"NNeighbors":326,"Gi_Bin":2}},{"type":"Feature","id":143,"geometry":{"type":"Point","coordinates":[98.981338390116548,18.780680769579096]},"properties":{"OBJECTID":143,"SOURCE_ID":143,"kalae":2,"GiZScore":1.5687946227752998,"GiPValue":0.11669580176772064,"NNeighbors":332,"Gi_Bin":0}},{"type":"Feature","id":144,"geometry":{"type":"Point","coordinates":[98.989499389628364,18.782134999604118]},"properties":{"OBJECTID":144,"SOURCE_ID":144,"kalae":1,"GiZScore":0.92884493274065183,"GiPValue":0.35296946552094555,"NNeighbors":413,"Gi_Bin":0}},{"type":"Feature","id":145,"geometry":{"type":"Point","coordinates":[98.988775210159005,18.782114849985696]},"properties":{"OBJECTID":145,"SOURCE_ID":145,"kalae":1,"GiZScore":0.95397448265219253,"GiPValue":0.34009657086373668,"NNeighbors":408,"Gi_Bin":0}},{"type":"Feature","id":146,"geometry":{"type":"Point","coordinates":[98.984391859814792,18.789575160022764]},"properties":{"OBJECTID":146,"SOURCE_ID":146,"kalae":1,"GiZScore":-0.092329990758986902,"GiPValue":0.92643586095918351,"NNeighbors":326,"Gi_Bin":0}},{"type":"Feature","id":147,"geometry":{"type":"Point","coordinates":[98.984325469657819,18.787215279749581]},"properties":{"OBJECTID":147,"SOURCE_ID":147,"kalae":0,"GiZScore":0.81704741456174068,"GiPValue":0.41390134002694179,"NNeighbors":342,"Gi_Bin":0}},{"type":"Feature","id":148,"geometry":{"type":"Point","coordinates":[98.984025679925253,18.786110860005198]},"properties":{"OBJECTID":148,"SOURCE_ID":148,"kalae":2,"GiZScore":1.6658781222816503,"GiPValue":0.095737691942512498,"NNeighbors":340,"Gi_Bin":1}},{"type":"Feature","id":149,"geometry":{"type":"Point","coordinates":[98.982541479607136,18.787799610131465]},"properties":{"OBJECTID":149,"SOURCE_ID":149,"kalae":0,"GiZScore":0.03485440902119908,"GiPValue":0.97219583483264638,"NNeighbors":327,"Gi_Bin":0}},{"type":"Feature","id":150,"geometry":{"type":"Point","coordinates":[98.98330894007357,18.788014069921086]},"properties":{"OBJECTID":150,"SOURCE_ID":150,"kalae":1,"GiZScore":0.0076612633523246709,"GiPValue":0.99388725605222228,"NNeighbors":331,"Gi_Bin":0}},{"type":"Feature","id":151,"geometry":{"type":"Point","coordinates":[98.981122569923301,18.78661412002749]},"properties":{"OBJECTID":151,"SOURCE_ID":151,"kalae":1,"GiZScore":0.35538356816890415,"GiPValue":0.72230225788888691,"NNeighbors":311,"Gi_Bin":0}},{"type":"Feature","id":152,"geometry":{"type":"Point","coordinates":[98.981248950317919,18.787524199705469]},"properties":{"OBJECTID":152,"SOURCE_ID":152,"kalae":2,"GiZScore":0.05864566433960975,"GiPValue":0.9532343383644698,"NNeighbors":310,"Gi_Bin":0}},{"type":"Feature","id":153,"geometry":{"type":"Point","coordinates":[98.978743030272383,18.78644131023848]},"properties":{"OBJECTID":153,"SOURCE_ID":153,"kalae":1,"GiZScore":0.34088217369489227,"GiPValue":0.7331922858810902,"NNeighbors":280,"Gi_Bin":0}},{"type":"Feature","id":154,"geometry":{"type":"Point","coordinates":[98.978932299809401,18.786427970060167]},"properties":{"OBJECTID":154,"SOURCE_ID":154,"kalae":0,"GiZScore":0.26069798557799095,"GiPValue":0.79432541990040084,"NNeighbors":282,"Gi_Bin":0}},{"type":"Feature","id":155,"geometry":{"type":"Point","coordinates":[98.979268900082019,18.786404920422633]},"properties":{"OBJECTID":155,"SOURCE_ID":155,"kalae":1,"GiZScore":0.1086347740894629,"GiPValue":0.91349217824504092,"NNeighbors":288,"Gi_Bin":0}},{"type":"Feature","id":156,"geometry":{"type":"Point","coordinates":[98.979585019611221,18.786383630330342]},"properties":{"OBJECTID":156,"SOURCE_ID":156,"kalae":2,"GiZScore":0.28735173195005437,"GiPValue":0.77384301600809124,"NNeighbors":290,"Gi_Bin":0}},{"type":"Feature","id":157,"geometry":{"type":"Point","coordinates":[98.980154519796088,18.786399160056071]},"properties":{"OBJECTID":157,"SOURCE_ID":157,"kalae":0,"GiZScore":0.40175334343467428,"GiPValue":0.68786556310934843,"NNeighbors":299,"Gi_Bin":0}},{"type":"Feature","id":158,"geometry":{"type":"Point","coordinates":[98.980513900156353,18.786411739775069]},"properties":{"OBJECTID":158,"SOURCE_ID":158,"kalae":0,"GiZScore":0.29077661350770068,"GiPValue":0.77122217297119255,"NNeighbors":304,"Gi_Bin":0}},{"type":"Feature","id":159,"geometry":{"type":"Point","coordinates":[98.980703500168588,18.786419680266597]},"properties":{"OBJECTID":159,"SOURCE_ID":159,"kalae":0,"GiZScore":0.20634057328767857,"GiPValue":0.83652488760495991,"NNeighbors":304,"Gi_Bin":0}},{"type":"Feature","id":160,"geometry":{"type":"Point","coordinates":[98.980941160382898,18.791485050021919]},"properties":{"OBJECTID":160,"SOURCE_ID":160,"kalae":2,"GiZScore":-0.42020319953637186,"GiPValue":0.67433701874244512,"NNeighbors":285,"Gi_Bin":0}},{"type":"Feature","id":161,"geometry":{"type":"Point","coordinates":[98.979382639813636,18.791466929799299]},"properties":{"OBJECTID":161,"SOURCE_ID":161,"kalae":0,"GiZScore":-0.63330447939865042,"GiPValue":0.52653483238933252,"NNeighbors":276,"Gi_Bin":0}},{"type":"Feature","id":162,"geometry":{"type":"Point","coordinates":[98.979192919755619,18.791471500005297]},"properties":{"OBJECTID":162,"SOURCE_ID":162,"kalae":1,"GiZScore":-0.51103596881087954,"GiPValue":0.60932587268774119,"NNeighbors":274,"Gi_Bin":0}},{"type":"Feature","id":163,"geometry":{"type":"Point","coordinates":[98.975844919942475,18.794110949751719]},"properties":{"OBJECTID":163,"SOURCE_ID":163,"kalae":1,"GiZScore":-0.29119266751596479,"GiPValue":0.7709039705628512,"NNeighbors":232,"Gi_Bin":0}},{"type":"Feature","id":164,"geometry":{"type":"Point","coordinates":[98.976013200240246,18.793765579615503]},"properties":{"OBJECTID":164,"SOURCE_ID":164,"kalae":0,"GiZScore":-0.13449899769290377,"GiPValue":0.89300800364363753,"NNeighbors":236,"Gi_Bin":0}},{"type":"Feature","id":165,"geometry":{"type":"Point","coordinates":[98.998161740321919,18.80088363042012]},"properties":{"OBJECTID":165,"SOURCE_ID":165,"kalae":0,"GiZScore":-0.45411398974703504,"GiPValue":0.6497467860417101,"NNeighbors":237,"Gi_Bin":0}},{"type":"Feature","id":166,"geometry":{"type":"Point","coordinates":[98.997745479709337,18.800764289697746]},"properties":{"OBJECTID":166,"SOURCE_ID":166,"kalae":2,"GiZScore":-0.57824694546017108,"GiPValue":0.5630974109093505,"NNeighbors":240,"Gi_Bin":0}},{"type":"Feature","id":167,"geometry":{"type":"Point","coordinates":[98.997498040083784,18.800656720415184]},"properties":{"OBJECTID":167,"SOURCE_ID":167,"kalae":0,"GiZScore":-0.51798315973643561,"GiPValue":0.60447002104974179,"NNeighbors":243,"Gi_Bin":0}},{"type":"Feature","id":168,"geometry":{"type":"Point","coordinates":[98.990866290081513,18.833374739585782]},"properties":{"OBJECTID":168,"SOURCE_ID":168,"kalae":0,"GiZScore":-0.98511742343828723,"GiPValue":0.32456640876563037,"NNeighbors":22,"Gi_Bin":0}},{"type":"Feature","id":169,"geometry":{"type":"Point","coordinates":[98.991684179962391,18.832575469671191]},"properties":{"OBJECTID":169,"SOURCE_ID":169,"kalae":0,"GiZScore":-1.0538226859143487,"GiPValue":0.29196412052139309,"NNeighbors":24,"Gi_Bin":0}},{"type":"Feature","id":170,"geometry":{"type":"Point","coordinates":[98.994366130066879,18.829792359608401]},"properties":{"OBJECTID":170,"SOURCE_ID":170,"kalae":0,"GiZScore":-1.4266615796231215,"GiPValue":0.15367746505635888,"NNeighbors":28,"Gi_Bin":0}},{"type":"Feature","id":171,"geometry":{"type":"Point","coordinates":[98.994701879687483,18.828645820334401]},"properties":{"OBJECTID":171,"SOURCE_ID":171,"kalae":2,"GiZScore":-1.5142082795435752,"GiPValue":0.12997302243297162,"NNeighbors":36,"Gi_Bin":0}},{"type":"Feature","id":172,"geometry":{"type":"Point","coordinates":[98.994712829971007,18.828284460184936]},"properties":{"OBJECTID":172,"SOURCE_ID":172,"kalae":1,"GiZScore":-1.4569800422698147,"GiPValue":0.14512188939471379,"NNeighbors":38,"Gi_Bin":0}},{"type":"Feature","id":173,"geometry":{"type":"Point","coordinates":[98.994582769698496,18.82553269016784]},"properties":{"OBJECTID":173,"SOURCE_ID":173,"kalae":0,"GiZScore":-0.87668467796617067,"GiPValue":0.38065794062349223,"NNeighbors":46,"Gi_Bin":0}},{"type":"Feature","id":174,"geometry":{"type":"Point","coordinates":[98.993974510018475,18.823905800447832]},"properties":{"OBJECTID":174,"SOURCE_ID":174,"kalae":0,"GiZScore":-0.92017121630624665,"GiPValue":0.35748330399066452,"NNeighbors":49,"Gi_Bin":0}},{"type":"Feature","id":175,"geometry":{"type":"Point","coordinates":[98.994131609669552,18.822391519624457]},"properties":{"OBJECTID":175,"SOURCE_ID":175,"kalae":2,"GiZScore":-0.7690383279586801,"GiPValue":0.44187056407485215,"NNeighbors":59,"Gi_Bin":0}},{"type":"Feature","id":176,"geometry":{"type":"Point","coordinates":[98.994476759982135,18.821926169917731]},"properties":{"OBJECTID":176,"SOURCE_ID":176,"kalae":2,"GiZScore":-1.0200033183877313,"GiPValue":0.30772690109654066,"NNeighbors":65,"Gi_Bin":0}},{"type":"Feature","id":177,"geometry":{"type":"Point","coordinates":[98.995256959749909,18.820945639680929]},"properties":{"OBJECTID":177,"SOURCE_ID":177,"kalae":1,"GiZScore":-1.3785384851321001,"GiPValue":0.16803709419608806,"NNeighbors":68,"Gi_Bin":0}},{"type":"Feature","id":178,"geometry":{"type":"Point","coordinates":[98.995746670274613,18.820508239850177]},"properties":{"OBJECTID":178,"SOURCE_ID":178,"kalae":0,"GiZScore":-1.3785384851321001,"GiPValue":0.16803709419608806,"NNeighbors":68,"Gi_Bin":0}},{"type":"Feature","id":179,"geometry":{"type":"Point","coordinates":[98.996512709825055,18.819617779729249]},"properties":{"OBJECTID":179,"SOURCE_ID":179,"kalae":1,"GiZScore":-0.72434750661779468,"GiPValue":0.46885242367886459,"NNeighbors":76,"Gi_Bin":0}},{"type":"Feature","id":180,"geometry":{"type":"Point","coordinates":[98.997976630032852,18.818024589877119]},"properties":{"OBJECTID":180,"SOURCE_ID":180,"kalae":1,"GiZScore":-0.94300334949464615,"GiPValue":0.34567920108421146,"NNeighbors":96,"Gi_Bin":0}},{"type":"Feature","id":181,"geometry":{"type":"Point","coordinates":[98.99833229021489,18.817736029798944]},"properties":{"OBJECTID":181,"SOURCE_ID":181,"kalae":0,"GiZScore":-0.94300334949464615,"GiPValue":0.34567920108421146,"NNeighbors":96,"Gi_Bin":0}},{"type":"Feature","id":182,"geometry":{"type":"Point","coordinates":[98.998758900425287,18.817426440218881]},"properties":{"OBJECTID":182,"SOURCE_ID":182,"kalae":0,"GiZScore":-0.88485087311283861,"GiPValue":0.37623707675658313,"NNeighbors":95,"Gi_Bin":0}},{"type":"Feature","id":183,"geometry":{"type":"Point","coordinates":[98.998912359652863,18.817277570394907]},"properties":{"OBJECTID":183,"SOURCE_ID":183,"kalae":1,"GiZScore":-0.88485087311283861,"GiPValue":0.37623707675658313,"NNeighbors":95,"Gi_Bin":0}},{"type":"Feature","id":184,"geometry":{"type":"Point","coordinates":[98.999593280258679,18.816555089904853]},"properties":{"OBJECTID":184,"SOURCE_ID":184,"kalae":0,"GiZScore":-0.79697305843764121,"GiPValue":0.42546668554926104,"NNeighbors":97,"Gi_Bin":0}},{"type":"Feature","id":185,"geometry":{"type":"Point","coordinates":[99.000021609628021,18.815944870007385]},"properties":{"OBJECTID":185,"SOURCE_ID":185,"kalae":2,"GiZScore":-0.87479334229792671,"GiPValue":0.38168636966298908,"NNeighbors":96,"Gi_Bin":0}},{"type":"Feature","id":186,"geometry":{"type":"Point","coordinates":[99.000554399670392,18.814962699968966]},"properties":{"OBJECTID":186,"SOURCE_ID":186,"kalae":1,"GiZScore":-0.78747798276392522,"GiPValue":0.43100211904366559,"NNeighbors":98,"Gi_Bin":0}},{"type":"Feature","id":187,"geometry":{"type":"Point","coordinates":[99.004650599879099,18.800157509923316]},"properties":{"OBJECTID":187,"SOURCE_ID":187,"kalae":1,"GiZScore":-0.49081499854776522,"GiPValue":0.62355730266880804,"NNeighbors":210,"Gi_Bin":0}},{"type":"Feature","id":188,"geometry":{"type":"Point","coordinates":[99.004949670329907,18.80087788992893]},"properties":{"OBJECTID":188,"SOURCE_ID":188,"kalae":0,"GiZScore":-0.39429647054689526,"GiPValue":0.69336216969293685,"NNeighbors":200,"Gi_Bin":0}},{"type":"Feature","id":189,"geometry":{"type":"Point","coordinates":[99.005575909634302,18.802757740131558]},"properties":{"OBJECTID":189,"SOURCE_ID":189,"kalae":0,"GiZScore":-0.27168951153461524,"GiPValue":0.78586076693513784,"NNeighbors":174,"Gi_Bin":0}},{"type":"Feature","id":190,"geometry":{"type":"Point","coordinates":[98.999890380048569,18.792702009745145]},"properties":{"OBJECTID":190,"SOURCE_ID":190,"kalae":0,"GiZScore":-0.34841765029844379,"GiPValue":0.72752654959921159,"NNeighbors":271,"Gi_Bin":0}},{"type":"Feature","id":191,"geometry":{"type":"Point","coordinates":[99.000776160304014,18.786519840002484]},"properties":{"OBJECTID":191,"SOURCE_ID":191,"kalae":2,"GiZScore":0.2083187204280661,"GiPValue":0.83498011562078789,"NNeighbors":292,"Gi_Bin":0}},{"type":"Feature","id":192,"geometry":{"type":"Point","coordinates":[99.000698469902559,18.78611126968481]},"properties":{"OBJECTID":192,"SOURCE_ID":192,"kalae":0,"GiZScore":0.13661976714177487,"GiPValue":0.89133135112089268,"NNeighbors":296,"Gi_Bin":0}},{"type":"Feature","id":193,"geometry":{"type":"Point","coordinates":[99.002876609572894,18.781462489624751]},"properties":{"OBJECTID":193,"SOURCE_ID":193,"kalae":0,"GiZScore":0.028850666346202602,"GiPValue":0.97698369177508848,"NNeighbors":266,"Gi_Bin":0}},{"type":"Feature","id":194,"geometry":{"type":"Point","coordinates":[99.001021569678031,18.781750789903526]},"properties":{"OBJECTID":194,"SOURCE_ID":194,"kalae":0,"GiZScore":0.88048418968457354,"GiPValue":0.37859707579366952,"NNeighbors":287,"Gi_Bin":0}},{"type":"Feature","id":195,"geometry":{"type":"Point","coordinates":[98.998843290291745,18.773287410369594]},"properties":{"OBJECTID":195,"SOURCE_ID":195,"kalae":1,"GiZScore":0.076177829058197352,"GiPValue":0.93927762127601744,"NNeighbors":303,"Gi_Bin":0}},{"type":"Feature","id":196,"geometry":{"type":"Point","coordinates":[98.998727540174741,18.772011899799868]},"properties":{"OBJECTID":196,"SOURCE_ID":196,"kalae":0,"GiZScore":-0.048567562951436175,"GiPValue":0.96126392045819042,"NNeighbors":292,"Gi_Bin":0}},{"type":"Feature","id":197,"geometry":{"type":"Point","coordinates":[98.998708470107857,18.771812790051907]},"properties":{"OBJECTID":197,"SOURCE_ID":197,"kalae":2,"GiZScore":-0.5195257491471903,"GiPValue":0.60339416367008081,"NNeighbors":292,"Gi_Bin":0}},{"type":"Feature","id":198,"geometry":{"type":"Point","coordinates":[98.998944960329197,18.768911250444631]},"properties":{"OBJECTID":198,"SOURCE_ID":198,"kalae":2,"GiZScore":-1.0207917591697795,"GiPValue":0.30735312374553192,"NNeighbors":260,"Gi_Bin":0}},{"type":"Feature","id":199,"geometry":{"type":"Point","coordinates":[98.999821509845006,18.766660760097924]},"properties":{"OBJECTID":199,"SOURCE_ID":199,"kalae":0,"GiZScore":-1.3331349341350134,"GiPValue":0.18248752700098345,"NNeighbors":222,"Gi_Bin":0}},{"type":"Feature","id":200,"geometry":{"type":"Point","coordinates":[99.000297179882125,18.76552499977188]},"properties":{"OBJECTID":200,"SOURCE_ID":200,"kalae":0,"GiZScore":-1.9694506187293404,"GiPValue":0.048901367900149026,"NNeighbors":201,"Gi_Bin":-2}},{"type":"Feature","id":201,"geometry":{"type":"Point","coordinates":[99.000471470156413,18.765093060346025]},"properties":{"OBJECTID":201,"SOURCE_ID":201,"kalae":0,"GiZScore":-1.9942544155329545,"GiPValue":0.046124258137136012,"NNeighbors":198,"Gi_Bin":-2}},{"type":"Feature","id":202,"geometry":{"type":"Point","coordinates":[99.000629469895529,18.76471346025885]},"properties":{"OBJECTID":202,"SOURCE_ID":202,"kalae":0,"GiZScore":-2.0366478543020468,"GiPValue":0.041685343590631328,"NNeighbors":193,"Gi_Bin":-2}},{"type":"Feature","id":203,"geometry":{"type":"Point","coordinates":[99.000701730316365,18.764546329985631]},"properties":{"OBJECTID":203,"SOURCE_ID":203,"kalae":1,"GiZScore":-1.9702754134864433,"GiPValue":0.048806814651455643,"NNeighbors":189,"Gi_Bin":-2}},{"type":"Feature","id":204,"geometry":{"type":"Point","coordinates":[99.000882949569885,18.764133140163121]},"properties":{"OBJECTID":204,"SOURCE_ID":204,"kalae":0,"GiZScore":-2.0167981997951845,"GiPValue":0.043716576901784862,"NNeighbors":178,"Gi_Bin":-2}},{"type":"Feature","id":205,"geometry":{"type":"Point","coordinates":[99.000957400254791,18.763966870179907]},"properties":{"OBJECTID":205,"SOURCE_ID":205,"kalae":0,"GiZScore":-2.0167981997951845,"GiPValue":0.043716576901784862,"NNeighbors":178,"Gi_Bin":-2}},{"type":"Feature","id":206,"geometry":{"type":"Point","coordinates":[98.998120529532954,18.774760740318801]},"properties":{"OBJECTID":206,"SOURCE_ID":206,"kalae":1,"GiZScore":0.31671508410324251,"GiPValue":0.75145980261468925,"NNeighbors":312,"Gi_Bin":0}},{"type":"Feature","id":207,"geometry":{"type":"Point","coordinates":[98.997781000272738,18.77514135980482]},"properties":{"OBJECTID":207,"SOURCE_ID":207,"kalae":1,"GiZScore":0.1246366128465289,"GiPValue":0.90081124155013859,"NNeighbors":317,"Gi_Bin":0}},{"type":"Feature","id":208,"geometry":{"type":"Point","coordinates":[99.005668369708602,18.763951079722737]},"properties":{"OBJECTID":208,"SOURCE_ID":208,"kalae":2,"GiZScore":-1.6504291716619406,"GiPValue":0.098855188723983412,"NNeighbors":154,"Gi_Bin":-1}},{"type":"Feature","id":209,"geometry":{"type":"Point","coordinates":[99.005773609823308,18.763291869941252]},"properties":{"OBJECTID":209,"SOURCE_ID":209,"kalae":0,"GiZScore":-1.4449724414560488,"GiPValue":0.14846562661989518,"NNeighbors":146,"Gi_Bin":0}},{"type":"Feature","id":210,"geometry":{"type":"Point","coordinates":[99.005989160061347,18.762411710228097]},"properties":{"OBJECTID":210,"SOURCE_ID":210,"kalae":0,"GiZScore":-1.4133596553509438,"GiPValue":0.15755000175982245,"NNeighbors":131,"Gi_Bin":0}},{"type":"Feature","id":211,"geometry":{"type":"Point","coordinates":[99.006305859527814,18.761290150353236]},"properties":{"OBJECTID":211,"SOURCE_ID":211,"kalae":0,"GiZScore":-1.2924765523685895,"GiPValue":0.19619216093694225,"NNeighbors":125,"Gi_Bin":0}},{"type":"Feature","id":212,"geometry":{"type":"Point","coordinates":[99.00428408035242,18.766499970020355]},"properties":{"OBJECTID":212,"SOURCE_ID":212,"kalae":1,"GiZScore":-1.7151039474875829,"GiPValue":0.08632617072146638,"NNeighbors":183,"Gi_Bin":-1}},{"type":"Feature","id":213,"geometry":{"type":"Point","coordinates":[99.005086469905677,18.766757009832407]},"properties":{"OBJECTID":213,"SOURCE_ID":213,"kalae":0,"GiZScore":-1.7580652545425186,"GiPValue":0.078736406879812718,"NNeighbors":184,"Gi_Bin":-1}},{"type":"Feature","id":214,"geometry":{"type":"Point","coordinates":[99.003654250190834,18.766292040001154]},"properties":{"OBJECTID":214,"SOURCE_ID":214,"kalae":1,"GiZScore":-1.9541312257414651,"GiPValue":0.050685700108274383,"NNeighbors":185,"Gi_Bin":-1}},{"type":"Feature","id":215,"geometry":{"type":"Point","coordinates":[99.005164190045733,18.783881579918699]},"properties":{"OBJECTID":215,"SOURCE_ID":215,"kalae":1,"GiZScore":0.085091221820847662,"GiPValue":0.93218886897239028,"NNeighbors":245,"Gi_Bin":0}},{"type":"Feature","id":216,"geometry":{"type":"Point","coordinates":[98.99425190046145,18.789313229967931]},"properties":{"OBJECTID":216,"SOURCE_ID":216,"kalae":0,"GiZScore":0.82828194042136083,"GiPValue":0.40751085597183689,"NNeighbors":331,"Gi_Bin":0}},{"type":"Feature","id":217,"geometry":{"type":"Point","coordinates":[98.9944793995613,18.789828680363325]},"properties":{"OBJECTID":217,"SOURCE_ID":217,"kalae":0,"GiZScore":0.20787943280142365,"GiPValue":0.83532310874766924,"NNeighbors":317,"Gi_Bin":0}},{"type":"Feature","id":218,"geometry":{"type":"Point","coordinates":[98.99455279999556,18.78999538007108]},"properties":{"OBJECTID":218,"SOURCE_ID":218,"kalae":1,"GiZScore":0.31349288143382759,"GiPValue":0.75390622859570033,"NNeighbors":311,"Gi_Bin":0}},{"type":"Feature","id":219,"geometry":{"type":"Point","coordinates":[98.996196539888828,18.791592659798209]},"properties":{"OBJECTID":219,"SOURCE_ID":219,"kalae":0,"GiZScore":0.15386312396472496,"GiPValue":0.87771766066643109,"NNeighbors":301,"Gi_Bin":0}},{"type":"Feature","id":220,"geometry":{"type":"Point","coordinates":[98.995733199955382,18.792221329793684]},"properties":{"OBJECTID":220,"SOURCE_ID":220,"kalae":9,"GiZScore":0.41430568755664826,"GiPValue":0.67865025014333646,"NNeighbors":303,"Gi_Bin":0}},{"type":"Feature","id":221,"geometry":{"type":"Point","coordinates":[98.99557092958571,18.792375720249503]},"properties":{"OBJECTID":221,"SOURCE_ID":221,"kalae":1,"GiZScore":0.28095161525845308,"GiPValue":0.77874751139286191,"NNeighbors":301,"Gi_Bin":0}},{"type":"Feature","id":222,"geometry":{"type":"Point","coordinates":[98.994944320091093,18.793058469716957]},"properties":{"OBJECTID":222,"SOURCE_ID":222,"kalae":0,"GiZScore":0.89996249572489984,"GiPValue":0.36814021972943534,"NNeighbors":311,"Gi_Bin":0}},{"type":"Feature","id":223,"geometry":{"type":"Point","coordinates":[98.994148610178073,18.793681510243708]},"properties":{"OBJECTID":223,"SOURCE_ID":223,"kalae":0,"GiZScore":0.19284079483890174,"GiPValue":0.84708365352169301,"NNeighbors":300,"Gi_Bin":0}},{"type":"Feature","id":224,"geometry":{"type":"Point","coordinates":[98.994756479925357,18.790810860202388]},"properties":{"OBJECTID":224,"SOURCE_ID":224,"kalae":2,"GiZScore":0.35220161544737699,"GiPValue":0.72468706618808632,"NNeighbors":310,"Gi_Bin":0}},{"type":"Feature","id":225,"geometry":{"type":"Point","coordinates":[99.000698999908863,18.795664869648636]},"properties":{"OBJECTID":225,"SOURCE_ID":225,"kalae":1,"GiZScore":-0.17639741277274146,"GiPValue":0.85998173718153781,"NNeighbors":259,"Gi_Bin":0}},{"type":"Feature","id":226,"geometry":{"type":"Point","coordinates":[99.00256147026505,18.797820270162038]},"properties":{"OBJECTID":226,"SOURCE_ID":226,"kalae":2,"GiZScore":-0.9112262336414555,"GiPValue":0.36217619470662366,"NNeighbors":238,"Gi_Bin":0}},{"type":"Feature","id":227,"geometry":{"type":"Point","coordinates":[99.00336582023165,18.798664250049846]},"properties":{"OBJECTID":227,"SOURCE_ID":227,"kalae":1,"GiZScore":-0.55631966244731201,"GiPValue":0.57799235046724606,"NNeighbors":235,"Gi_Bin":0}},{"type":"Feature","id":228,"geometry":{"type":"Point","coordinates":[99.003501339693429,18.798790810433271]},"properties":{"OBJECTID":228,"SOURCE_ID":228,"kalae":2,"GiZScore":-0.51471669015789601,"GiPValue":0.60675101078777327,"NNeighbors":234,"Gi_Bin":0}},{"type":"Feature","id":229,"geometry":{"type":"Point","coordinates":[99.003696990444794,18.798984190206188]},"properties":{"OBJECTID":229,"SOURCE_ID":229,"kalae":3,"GiZScore":-0.57101745311689289,"GiPValue":0.56798781484292205,"NNeighbors":232,"Gi_Bin":0}},{"type":"Feature","id":230,"geometry":{"type":"Point","coordinates":[99.003449160403378,18.791320189706383]},"properties":{"OBJECTID":230,"SOURCE_ID":230,"kalae":0,"GiZScore":0.83142656657894709,"GiPValue":0.40573270428889863,"NNeighbors":251,"Gi_Bin":0}},{"type":"Feature","id":231,"geometry":{"type":"Point","coordinates":[99.002924410204471,18.794021559894556]},"properties":{"OBJECTID":231,"SOURCE_ID":231,"kalae":0,"GiZScore":-0.049999906017207121,"GiPValue":0.96012246321488071,"NNeighbors":257,"Gi_Bin":0}},{"type":"Feature","id":232,"geometry":{"type":"Point","coordinates":[99.003558539875073,18.792021469937055]},"properties":{"OBJECTID":232,"SOURCE_ID":232,"kalae":0,"GiZScore":0.2185457067149377,"GiPValue":0.82700395020831885,"NNeighbors":244,"Gi_Bin":0}},{"type":"Feature","id":233,"geometry":{"type":"Point","coordinates":[99.003608170113921,18.791590529827989]},"properties":{"OBJECTID":233,"SOURCE_ID":233,"kalae":1,"GiZScore":0.22209344060158351,"GiPValue":0.82424114416380967,"NNeighbors":245,"Gi_Bin":0}},{"type":"Feature","id":234,"geometry":{"type":"Point","coordinates":[99.002951879823542,18.796696719995513]},"properties":{"OBJECTID":234,"SOURCE_ID":234,"kalae":2,"GiZScore":0.027888350670842627,"GiPValue":0.97775119964706225,"NNeighbors":242,"Gi_Bin":0}},{"type":"Feature","id":235,"geometry":{"type":"Point","coordinates":[99.00305465040158,18.795465960092987]},"properties":{"OBJECTID":235,"SOURCE_ID":235,"kalae":0,"GiZScore":0.19793177202583162,"GiPValue":0.84309844554667523,"NNeighbors":251,"Gi_Bin":0}},{"type":"Feature","id":236,"geometry":{"type":"Point","coordinates":[99.003069699639155,18.795285769732654]},"properties":{"OBJECTID":236,"SOURCE_ID":236,"kalae":0,"GiZScore":0.2466639387155859,"GiPValue":0.80516831727652693,"NNeighbors":252,"Gi_Bin":0}},{"type":"Feature","id":237,"geometry":{"type":"Point","coordinates":[99.003084740304075,18.795105580271567]},"properties":{"OBJECTID":237,"SOURCE_ID":237,"kalae":0,"GiZScore":0.20148222126338947,"GiPValue":0.84032152987910502,"NNeighbors":252,"Gi_Bin":0}},{"type":"Feature","id":238,"geometry":{"type":"Point","coordinates":[99.002379139691826,18.797123700366956]},"properties":{"OBJECTID":238,"SOURCE_ID":238,"kalae":1,"GiZScore":-0.24741053512872468,"GiPValue":0.804590521957948,"NNeighbors":242,"Gi_Bin":0}},{"type":"Feature","id":239,"geometry":{"type":"Point","coordinates":[99.002567380037519,18.797100599755908]},"properties":{"OBJECTID":239,"SOURCE_ID":239,"kalae":0,"GiZScore":-0.24741053512872468,"GiPValue":0.804590521957948,"NNeighbors":242,"Gi_Bin":0}},{"type":"Feature","id":240,"geometry":{"type":"Point","coordinates":[99.00275562033184,18.797077499858808]},"properties":{"OBJECTID":240,"SOURCE_ID":240,"kalae":0,"GiZScore":-0.15980519471994933,"GiPValue":0.87303453193573277,"NNeighbors":241,"Gi_Bin":0}},{"type":"Feature","id":241,"geometry":{"type":"Point","coordinates":[99.005017110324673,18.797531700387577]},"properties":{"OBJECTID":241,"SOURCE_ID":241,"kalae":0,"GiZScore":-0.019376123569190509,"GiPValue":0.98454105746299081,"NNeighbors":230,"Gi_Bin":0}},{"type":"Feature","id":242,"geometry":{"type":"Point","coordinates":[99.005400920308148,18.799604369644268]},"properties":{"OBJECTID":242,"SOURCE_ID":242,"kalae":1,"GiZScore":-0.40360268273702049,"GiPValue":0.68650491359686661,"NNeighbors":208,"Gi_Bin":0}},{"type":"Feature","id":243,"geometry":{"type":"Point","coordinates":[99.0051092301034,18.797803169666839]},"properties":{"OBJECTID":243,"SOURCE_ID":243,"kalae":2,"GiZScore":-0.64296313228345325,"GiPValue":0.52024802655392444,"NNeighbors":227,"Gi_Bin":0}},{"type":"Feature","id":244,"geometry":{"type":"Point","coordinates":[99.000927279729552,18.795320959976152]},"properties":{"OBJECTID":244,"SOURCE_ID":244,"kalae":0,"GiZScore":-0.13167792607258103,"GiPValue":0.8952390459343964,"NNeighbors":259,"Gi_Bin":0}},{"type":"Feature","id":245,"geometry":{"type":"Point","coordinates":[98.982868690403166,18.79703066997358]},"properties":{"OBJECTID":245,"SOURCE_ID":245,"kalae":1,"GiZScore":-0.19254533439203894,"GiPValue":0.84731506057825401,"NNeighbors":266,"Gi_Bin":0}},{"type":"Feature","id":246,"geometry":{"type":"Point","coordinates":[98.98585160017727,18.798378440055778]},"properties":{"OBJECTID":246,"SOURCE_ID":246,"kalae":0,"GiZScore":-0.15624249225502893,"GiPValue":0.87584188407217112,"NNeighbors":264,"Gi_Bin":0}},{"type":"Feature","id":247,"geometry":{"type":"Point","coordinates":[98.985323640352703,18.798400329718387]},"properties":{"OBJECTID":247,"SOURCE_ID":247,"kalae":1,"GiZScore":-0.1079075137641113,"GiPValue":0.91406905681847528,"NNeighbors":265,"Gi_Bin":0}},{"type":"Feature","id":248,"geometry":{"type":"Point","coordinates":[98.984675779870017,18.798425939826039]},"properties":{"OBJECTID":248,"SOURCE_ID":248,"kalae":1,"GiZScore":-0.37119096345870434,"GiPValue":0.71049530400417282,"NNeighbors":276,"Gi_Bin":0}},{"type":"Feature","id":249,"geometry":{"type":"Point","coordinates":[98.983895379557964,18.798460729632254]},"properties":{"OBJECTID":249,"SOURCE_ID":249,"kalae":0,"GiZScore":-0.22052866781777675,"GiPValue":0.82545944835357998,"NNeighbors":270,"Gi_Bin":0}},{"type":"Feature","id":250,"geometry":{"type":"Point","coordinates":[98.987689390260854,18.802700540287773]},"properties":{"OBJECTID":250,"SOURCE_ID":250,"kalae":1,"GiZScore":0.93740032826077124,"GiPValue":0.34855268338765599,"NNeighbors":219,"Gi_Bin":0}},{"type":"Feature","id":251,"geometry":{"type":"Point","coordinates":[99.007881809571856,18.798628769571195]},"properties":{"OBJECTID":251,"SOURCE_ID":251,"kalae":1,"GiZScore":-0.10627639436586117,"GiPValue":0.91536306008487378,"NNeighbors":198,"Gi_Bin":0}},{"type":"Feature","id":252,"geometry":{"type":"Point","coordinates":[99.01281973025911,18.807088830079262]},"properties":{"OBJECTID":252,"SOURCE_ID":252,"kalae":0,"GiZScore":0.33112829026699486,"GiPValue":0.74054758389683228,"NNeighbors":74,"Gi_Bin":0}},{"type":"Feature","id":253,"geometry":{"type":"Point","coordinates":[99.012786720224824,18.806864380377007]},"properties":{"OBJECTID":253,"SOURCE_ID":253,"kalae":1,"GiZScore":0.33112829026699486,"GiPValue":0.74054758389683228,"NNeighbors":74,"Gi_Bin":0}},{"type":"Feature","id":254,"geometry":{"type":"Point","coordinates":[99.012575949705308,18.806066959600063]},"properties":{"OBJECTID":254,"SOURCE_ID":254,"kalae":1,"GiZScore":0.023211250870578307,"GiPValue":0.98148176412742505,"NNeighbors":86,"Gi_Bin":0}},{"type":"Feature","id":255,"geometry":{"type":"Point","coordinates":[99.012000120413504,18.804227969797239]},"properties":{"OBJECTID":255,"SOURCE_ID":255,"kalae":1,"GiZScore":0.14200028831934161,"GiPValue":0.8870797779848224,"NNeighbors":108,"Gi_Bin":0}},{"type":"Feature","id":256,"geometry":{"type":"Point","coordinates":[98.976461930084028,18.790463539793194]},"properties":{"OBJECTID":256,"SOURCE_ID":256,"kalae":2,"GiZScore":0.012338244196111509,"GiPValue":0.99015575521674393,"NNeighbors":238,"Gi_Bin":0}},{"type":"Feature","id":257,"geometry":{"type":"Point","coordinates":[98.997868780184263,18.76255637986765]},"properties":{"OBJECTID":257,"SOURCE_ID":257,"kalae":1,"GiZScore":-1.7849389055225826,"GiPValue":0.074271227157707689,"NNeighbors":163,"Gi_Bin":-1}},{"type":"Feature","id":258,"geometry":{"type":"Point","coordinates":[98.99840059964643,18.76209749038124]},"properties":{"OBJECTID":258,"SOURCE_ID":258,"kalae":1,"GiZScore":-2.0793502412900593,"GiPValue":0.037585170425224489,"NNeighbors":150,"Gi_Bin":-2}},{"type":"Feature","id":259,"geometry":{"type":"Point","coordinates":[98.99853136960148,18.761916130287265]},"properties":{"OBJECTID":259,"SOURCE_ID":259,"kalae":0,"GiZScore":-2.0793502412900593,"GiPValue":0.037585170425224489,"NNeighbors":150,"Gi_Bin":-2}},{"type":"Feature","id":260,"geometry":{"type":"Point","coordinates":[98.998634449916111,18.761764369980551]},"properties":{"OBJECTID":260,"SOURCE_ID":260,"kalae":8,"GiZScore":-2.0793502412900593,"GiPValue":0.037585170425224489,"NNeighbors":150,"Gi_Bin":-2}},{"type":"Feature","id":261,"geometry":{"type":"Point","coordinates":[98.99948735954024,18.762625519620187]},"properties":{"OBJECTID":261,"SOURCE_ID":261,"kalae":6,"GiZScore":-2.1828664448598678,"GiPValue":0.029045646754335255,"NNeighbors":161,"Gi_Bin":-2}},{"type":"Feature","id":262,"geometry":{"type":"Point","coordinates":[98.998441889795117,18.762074379872768]},"properties":{"OBJECTID":262,"SOURCE_ID":262,"kalae":1,"GiZScore":-2.0793502412900593,"GiPValue":0.037585170425224489,"NNeighbors":150,"Gi_Bin":-2}},{"type":"Feature","id":263,"geometry":{"type":"Point","coordinates":[99.000360790028154,18.764108810025338]},"properties":{"OBJECTID":263,"SOURCE_ID":263,"kalae":0,"GiZScore":-2.1019441001352357,"GiPValue":0.035558172827502302,"NNeighbors":180,"Gi_Bin":-2}},{"type":"Feature","id":264,"geometry":{"type":"Point","coordinates":[98.997724629912554,18.762903439573332]},"properties":{"OBJECTID":264,"SOURCE_ID":264,"kalae":0,"GiZScore":-1.5266512536692074,"GiPValue":0.12684775484359459,"NNeighbors":168,"Gi_Bin":0}},{"type":"Feature","id":265,"geometry":{"type":"Point","coordinates":[98.998120780445603,18.76324707005362]},"properties":{"OBJECTID":265,"SOURCE_ID":265,"kalae":1,"GiZScore":-1.4489474611075885,"GiPValue":0.14735225544266939,"NNeighbors":171,"Gi_Bin":0}},{"type":"Feature","id":266,"geometry":{"type":"Point","coordinates":[98.998395949740228,18.763496030134863]},"properties":{"OBJECTID":266,"SOURCE_ID":266,"kalae":0,"GiZScore":-1.7042829337563095,"GiPValue":0.088328241749150327,"NNeighbors":172,"Gi_Bin":-1}},{"type":"Feature","id":267,"geometry":{"type":"Point","coordinates":[98.998591079676231,18.763672590094838]},"properties":{"OBJECTID":267,"SOURCE_ID":267,"kalae":0,"GiZScore":-1.6346420204089032,"GiPValue":0.10212411339690114,"NNeighbors":174,"Gi_Bin":0}},{"type":"Feature","id":268,"geometry":{"type":"Point","coordinates":[98.9989583603612,18.763985820429749]},"properties":{"OBJECTID":268,"SOURCE_ID":268,"kalae":0,"GiZScore":-1.7918609136381438,"GiPValue":0.073155248393307962,"NNeighbors":180,"Gi_Bin":-1}},{"type":"Feature","id":269,"geometry":{"type":"Point","coordinates":[99.000326460372463,18.764831150040926]},"properties":{"OBJECTID":269,"SOURCE_ID":269,"kalae":2,"GiZScore":-1.9528393785282261,"GiPValue":0.050838630804315776,"NNeighbors":197,"Gi_Bin":-1}},{"type":"Feature","id":270,"geometry":{"type":"Point","coordinates":[98.996545720039052,18.764915480116567]},"properties":{"OBJECTID":270,"SOURCE_ID":270,"kalae":1,"GiZScore":-0.5364763493244511,"GiPValue":0.59162937941997218,"NNeighbors":220,"Gi_Bin":0}},{"type":"Feature","id":271,"geometry":{"type":"Point","coordinates":[98.997754530242332,18.765672979645309]},"properties":{"OBJECTID":271,"SOURCE_ID":271,"kalae":4,"GiZScore":-0.73233585344502639,"GiPValue":0.46396360646709001,"NNeighbors":219,"Gi_Bin":0}},{"type":"Feature","id":272,"geometry":{"type":"Point","coordinates":[98.999957639817296,18.765989539707093]},"properties":{"OBJECTID":272,"SOURCE_ID":272,"kalae":0,"GiZScore":-2.0107083877532119,"GiPValue":0.044356267552462393,"NNeighbors":208,"Gi_Bin":-2}},{"type":"Feature","id":273,"geometry":{"type":"Point","coordinates":[99.004364490422361,18.784004869979665]},"properties":{"OBJECTID":273,"SOURCE_ID":273,"kalae":0,"GiZScore":-0.10677624185636238,"GiPValue":0.91496649596562329,"NNeighbors":254,"Gi_Bin":0}},{"type":"Feature","id":274,"geometry":{"type":"Point","coordinates":[99.004553779660867,18.784017850206162]},"properties":{"OBJECTID":274,"SOURCE_ID":274,"kalae":16,"GiZScore":-0.036132230429363532,"GiPValue":0.97117692293128333,"NNeighbors":249,"Gi_Bin":0}},{"type":"Feature","id":275,"geometry":{"type":"Point","coordinates":[98.999728030059742,18.786004710411355]},"properties":{"OBJECTID":275,"SOURCE_ID":275,"kalae":2,"GiZScore":0.39099700137589272,"GiPValue":0.69579945325030734,"NNeighbors":309,"Gi_Bin":0}},{"type":"Feature","id":276,"geometry":{"type":"Point","coordinates":[98.999926049813823,18.786974869687143]},"properties":{"OBJECTID":276,"SOURCE_ID":276,"kalae":2,"GiZScore":0.33999848464839527,"GiPValue":0.73385766970044242,"NNeighbors":293,"Gi_Bin":0}},{"type":"Feature","id":277,"geometry":{"type":"Point","coordinates":[98.999077500012291,18.781414129623112]},"properties":{"OBJECTID":277,"SOURCE_ID":277,"kalae":2,"GiZScore":0.24778669350980531,"GiPValue":0.80429945120287893,"NNeighbors":291,"Gi_Bin":0}},{"type":"Feature","id":278,"geometry":{"type":"Point","coordinates":[98.999313819751251,18.78299794985212]},"properties":{"OBJECTID":278,"SOURCE_ID":278,"kalae":0,"GiZScore":0.48972284325068172,"GiPValue":0.62433003687863353,"NNeighbors":300,"Gi_Bin":0}},{"type":"Feature","id":279,"geometry":{"type":"Point","coordinates":[98.999363359606733,18.783538159552858]},"properties":{"OBJECTID":279,"SOURCE_ID":279,"kalae":2,"GiZScore":0.49883765218126097,"GiPValue":0.61789376172445465,"NNeighbors":303,"Gi_Bin":0}},{"type":"Feature","id":280,"geometry":{"type":"Point","coordinates":[98.999379869799014,18.783718239686181]},"properties":{"OBJECTID":280,"SOURCE_ID":280,"kalae":2,"GiZScore":0.54408473416776704,"GiPValue":0.58638316739383056,"NNeighbors":304,"Gi_Bin":0}},{"type":"Feature","id":281,"geometry":{"type":"Point","coordinates":[98.999396390464341,18.783898309872942]},"properties":{"OBJECTID":281,"SOURCE_ID":281,"kalae":0,"GiZScore":0.54408473416776704,"GiPValue":0.58638316739383056,"NNeighbors":304,"Gi_Bin":0}},{"type":"Feature","id":282,"geometry":{"type":"Point","coordinates":[98.998410420415397,18.784271080221799]},"properties":{"OBJECTID":282,"SOURCE_ID":282,"kalae":2,"GiZScore":0.30379227543326243,"GiPValue":0.76128615252907661,"NNeighbors":308,"Gi_Bin":0}},{"type":"Feature","id":283,"geometry":{"type":"Point","coordinates":[98.998359220045785,18.783526039940323]},"properties":{"OBJECTID":283,"SOURCE_ID":283,"kalae":0,"GiZScore":0.33941929636523532,"GiPValue":0.73429388467135104,"NNeighbors":306,"Gi_Bin":0}},{"type":"Feature","id":284,"geometry":{"type":"Point","coordinates":[98.998440230010075,18.781716389754084]},"properties":{"OBJECTID":284,"SOURCE_ID":284,"kalae":2,"GiZScore":0.25186907989295965,"GiPValue":0.80114226016163426,"NNeighbors":305,"Gi_Bin":0}},{"type":"Feature","id":285,"geometry":{"type":"Point","coordinates":[98.998259339672074,18.780678170429358]},"properties":{"OBJECTID":285,"SOURCE_ID":285,"kalae":2,"GiZScore":0.32007595844395031,"GiPValue":0.74891075061587231,"NNeighbors":300,"Gi_Bin":0}},{"type":"Feature","id":286,"geometry":{"type":"Point","coordinates":[98.997433310214632,18.779224710305499]},"properties":{"OBJECTID":286,"SOURCE_ID":286,"kalae":0,"GiZScore":0.19284079483890174,"GiPValue":0.84708365352169301,"NNeighbors":300,"Gi_Bin":0}},{"type":"Feature","id":287,"geometry":{"type":"Point","coordinates":[98.997065120428132,18.778871800180156]},"properties":{"OBJECTID":287,"SOURCE_ID":287,"kalae":1,"GiZScore":0.37521265372772278,"GiPValue":0.707502321021662,"NNeighbors":304,"Gi_Bin":0}},{"type":"Feature","id":288,"geometry":{"type":"Point","coordinates":[99.002966619872566,18.784592189788334]},"properties":{"OBJECTID":288,"SOURCE_ID":288,"kalae":1,"GiZScore":-0.24822920301018575,"GiPValue":0.80395707278897277,"NNeighbors":274,"Gi_Bin":0}},{"type":"Feature","id":289,"geometry":{"type":"Point","coordinates":[99.002941220191659,18.785119910156201]},"properties":{"OBJECTID":289,"SOURCE_ID":289,"kalae":0,"GiZScore":-0.16457585547562231,"GiPValue":0.86927783664934477,"NNeighbors":273,"Gi_Bin":0}},{"type":"Feature","id":290,"geometry":{"type":"Point","coordinates":[99.002903640340634,18.785660080379621]},"properties":{"OBJECTID":290,"SOURCE_ID":290,"kalae":1,"GiZScore":0.12004060362326531,"GiPValue":0.90445098347291253,"NNeighbors":279,"Gi_Bin":0}},{"type":"Feature","id":291,"geometry":{"type":"Point","coordinates":[99.004107550458343,18.789874760315943]},"properties":{"OBJECTID":291,"SOURCE_ID":291,"kalae":1,"GiZScore":0.73818809352443049,"GiPValue":0.46040016287569119,"NNeighbors":250,"Gi_Bin":0}},{"type":"Feature","id":292,"geometry":{"type":"Point","coordinates":[99.003602940100706,18.790724929753065]},"properties":{"OBJECTID":292,"SOURCE_ID":292,"kalae":0,"GiZScore":0.83921762139315681,"GiPValue":0.40134720890919418,"NNeighbors":254,"Gi_Bin":0}},{"type":"Feature","id":293,"geometry":{"type":"Point","coordinates":[98.979308320006524,18.768281399660562]},"properties":{"OBJECTID":293,"SOURCE_ID":293,"kalae":0,"GiZScore":1.1890744543159313,"GiPValue":0.23441039110793915,"NNeighbors":200,"Gi_Bin":0}},{"type":"Feature","id":294,"geometry":{"type":"Point","coordinates":[98.979093949757115,18.768342529927626]},"properties":{"OBJECTID":294,"SOURCE_ID":294,"kalae":2,"GiZScore":1.1801576264120954,"GiPValue":0.2379375494723277,"NNeighbors":195,"Gi_Bin":0}},{"type":"Feature","id":295,"geometry":{"type":"Point","coordinates":[98.988296329814844,18.766324859563412]},"properties":{"OBJECTID":295,"SOURCE_ID":295,"kalae":1,"GiZScore":0.52202135880208012,"GiPValue":0.60165546151995608,"NNeighbors":268,"Gi_Bin":0}},{"type":"Feature","id":296,"geometry":{"type":"Point","coordinates":[98.989019040291069,18.766083069649632]},"properties":{"OBJECTID":296,"SOURCE_ID":296,"kalae":0,"GiZScore":0.55720460959734519,"GiPValue":0.57738764319517566,"NNeighbors":265,"Gi_Bin":0}},{"type":"Feature","id":297,"geometry":{"type":"Point","coordinates":[98.989735620203646,18.765844629664404]},"properties":{"OBJECTID":297,"SOURCE_ID":297,"kalae":0,"GiZScore":0.59271193537361688,"GiPValue":0.55337395550535984,"NNeighbors":262,"Gi_Bin":0}},{"type":"Feature","id":298,"geometry":{"type":"Point","coordinates":[98.991831910360261,18.764702710359241]},"properties":{"OBJECTID":298,"SOURCE_ID":298,"kalae":0,"GiZScore":0.34571202425486397,"GiPValue":0.72955914743318184,"NNeighbors":241,"Gi_Bin":0}},{"type":"Feature","id":299,"geometry":{"type":"Point","coordinates":[98.991976920074762,18.764586120313208]},"properties":{"OBJECTID":299,"SOURCE_ID":299,"kalae":1,"GiZScore":0.25730408883714873,"GiPValue":0.79694403651657875,"NNeighbors":242,"Gi_Bin":0}},{"type":"Feature","id":300,"geometry":{"type":"Point","coordinates":[98.99212192010252,18.764469520211108]},"properties":{"OBJECTID":300,"SOURCE_ID":300,"kalae":1,"GiZScore":0.2042563837197619,"GiPValue":0.83815315226516396,"NNeighbors":240,"Gi_Bin":0}},{"type":"Feature","id":301,"geometry":{"type":"Point","coordinates":[98.992483779955222,18.764174850286711]},"properties":{"OBJECTID":301,"SOURCE_ID":301,"kalae":0,"GiZScore":0.36844331440257039,"GiPValue":0.71254270599277159,"NNeighbors":234,"Gi_Bin":0}},{"type":"Feature","id":302,"geometry":{"type":"Point","coordinates":[98.992723820123956,18.76398027980175]},"properties":{"OBJECTID":302,"SOURCE_ID":302,"kalae":2,"GiZScore":0.20002980081371896,"GiPValue":0.84145727452668084,"NNeighbors":226,"Gi_Bin":0}},{"type":"Feature","id":303,"geometry":{"type":"Point","coordinates":[99.024446169703808,18.762811130182545]},"properties":{"OBJECTID":303,"SOURCE_ID":303,"kalae":0,"GiZScore":0.15655688230758127,"GiPValue":0.87559408638606728,"NNeighbors":111,"Gi_Bin":0}},{"type":"Feature","id":304,"geometry":{"type":"Point","coordinates":[99.023088600395354,18.76232558977221]},"properties":{"OBJECTID":304,"SOURCE_ID":304,"kalae":2,"GiZScore":-0.029406332763237519,"GiPValue":0.97654052217348319,"NNeighbors":112,"Gi_Bin":0}},{"type":"Feature","id":305,"geometry":{"type":"Point","coordinates":[99.022759610428935,18.762203529663818]},"properties":{"OBJECTID":305,"SOURCE_ID":305,"kalae":0,"GiZScore":-0.029406332763237519,"GiPValue":0.97654052217348319,"NNeighbors":112,"Gi_Bin":0}},{"type":"Feature","id":306,"geometry":{"type":"Point","coordinates":[98.987020880441008,18.766620660356764]},"properties":{"OBJECTID":306,"SOURCE_ID":306,"kalae":0,"GiZScore":0.8441922447122453,"GiPValue":0.39856199590509833,"NNeighbors":273,"Gi_Bin":0}},{"type":"Feature","id":307,"geometry":{"type":"Point","coordinates":[98.986577200224886,18.766765980348641]},"properties":{"OBJECTID":307,"SOURCE_ID":307,"kalae":0,"GiZScore":0.91693647111986576,"GiPValue":0.35917594171101341,"NNeighbors":267,"Gi_Bin":0}},{"type":"Feature","id":308,"geometry":{"type":"Point","coordinates":[98.986397650201539,18.766824469776676]},"properties":{"OBJECTID":308,"SOURCE_ID":308,"kalae":0,"GiZScore":1.0029930695944653,"GiPValue":0.31586421861761671,"NNeighbors":266,"Gi_Bin":0}},{"type":"Feature","id":309,"geometry":{"type":"Point","coordinates":[98.985091660465642,18.767246700067826]},"properties":{"OBJECTID":309,"SOURCE_ID":309,"kalae":0,"GiZScore":0.69005823001556377,"GiPValue":0.49015757409812188,"NNeighbors":249,"Gi_Bin":0}},{"type":"Feature","id":310,"geometry":{"type":"Point","coordinates":[98.984679549952546,18.767355870028879]},"properties":{"OBJECTID":310,"SOURCE_ID":310,"kalae":6,"GiZScore":0.77547394535525116,"GiPValue":0.43805966202358981,"NNeighbors":247,"Gi_Bin":0}},{"type":"Feature","id":311,"geometry":{"type":"Point","coordinates":[98.984496419809702,18.767403249740056]},"properties":{"OBJECTID":311,"SOURCE_ID":311,"kalae":1,"GiZScore":0.76741131416121489,"GiPValue":0.4428370101100203,"NNeighbors":244,"Gi_Bin":0}},{"type":"Feature","id":312,"geometry":{"type":"Point","coordinates":[98.984244620055904,18.767454659828445]},"properties":{"OBJECTID":312,"SOURCE_ID":312,"kalae":0,"GiZScore":1.0441067532859987,"GiPValue":0.29643601680035225,"NNeighbors":245,"Gi_Bin":0}},{"type":"Feature","id":313,"geometry":{"type":"Point","coordinates":[98.98314323002603,18.767642339930237]},"properties":{"OBJECTID":313,"SOURCE_ID":313,"kalae":3,"GiZScore":0.8281064748877478,"GiPValue":0.40761021088396654,"NNeighbors":232,"Gi_Bin":0}},{"type":"Feature","id":314,"geometry":{"type":"Point","coordinates":[98.982902810200954,18.767677829858759]},"properties":{"OBJECTID":314,"SOURCE_ID":314,"kalae":2,"GiZScore":0.91652720354642658,"GiPValue":0.35939045659189028,"NNeighbors":230,"Gi_Bin":0}},{"type":"Feature","id":315,"geometry":{"type":"Point","coordinates":[98.982715210470303,18.767705070044599]},"properties":{"OBJECTID":315,"SOURCE_ID":315,"kalae":0,"GiZScore":0.96097231362288693,"GiPValue":0.33656610090248629,"NNeighbors":229,"Gi_Bin":0}},{"type":"Feature","id":316,"geometry":{"type":"Point","coordinates":[98.982024920230302,18.767803379900005]},"properties":{"OBJECTID":316,"SOURCE_ID":316,"kalae":1,"GiZScore":1.0437687906909325,"GiPValue":0.29659238926439191,"NNeighbors":224,"Gi_Bin":0}},{"type":"Feature","id":317,"geometry":{"type":"Point","coordinates":[98.993049320251174,18.763548230132496]},"properties":{"OBJECTID":317,"SOURCE_ID":317,"kalae":0,"GiZScore":0.054908190751675238,"GiPValue":0.95621160644716041,"NNeighbors":213,"Gi_Bin":0}},{"type":"Feature","id":318,"geometry":{"type":"Point","coordinates":[98.992545789942767,18.763962420196023]},"properties":{"OBJECTID":318,"SOURCE_ID":318,"kalae":0,"GiZScore":0.29776134542452132,"GiPValue":0.76588531928829284,"NNeighbors":227,"Gi_Bin":0}},{"type":"Feature","id":319,"geometry":{"type":"Point","coordinates":[98.991774709975147,18.764594270052676]},"properties":{"OBJECTID":319,"SOURCE_ID":319,"kalae":0,"GiZScore":0.29631559891740106,"GiPValue":0.76698907476819189,"NNeighbors":240,"Gi_Bin":0}},{"type":"Feature","id":320,"geometry":{"type":"Point","coordinates":[98.991629420236293,18.764710539987028]},"properties":{"OBJECTID":320,"SOURCE_ID":320,"kalae":1,"GiZScore":0.39823109364936959,"GiPValue":0.69045984887776002,"NNeighbors":243,"Gi_Bin":0}},{"type":"Feature","id":321,"geometry":{"type":"Point","coordinates":[98.990725409962934,18.765303770402337]},"properties":{"OBJECTID":321,"SOURCE_ID":321,"kalae":1,"GiZScore":0.52388633364331705,"GiPValue":0.60035760285506212,"NNeighbors":254,"Gi_Bin":0}},{"type":"Feature","id":322,"geometry":{"type":"Point","coordinates":[99.008257780455111,18.760089509847869]},"properties":{"OBJECTID":322,"SOURCE_ID":322,"kalae":0,"GiZScore":-1.3558803742755865,"GiPValue":0.17513723284594868,"NNeighbors":107,"Gi_Bin":0}},{"type":"Feature","id":323,"geometry":{"type":"Point","coordinates":[99.007852100336763,18.760026339615628]},"properties":{"OBJECTID":323,"SOURCE_ID":323,"kalae":0,"GiZScore":-1.3335676146711455,"GiPValue":0.18234560246116566,"NNeighbors":109,"Gi_Bin":0}},{"type":"Feature","id":324,"geometry":{"type":"Point","coordinates":[99.007480310086038,18.759953810193114]},"properties":{"OBJECTID":324,"SOURCE_ID":324,"kalae":2,"GiZScore":-1.3755958492912956,"GiPValue":0.16894679247476771,"NNeighbors":111,"Gi_Bin":0}},{"type":"Feature","id":325,"geometry":{"type":"Point","coordinates":[99.009376330162993,18.761468189693456]},"properties":{"OBJECTID":325,"SOURCE_ID":325,"kalae":0,"GiZScore":-0.73840887525743171,"GiPValue":0.46026602866595934,"NNeighbors":142,"Gi_Bin":0}},{"type":"Feature","id":326,"geometry":{"type":"Point","coordinates":[99.012218499750261,18.769110339782966]},"properties":{"OBJECTID":326,"SOURCE_ID":326,"kalae":0,"GiZScore":-1.7849389055225826,"GiPValue":0.074271227157707689,"NNeighbors":163,"Gi_Bin":-1}},{"type":"Feature","id":327,"geometry":{"type":"Point","coordinates":[99.012217599585654,18.768929589776935]},"properties":{"OBJECTID":327,"SOURCE_ID":327,"kalae":0,"GiZScore":-1.677151214202369,"GiPValue":0.093512916149544337,"NNeighbors":163,"Gi_Bin":-1}},{"type":"Feature","id":328,"geometry":{"type":"Point","coordinates":[99.012215800210683,18.768568079812624]},"properties":{"OBJECTID":328,"SOURCE_ID":328,"kalae":0,"GiZScore":-1.4531882426243308,"GiPValue":0.14617149568585944,"NNeighbors":164,"Gi_Bin":0}},{"type":"Feature","id":329,"geometry":{"type":"Point","coordinates":[99.012221370363406,18.768247239950913]},"properties":{"OBJECTID":329,"SOURCE_ID":329,"kalae":0,"GiZScore":-1.3537881402417284,"GiPValue":0.17580397844158199,"NNeighbors":163,"Gi_Bin":0}},{"type":"Feature","id":330,"geometry":{"type":"Point","coordinates":[99.012252389733163,18.767600749819707]},"properties":{"OBJECTID":330,"SOURCE_ID":330,"kalae":1,"GiZScore":-1.4615758315619418,"GiPValue":0.1438574812965937,"NNeighbors":163,"Gi_Bin":0}},{"type":"Feature","id":331,"geometry":{"type":"Point","coordinates":[99.011631320466648,18.771379990448288]},"properties":{"OBJECTID":331,"SOURCE_ID":331,"kalae":2,"GiZScore":-1.7574548293953585,"GiPValue":0.078840314701277808,"NNeighbors":166,"Gi_Bin":-1}},{"type":"Feature","id":332,"geometry":{"type":"Point","coordinates":[99.01087845020075,18.773435460021929]},"properties":{"OBJECTID":332,"SOURCE_ID":332,"kalae":2,"GiZScore":-0.44002204983392423,"GiPValue":0.65992113865513669,"NNeighbors":172,"Gi_Bin":0}},{"type":"Feature","id":333,"geometry":{"type":"Point","coordinates":[99.010772369593127,18.773585339947733]},"properties":{"OBJECTID":333,"SOURCE_ID":333,"kalae":2,"GiZScore":-0.54537712349412304,"GiPValue":0.58549417323711017,"NNeighbors":172,"Gi_Bin":0}},{"type":"Feature","id":334,"geometry":{"type":"Point","coordinates":[99.010654879677901,18.773762040446126]},"properties":{"OBJECTID":334,"SOURCE_ID":334,"kalae":1,"GiZScore":-0.41801006113664696,"GiPValue":0.67593976226896424,"NNeighbors":176,"Gi_Bin":0}},{"type":"Feature","id":335,"geometry":{"type":"Point","coordinates":[99.017897449727911,18.785410820090206]},"properties":{"OBJECTID":335,"SOURCE_ID":335,"kalae":2,"GiZScore":-0.43759276401991343,"GiPValue":0.66168151880039283,"NNeighbors":163,"Gi_Bin":0}},{"type":"Feature","id":336,"geometry":{"type":"Point","coordinates":[99.017901100297536,18.785591549599722]},"properties":{"OBJECTID":336,"SOURCE_ID":336,"kalae":0,"GiZScore":-0.400638411314714,"GiPValue":0.68868636217100176,"NNeighbors":160,"Gi_Bin":0}},{"type":"Feature","id":337,"geometry":{"type":"Point","coordinates":[99.017919359904695,18.786495169979375]},"properties":{"OBJECTID":337,"SOURCE_ID":337,"kalae":1,"GiZScore":-0.36313164017798949,"GiPValue":0.71650655079459646,"NNeighbors":157,"Gi_Bin":0}},{"type":"Feature","id":338,"geometry":{"type":"Point","coordinates":[99.01791789960167,18.786845900006586]},"properties":{"OBJECTID":338,"SOURCE_ID":338,"kalae":1,"GiZScore":-0.30287303986963271,"GiPValue":0.76198661842185633,"NNeighbors":158,"Gi_Bin":0}},{"type":"Feature","id":339,"geometry":{"type":"Point","coordinates":[99.013378260458168,18.800863130340769]},"properties":{"OBJECTID":339,"SOURCE_ID":339,"kalae":0,"GiZScore":-0.10415377461231068,"GiPValue":0.91704731690920582,"NNeighbors":121,"Gi_Bin":0}},{"type":"Feature","id":340,"geometry":{"type":"Point","coordinates":[99.013150180394092,18.801117959604429]},"properties":{"OBJECTID":340,"SOURCE_ID":340,"kalae":1,"GiZScore":-0.14824186120652755,"GiPValue":0.88215189633639601,"NNeighbors":124,"Gi_Bin":0}},{"type":"Feature","id":341,"geometry":{"type":"Point","coordinates":[99.011184690022446,18.803763760108058]},"properties":{"OBJECTID":341,"SOURCE_ID":341,"kalae":0,"GiZScore":-0.15974300281277595,"GiPValue":0.87308352455433036,"NNeighbors":122,"Gi_Bin":0}},{"type":"Feature","id":342,"geometry":{"type":"Point","coordinates":[99.009685419607791,18.801838269928449]},"properties":{"OBJECTID":342,"SOURCE_ID":342,"kalae":0,"GiZScore":-0.39188368079644592,"GiPValue":0.69514416229924536,"NNeighbors":152,"Gi_Bin":0}},{"type":"Feature","id":343,"geometry":{"type":"Point","coordinates":[99.015537390432968,18.802617349946207]},"properties":{"OBJECTID":343,"SOURCE_ID":343,"kalae":0,"GiZScore":0.24330719854452093,"GiPValue":0.80776742851141281,"NNeighbors":87,"Gi_Bin":0}},{"type":"Feature","id":344,"geometry":{"type":"Point","coordinates":[99.014424190303984,18.803391259608752]},"properties":{"OBJECTID":344,"SOURCE_ID":344,"kalae":0,"GiZScore":0.029165634847303872,"GiPValue":0.97673248898434029,"NNeighbors":87,"Gi_Bin":0}},{"type":"Feature","id":345,"geometry":{"type":"Point","coordinates":[99.015204239613794,18.805013229797005]},"properties":{"OBJECTID":345,"SOURCE_ID":345,"kalae":1,"GiZScore":0.46744289730595251,"GiPValue":0.64018303906136065,"NNeighbors":69,"Gi_Bin":0}},{"type":"Feature","id":346,"geometry":{"type":"Point","coordinates":[99.014372820123427,18.806026320310743]},"properties":{"OBJECTID":346,"SOURCE_ID":346,"kalae":2,"GiZScore":0.23908950001236576,"GiPValue":0.8110361836852743,"NNeighbors":71,"Gi_Bin":0}},{"type":"Feature","id":347,"geometry":{"type":"Point","coordinates":[99.014509560150231,18.805900949896383]},"properties":{"OBJECTID":347,"SOURCE_ID":347,"kalae":1,"GiZScore":0.23908950001236576,"GiPValue":0.8110361836852743,"NNeighbors":71,"Gi_Bin":0}},{"type":"Feature","id":348,"geometry":{"type":"Point","coordinates":[99.014783039597958,18.805650229549538]},"properties":{"OBJECTID":348,"SOURCE_ID":348,"kalae":1,"GiZScore":0.31297946769885976,"GiPValue":0.75429626192765475,"NNeighbors":70,"Gi_Bin":0}},{"type":"Feature","id":349,"geometry":{"type":"Point","coordinates":[99.013866090383118,18.806298999672933]},"properties":{"OBJECTID":349,"SOURCE_ID":349,"kalae":2,"GiZScore":0.23908950001236576,"GiPValue":0.8110361836852743,"NNeighbors":71,"Gi_Bin":0}},{"type":"Feature","id":350,"geometry":{"type":"Point","coordinates":[99.014373040260224,18.805299420318473]},"properties":{"OBJECTID":350,"SOURCE_ID":350,"kalae":2,"GiZScore":0.3266532220673361,"GiPValue":0.74393018484091222,"NNeighbors":73,"Gi_Bin":0}},{"type":"Feature","id":351,"geometry":{"type":"Point","coordinates":[98.99807433020186,18.789860779597067]},"properties":{"OBJECTID":351,"SOURCE_ID":351,"kalae":1,"GiZScore":0.52613322298799314,"GiPValue":0.59879564887248615,"NNeighbors":298,"Gi_Bin":0}},{"type":"Feature","id":352,"geometry":{"type":"Point","coordinates":[98.997767029767601,18.790092169654745]},"properties":{"OBJECTID":352,"SOURCE_ID":352,"kalae":1,"GiZScore":0.52011385034675561,"GiPValue":0.6029842275474131,"NNeighbors":296,"Gi_Bin":0}},{"type":"Feature","id":353,"geometry":{"type":"Point","coordinates":[99.000184430018095,18.788782769738106]},"properties":{"OBJECTID":353,"SOURCE_ID":353,"kalae":0,"GiZScore":0.2377057928096151,"GiPValue":0.81210929062817461,"NNeighbors":288,"Gi_Bin":0}},{"type":"Feature","id":354,"geometry":{"type":"Point","coordinates":[99.000388639667463,18.789679039862168]},"properties":{"OBJECTID":354,"SOURCE_ID":354,"kalae":0,"GiZScore":0.20017933547839906,"GiPValue":0.84134032809726778,"NNeighbors":277,"Gi_Bin":0}},{"type":"Feature","id":355,"geometry":{"type":"Point","coordinates":[99.000218319736888,18.790002120303956]},"properties":{"OBJECTID":355,"SOURCE_ID":355,"kalae":2,"GiZScore":-0.017962627242824783,"GiPValue":0.98566866773587725,"NNeighbors":277,"Gi_Bin":0}},{"type":"Feature","id":356,"geometry":{"type":"Point","coordinates":[98.999034340108707,18.799017610246818]},"properties":{"OBJECTID":356,"SOURCE_ID":356,"kalae":4,"GiZScore":-0.57131190707438007,"GiPValue":0.56778823452965821,"NNeighbors":251,"Gi_Bin":0}},{"type":"Feature","id":357,"geometry":{"type":"Point","coordinates":[98.999339509671202,18.798947609571197]},"properties":{"OBJECTID":357,"SOURCE_ID":357,"kalae":2,"GiZScore":-0.56660697542394978,"GiPValue":0.57098123744336804,"NNeighbors":252,"Gi_Bin":0}},{"type":"Feature","id":358,"geometry":{"type":"Point","coordinates":[98.999826229574836,18.798689629759266]},"properties":{"OBJECTID":358,"SOURCE_ID":358,"kalae":2,"GiZScore":-0.44916484861802281,"GiPValue":0.65331274422281604,"NNeighbors":248,"Gi_Bin":0}},{"type":"Feature","id":359,"geometry":{"type":"Point","coordinates":[98.999971469753632,18.798573259883383]},"properties":{"OBJECTID":359,"SOURCE_ID":359,"kalae":1,"GiZScore":-0.44461436442963514,"GiPValue":0.65659846626264429,"NNeighbors":249,"Gi_Bin":0}},{"type":"Feature","id":360,"geometry":{"type":"Point","coordinates":[99.000116700242984,18.798456889893085]},"properties":{"OBJECTID":360,"SOURCE_ID":360,"kalae":2,"GiZScore":-0.4400804797366269,"GiPValue":0.65987882059836545,"NNeighbors":250,"Gi_Bin":0}},{"type":"Feature","id":361,"geometry":{"type":"Point","coordinates":[99.000261929583729,18.798340519788344]},"properties":{"OBJECTID":361,"SOURCE_ID":361,"kalae":2,"GiZScore":-0.53538817198525102,"GiPValue":0.59238146965491845,"NNeighbors":249,"Gi_Bin":0}},{"type":"Feature","id":362,"geometry":{"type":"Point","coordinates":[98.996898149892502,18.786241800320635]},"properties":{"OBJECTID":362,"SOURCE_ID":362,"kalae":0,"GiZScore":0.51126068593978691,"GiPValue":0.60916853179705799,"NNeighbors":321,"Gi_Bin":0}},{"type":"Feature","id":363,"geometry":{"type":"Point","coordinates":[98.996851790372489,18.786053410076658]},"properties":{"OBJECTID":363,"SOURCE_ID":363,"kalae":0,"GiZScore":0.59706765491347302,"GiPValue":0.55046221504663317,"NNeighbors":322,"Gi_Bin":0}},{"type":"Feature","id":364,"geometry":{"type":"Point","coordinates":[98.996020340285327,18.789190969863377]},"properties":{"OBJECTID":364,"SOURCE_ID":364,"kalae":2,"GiZScore":0.45454551328430426,"GiPValue":0.64943624287229929,"NNeighbors":316,"Gi_Bin":0}},{"type":"Feature","id":365,"geometry":{"type":"Point","coordinates":[99.006931209707673,18.788454829681207]},"properties":{"OBJECTID":365,"SOURCE_ID":365,"kalae":1,"GiZScore":0.22899699789302305,"GiPValue":0.81887124964965141,"NNeighbors":234,"Gi_Bin":0}},{"type":"Feature","id":366,"geometry":{"type":"Point","coordinates":[99.007233379741237,18.791219179777627]},"properties":{"OBJECTID":366,"SOURCE_ID":366,"kalae":1,"GiZScore":0.41262609972466346,"GiPValue":0.67988057708726557,"NNeighbors":219,"Gi_Bin":0}},{"type":"Feature","id":367,"geometry":{"type":"Point","coordinates":[99.005535370326598,18.792433860386009]},"properties":{"OBJECTID":367,"SOURCE_ID":367,"kalae":0,"GiZScore":0.49222319528239139,"GiPValue":0.62256157050282213,"NNeighbors":229,"Gi_Bin":0}},{"type":"Feature","id":368,"geometry":{"type":"Point","coordinates":[99.004867509902837,18.792389099870523]},"properties":{"OBJECTID":368,"SOURCE_ID":368,"kalae":2,"GiZScore":0.11219716852212273,"GiPValue":0.91066707420229265,"NNeighbors":240,"Gi_Bin":0}},{"type":"Feature","id":369,"geometry":{"type":"Point","coordinates":[99.004324240014299,18.792226809951337]},"properties":{"OBJECTID":369,"SOURCE_ID":369,"kalae":0,"GiZScore":0.16553779357062628,"GiPValue":0.86852070524134484,"NNeighbors":242,"Gi_Bin":0}},{"type":"Feature","id":370,"geometry":{"type":"Point","coordinates":[99.004427719643047,18.809778339974894]},"properties":{"OBJECTID":370,"SOURCE_ID":370,"kalae":0,"GiZScore":0.092188688189524137,"GiPValue":0.92654812529448938,"NNeighbors":136,"Gi_Bin":0}},{"type":"Feature","id":371,"geometry":{"type":"Point","coordinates":[99.004481820043125,18.810280120346896]},"properties":{"OBJECTID":371,"SOURCE_ID":371,"kalae":0,"GiZScore":0.07805916589614742,"GiPValue":0.93778098893616491,"NNeighbors":133,"Gi_Bin":0}},{"type":"Feature","id":372,"geometry":{"type":"Point","coordinates":[98.985013719800861,18.794216519702672]},"properties":{"OBJECTID":372,"SOURCE_ID":372,"kalae":1,"GiZScore":0.41295645904605216,"GiPValue":0.67963851573207867,"NNeighbors":289,"Gi_Bin":0}},{"type":"Feature","id":373,"geometry":{"type":"Point","coordinates":[98.984992439606302,18.794396139640021]},"properties":{"OBJECTID":373,"SOURCE_ID":373,"kalae":0,"GiZScore":0.62781064471345616,"GiPValue":0.53012799563642365,"NNeighbors":289,"Gi_Bin":0}},{"type":"Feature","id":374,"geometry":{"type":"Point","coordinates":[98.985911890225211,18.794268789741274]},"properties":{"OBJECTID":374,"SOURCE_ID":374,"kalae":0,"GiZScore":0.29065288727822675,"GiPValue":0.77131680749991693,"NNeighbors":291,"Gi_Bin":0}},{"type":"Feature","id":375,"geometry":{"type":"Point","coordinates":[98.984335800235215,18.794495100263298]},"properties":{"OBJECTID":375,"SOURCE_ID":375,"kalae":1,"GiZScore":0.10510079594790145,"GiPValue":0.91629582773915019,"NNeighbors":287,"Gi_Bin":0}},{"type":"Feature","id":376,"geometry":{"type":"Point","coordinates":[98.978952489925931,18.79450880031969]},"properties":{"OBJECTID":376,"SOURCE_ID":376,"kalae":1,"GiZScore":0.14743004942560167,"GiPValue":0.88279258869425659,"NNeighbors":262,"Gi_Bin":0}},{"type":"Feature","id":377,"geometry":{"type":"Point","coordinates":[98.979458160159339,18.793567429811009]},"properties":{"OBJECTID":377,"SOURCE_ID":377,"kalae":2,"GiZScore":0.080448969648853702,"GiPValue":0.93588018093851832,"NNeighbors":268,"Gi_Bin":0}},{"type":"Feature","id":378,"geometry":{"type":"Point","coordinates":[98.979578889637608,18.793500330422884]},"properties":{"OBJECTID":378,"SOURCE_ID":378,"kalae":1,"GiZScore":0.076794249907677581,"GiPValue":0.93878722514178803,"NNeighbors":267,"Gi_Bin":0}},{"type":"Feature","id":379,"geometry":{"type":"Point","coordinates":[98.978567839860261,18.793505090348415]},"properties":{"OBJECTID":379,"SOURCE_ID":379,"kalae":1,"GiZScore":-0.10398693409674231,"GiPValue":0.91717971744440907,"NNeighbors":266,"Gi_Bin":0}},{"type":"Feature","id":380,"geometry":{"type":"Point","coordinates":[98.967817229831212,18.788932699577938]},"properties":{"OBJECTID":380,"SOURCE_ID":380,"kalae":1,"GiZScore":1.4325154474288238,"GiPValue":0.15199636044341741,"NNeighbors":134,"Gi_Bin":0}},{"type":"Feature","id":381,"geometry":{"type":"Point","coordinates":[98.949559039931941,18.794307800023205]},"properties":{"OBJECTID":381,"SOURCE_ID":381,"kalae":0,"GiZScore":-0.59361664221380517,"GiPValue":0.55276855052450957,"NNeighbors":39,"Gi_Bin":0}},{"type":"Feature","id":382,"geometry":{"type":"Point","coordinates":[98.950182259886972,18.794193930035004]},"properties":{"OBJECTID":382,"SOURCE_ID":382,"kalae":0,"GiZScore":-0.76610904374966382,"GiPValue":0.44361142865478176,"NNeighbors":41,"Gi_Bin":0}},{"type":"Feature","id":383,"geometry":{"type":"Point","coordinates":[98.950561059699481,18.794109070089387]},"properties":{"OBJECTID":383,"SOURCE_ID":383,"kalae":1,"GiZScore":-0.76610904374966382,"GiPValue":0.44361142865478176,"NNeighbors":41,"Gi_Bin":0}},{"type":"Feature","id":384,"geometry":{"type":"Point","coordinates":[98.95092652011283,18.79401600037443]},"properties":{"OBJECTID":384,"SOURCE_ID":384,"kalae":0,"GiZScore":-0.34525263282411195,"GiPValue":0.72990445387145675,"NNeighbors":42,"Gi_Bin":0}},{"type":"Feature","id":385,"geometry":{"type":"Point","coordinates":[98.951436370139717,18.793871700155396]},"properties":{"OBJECTID":385,"SOURCE_ID":385,"kalae":1,"GiZScore":1.9472529322539542,"GiPValue":0.05150441855204127,"NNeighbors":44,"Gi_Bin":1}},{"type":"Feature","id":386,"geometry":{"type":"Point","coordinates":[98.948232599914164,18.796901990446489]},"properties":{"OBJECTID":386,"SOURCE_ID":386,"kalae":10,"GiZScore":-0.43257178562195286,"GiPValue":0.66532589169768919,"NNeighbors":43,"Gi_Bin":0}},{"type":"Feature","id":387,"geometry":{"type":"Point","coordinates":[98.948491080397744,18.796212830449512]},"properties":{"OBJECTID":387,"SOURCE_ID":387,"kalae":1,"GiZScore":-0.44610232931312688,"GiPValue":0.65552333165616172,"NNeighbors":42,"Gi_Bin":0}},{"type":"Feature","id":388,"geometry":{"type":"Point","coordinates":[98.954717540405269,18.801582910095618]},"properties":{"OBJECTID":388,"SOURCE_ID":388,"kalae":1,"GiZScore":2.5861169468293386,"GiPValue":0.0097063991328314083,"NNeighbors":58,"Gi_Bin":3}},{"type":"Feature","id":389,"geometry":{"type":"Point","coordinates":[98.995630580106422,18.794562159918524]},"properties":{"OBJECTID":389,"SOURCE_ID":389,"kalae":0,"GiZScore":0.68210170591198493,"GiPValue":0.49517464658256438,"NNeighbors":293,"Gi_Bin":0}},{"type":"Feature","id":390,"geometry":{"type":"Point","coordinates":[98.995705979631623,18.794195330159809]},"properties":{"OBJECTID":390,"SOURCE_ID":390,"kalae":0,"GiZScore":0.52613322298799314,"GiPValue":0.59879564887248615,"NNeighbors":298,"Gi_Bin":0}},{"type":"Feature","id":391,"geometry":{"type":"Point","coordinates":[98.995742460183521,18.794017939890573]},"properties":{"OBJECTID":391,"SOURCE_ID":391,"kalae":2,"GiZScore":0.53512859784590927,"GiPValue":0.59256093824746903,"NNeighbors":301,"Gi_Bin":0}},{"type":"Feature","id":392,"geometry":{"type":"Point","coordinates":[98.995815440036793,18.7936631701665]},"properties":{"OBJECTID":392,"SOURCE_ID":392,"kalae":0,"GiZScore":0.49580402009781938,"GiPValue":0.620032690102154,"NNeighbors":302,"Gi_Bin":0}},{"type":"Feature","id":393,"geometry":{"type":"Point","coordinates":[98.996026769714106,18.792733590173032]},"properties":{"OBJECTID":393,"SOURCE_ID":393,"kalae":1,"GiZScore":0.24855859339768963,"GiPValue":0.80370224129710133,"NNeighbors":304,"Gi_Bin":0}},{"type":"Feature","id":394,"geometry":{"type":"Point","coordinates":[98.994992139852542,18.784481969761035]},"properties":{"OBJECTID":394,"SOURCE_ID":394,"kalae":1,"GiZScore":1.5478794834918783,"GiPValue":0.1216513150969183,"NNeighbors":342,"Gi_Bin":0}},{"type":"Feature","id":395,"geometry":{"type":"Point","coordinates":[98.994954120416963,18.783578430433089]},"properties":{"OBJECTID":395,"SOURCE_ID":395,"kalae":0,"GiZScore":0.69242917820288874,"GiPValue":0.48866785210826991,"NNeighbors":341,"Gi_Bin":0}},{"type":"Feature","id":396,"geometry":{"type":"Point","coordinates":[98.995266790322162,18.782700119571306]},"properties":{"OBJECTID":396,"SOURCE_ID":396,"kalae":0,"GiZScore":0.67266736473234567,"GiPValue":0.50115893869567074,"NNeighbors":334,"Gi_Bin":0}},{"type":"Feature","id":397,"geometry":{"type":"Point","coordinates":[98.994824050418032,18.781668949717339]},"properties":{"OBJECTID":397,"SOURCE_ID":397,"kalae":2,"GiZScore":0.57635996292693226,"GiPValue":0.56437190320305719,"NNeighbors":343,"Gi_Bin":0}},{"type":"Feature","id":398,"geometry":{"type":"Point","coordinates":[98.995160089959484,18.782566819607119]},"properties":{"OBJECTID":398,"SOURCE_ID":398,"kalae":0,"GiZScore":0.71915902233367235,"GiPValue":0.47204294969004634,"NNeighbors":336,"Gi_Bin":0}},{"type":"Feature","id":399,"geometry":{"type":"Point","coordinates":[98.995384259624444,18.782842369968211]},"properties":{"OBJECTID":399,"SOURCE_ID":399,"kalae":0,"GiZScore":0.74897870167119973,"GiPValue":0.45387004857980129,"NNeighbors":332,"Gi_Bin":0}},{"type":"Feature","id":400,"geometry":{"type":"Point","coordinates":[98.995971410123559,18.78390031991766]},"properties":{"OBJECTID":400,"SOURCE_ID":400,"kalae":1,"GiZScore":0.5791726258472697,"GiPValue":0.56247270242541436,"NNeighbors":330,"Gi_Bin":0}},{"type":"Feature","id":401,"geometry":{"type":"Point","coordinates":[98.996061710205268,18.784155380294735]},"properties":{"OBJECTID":401,"SOURCE_ID":401,"kalae":0,"GiZScore":0.74345871140616282,"GiPValue":0.45720401584232762,"NNeighbors":330,"Gi_Bin":0}},{"type":"Feature","id":402,"geometry":{"type":"Point","coordinates":[98.994178519941244,18.779965350083295]},"properties":{"OBJECTID":402,"SOURCE_ID":402,"kalae":3,"GiZScore":1.3470793943000536,"GiPValue":0.17795466377635333,"NNeighbors":343,"Gi_Bin":0}},{"type":"Feature","id":403,"geometry":{"type":"Point","coordinates":[98.995254320182724,18.778251679817078]},"properties":{"OBJECTID":403,"SOURCE_ID":403,"kalae":0,"GiZScore":0.46204312928476476,"GiPValue":0.64405039340472792,"NNeighbors":332,"Gi_Bin":0}},{"type":"Feature","id":404,"geometry":{"type":"Point","coordinates":[98.995596700466578,18.778816669978639]},"properties":{"OBJECTID":404,"SOURCE_ID":404,"kalae":1,"GiZScore":0.96970929456041188,"GiPValue":0.33219142854527683,"NNeighbors":322,"Gi_Bin":0}},{"type":"Feature","id":405,"geometry":{"type":"Point","coordinates":[98.995576119532075,18.779611929699424]},"properties":{"OBJECTID":405,"SOURCE_ID":405,"kalae":2,"GiZScore":0.77089454968448279,"GiPValue":0.44076944447329436,"NNeighbors":325,"Gi_Bin":0}},{"type":"Feature","id":406,"geometry":{"type":"Point","coordinates":[98.994562590337381,18.778662560099047]},"properties":{"OBJECTID":406,"SOURCE_ID":406,"kalae":2,"GiZScore":0.90611447250041799,"GiPValue":0.36487527608183112,"NNeighbors":345,"Gi_Bin":0}},{"type":"Feature","id":407,"geometry":{"type":"Point","coordinates":[98.994284879531207,18.779017659963891]},"properties":{"OBJECTID":407,"SOURCE_ID":407,"kalae":0,"GiZScore":1.1134309553434127,"GiPValue":0.26552340429323462,"NNeighbors":347,"Gi_Bin":0}},{"type":"Feature","id":408,"geometry":{"type":"Point","coordinates":[98.993734469719953,18.779971850239004]},"properties":{"OBJECTID":408,"SOURCE_ID":408,"kalae":0,"GiZScore":1.0576485617808296,"GiPValue":0.29021570982385592,"NNeighbors":357,"Gi_Bin":0}},{"type":"Feature","id":409,"geometry":{"type":"Point","coordinates":[98.991390849834502,18.77695234971269]},"properties":{"OBJECTID":409,"SOURCE_ID":409,"kalae":0,"GiZScore":0.48898526456777441,"GiPValue":0.62485213090122294,"NNeighbors":381,"Gi_Bin":0}},{"type":"Feature","id":410,"geometry":{"type":"Point","coordinates":[98.991884559815389,18.778802529655799]},"properties":{"OBJECTID":410,"SOURCE_ID":410,"kalae":2,"GiZScore":0.77233581085068082,"GiPValue":0.43991556726621805,"NNeighbors":384,"Gi_Bin":0}},{"type":"Feature","id":411,"geometry":{"type":"Point","coordinates":[98.991887160430636,18.780413650191669]},"properties":{"OBJECTID":411,"SOURCE_ID":411,"kalae":0,"GiZScore":0.64901443528692204,"GiPValue":0.51632904975807881,"NNeighbors":382,"Gi_Bin":0}},{"type":"Feature","id":412,"geometry":{"type":"Point","coordinates":[98.989961900289899,18.776654510262198]},"properties":{"OBJECTID":412,"SOURCE_ID":412,"kalae":1,"GiZScore":0.27208509709616724,"GiPValue":0.78555658853093357,"NNeighbors":387,"Gi_Bin":0}},{"type":"Feature","id":413,"geometry":{"type":"Point","coordinates":[98.990150800420224,18.776671819762718]},"properties":{"OBJECTID":413,"SOURCE_ID":413,"kalae":0,"GiZScore":0.30809817670069201,"GiPValue":0.75800762902318641,"NNeighbors":386,"Gi_Bin":0}},{"type":"Feature","id":414,"geometry":{"type":"Point","coordinates":[98.990339699640273,18.776689129976042]},"properties":{"OBJECTID":414,"SOURCE_ID":414,"kalae":0,"GiZScore":0.19065753757714074,"GiPValue":0.84879390855367243,"NNeighbors":386,"Gi_Bin":0}},{"type":"Feature","id":415,"geometry":{"type":"Point","coordinates":[98.990717500094135,18.776723749829912]},"properties":{"OBJECTID":415,"SOURCE_ID":415,"kalae":2,"GiZScore":0.38028717590109756,"GiPValue":0.70373225472259548,"NNeighbors":384,"Gi_Bin":0}},{"type":"Feature","id":416,"geometry":{"type":"Point","coordinates":[98.99102849002513,18.776747769687546]},"properties":{"OBJECTID":416,"SOURCE_ID":416,"kalae":1,"GiZScore":0.38334115368131733,"GiPValue":0.70146683010730737,"NNeighbors":385,"Gi_Bin":0}},{"type":"Feature","id":417,"geometry":{"type":"Point","coordinates":[98.989762379734458,18.774057620441571]},"properties":{"OBJECTID":417,"SOURCE_ID":417,"kalae":1,"GiZScore":0.45907678531197116,"GiPValue":0.64617902816655248,"NNeighbors":371,"Gi_Bin":0}},{"type":"Feature","id":418,"geometry":{"type":"Point","coordinates":[98.989566329548623,18.774805750184608]},"properties":{"OBJECTID":418,"SOURCE_ID":418,"kalae":1,"GiZScore":0.38906932926166604,"GiPValue":0.69722486210526324,"NNeighbors":374,"Gi_Bin":0}},{"type":"Feature","id":419,"geometry":{"type":"Point","coordinates":[98.989480139676729,18.775204660369138]},"properties":{"OBJECTID":419,"SOURCE_ID":419,"kalae":16,"GiZScore":0.43462405059565817,"GiPValue":0.66383533605562539,"NNeighbors":376,"Gi_Bin":0}},{"type":"Feature","id":420,"geometry":{"type":"Point","coordinates":[98.98932170999818,18.775863160277872]},"properties":{"OBJECTID":420,"SOURCE_ID":420,"kalae":0,"GiZScore":0.34724505640854242,"GiPValue":0.72840722475718733,"NNeighbors":386,"Gi_Bin":0}},{"type":"Feature","id":421,"geometry":{"type":"Point","coordinates":[98.989147479905881,18.776561610233689]},"properties":{"OBJECTID":421,"SOURCE_ID":421,"kalae":2,"GiZScore":0.16436564630347103,"GiPValue":0.86944330607241005,"NNeighbors":390,"Gi_Bin":0}},{"type":"Feature","id":422,"geometry":{"type":"Point","coordinates":[98.988935109661369,18.777668100007563]},"properties":{"OBJECTID":422,"SOURCE_ID":422,"kalae":1,"GiZScore":0.25186305304915657,"GiPValue":0.80114691875636979,"NNeighbors":393,"Gi_Bin":0}},{"type":"Feature","id":423,"geometry":{"type":"Point","coordinates":[98.988772430143641,18.778142900069096]},"properties":{"OBJECTID":423,"SOURCE_ID":423,"kalae":2,"GiZScore":0.28458415090267464,"GiPValue":0.77596275547503868,"NNeighbors":391,"Gi_Bin":0}},{"type":"Feature","id":424,"geometry":{"type":"Point","coordinates":[98.988673350051528,18.778442809604659]},"properties":{"OBJECTID":424,"SOURCE_ID":424,"kalae":0,"GiZScore":0.16756914507054391,"GiPValue":0.86692224664996131,"NNeighbors":391,"Gi_Bin":0}},{"type":"Feature","id":425,"geometry":{"type":"Point","coordinates":[98.988430929932377,18.779189550378646]},"properties":{"OBJECTID":425,"SOURCE_ID":425,"kalae":2,"GiZScore":0.55469593808165829,"GiPValue":0.57910265751398737,"NNeighbors":390,"Gi_Bin":0}},{"type":"Feature","id":426,"geometry":{"type":"Point","coordinates":[98.981961929763415,18.77539361984136]},"properties":{"OBJECTID":426,"SOURCE_ID":426,"kalae":0,"GiZScore":0.9662649352678776,"GiPValue":0.3339116394886249,"NNeighbors":304,"Gi_Bin":0}},{"type":"Feature","id":427,"geometry":{"type":"Point","coordinates":[98.982556160257303,18.775464290294256]},"properties":{"OBJECTID":427,"SOURCE_ID":427,"kalae":2,"GiZScore":0.90254645354276453,"GiPValue":0.36676666649465506,"NNeighbors":312,"Gi_Bin":0}},{"type":"Feature","id":428,"geometry":{"type":"Point","coordinates":[98.983310130157548,18.77530181967985]},"properties":{"OBJECTID":428,"SOURCE_ID":428,"kalae":1,"GiZScore":0.75994534412064441,"GiPValue":0.44728726205914993,"NNeighbors":321,"Gi_Bin":0}},{"type":"Feature","id":429,"geometry":{"type":"Point","coordinates":[98.986396110192686,18.775437359976177]},"properties":{"OBJECTID":429,"SOURCE_ID":429,"kalae":0,"GiZScore":0.37373221887251162,"GiPValue":0.70860355309898138,"NNeighbors":369,"Gi_Bin":0}},{"type":"Feature","id":430,"geometry":{"type":"Point","coordinates":[98.977220759992207,18.775537760070787]},"properties":{"OBJECTID":430,"SOURCE_ID":430,"kalae":0,"GiZScore":1.2287550890098082,"GiPValue":0.21916366790813946,"NNeighbors":246,"Gi_Bin":0}},{"type":"Feature","id":431,"geometry":{"type":"Point","coordinates":[98.978358240176362,18.77518197990187]},"properties":{"OBJECTID":431,"SOURCE_ID":431,"kalae":2,"GiZScore":1.0263820931759491,"GiPValue":0.30471152962682868,"NNeighbors":257,"Gi_Bin":0}},{"type":"Feature","id":432,"geometry":{"type":"Point","coordinates":[98.97889259010087,18.774879100420204]},"properties":{"OBJECTID":432,"SOURCE_ID":432,"kalae":0,"GiZScore":0.9538285006759103,"GiPValue":0.34017047196400185,"NNeighbors":264,"Gi_Bin":0}},{"type":"Feature","id":433,"geometry":{"type":"Point","coordinates":[98.979431810337772,18.774498990139165]},"properties":{"OBJECTID":433,"SOURCE_ID":433,"kalae":0,"GiZScore":0.87015546915152042,"GiPValue":0.38421545692758308,"NNeighbors":266,"Gi_Bin":0}},{"type":"Feature","id":434,"geometry":{"type":"Point","coordinates":[98.976236470460833,18.772713640291709]},"properties":{"OBJECTID":434,"SOURCE_ID":434,"kalae":1,"GiZScore":1.5260451243310373,"GiPValue":0.12699862697457562,"NNeighbors":191,"Gi_Bin":0}},{"type":"Feature","id":435,"geometry":{"type":"Point","coordinates":[98.976120129793927,18.771667329632393]},"properties":{"OBJECTID":435,"SOURCE_ID":435,"kalae":0,"GiZScore":1.5156930756641713,"GiPValue":0.12959697934295933,"NNeighbors":180,"Gi_Bin":0}},{"type":"Feature","id":436,"geometry":{"type":"Point","coordinates":[98.976098990439979,18.771487700336252]},"properties":{"OBJECTID":436,"SOURCE_ID":436,"kalae":1,"GiZScore":1.5131078589483524,"GiPValue":0.13025226367704676,"NNeighbors":177,"Gi_Bin":0}},{"type":"Feature","id":437,"geometry":{"type":"Point","coordinates":[98.99197066047158,18.815431960154072]},"properties":{"OBJECTID":437,"SOURCE_ID":437,"kalae":0,"GiZScore":-0.1833021163929478,"GiPValue":0.85456097397928721,"NNeighbors":118,"Gi_Bin":0}},{"type":"Feature","id":438,"geometry":{"type":"Point","coordinates":[98.991945080410872,18.814944219799173]},"properties":{"OBJECTID":438,"SOURCE_ID":438,"kalae":0,"GiZScore":-0.31399626011311521,"GiPValue":0.75352387969957024,"NNeighbors":117,"Gi_Bin":0}},{"type":"Feature","id":439,"geometry":{"type":"Point","coordinates":[98.991933289832218,18.814709850258694]},"properties":{"OBJECTID":439,"SOURCE_ID":439,"kalae":4,"GiZScore":-0.36961236704115347,"GiPValue":0.7116713358884148,"NNeighbors":118,"Gi_Bin":0}},{"type":"Feature","id":440,"geometry":{"type":"Point","coordinates":[98.994202469527323,18.81625311028569]},"properties":{"OBJECTID":440,"SOURCE_ID":440,"kalae":0,"GiZScore":-0.23286985505273983,"GiPValue":0.81586246734312917,"NNeighbors":110,"Gi_Bin":0}},{"type":"Feature","id":441,"geometry":{"type":"Point","coordinates":[98.99325464995519,18.816299619807538]},"properties":{"OBJECTID":441,"SOURCE_ID":441,"kalae":0,"GiZScore":-0.25165482798269978,"GiPValue":0.80130787570102913,"NNeighbors":117,"Gi_Bin":0}},{"type":"Feature","id":442,"geometry":{"type":"Point","coordinates":[98.992875519892976,18.816318220098569]},"properties":{"OBJECTID":442,"SOURCE_ID":442,"kalae":0,"GiZScore":-0.31399626011311521,"GiPValue":0.75352387969957024,"NNeighbors":117,"Gi_Bin":0}},{"type":"Feature","id":443,"geometry":{"type":"Point","coordinates":[98.992306820372491,18.816346129935518]},"properties":{"OBJECTID":443,"SOURCE_ID":443,"kalae":3,"GiZScore":-0.20148878220989866,"GiPValue":0.8403164001886424,"NNeighbors":115,"Gi_Bin":0}},{"type":"Feature","id":444,"geometry":{"type":"Point","coordinates":[98.99674164953899,18.816008499752652]},"properties":{"OBJECTID":444,"SOURCE_ID":444,"kalae":0,"GiZScore":-0.68425281179235498,"GiPValue":0.49381554347387613,"NNeighbors":102,"Gi_Bin":0}},{"type":"Feature","id":445,"geometry":{"type":"Point","coordinates":[98.995499189608438,18.815591239978289]},"properties":{"OBJECTID":445,"SOURCE_ID":445,"kalae":1,"GiZScore":0.087639192761783807,"GiPValue":0.93016345069296558,"NNeighbors":110,"Gi_Bin":0}},{"type":"Feature","id":446,"geometry":{"type":"Point","coordinates":[98.99779194007624,18.816084170202124]},"properties":{"OBJECTID":446,"SOURCE_ID":446,"kalae":0,"GiZScore":-0.68425281179235498,"GiPValue":0.49381554347387613,"NNeighbors":102,"Gi_Bin":0}},{"type":"Feature","id":447,"geometry":{"type":"Point","coordinates":[98.997603130152186,18.813508300185863]},"properties":{"OBJECTID":447,"SOURCE_ID":447,"kalae":2,"GiZScore":-0.064630531591453572,"GiPValue":0.94846817482671786,"NNeighbors":117,"Gi_Bin":0}},{"type":"Feature","id":448,"geometry":{"type":"Point","coordinates":[98.997666830172676,18.814021790109809]},"properties":{"OBJECTID":448,"SOURCE_ID":448,"kalae":2,"GiZScore":-0.16264160344218473,"GiPValue":0.87080062834413141,"NNeighbors":111,"Gi_Bin":0}},{"type":"Feature","id":449,"geometry":{"type":"Point","coordinates":[99.001536130116563,18.810989489701281]},"properties":{"OBJECTID":449,"SOURCE_ID":449,"kalae":0,"GiZScore":-0.029474040807030168,"GiPValue":0.97648652237725364,"NNeighbors":135,"Gi_Bin":0}},{"type":"Feature","id":450,"geometry":{"type":"Point","coordinates":[99.000500580277759,18.812983340443587]},"properties":{"OBJECTID":450,"SOURCE_ID":450,"kalae":1,"GiZScore":-0.85596271313533434,"GiPValue":0.39201841304124085,"NNeighbors":112,"Gi_Bin":0}},{"type":"Feature","id":451,"geometry":{"type":"Point","coordinates":[98.993190479919818,18.79076422025544]},"properties":{"OBJECTID":451,"SOURCE_ID":451,"kalae":0,"GiZScore":0.46066580761563503,"GiPValue":0.64503839140348451,"NNeighbors":318,"Gi_Bin":0}},{"type":"Feature","id":452,"geometry":{"type":"Point","coordinates":[98.991617289798455,18.791674769637421]},"properties":{"OBJECTID":452,"SOURCE_ID":452,"kalae":1,"GiZScore":0.47801130877927722,"GiPValue":0.63264215771127286,"NNeighbors":310,"Gi_Bin":0}},{"type":"Feature","id":453,"geometry":{"type":"Point","coordinates":[98.992261940272229,18.791512200428837]},"properties":{"OBJECTID":453,"SOURCE_ID":453,"kalae":0,"GiZScore":0.11093273857718268,"GiPValue":0.91166968419806849,"NNeighbors":313,"Gi_Bin":0}},{"type":"Feature","id":454,"geometry":{"type":"Point","coordinates":[98.989204499727094,18.786752929634879]},"properties":{"OBJECTID":454,"SOURCE_ID":454,"kalae":0,"GiZScore":0.86850852538202095,"GiPValue":0.38511601629896386,"NNeighbors":376,"Gi_Bin":0}},{"type":"Feature","id":455,"geometry":{"type":"Point","coordinates":[98.980071070040594,18.783447819553707]},"properties":{"OBJECTID":455,"SOURCE_ID":455,"kalae":0,"GiZScore":1.7511742723607027,"GiPValue":0.079915895686023558,"NNeighbors":293,"Gi_Bin":1}},{"type":"Feature","id":456,"geometry":{"type":"Point","coordinates":[98.980257549671208,18.783414269896721]},"properties":{"OBJECTID":456,"SOURCE_ID":456,"kalae":1,"GiZScore":1.5057374297616477,"GiPValue":0.13213459132217847,"NNeighbors":299,"Gi_Bin":0}},{"type":"Feature","id":457,"geometry":{"type":"Point","coordinates":[98.980342850156489,18.783641789839113]},"properties":{"OBJECTID":457,"SOURCE_ID":457,"kalae":0,"GiZScore":1.5977531923012263,"GiPValue":0.1100979155306738,"NNeighbors":303,"Gi_Bin":0}},{"type":"Feature","id":458,"geometry":{"type":"Point","coordinates":[98.978285770273615,18.784147910149837]},"properties":{"OBJECTID":458,"SOURCE_ID":458,"kalae":1,"GiZScore":0.92356104489216639,"GiPValue":0.35571491441522018,"NNeighbors":287,"Gi_Bin":0}},{"type":"Feature","id":459,"geometry":{"type":"Point","coordinates":[98.979694560124443,18.78399514016969]},"properties":{"OBJECTID":459,"SOURCE_ID":459,"kalae":0,"GiZScore":1.5132212276766137,"GiPValue":0.13022347388823985,"NNeighbors":303,"Gi_Bin":0}},{"type":"Feature","id":460,"geometry":{"type":"Point","coordinates":[98.979877420232995,18.783946770160615]},"properties":{"OBJECTID":460,"SOURCE_ID":460,"kalae":1,"GiZScore":1.5554872099889199,"GiPValue":0.11983007832906187,"NNeighbors":303,"Gi_Bin":0}},{"type":"Feature","id":461,"geometry":{"type":"Point","coordinates":[98.978149219684923,18.783122339827088]},"properties":{"OBJECTID":461,"SOURCE_ID":461,"kalae":0,"GiZScore":1.7228215404950171,"GiPValue":0.084920802188092573,"NNeighbors":274,"Gi_Bin":1}},{"type":"Feature","id":462,"geometry":{"type":"Point","coordinates":[98.978640229741799,18.78290081993368]},"properties":{"OBJECTID":462,"SOURCE_ID":462,"kalae":0,"GiZScore":1.5248613516998526,"GiPValue":0.12729368342539854,"NNeighbors":286,"Gi_Bin":0}},{"type":"Feature","id":463,"geometry":{"type":"Point","coordinates":[98.987319109617886,18.783319050239985]},"properties":{"OBJECTID":463,"SOURCE_ID":463,"kalae":2,"GiZScore":1.5477282282665521,"GiPValue":0.12168774277616326,"NNeighbors":380,"Gi_Bin":0}},{"type":"Feature","id":464,"geometry":{"type":"Point","coordinates":[98.987014530279069,18.783295340088504]},"properties":{"OBJECTID":464,"SOURCE_ID":464,"kalae":1,"GiZScore":1.6179453454675565,"GiPValue":0.10567437671740548,"NNeighbors":376,"Gi_Bin":0}},{"type":"Feature","id":465,"geometry":{"type":"Point","coordinates":[98.991067729983314,18.788995189798882]},"properties":{"OBJECTID":465,"SOURCE_ID":465,"kalae":0,"GiZScore":-0.10612721435639387,"GiPValue":0.91548141914991132,"NNeighbors":345,"Gi_Bin":0}},{"type":"Feature","id":466,"geometry":{"type":"Point","coordinates":[98.991110080026246,18.789171390016406]},"properties":{"OBJECTID":466,"SOURCE_ID":466,"kalae":0,"GiZScore":-0.10612721435639387,"GiPValue":0.91548141914991132,"NNeighbors":345,"Gi_Bin":0}},{"type":"Feature","id":467,"geometry":{"type":"Point","coordinates":[98.990123130057214,18.789773969782324]},"properties":{"OBJECTID":467,"SOURCE_ID":467,"kalae":1,"GiZScore":0.14416805531624,"GiPValue":0.88536776558889663,"NNeighbors":335,"Gi_Bin":0}},{"type":"Feature","id":468,"geometry":{"type":"Point","coordinates":[98.99012873965745,18.790450289820264]},"properties":{"OBJECTID":468,"SOURCE_ID":468,"kalae":1,"GiZScore":0.1963220389690406,"GiPValue":0.84435811253975523,"NNeighbors":326,"Gi_Bin":0}},{"type":"Feature","id":469,"geometry":{"type":"Point","coordinates":[98.990140880313064,18.790630680403702]},"properties":{"OBJECTID":469,"SOURCE_ID":469,"kalae":1,"GiZScore":0.227717619341821,"GiPValue":0.81986577419740825,"NNeighbors":323,"Gi_Bin":0}},{"type":"Feature","id":470,"geometry":{"type":"Point","coordinates":[98.990127219797117,18.791323770067287]},"properties":{"OBJECTID":470,"SOURCE_ID":470,"kalae":1,"GiZScore":0.88690004130553657,"GiPValue":0.37513272905857376,"NNeighbors":322,"Gi_Bin":0}},{"type":"Feature","id":471,"geometry":{"type":"Point","coordinates":[98.97761275984351,18.772817439734503]},"properties":{"OBJECTID":471,"SOURCE_ID":471,"kalae":2,"GiZScore":1.2504839550071749,"GiPValue":0.21112283722114145,"NNeighbors":207,"Gi_Bin":0}},{"type":"Feature","id":472,"geometry":{"type":"Point","coordinates":[98.978662989752578,18.772452770088076]},"properties":{"OBJECTID":472,"SOURCE_ID":472,"kalae":1,"GiZScore":1.1720741100929641,"GiPValue":0.24116732381842076,"NNeighbors":217,"Gi_Bin":0}},{"type":"Feature","id":473,"geometry":{"type":"Point","coordinates":[98.978590050195635,18.772990569576457]},"properties":{"OBJECTID":473,"SOURCE_ID":473,"kalae":0,"GiZScore":1.1856173239671632,"GiPValue":0.23577347877267318,"NNeighbors":224,"Gi_Bin":0}},{"type":"Feature","id":474,"geometry":{"type":"Point","coordinates":[98.980833299742258,18.772057839942114]},"properties":{"OBJECTID":474,"SOURCE_ID":474,"kalae":1,"GiZScore":0.91452349633233188,"GiPValue":0.36044184785372624,"NNeighbors":248,"Gi_Bin":0}},{"type":"Feature","id":475,"geometry":{"type":"Point","coordinates":[98.981063199627329,18.770885479589932]},"properties":{"OBJECTID":475,"SOURCE_ID":475,"kalae":2,"GiZScore":1.0744373937093135,"GiPValue":0.28262670668015422,"NNeighbors":238,"Gi_Bin":0}},{"type":"Feature","id":476,"geometry":{"type":"Point","coordinates":[98.98107706979286,18.770705200035966]},"properties":{"OBJECTID":476,"SOURCE_ID":476,"kalae":1,"GiZScore":1.0259933564802743,"GiPValue":0.30489472994397138,"NNeighbors":237,"Gi_Bin":0}},{"type":"Feature","id":477,"geometry":{"type":"Point","coordinates":[98.978883460226442,18.773972630113843]},"properties":{"OBJECTID":477,"SOURCE_ID":477,"kalae":3,"GiZScore":1.1954800052117109,"GiPValue":0.23189956533254708,"NNeighbors":252,"Gi_Bin":0}},{"type":"Feature","id":478,"geometry":{"type":"Point","coordinates":[98.97973519998169,18.77775424992101]},"properties":{"OBJECTID":478,"SOURCE_ID":478,"kalae":0,"GiZScore":1.1502350928195744,"GiPValue":0.25004707560932316,"NNeighbors":292,"Gi_Bin":0}},{"type":"Feature","id":479,"geometry":{"type":"Point","coordinates":[98.979924749552694,18.7777454801174]},"properties":{"OBJECTID":479,"SOURCE_ID":479,"kalae":1,"GiZScore":1.199672346446349,"GiPValue":0.23026663877327991,"NNeighbors":295,"Gi_Bin":0}},{"type":"Feature","id":480,"geometry":{"type":"Point","coordinates":[98.98046454961117,18.777720370387694]},"properties":{"OBJECTID":480,"SOURCE_ID":480,"kalae":4,"GiZScore":1.2934327977756914,"GiPValue":0.19586141273786567,"NNeighbors":299,"Gi_Bin":0}},{"type":"Feature","id":481,"geometry":{"type":"Point","coordinates":[98.97840321955178,18.77670939973483]},"properties":{"OBJECTID":481,"SOURCE_ID":481,"kalae":0,"GiZScore":0.88039447885443167,"GiPValue":0.37864565586445642,"NNeighbors":270,"Gi_Bin":0}},{"type":"Feature","id":482,"geometry":{"type":"Point","coordinates":[98.97872021975104,18.776800919553203]},"properties":{"OBJECTID":482,"SOURCE_ID":482,"kalae":1,"GiZScore":0.84940337661536824,"GiPValue":0.39565688345421157,"NNeighbors":275,"Gi_Bin":0}},{"type":"Feature","id":483,"geometry":{"type":"Point","coordinates":[98.978901839597171,18.776853330152854]},"properties":{"OBJECTID":483,"SOURCE_ID":483,"kalae":3,"GiZScore":0.81097683109782581,"GiPValue":0.41737898362862669,"NNeighbors":277,"Gi_Bin":0}},{"type":"Feature","id":484,"geometry":{"type":"Point","coordinates":[98.978039639597526,18.776761130082594]},"properties":{"OBJECTID":484,"SOURCE_ID":484,"kalae":2,"GiZScore":1.0029930695944653,"GiPValue":0.31586421861761671,"NNeighbors":266,"Gi_Bin":0}},{"type":"Feature","id":485,"geometry":{"type":"Point","coordinates":[98.979473340078897,18.777081149833588]},"properties":{"OBJECTID":485,"SOURCE_ID":485,"kalae":1,"GiZScore":1.0889348605335865,"GiPValue":0.27618262888689671,"NNeighbors":284,"Gi_Bin":0}},{"type":"Feature","id":486,"geometry":{"type":"Point","coordinates":[98.979309239569531,18.769446840037737]},"properties":{"OBJECTID":486,"SOURCE_ID":486,"kalae":0,"GiZScore":1.5409769202715342,"GiPValue":0.12332240322151351,"NNeighbors":205,"Gi_Bin":0}},{"type":"Feature","id":487,"geometry":{"type":"Point","coordinates":[98.984673130014215,18.768661299920474]},"properties":{"OBJECTID":487,"SOURCE_ID":487,"kalae":1,"GiZScore":1.1609298430750938,"GiPValue":0.24567045136971977,"NNeighbors":257,"Gi_Bin":0}},{"type":"Feature","id":488,"geometry":{"type":"Point","coordinates":[98.982628699699504,18.771837919790709]},"properties":{"OBJECTID":488,"SOURCE_ID":488,"kalae":1,"GiZScore":0.60741038962063854,"GiPValue":0.54357859848894385,"NNeighbors":267,"Gi_Bin":0}},{"type":"Feature","id":489,"geometry":{"type":"Point","coordinates":[98.982436699760129,18.772319540037358]},"properties":{"OBJECTID":489,"SOURCE_ID":489,"kalae":5,"GiZScore":0.79766488214736198,"GiPValue":0.42506499540953491,"NNeighbors":272,"Gi_Bin":0}},{"type":"Feature","id":490,"geometry":{"type":"Point","coordinates":[98.982405890400258,18.772508560435263]},"properties":{"OBJECTID":490,"SOURCE_ID":490,"kalae":1,"GiZScore":0.67726310030107983,"GiPValue":0.49823904290021137,"NNeighbors":276,"Gi_Bin":0}},{"type":"Feature","id":491,"geometry":{"type":"Point","coordinates":[98.982341650471369,18.772935110109557]},"properties":{"OBJECTID":491,"SOURCE_ID":491,"kalae":0,"GiZScore":0.72925261634739469,"GiPValue":0.46584715661194143,"NNeighbors":279,"Gi_Bin":0}},{"type":"Feature","id":492,"geometry":{"type":"Point","coordinates":[98.982304440220688,18.773249419649279]},"properties":{"OBJECTID":492,"SOURCE_ID":492,"kalae":3,"GiZScore":0.5328624522866815,"GiPValue":0.59412880080430519,"NNeighbors":286,"Gi_Bin":0}},{"type":"Feature","id":493,"geometry":{"type":"Point","coordinates":[98.984903619553393,18.779252649858634]},"properties":{"OBJECTID":493,"SOURCE_ID":493,"kalae":2,"GiZScore":0.6938568685387545,"GiPValue":0.48777197950955886,"NNeighbors":370,"Gi_Bin":0}},{"type":"Feature","id":494,"geometry":{"type":"Point","coordinates":[98.983536220047114,18.779855619868627]},"properties":{"OBJECTID":494,"SOURCE_ID":494,"kalae":0,"GiZScore":1.6605558920851426,"GiPValue":0.096802673786116067,"NNeighbors":358,"Gi_Bin":1}},{"type":"Feature","id":495,"geometry":{"type":"Point","coordinates":[98.982827520384618,18.779940720205484]},"properties":{"OBJECTID":495,"SOURCE_ID":495,"kalae":1,"GiZScore":1.7582409556190624,"GiPValue":0.078706519341884981,"NNeighbors":346,"Gi_Bin":1}},{"type":"Feature","id":496,"geometry":{"type":"Point","coordinates":[98.982189979619875,18.780149739668289]},"properties":{"OBJECTID":496,"SOURCE_ID":496,"kalae":2,"GiZScore":1.8233645941935295,"GiPValue":0.068248189027792491,"NNeighbors":337,"Gi_Bin":1}},{"type":"Feature","id":497,"geometry":{"type":"Point","coordinates":[98.986054730427682,18.779026010030389]},"properties":{"OBJECTID":497,"SOURCE_ID":497,"kalae":1,"GiZScore":0.7303370782035683,"GiPValue":0.46518417484619445,"NNeighbors":383,"Gi_Bin":0}},{"type":"Feature","id":498,"geometry":{"type":"Point","coordinates":[98.978918089991723,18.792008759856049]},"properties":{"OBJECTID":498,"SOURCE_ID":498,"kalae":1,"GiZScore":-0.33810996135599053,"GiPValue":0.73528032466991644,"NNeighbors":263,"Gi_Bin":0}},{"type":"Feature","id":499,"geometry":{"type":"Point","coordinates":[98.97242320956812,18.788625109705265]},"properties":{"OBJECTID":499,"SOURCE_ID":499,"kalae":1,"GiZScore":0.98895842329948447,"GiPValue":0.32268349709308841,"NNeighbors":199,"Gi_Bin":0}},{"type":"Feature","id":500,"geometry":{"type":"Point","coordinates":[98.972416320375444,18.788082880441628]},"properties":{"OBJECTID":500,"SOURCE_ID":500,"kalae":1,"GiZScore":0.59230595161460287,"GiPValue":0.55364573426535801,"NNeighbors":199,"Gi_Bin":0}},{"type":"Feature","id":501,"geometry":{"type":"Point","coordinates":[98.972420999693568,18.787790339965309]},"properties":{"OBJECTID":501,"SOURCE_ID":501,"kalae":2,"GiZScore":0.63606234901651482,"GiPValue":0.52473578837955714,"NNeighbors":197,"Gi_Bin":0}},{"type":"Feature","id":502,"geometry":{"type":"Point","coordinates":[98.971127370270537,18.785230660378911]},"properties":{"OBJECTID":502,"SOURCE_ID":502,"kalae":1,"GiZScore":-0.45122005478863358,"GiPValue":0.65183095833374383,"NNeighbors":170,"Gi_Bin":0}},{"type":"Feature","id":503,"geometry":{"type":"Point","coordinates":[98.971460979714536,18.785193280303012]},"properties":{"OBJECTID":503,"SOURCE_ID":503,"kalae":2,"GiZScore":-0.44560466750442895,"GiPValue":0.65588283975439188,"NNeighbors":171,"Gi_Bin":0}},{"type":"Feature","id":504,"geometry":{"type":"Point","coordinates":[98.992366899909371,18.794591809553562]},"properties":{"OBJECTID":504,"SOURCE_ID":504,"kalae":2,"GiZScore":0.15612372347715203,"GiPValue":0.87593549907185286,"NNeighbors":314,"Gi_Bin":0}},{"type":"Feature","id":505,"geometry":{"type":"Point","coordinates":[98.992329130222245,18.7941953403699]},"properties":{"OBJECTID":505,"SOURCE_ID":505,"kalae":0,"GiZScore":-0.14358099188495332,"GiPValue":0.88583135142866065,"NNeighbors":312,"Gi_Bin":0}},{"type":"Feature","id":506,"geometry":{"type":"Point","coordinates":[98.992259039526857,18.793584899676418]},"properties":{"OBJECTID":506,"SOURCE_ID":506,"kalae":0,"GiZScore":0.10403944775844461,"GiPValue":0.91713804364443496,"NNeighbors":311,"Gi_Bin":0}},{"type":"Feature","id":507,"geometry":{"type":"Point","coordinates":[98.989847979812055,18.782108949959603]},"properties":{"OBJECTID":507,"SOURCE_ID":507,"kalae":0,"GiZScore":1.031082801532895,"GiPValue":0.30250200673230165,"NNeighbors":408,"Gi_Bin":0}},{"type":"Feature","id":508,"geometry":{"type":"Point","coordinates":[98.98984937032543,18.781928190278723]},"properties":{"OBJECTID":508,"SOURCE_ID":508,"kalae":0,"GiZScore":0.99516443640311103,"GiPValue":0.31965630864063943,"NNeighbors":409,"Gi_Bin":0}},{"type":"Feature","id":509,"geometry":{"type":"Point","coordinates":[98.970734509803805,18.795277159657353]},"properties":{"OBJECTID":509,"SOURCE_ID":509,"kalae":0,"GiZScore":1.8267963547351271,"GiPValue":0.06773039418477976,"NNeighbors":185,"Gi_Bin":1}},{"type":"Feature","id":510,"geometry":{"type":"Point","coordinates":[98.970769410185142,18.79581982043894]},"properties":{"OBJECTID":510,"SOURCE_ID":510,"kalae":0,"GiZScore":2.1353106750474349,"GiPValue":0.032735641526864451,"NNeighbors":181,"Gi_Bin":2}},{"type":"Feature","id":511,"geometry":{"type":"Point","coordinates":[98.970780470035621,18.796014499981354]},"properties":{"OBJECTID":511,"SOURCE_ID":511,"kalae":1,"GiZScore":2.1364331456264862,"GiPValue":0.032644124793411139,"NNeighbors":179,"Gi_Bin":2}},{"type":"Feature","id":512,"geometry":{"type":"Point","coordinates":[98.970790539732064,18.796195009771385]},"properties":{"OBJECTID":512,"SOURCE_ID":512,"kalae":2,"GiZScore":2.1889549953205636,"GiPValue":0.028600111241661494,"NNeighbors":178,"Gi_Bin":2}},{"type":"Feature","id":513,"geometry":{"type":"Point","coordinates":[98.970813690249315,18.79656170017768]},"properties":{"OBJECTID":513,"SOURCE_ID":513,"kalae":0,"GiZScore":2.2417481951844653,"GiPValue":0.024977651097905521,"NNeighbors":177,"Gi_Bin":2}},{"type":"Feature","id":514,"geometry":{"type":"Point","coordinates":[98.970839219820505,18.796879509552355]},"properties":{"OBJECTID":514,"SOURCE_ID":514,"kalae":0,"GiZScore":2.2435741008560788,"GiPValue":0.024859817187253514,"NNeighbors":175,"Gi_Bin":2}},{"type":"Feature","id":515,"geometry":{"type":"Point","coordinates":[98.970878049785711,18.797239130229695]},"properties":{"OBJECTID":515,"SOURCE_ID":515,"kalae":1,"GiZScore":2.0878700738525624,"GiPValue":0.036809556345564882,"NNeighbors":173,"Gi_Bin":2}},{"type":"Feature","id":516,"geometry":{"type":"Point","coordinates":[98.980288420463452,18.784594940404748]},"properties":{"OBJECTID":516,"SOURCE_ID":516,"kalae":1,"GiZScore":1.5977531923012263,"GiPValue":0.1100979155306738,"NNeighbors":303,"Gi_Bin":0}},{"type":"Feature","id":517,"geometry":{"type":"Point","coordinates":[98.978649889819096,18.796889219844783]},"properties":{"OBJECTID":517,"SOURCE_ID":517,"kalae":2,"GiZScore":0.32696299979310012,"GiPValue":0.74369587088845612,"NNeighbors":249,"Gi_Bin":0}},{"type":"Feature","id":518,"geometry":{"type":"Point","coordinates":[98.978964979961873,18.797558859661201]},"properties":{"OBJECTID":518,"SOURCE_ID":518,"kalae":4,"GiZScore":0.44083667937019361,"GiPValue":0.65933123864167897,"NNeighbors":242,"Gi_Bin":0}},{"type":"Feature","id":519,"geometry":{"type":"Point","coordinates":[98.984363080358904,18.801829100415322]},"properties":{"OBJECTID":519,"SOURCE_ID":519,"kalae":0,"GiZScore":-0.31223638326830905,"GiPValue":0.75486088390245387,"NNeighbors":217,"Gi_Bin":0}},{"type":"Feature","id":520,"geometry":{"type":"Point","coordinates":[98.98485295962972,18.80186397008012]},"properties":{"OBJECTID":520,"SOURCE_ID":520,"kalae":0,"GiZScore":-0.25526837295765559,"GiPValue":0.79851582590239834,"NNeighbors":219,"Gi_Bin":0}},{"type":"Feature","id":521,"geometry":{"type":"Point","coordinates":[98.987775380390815,18.804360970166382]},"properties":{"OBJECTID":521,"SOURCE_ID":521,"kalae":10,"GiZScore":0.22949956469360033,"GiPValue":0.8184806591035807,"NNeighbors":208,"Gi_Bin":0}},{"type":"Feature","id":522,"geometry":{"type":"Point","coordinates":[98.987913900181482,18.804926270283936]},"properties":{"OBJECTID":522,"SOURCE_ID":522,"kalae":0,"GiZScore":0.25633524214698439,"GiPValue":0.79769198703312072,"NNeighbors":202,"Gi_Bin":0}},{"type":"Feature","id":523,"geometry":{"type":"Point","coordinates":[99.001973389802373,18.786517370172863]},"properties":{"OBJECTID":523,"SOURCE_ID":523,"kalae":0,"GiZScore":0.4098004844364847,"GiPValue":0.68195231187268501,"NNeighbors":288,"Gi_Bin":0}},{"type":"Feature","id":524,"geometry":{"type":"Point","coordinates":[98.999174470377341,18.792957999778373]},"properties":{"OBJECTID":524,"SOURCE_ID":524,"kalae":0,"GiZScore":-0.44506841386241575,"GiPValue":0.65627031562221816,"NNeighbors":269,"Gi_Bin":0}},{"type":"Feature","id":525,"geometry":{"type":"Point","coordinates":[98.999339289748349,18.793047610179453]},"properties":{"OBJECTID":525,"SOURCE_ID":525,"kalae":1,"GiZScore":-0.44943789733501804,"GiPValue":0.65311579951852128,"NNeighbors":268,"Gi_Bin":0}},{"type":"Feature","id":526,"geometry":{"type":"Point","coordinates":[98.997680349749615,18.776739929616433]},"properties":{"OBJECTID":526,"SOURCE_ID":526,"kalae":0,"GiZScore":-0.47019794195563691,"GiPValue":0.63821360594435306,"NNeighbors":314,"Gi_Bin":0}},{"type":"Feature","id":527,"geometry":{"type":"Point","coordinates":[98.998010849763105,18.776562179570643]},"properties":{"OBJECTID":527,"SOURCE_ID":527,"kalae":4,"GiZScore":-0.36867484528368366,"GiPValue":0.71237010129431932,"NNeighbors":308,"Gi_Bin":0}},{"type":"Feature","id":528,"geometry":{"type":"Point","coordinates":[98.998176100458792,18.77647330975002]},"properties":{"OBJECTID":528,"SOURCE_ID":528,"kalae":1,"GiZScore":-0.38874797637717262,"GiPValue":0.69746258923741533,"NNeighbors":303,"Gi_Bin":0}},{"type":"Feature","id":529,"geometry":{"type":"Point","coordinates":[98.99905023976811,18.779150430364268]},"properties":{"OBJECTID":529,"SOURCE_ID":529,"kalae":1,"GiZScore":0.51167689751734846,"GiPValue":0.60887715939118148,"NNeighbors":279,"Gi_Bin":0}},{"type":"Feature","id":530,"geometry":{"type":"Point","coordinates":[98.998802029646953,18.77869397971244]},"properties":{"OBJECTID":530,"SOURCE_ID":530,"kalae":1,"GiZScore":0.062023940740308557,"GiPValue":0.95054376674754215,"NNeighbors":287,"Gi_Bin":0}},{"type":"Feature","id":531,"geometry":{"type":"Point","coordinates":[98.99453368969769,18.773802970034641]},"properties":{"OBJECTID":531,"SOURCE_ID":531,"kalae":0,"GiZScore":0.628438201633439,"GiPValue":0.52971692180263208,"NNeighbors":347,"Gi_Bin":0}},{"type":"Feature","id":532,"geometry":{"type":"Point","coordinates":[98.995084340313014,18.774333429926635]},"properties":{"OBJECTID":532,"SOURCE_ID":532,"kalae":0,"GiZScore":1.0754853404127338,"GiPValue":0.28215750832968445,"NNeighbors":348,"Gi_Bin":0}},{"type":"Feature","id":533,"geometry":{"type":"Point","coordinates":[98.995570640259245,18.774798780300387]},"properties":{"OBJECTID":533,"SOURCE_ID":533,"kalae":1,"GiZScore":0.66033370600875274,"GiPValue":0.50903970874058346,"NNeighbors":344,"Gi_Bin":0}},{"type":"Feature","id":534,"geometry":{"type":"Point","coordinates":[98.995796679586874,18.775014400094832]},"properties":{"OBJECTID":534,"SOURCE_ID":534,"kalae":1,"GiZScore":0.59956579991545467,"GiPValue":0.54879564864693786,"NNeighbors":337,"Gi_Bin":0}},{"type":"Feature","id":535,"geometry":{"type":"Point","coordinates":[98.996644939755015,18.77583171037967]},"properties":{"OBJECTID":535,"SOURCE_ID":535,"kalae":2,"GiZScore":-0.3966433841450307,"GiPValue":0.69163045630681319,"NNeighbors":322,"Gi_Bin":0}},{"type":"Feature","id":536,"geometry":{"type":"Point","coordinates":[98.996777160423576,18.775961380411299]},"properties":{"OBJECTID":536,"SOURCE_ID":536,"kalae":0,"GiZScore":-0.59952390969898806,"GiPValue":0.54882357396990622,"NNeighbors":323,"Gi_Bin":0}},{"type":"Feature","id":537,"geometry":{"type":"Point","coordinates":[98.992018009639949,18.778594010247698]},"properties":{"OBJECTID":537,"SOURCE_ID":537,"kalae":1,"GiZScore":0.88191711129183159,"GiPValue":0.37782164246966932,"NNeighbors":381,"Gi_Bin":0}},{"type":"Feature","id":538,"geometry":{"type":"Point","coordinates":[98.993282250464929,18.778304610350187]},"properties":{"OBJECTID":538,"SOURCE_ID":538,"kalae":0,"GiZScore":0.45974714182960752,"GiPValue":0.64569772919943214,"NNeighbors":358,"Gi_Bin":0}},{"type":"Feature","id":539,"geometry":{"type":"Point","coordinates":[98.993668900346734,18.77821605964915]},"properties":{"OBJECTID":539,"SOURCE_ID":539,"kalae":1,"GiZScore":0.52206143132582905,"GiPValue":0.60162756126219585,"NNeighbors":352,"Gi_Bin":0}},{"type":"Feature","id":540,"geometry":{"type":"Point","coordinates":[98.998128410433353,18.796348999573116]},"properties":{"OBJECTID":540,"SOURCE_ID":540,"kalae":1,"GiZScore":0.14244052284242437,"GiPValue":0.8867320561244828,"NNeighbors":273,"Gi_Bin":0}},{"type":"Feature","id":541,"geometry":{"type":"Point","coordinates":[98.996841850062353,18.796664660151926]},"properties":{"OBJECTID":541,"SOURCE_ID":541,"kalae":4,"GiZScore":0.12004060362326531,"GiPValue":0.90445098347291253,"NNeighbors":279,"Gi_Bin":0}},{"type":"Feature","id":542,"geometry":{"type":"Point","coordinates":[98.998369090263495,18.796562279615248]},"properties":{"OBJECTID":542,"SOURCE_ID":542,"kalae":2,"GiZScore":-0.66089792648666013,"GiPValue":0.50867778009651665,"NNeighbors":270,"Gi_Bin":0}},{"type":"Feature","id":543,"geometry":{"type":"Point","coordinates":[98.992412579861863,18.782857020052678]},"properties":{"OBJECTID":543,"SOURCE_ID":543,"kalae":0,"GiZScore":1.1376888290933782,"GiPValue":0.25525045860523277,"NNeighbors":389,"Gi_Bin":0}},{"type":"Feature","id":544,"geometry":{"type":"Point","coordinates":[98.991648919541987,18.783059110093433]},"properties":{"OBJECTID":544,"SOURCE_ID":544,"kalae":0,"GiZScore":1.2255996360590597,"GiPValue":0.22034939793212516,"NNeighbors":393,"Gi_Bin":0}},{"type":"Feature","id":545,"geometry":{"type":"Point","coordinates":[98.990189790358301,18.783372870179861]},"properties":{"OBJECTID":545,"SOURCE_ID":545,"kalae":0,"GiZScore":0.84971423428784565,"GiPValue":0.39548399118549549,"NNeighbors":398,"Gi_Bin":0}},{"type":"Feature","id":546,"geometry":{"type":"Point","coordinates":[98.993916650438152,18.784423339737881]},"properties":{"OBJECTID":546,"SOURCE_ID":546,"kalae":2,"GiZScore":0.9903769596142713,"GiPValue":0.32198991586737657,"NNeighbors":362,"Gi_Bin":0}},{"type":"Feature","id":547,"geometry":{"type":"Point","coordinates":[98.980337819928323,18.788565959783838]},"properties":{"OBJECTID":547,"SOURCE_ID":547,"kalae":1,"GiZScore":-0.057951028191488563,"GiPValue":0.95378763676505185,"NNeighbors":301,"Gi_Bin":0}},{"type":"Feature","id":548,"geometry":{"type":"Point","coordinates":[98.980300769786936,18.787931159714535]},"properties":{"OBJECTID":548,"SOURCE_ID":548,"kalae":0,"GiZScore":0.072661503945527353,"GiPValue":0.9420754829388307,"NNeighbors":302,"Gi_Bin":0}},{"type":"Feature","id":549,"geometry":{"type":"Point","coordinates":[98.981308070301665,18.786592810158808]},"properties":{"OBJECTID":549,"SOURCE_ID":549,"kalae":0,"GiZScore":0.40665238965026762,"GiPValue":0.68426331416048181,"NNeighbors":314,"Gi_Bin":0}},{"type":"Feature","id":550,"geometry":{"type":"Point","coordinates":[98.996562109713224,18.781568519990138]},"properties":{"OBJECTID":550,"SOURCE_ID":550,"kalae":0,"GiZScore":0.72684094132987542,"GiPValue":0.46732340496971769,"NNeighbors":324,"Gi_Bin":0}},{"type":"Feature","id":551,"geometry":{"type":"Point","coordinates":[98.996661880040591,18.782030099890729]},"properties":{"OBJECTID":551,"SOURCE_ID":551,"kalae":2,"GiZScore":0.63847228154091062,"GiPValue":0.52316629573492401,"NNeighbors":322,"Gi_Bin":0}},{"type":"Feature","id":552,"geometry":{"type":"Point","coordinates":[98.996830459545691,18.783172030264826]},"properties":{"OBJECTID":552,"SOURCE_ID":552,"kalae":1,"GiZScore":0.67987690816834834,"GiPValue":0.49658240870731496,"NNeighbors":322,"Gi_Bin":0}},{"type":"Feature","id":553,"geometry":{"type":"Point","coordinates":[98.997510019532328,18.783529599617314]},"properties":{"OBJECTID":553,"SOURCE_ID":553,"kalae":2,"GiZScore":0.33593328038082804,"GiPValue":0.73692118042431409,"NNeighbors":318,"Gi_Bin":0}},{"type":"Feature","id":554,"geometry":{"type":"Point","coordinates":[98.996060990356924,18.781975579724595]},"properties":{"OBJECTID":554,"SOURCE_ID":554,"kalae":0,"GiZScore":0.83096029378160974,"GiPValue":0.40599606857766513,"NNeighbors":332,"Gi_Bin":0}},{"type":"Feature","id":555,"geometry":{"type":"Point","coordinates":[98.995777209883443,18.782184600211469]},"properties":{"OBJECTID":555,"SOURCE_ID":555,"kalae":0,"GiZScore":0.86931297427481258,"GiPValue":0.38467597742208959,"NNeighbors":331,"Gi_Bin":0}},{"type":"Feature","id":556,"geometry":{"type":"Point","coordinates":[98.993579180142774,18.769666389764012]},"properties":{"OBJECTID":556,"SOURCE_ID":556,"kalae":1,"GiZScore":-0.079841810401862029,"GiPValue":0.93636307055854084,"NNeighbors":318,"Gi_Bin":0}},{"type":"Feature","id":557,"geometry":{"type":"Point","coordinates":[98.995974120138996,18.769836220252962]},"properties":{"OBJECTID":557,"SOURCE_ID":557,"kalae":1,"GiZScore":-0.059722749422236703,"GiPValue":0.95237645265266924,"NNeighbors":289,"Gi_Bin":0}},{"type":"Feature","id":558,"geometry":{"type":"Point","coordinates":[98.996823939805608,18.771920350261087]},"properties":{"OBJECTID":558,"SOURCE_ID":558,"kalae":0,"GiZScore":-0.22740234991645938,"GiPValue":0.82011089335721277,"NNeighbors":301,"Gi_Bin":0}},{"type":"Feature","id":559,"geometry":{"type":"Point","coordinates":[98.997053470133352,18.772976459638837]},"properties":{"OBJECTID":559,"SOURCE_ID":559,"kalae":2,"GiZScore":0.24621757823564025,"GiPValue":0.80551380910400017,"NNeighbors":316,"Gi_Bin":0}},{"type":"Feature","id":560,"geometry":{"type":"Point","coordinates":[98.99715594993377,18.773128589974956]},"properties":{"OBJECTID":560,"SOURCE_ID":560,"kalae":0,"GiZScore":0.169623244067752,"GiPValue":0.86530644139213098,"NNeighbors":318,"Gi_Bin":0}},{"type":"Feature","id":561,"geometry":{"type":"Point","coordinates":[98.993712810207782,18.771051509861092]},"properties":{"OBJECTID":561,"SOURCE_ID":561,"kalae":1,"GiZScore":0.51425840165859771,"GiPValue":0.60707134305879729,"NNeighbors":322,"Gi_Bin":0}},{"type":"Feature","id":562,"geometry":{"type":"Point","coordinates":[98.99363067045519,18.77088855992228]},"properties":{"OBJECTID":562,"SOURCE_ID":562,"kalae":0,"GiZScore":0.51126068593978691,"GiPValue":0.60916853179705799,"NNeighbors":321,"Gi_Bin":0}},{"type":"Feature","id":563,"geometry":{"type":"Point","coordinates":[98.993548529911209,18.770725619886257]},"properties":{"OBJECTID":563,"SOURCE_ID":563,"kalae":0,"GiZScore":0.54382082577217306,"GiPValue":0.5865647786359115,"NNeighbors":318,"Gi_Bin":0}},{"type":"Feature","id":564,"geometry":{"type":"Point","coordinates":[98.9933020997385,18.77023677966115]},"properties":{"OBJECTID":564,"SOURCE_ID":564,"kalae":2,"GiZScore":-0.041849027063260595,"GiPValue":0.96661905127462389,"NNeighbors":317,"Gi_Bin":0}},{"type":"Feature","id":565,"geometry":{"type":"Point","coordinates":[98.993219959826021,18.770073830431699]},"properties":{"OBJECTID":565,"SOURCE_ID":565,"kalae":1,"GiZScore":0.072614168086113498,"GiPValue":0.9421131519832725,"NNeighbors":314,"Gi_Bin":0}},{"type":"Feature","id":566,"geometry":{"type":"Point","coordinates":[98.99416289018933,18.772242439592024]},"properties":{"OBJECTID":566,"SOURCE_ID":566,"kalae":1,"GiZScore":0.43639262734504464,"GiPValue":0.66255188844837432,"NNeighbors":337,"Gi_Bin":0}},{"type":"Feature","id":567,"geometry":{"type":"Point","coordinates":[98.994007190198275,18.776692289577348]},"properties":{"OBJECTID":567,"SOURCE_ID":567,"kalae":1,"GiZScore":0.62273265962181612,"GiPValue":0.533460220459125,"NNeighbors":359,"Gi_Bin":0}},{"type":"Feature","id":568,"geometry":{"type":"Point","coordinates":[98.990735139701982,18.774617519692296]},"properties":{"OBJECTID":568,"SOURCE_ID":568,"kalae":3,"GiZScore":0.36189418081284858,"GiPValue":0.71743110939650712,"NNeighbors":378,"Gi_Bin":0}},{"type":"Feature","id":569,"geometry":{"type":"Point","coordinates":[98.992051290404959,18.775274030406582]},"properties":{"OBJECTID":569,"SOURCE_ID":569,"kalae":2,"GiZScore":0.29754415469243334,"GiPValue":0.76605110332830717,"NNeighbors":370,"Gi_Bin":0}},{"type":"Feature","id":570,"geometry":{"type":"Point","coordinates":[98.992863760224623,18.776243259954754]},"properties":{"OBJECTID":570,"SOURCE_ID":570,"kalae":2,"GiZScore":0.48973980079020696,"GiPValue":0.62431803572485478,"NNeighbors":368,"Gi_Bin":0}},{"type":"Feature","id":571,"geometry":{"type":"Point","coordinates":[98.99114249962669,18.77954272980768]},"properties":{"OBJECTID":571,"SOURCE_ID":571,"kalae":0,"GiZScore":0.7861377625673811,"GiPValue":0.43178679000119702,"NNeighbors":389,"Gi_Bin":0}},{"type":"Feature","id":572,"geometry":{"type":"Point","coordinates":[98.990878350151092,18.780162050012208]},"properties":{"OBJECTID":572,"SOURCE_ID":572,"kalae":1,"GiZScore":0.24557914895863106,"GiPValue":0.80600803195467541,"NNeighbors":391,"Gi_Bin":0}},{"type":"Feature","id":573,"geometry":{"type":"Point","coordinates":[98.991629260061544,18.779970400353527]},"properties":{"OBJECTID":573,"SOURCE_ID":573,"kalae":0,"GiZScore":0.81973925187133301,"GiPValue":0.41236477618408229,"NNeighbors":387,"Gi_Bin":0}},{"type":"Feature","id":574,"geometry":{"type":"Point","coordinates":[99.008724280137244,18.786349129893349]},"properties":{"OBJECTID":574,"SOURCE_ID":574,"kalae":2,"GiZScore":-0.50100302849557754,"GiPValue":0.6163689934068215,"NNeighbors":208,"Gi_Bin":0}},{"type":"Feature","id":575,"geometry":{"type":"Point","coordinates":[99.008722839965941,18.786594250276398]},"properties":{"OBJECTID":575,"SOURCE_ID":575,"kalae":1,"GiZScore":-0.50100302849557754,"GiPValue":0.6163689934068215,"NNeighbors":208,"Gi_Bin":0}},{"type":"Feature","id":576,"geometry":{"type":"Point","coordinates":[99.011069049829558,18.78462307970619]},"properties":{"OBJECTID":576,"SOURCE_ID":576,"kalae":1,"GiZScore":-0.35480140015863293,"GiPValue":0.72273838004328406,"NNeighbors":188,"Gi_Bin":0}},{"type":"Feature","id":577,"geometry":{"type":"Point","coordinates":[99.009671380262361,18.78538786982006]},"properties":{"OBJECTID":577,"SOURCE_ID":577,"kalae":1,"GiZScore":-0.59765146344004194,"GiPValue":0.55007252079647539,"NNeighbors":199,"Gi_Bin":0}},{"type":"Feature","id":578,"geometry":{"type":"Point","coordinates":[99.012769909726742,18.785779389643071]},"properties":{"OBJECTID":578,"SOURCE_ID":578,"kalae":2,"GiZScore":-0.54129910564115635,"GiPValue":0.58830143918445577,"NNeighbors":191,"Gi_Bin":0}},{"type":"Feature","id":579,"geometry":{"type":"Point","coordinates":[99.012830969684316,18.786134459895031]},"properties":{"OBJECTID":579,"SOURCE_ID":579,"kalae":10,"GiZScore":-0.55228166221926611,"GiPValue":0.58075539488495886,"NNeighbors":189,"Gi_Bin":0}},{"type":"Feature","id":580,"geometry":{"type":"Point","coordinates":[99.016657810440023,18.77812652041462]},"properties":{"OBJECTID":580,"SOURCE_ID":580,"kalae":0,"GiZScore":-0.23396314676757826,"GiPValue":0.81501358948379155,"NNeighbors":192,"Gi_Bin":0}},{"type":"Feature","id":581,"geometry":{"type":"Point","coordinates":[99.016328989563689,18.778395060049945]},"properties":{"OBJECTID":581,"SOURCE_ID":581,"kalae":1,"GiZScore":-0.10103195882925736,"GiPValue":0.91952509049952758,"NNeighbors":188,"Gi_Bin":0}},{"type":"Feature","id":582,"geometry":{"type":"Point","coordinates":[99.016113330131859,18.778603600311087]},"properties":{"OBJECTID":582,"SOURCE_ID":582,"kalae":1,"GiZScore":-0.050278070563382245,"GiPValue":0.9599007988171091,"NNeighbors":188,"Gi_Bin":0}},{"type":"Feature","id":583,"geometry":{"type":"Point","coordinates":[99.013598279575731,18.782515579986562]},"properties":{"OBJECTID":583,"SOURCE_ID":583,"kalae":0,"GiZScore":-0.36506005359227023,"GiPValue":0.71506657945294183,"NNeighbors":186,"Gi_Bin":0}},{"type":"Feature","id":584,"geometry":{"type":"Point","coordinates":[99.013370729889303,18.782993909918055]},"properties":{"OBJECTID":584,"SOURCE_ID":584,"kalae":1,"GiZScore":-0.2073192102994009,"GiPValue":0.83576057253167202,"NNeighbors":187,"Gi_Bin":0}},{"type":"Feature","id":585,"geometry":{"type":"Point","coordinates":[99.014182120345467,18.782977319774357]},"properties":{"OBJECTID":585,"SOURCE_ID":585,"kalae":0,"GiZScore":-0.27799816865619437,"GiPValue":0.78101376489418306,"NNeighbors":183,"Gi_Bin":0}},{"type":"Feature","id":586,"geometry":{"type":"Point","coordinates":[99.014555139992424,18.782910549835879]},"properties":{"OBJECTID":586,"SOURCE_ID":586,"kalae":5,"GiZScore":-0.47784296832914197,"GiPValue":0.63276197762244346,"NNeighbors":184,"Gi_Bin":0}},{"type":"Feature","id":587,"geometry":{"type":"Point","coordinates":[99.015009340245868,18.782801339723878]},"properties":{"OBJECTID":587,"SOURCE_ID":587,"kalae":2,"GiZScore":-0.38589969116099876,"GiPValue":0.69957096023342946,"NNeighbors":182,"Gi_Bin":0}},{"type":"Feature","id":588,"geometry":{"type":"Point","coordinates":[99.015651939579257,18.782655500298954]},"properties":{"OBJECTID":588,"SOURCE_ID":588,"kalae":0,"GiZScore":-0.17534775588252377,"GiPValue":0.86080638931136289,"NNeighbors":183,"Gi_Bin":0}},{"type":"Feature","id":589,"geometry":{"type":"Point","coordinates":[99.016301660241453,18.782549539568091]},"properties":{"OBJECTID":589,"SOURCE_ID":589,"kalae":0,"GiZScore":-0.21694828336032812,"GiPValue":0.82824864903462614,"NNeighbors":185,"Gi_Bin":0}},{"type":"Feature","id":590,"geometry":{"type":"Point","coordinates":[99.015743569749063,18.782453020213932]},"properties":{"OBJECTID":590,"SOURCE_ID":590,"kalae":1,"GiZScore":-0.072697343108853146,"GiPValue":0.94204696284912515,"NNeighbors":183,"Gi_Bin":0}},{"type":"Feature","id":591,"geometry":{"type":"Point","coordinates":[99.015399390194332,18.774464089635234]},"properties":{"OBJECTID":591,"SOURCE_ID":591,"kalae":1,"GiZScore":-1.1270392050264617,"GiPValue":0.25972592395698324,"NNeighbors":179,"Gi_Bin":0}},{"type":"Feature","id":592,"geometry":{"type":"Point","coordinates":[99.015436619912478,18.774700989923772]},"properties":{"OBJECTID":592,"SOURCE_ID":592,"kalae":0,"GiZScore":-1.113033055938343,"GiPValue":0.26569425071284614,"NNeighbors":181,"Gi_Bin":0}},{"type":"Feature","id":593,"geometry":{"type":"Point","coordinates":[99.015163880103273,18.77057852038892]},"properties":{"OBJECTID":593,"SOURCE_ID":593,"kalae":1,"GiZScore":-1.4693643364707072,"GiPValue":0.14173399507617879,"NNeighbors":175,"Gi_Bin":0}},{"type":"Feature","id":594,"geometry":{"type":"Point","coordinates":[99.015697040213013,18.77265981967339]},"properties":{"OBJECTID":594,"SOURCE_ID":594,"kalae":2,"GiZScore":-1.4713869420078856,"GiPValue":0.14118650276693917,"NNeighbors":188,"Gi_Bin":0}},{"type":"Feature","id":595,"geometry":{"type":"Point","coordinates":[99.017051879779828,18.77425058022536]},"properties":{"OBJECTID":595,"SOURCE_ID":595,"kalae":0,"GiZScore":-0.69837289747525666,"GiPValue":0.48494402612016729,"NNeighbors":190,"Gi_Bin":0}},{"type":"Feature","id":596,"geometry":{"type":"Point","coordinates":[99.017071839792067,18.772630019581353]},"properties":{"OBJECTID":596,"SOURCE_ID":596,"kalae":1,"GiZScore":-1.1366333705032829,"GiPValue":0.25569160267268243,"NNeighbors":185,"Gi_Bin":0}},{"type":"Feature","id":597,"geometry":{"type":"Point","coordinates":[99.017055290377712,18.771952949931837]},"properties":{"OBJECTID":597,"SOURCE_ID":597,"kalae":1,"GiZScore":-1.0211772564814452,"GiPValue":0.3071704798913123,"NNeighbors":187,"Gi_Bin":0}},{"type":"Feature","id":598,"geometry":{"type":"Point","coordinates":[99.017050830276105,18.771229930407017]},"properties":{"OBJECTID":598,"SOURCE_ID":598,"kalae":3,"GiZScore":-1.2317092752994285,"GiPValue":0.21805772715036331,"NNeighbors":186,"Gi_Bin":0}},{"type":"Feature","id":599,"geometry":{"type":"Point","coordinates":[99.013511010391511,18.771449299567273]},"properties":{"OBJECTID":599,"SOURCE_ID":599,"kalae":2,"GiZScore":-1.4957575328145647,"GiPValue":0.13471685163907834,"NNeighbors":159,"Gi_Bin":0}},{"type":"Feature","id":600,"geometry":{"type":"Point","coordinates":[99.01214285003249,18.772258929646345]},"properties":{"OBJECTID":600,"SOURCE_ID":600,"kalae":0,"GiZScore":-1.7757083473334647,"GiPValue":0.075781000845842633,"NNeighbors":164,"Gi_Bin":-1}},{"type":"Feature","id":601,"geometry":{"type":"Point","coordinates":[99.015418870246009,18.769237519666625]},"properties":{"OBJECTID":601,"SOURCE_ID":601,"kalae":1,"GiZScore":-1.0406522563608822,"GiPValue":0.29803698397254352,"NNeighbors":169,"Gi_Bin":0}},{"type":"Feature","id":602,"geometry":{"type":"Point","coordinates":[99.015600830120036,18.769186229797349]},"properties":{"OBJECTID":602,"SOURCE_ID":602,"kalae":2,"GiZScore":-1.0937234898021322,"GiPValue":0.27407628591311506,"NNeighbors":169,"Gi_Bin":0}},{"type":"Feature","id":603,"geometry":{"type":"Point","coordinates":[99.015231460291119,18.769384459807092]},"properties":{"OBJECTID":603,"SOURCE_ID":603,"kalae":0,"GiZScore":-0.72857610472429379,"GiPValue":0.46626100519235769,"NNeighbors":168,"Gi_Bin":0}},{"type":"Feature","id":604,"geometry":{"type":"Point","coordinates":[99.018364050089446,18.78039699006538]},"properties":{"OBJECTID":604,"SOURCE_ID":604,"kalae":2,"GiZScore":-0.93225890669373745,"GiPValue":0.35120275019138714,"NNeighbors":185,"Gi_Bin":0}},{"type":"Feature","id":605,"geometry":{"type":"Point","coordinates":[99.018362009646353,18.780577740105102]},"properties":{"OBJECTID":605,"SOURCE_ID":605,"kalae":0,"GiZScore":-0.83630520846888745,"GiPValue":0.40298323194729058,"NNeighbors":184,"Gi_Bin":0}},{"type":"Feature","id":606,"geometry":{"type":"Point","coordinates":[99.020175770245103,18.782008010065983]},"properties":{"OBJECTID":606,"SOURCE_ID":606,"kalae":0,"GiZScore":-0.84182544565491224,"GiPValue":0.3998856749397196,"NNeighbors":175,"Gi_Bin":0}},{"type":"Feature","id":607,"geometry":{"type":"Point","coordinates":[99.018840169895427,18.777394270240826]},"properties":{"OBJECTID":607,"SOURCE_ID":607,"kalae":0,"GiZScore":-0.86964122297088553,"GiPValue":0.38449651157532361,"NNeighbors":195,"Gi_Bin":0}},{"type":"Feature","id":608,"geometry":{"type":"Point","coordinates":[99.022823559611595,18.781095429951495]},"properties":{"OBJECTID":608,"SOURCE_ID":608,"kalae":0,"GiZScore":-0.76001318189716283,"GiPValue":0.44724671174273145,"NNeighbors":155,"Gi_Bin":0}},{"type":"Feature","id":609,"geometry":{"type":"Point","coordinates":[99.022839419835776,18.781275549701189]},"properties":{"OBJECTID":609,"SOURCE_ID":609,"kalae":0,"GiZScore":-0.7116165304907206,"GiPValue":0.4767022730289493,"NNeighbors":154,"Gi_Bin":0}},{"type":"Feature","id":610,"geometry":{"type":"Point","coordinates":[99.022855280095328,18.781455680291511]},"properties":{"OBJECTID":610,"SOURCE_ID":610,"kalae":0,"GiZScore":-0.89658640242595944,"GiPValue":0.36993966640868547,"NNeighbors":159,"Gi_Bin":0}},{"type":"Feature","id":611,"geometry":{"type":"Point","coordinates":[99.022931910471954,18.781835139674765]},"properties":{"OBJECTID":611,"SOURCE_ID":611,"kalae":1,"GiZScore":-0.92522408585895766,"GiPValue":0.35484936810996659,"NNeighbors":155,"Gi_Bin":0}},{"type":"Feature","id":612,"geometry":{"type":"Point","coordinates":[99.02659133972999,18.780107080407436]},"properties":{"OBJECTID":612,"SOURCE_ID":612,"kalae":0,"GiZScore":-0.95723195207066414,"GiPValue":0.33845020487296629,"NNeighbors":136,"Gi_Bin":0}},{"type":"Feature","id":613,"geometry":{"type":"Point","coordinates":[99.0261246400093,18.779536850300687]},"properties":{"OBJECTID":613,"SOURCE_ID":613,"kalae":0,"GiZScore":-1.0006449483021089,"GiPValue":0.31699850471899116,"NNeighbors":145,"Gi_Bin":0}},{"type":"Feature","id":614,"geometry":{"type":"Point","coordinates":[98.976528510214592,18.795861649832641]},"properties":{"OBJECTID":614,"SOURCE_ID":614,"kalae":2,"GiZScore":-0.088169956506973346,"GiPValue":0.92974159553560354,"NNeighbors":236,"Gi_Bin":0}},{"type":"Feature","id":615,"geometry":{"type":"Point","coordinates":[98.974410190115307,18.796097090374552]},"properties":{"OBJECTID":615,"SOURCE_ID":615,"kalae":1,"GiZScore":1.6007437944785845,"GiPValue":0.10943367694605861,"NNeighbors":215,"Gi_Bin":0}},{"type":"Feature","id":616,"geometry":{"type":"Point","coordinates":[98.972239719788078,18.795159099872812]},"properties":{"OBJECTID":616,"SOURCE_ID":616,"kalae":1,"GiZScore":1.6862797216698375,"GiPValue":0.091741934950495652,"NNeighbors":203,"Gi_Bin":1}},{"type":"Feature","id":617,"geometry":{"type":"Point","coordinates":[98.972792230126373,18.795930240108326]},"properties":{"OBJECTID":617,"SOURCE_ID":617,"kalae":0,"GiZScore":1.6854677426720699,"GiPValue":0.091898363296542399,"NNeighbors":202,"Gi_Bin":1}},{"type":"Feature","id":618,"geometry":{"type":"Point","coordinates":[98.9726055503439,18.795962880241756]},"properties":{"OBJECTID":618,"SOURCE_ID":618,"kalae":1,"GiZScore":1.7340470482706543,"GiPValue":0.082909735652368005,"NNeighbors":201,"Gi_Bin":1}},{"type":"Feature","id":619,"geometry":{"type":"Point","coordinates":[98.972232209541602,18.79602816989258]},"properties":{"OBJECTID":619,"SOURCE_ID":619,"kalae":1,"GiZScore":1.7326818077086374,"GiPValue":0.083152239750748314,"NNeighbors":199,"Gi_Bin":1}},{"type":"Feature","id":620,"geometry":{"type":"Point","coordinates":[98.971858859913269,18.796093449756903]},"properties":{"OBJECTID":620,"SOURCE_ID":620,"kalae":0,"GiZScore":1.7806191489121876,"GiPValue":0.074974689362381525,"NNeighbors":196,"Gi_Bin":1}},{"type":"Feature","id":621,"geometry":{"type":"Point","coordinates":[98.973662059933332,18.795342869858413]},"properties":{"OBJECTID":621,"SOURCE_ID":621,"kalae":0,"GiZScore":1.5526858126108096,"GiPValue":0.12049821336524986,"NNeighbors":215,"Gi_Bin":0}},{"type":"Feature","id":622,"geometry":{"type":"Point","coordinates":[98.973329359689643,18.795400410221681]},"properties":{"OBJECTID":622,"SOURCE_ID":622,"kalae":0,"GiZScore":1.4510647427692638,"GiPValue":0.14676183298206996,"NNeighbors":211,"Gi_Bin":0}},{"type":"Feature","id":623,"geometry":{"type":"Point","coordinates":[98.972339559983212,18.795568040069167]},"properties":{"OBJECTID":623,"SOURCE_ID":623,"kalae":0,"GiZScore":1.6854677426720699,"GiPValue":0.091898363296542399,"NNeighbors":202,"Gi_Bin":1}},{"type":"Feature","id":624,"geometry":{"type":"Point","coordinates":[98.97159208034553,18.795694469960985]},"properties":{"OBJECTID":624,"SOURCE_ID":624,"kalae":1,"GiZScore":1.9799293904744417,"GiPValue":0.047711463369460756,"NNeighbors":193,"Gi_Bin":2}},{"type":"Feature","id":625,"geometry":{"type":"Point","coordinates":[98.973298330452224,18.795658929931655]},"properties":{"OBJECTID":625,"SOURCE_ID":625,"kalae":0,"GiZScore":1.5920483313405676,"GiPValue":0.11137384528523765,"NNeighbors":207,"Gi_Bin":0}},{"type":"Feature","id":626,"geometry":{"type":"Point","coordinates":[98.973048020349822,18.793655489600667]},"properties":{"OBJECTID":626,"SOURCE_ID":626,"kalae":0,"GiZScore":1.3157170610634099,"GiPValue":0.18826902567258821,"NNeighbors":217,"Gi_Bin":0}},{"type":"Feature","id":627,"geometry":{"type":"Point","coordinates":[98.972925620187382,18.793121239755646]},"properties":{"OBJECTID":627,"SOURCE_ID":627,"kalae":0,"GiZScore":1.3635980447202252,"GiPValue":0.1726941078450836,"NNeighbors":217,"Gi_Bin":0}},{"type":"Feature","id":628,"geometry":{"type":"Point","coordinates":[98.971512269914655,18.794348229717542]},"properties":{"OBJECTID":628,"SOURCE_ID":628,"kalae":0,"GiZScore":1.7301036591733829,"GiPValue":0.083611756595537226,"NNeighbors":195,"Gi_Bin":1}},{"type":"Feature","id":629,"geometry":{"type":"Point","coordinates":[98.971487339982687,18.793879179565852]},"properties":{"OBJECTID":629,"SOURCE_ID":629,"kalae":4,"GiZScore":1.6343975269336011,"GiPValue":0.10217540719390691,"NNeighbors":200,"Gi_Bin":0}},{"type":"Feature","id":630,"geometry":{"type":"Point","coordinates":[98.972570609825368,18.793592350104689]},"properties":{"OBJECTID":630,"SOURCE_ID":630,"kalae":2,"GiZScore":1.4994852665249576,"GiPValue":0.13374778809917723,"NNeighbors":211,"Gi_Bin":0}},{"type":"Feature","id":631,"geometry":{"type":"Point","coordinates":[98.972753179767423,18.793542970327461]},"properties":{"OBJECTID":631,"SOURCE_ID":631,"kalae":1,"GiZScore":1.4538045810757485,"GiPValue":0.14600049304459414,"NNeighbors":213,"Gi_Bin":0}},{"type":"Feature","id":632,"geometry":{"type":"Point","coordinates":[98.971498049830018,18.793467999893284]},"properties":{"OBJECTID":632,"SOURCE_ID":632,"kalae":0,"GiZScore":1.6823343625292797,"GiPValue":0.092504021398866917,"NNeighbors":198,"Gi_Bin":1}},{"type":"Feature","id":633,"geometry":{"type":"Point","coordinates":[98.972321660283811,18.793014659611124]},"properties":{"OBJECTID":633,"SOURCE_ID":633,"kalae":0,"GiZScore":1.5920483313405676,"GiPValue":0.11137384528523765,"NNeighbors":207,"Gi_Bin":0}},{"type":"Feature","id":634,"geometry":{"type":"Point","coordinates":[98.972242260304569,18.794243370048719]},"properties":{"OBJECTID":634,"SOURCE_ID":634,"kalae":0,"GiZScore":1.5398514261777667,"GiPValue":0.12359657318533458,"NNeighbors":204,"Gi_Bin":0}},{"type":"Feature","id":635,"geometry":{"type":"Point","coordinates":[98.971851170167938,18.795044330167141]},"properties":{"OBJECTID":635,"SOURCE_ID":635,"kalae":1,"GiZScore":1.6823343625292797,"GiPValue":0.092504021398866917,"NNeighbors":198,"Gi_Bin":1}},{"type":"Feature","id":636,"geometry":{"type":"Point","coordinates":[98.966587469948891,18.793581860317463]},"properties":{"OBJECTID":636,"SOURCE_ID":636,"kalae":1,"GiZScore":1.2573305934967987,"GiPValue":0.20863397491659175,"NNeighbors":135,"Gi_Bin":0}},{"type":"Feature","id":637,"geometry":{"type":"Point","coordinates":[98.968116640332028,18.793281659552562]},"properties":{"OBJECTID":637,"SOURCE_ID":637,"kalae":1,"GiZScore":1.2834010125166262,"GiPValue":0.1993516193336014,"NNeighbors":160,"Gi_Bin":0}},{"type":"Feature","id":638,"geometry":{"type":"Point","coordinates":[98.954739639777614,18.796299870313693]},"properties":{"OBJECTID":638,"SOURCE_ID":638,"kalae":0,"GiZScore":2.4867736897896191,"GiPValue":0.012890737262973129,"NNeighbors":59,"Gi_Bin":2}},{"type":"Feature","id":639,"geometry":{"type":"Point","coordinates":[98.955142779920507,18.796234280278263]},"properties":{"OBJECTID":639,"SOURCE_ID":639,"kalae":2,"GiZScore":2.3154151625397086,"GiPValue":0.020590222515249872,"NNeighbors":59,"Gi_Bin":2}},{"type":"Feature","id":640,"geometry":{"type":"Point","coordinates":[98.956168239653408,18.796089569756838]},"properties":{"OBJECTID":640,"SOURCE_ID":640,"kalae":0,"GiZScore":2.3154151625397086,"GiPValue":0.020590222515249872,"NNeighbors":59,"Gi_Bin":2}},{"type":"Feature","id":641,"geometry":{"type":"Point","coordinates":[98.956544270120133,18.796040230379425]},"properties":{"OBJECTID":641,"SOURCE_ID":641,"kalae":1,"GiZScore":2.0979279805219,"GiPValue":0.03591150785645373,"NNeighbors":64,"Gi_Bin":2}},{"type":"Feature","id":642,"geometry":{"type":"Point","coordinates":[98.949344379848611,18.796626300212239]},"properties":{"OBJECTID":642,"SOURCE_ID":642,"kalae":0,"GiZScore":-0.44610232931312688,"GiPValue":0.65552333165616172,"NNeighbors":42,"Gi_Bin":0}},{"type":"Feature","id":643,"geometry":{"type":"Point","coordinates":[98.949288509557462,18.796799049555027]},"properties":{"OBJECTID":643,"SOURCE_ID":643,"kalae":0,"GiZScore":-0.44610232931312688,"GiPValue":0.65552333165616172,"NNeighbors":42,"Gi_Bin":0}},{"type":"Feature","id":644,"geometry":{"type":"Point","coordinates":[98.955259719571274,18.797833010040264]},"properties":{"OBJECTID":644,"SOURCE_ID":644,"kalae":0,"GiZScore":2.2828609811180951,"GiPValue":0.022438558513580762,"NNeighbors":62,"Gi_Bin":2}},{"type":"Feature","id":645,"geometry":{"type":"Point","coordinates":[98.95525927988534,18.798013770245909]},"properties":{"OBJECTID":645,"SOURCE_ID":645,"kalae":1,"GiZScore":2.2828609811180951,"GiPValue":0.022438558513580762,"NNeighbors":62,"Gi_Bin":2}},{"type":"Feature","id":646,"geometry":{"type":"Point","coordinates":[98.955249219757235,18.799087410062199]},"properties":{"OBJECTID":646,"SOURCE_ID":646,"kalae":0,"GiZScore":2.2726731020558839,"GiPValue":0.023045886738330485,"NNeighbors":63,"Gi_Bin":2}},{"type":"Feature","id":647,"geometry":{"type":"Point","coordinates":[98.954539469941579,18.797482819741546]},"properties":{"OBJECTID":647,"SOURCE_ID":647,"kalae":0,"GiZScore":2.389214885691294,"GiPValue":0.016884423496260514,"NNeighbors":60,"Gi_Bin":2}},{"type":"Feature","id":648,"geometry":{"type":"Point","coordinates":[98.955813839550117,18.796903630331919]},"properties":{"OBJECTID":648,"SOURCE_ID":648,"kalae":0,"GiZScore":2.3154151625397086,"GiPValue":0.020590222515249872,"NNeighbors":59,"Gi_Bin":2}},{"type":"Feature","id":649,"geometry":{"type":"Point","coordinates":[98.954356940376513,18.797889250251615]},"properties":{"OBJECTID":649,"SOURCE_ID":649,"kalae":1,"GiZScore":2.3665445270208147,"GiPValue":0.017955014299428793,"NNeighbors":62,"Gi_Bin":2}},{"type":"Feature","id":650,"geometry":{"type":"Point","coordinates":[98.954361980289193,18.796762860440513]},"properties":{"OBJECTID":650,"SOURCE_ID":650,"kalae":2,"GiZScore":2.4620354354128775,"GiPValue":0.013815101674659385,"NNeighbors":61,"Gi_Bin":2}},{"type":"Feature","id":651,"geometry":{"type":"Point","coordinates":[98.954147100374584,18.807124530160639]},"properties":{"OBJECTID":651,"SOURCE_ID":651,"kalae":0,"GiZScore":2.939810852149884,"GiPValue":0.0032841266095708882,"NNeighbors":48,"Gi_Bin":3}},{"type":"Feature","id":652,"geometry":{"type":"Point","coordinates":[98.954055989903807,18.806965950054515]},"properties":{"OBJECTID":652,"SOURCE_ID":652,"kalae":0,"GiZScore":2.939810852149884,"GiPValue":0.0032841266095708882,"NNeighbors":48,"Gi_Bin":3}},{"type":"Feature","id":653,"geometry":{"type":"Point","coordinates":[98.953782680387278,18.806490230247586]},"properties":{"OBJECTID":653,"SOURCE_ID":653,"kalae":1,"GiZScore":2.939810852149884,"GiPValue":0.0032841266095708882,"NNeighbors":48,"Gi_Bin":3}},{"type":"Feature","id":654,"geometry":{"type":"Point","coordinates":[98.953597690179208,18.806164849884574]},"properties":{"OBJECTID":654,"SOURCE_ID":654,"kalae":0,"GiZScore":2.939810852149884,"GiPValue":0.0032841266095708882,"NNeighbors":48,"Gi_Bin":3}},{"type":"Feature","id":655,"geometry":{"type":"Point","coordinates":[98.951650360216505,18.802904550138198]},"properties":{"OBJECTID":655,"SOURCE_ID":655,"kalae":0,"GiZScore":2.2119962449216986,"GiPValue":0.026966924394920135,"NNeighbors":46,"Gi_Bin":2}},{"type":"Feature","id":656,"geometry":{"type":"Point","coordinates":[98.981142199536421,18.791300360399752]},"properties":{"OBJECTID":656,"SOURCE_ID":656,"kalae":2,"GiZScore":-0.24746611550375652,"GiPValue":0.80454751224584675,"NNeighbors":285,"Gi_Bin":0}},{"type":"Feature","id":657,"geometry":{"type":"Point","coordinates":[98.98115351013216,18.791119930043635]},"properties":{"OBJECTID":657,"SOURCE_ID":657,"kalae":4,"GiZScore":-0.1495072633508415,"GiPValue":0.88115337850142994,"NNeighbors":288,"Gi_Bin":0}},{"type":"Feature","id":658,"geometry":{"type":"Point","coordinates":[98.981348589527926,18.79023474987719]},"properties":{"OBJECTID":658,"SOURCE_ID":658,"kalae":0,"GiZScore":-0.22374143794283044,"GiPValue":0.82295850056123176,"NNeighbors":291,"Gi_Bin":0}},{"type":"Feature","id":659,"geometry":{"type":"Point","coordinates":[98.979512889883537,18.768133199555379]},"properties":{"OBJECTID":659,"SOURCE_ID":659,"kalae":0,"GiZScore":1.1890744543159313,"GiPValue":0.23441039110793915,"NNeighbors":200,"Gi_Bin":0}},{"type":"Feature","id":660,"geometry":{"type":"Point","coordinates":[98.999013299838438,18.801511330213955]},"properties":{"OBJECTID":660,"SOURCE_ID":660,"kalae":2,"GiZScore":-0.35152521773050049,"GiPValue":0.72519435776100871,"NNeighbors":229,"Gi_Bin":0}},{"type":"Feature","id":661,"geometry":{"type":"Point","coordinates":[98.999088100086851,18.801677460360381]},"properties":{"OBJECTID":661,"SOURCE_ID":661,"kalae":1,"GiZScore":-0.26667334120026343,"GiPValue":0.78972068173759213,"NNeighbors":227,"Gi_Bin":0}},{"type":"Feature","id":662,"geometry":{"type":"Point","coordinates":[98.995842689946173,18.808864999725383]},"properties":{"OBJECTID":662,"SOURCE_ID":662,"kalae":0,"GiZScore":0.038475608353098684,"GiPValue":0.96930847879237292,"NNeighbors":161,"Gi_Bin":0}},{"type":"Feature","id":663,"geometry":{"type":"Point","coordinates":[98.996459060457781,18.809663030256061]},"properties":{"OBJECTID":663,"SOURCE_ID":663,"kalae":0,"GiZScore":0.27060430760799742,"GiPValue":0.78669538271349682,"NNeighbors":151,"Gi_Bin":0}},{"type":"Feature","id":664,"geometry":{"type":"Point","coordinates":[98.996521280370175,18.81019445008091]},"properties":{"OBJECTID":664,"SOURCE_ID":664,"kalae":3,"GiZScore":0.2464522742775497,"GiPValue":0.8053321449941222,"NNeighbors":145,"Gi_Bin":0}},{"type":"Feature","id":665,"geometry":{"type":"Point","coordinates":[98.996541519909186,18.810374180255529]},"properties":{"OBJECTID":665,"SOURCE_ID":665,"kalae":1,"GiZScore":0.067145141696596786,"GiPValue":0.94646615708048376,"NNeighbors":143,"Gi_Bin":0}},{"type":"Feature","id":666,"geometry":{"type":"Point","coordinates":[98.996571479954795,18.81063354960164]},"properties":{"OBJECTID":666,"SOURCE_ID":666,"kalae":1,"GiZScore":-0.051932642116519837,"GiPValue":0.95858236471010416,"NNeighbors":142,"Gi_Bin":0}},{"type":"Feature","id":667,"geometry":{"type":"Point","coordinates":[98.995938110246101,18.807802329729824]},"properties":{"OBJECTID":667,"SOURCE_ID":667,"kalae":1,"GiZScore":-0.094887019736848155,"GiPValue":0.92440456675335114,"NNeighbors":167,"Gi_Bin":0}},{"type":"Feature","id":668,"geometry":{"type":"Point","coordinates":[98.995593860028492,18.806852449594473]},"properties":{"OBJECTID":668,"SOURCE_ID":668,"kalae":0,"GiZScore":-0.26310132162672217,"GiPValue":0.79247248558820127,"NNeighbors":186,"Gi_Bin":0}},{"type":"Feature","id":669,"geometry":{"type":"Point","coordinates":[98.996013340096511,18.806722529652276]},"properties":{"OBJECTID":669,"SOURCE_ID":669,"kalae":0,"GiZScore":-0.42132274716987361,"GiPValue":0.67351942314248026,"NNeighbors":185,"Gi_Bin":0}},{"type":"Feature","id":670,"geometry":{"type":"Point","coordinates":[98.999441080401468,18.805610679691647]},"properties":{"OBJECTID":670,"SOURCE_ID":670,"kalae":0,"GiZScore":-0.53043138751086349,"GiPValue":0.59581287095165458,"NNeighbors":193,"Gi_Bin":0}},{"type":"Feature","id":671,"geometry":{"type":"Point","coordinates":[98.997441400440039,18.805729800254571]},"properties":{"OBJECTID":671,"SOURCE_ID":671,"kalae":0,"GiZScore":-0.75216361213355099,"GiPValue":0.45195267931785743,"NNeighbors":198,"Gi_Bin":0}},{"type":"Feature","id":672,"geometry":{"type":"Point","coordinates":[98.997954970441128,18.805803199552976]},"properties":{"OBJECTID":672,"SOURCE_ID":672,"kalae":1,"GiZScore":-0.76965103519610589,"GiPValue":0.44150692922176404,"NNeighbors":195,"Gi_Bin":0}},{"type":"Feature","id":673,"geometry":{"type":"Point","coordinates":[98.998140759561153,18.805840199843267]},"properties":{"OBJECTID":673,"SOURCE_ID":673,"kalae":0,"GiZScore":-0.67534176656677281,"GiPValue":0.4994586583956685,"NNeighbors":194,"Gi_Bin":0}},{"type":"Feature","id":674,"geometry":{"type":"Point","coordinates":[98.998839109702928,18.805969429926481]},"properties":{"OBJECTID":674,"SOURCE_ID":674,"kalae":0,"GiZScore":-0.53043138751086349,"GiPValue":0.59581287095165458,"NNeighbors":193,"Gi_Bin":0}},{"type":"Feature","id":675,"geometry":{"type":"Point","coordinates":[98.999269230198919,18.805423180250333]},"properties":{"OBJECTID":675,"SOURCE_ID":675,"kalae":0,"GiZScore":-0.52503966945210889,"GiPValue":0.59955561649858202,"NNeighbors":194,"Gi_Bin":0}},{"type":"Feature","id":676,"geometry":{"type":"Point","coordinates":[98.998861370404725,18.805350500136218]},"properties":{"OBJECTID":676,"SOURCE_ID":676,"kalae":1,"GiZScore":-0.25058055071577057,"GiPValue":0.80213842057175466,"NNeighbors":199,"Gi_Bin":0}},{"type":"Feature","id":677,"geometry":{"type":"Point","coordinates":[98.998214390306899,18.805235580294092]},"properties":{"OBJECTID":677,"SOURCE_ID":677,"kalae":2,"GiZScore":-0.34481612914493193,"GiPValue":0.73023260723641381,"NNeighbors":200,"Gi_Bin":0}},{"type":"Feature","id":678,"geometry":{"type":"Point","coordinates":[98.997780229593246,18.805503179883097]},"properties":{"OBJECTID":678,"SOURCE_ID":678,"kalae":0,"GiZScore":-0.48805155192934246,"GiPValue":0.6255133281537717,"NNeighbors":201,"Gi_Bin":0}},{"type":"Feature","id":679,"geometry":{"type":"Point","coordinates":[98.998707439534016,18.8056644902701]},"properties":{"OBJECTID":679,"SOURCE_ID":679,"kalae":2,"GiZScore":-0.65838851475585569,"GiPValue":0.51028851773897843,"NNeighbors":197,"Gi_Bin":0}},{"type":"Feature","id":680,"geometry":{"type":"Point","coordinates":[98.998382579739697,18.806314999591219]},"properties":{"OBJECTID":680,"SOURCE_ID":680,"kalae":0,"GiZScore":-0.4003537602977828,"GiPValue":0.68889597748345532,"NNeighbors":189,"Gi_Bin":0}},{"type":"Feature","id":681,"geometry":{"type":"Point","coordinates":[98.997600530446348,18.805290170311213]},"properties":{"OBJECTID":681,"SOURCE_ID":681,"kalae":0,"GiZScore":-0.53215165469444214,"GiPValue":0.59462096600923897,"NNeighbors":202,"Gi_Bin":0}},{"type":"Feature","id":682,"geometry":{"type":"Point","coordinates":[98.99913048032009,18.805053550447003]},"properties":{"OBJECTID":682,"SOURCE_ID":682,"kalae":1,"GiZScore":-0.25058055071577057,"GiPValue":0.80213842057175466,"NNeighbors":199,"Gi_Bin":0}},{"type":"Feature","id":683,"geometry":{"type":"Point","coordinates":[98.999557769886266,18.804714230337545]},"properties":{"OBJECTID":683,"SOURCE_ID":683,"kalae":0,"GiZScore":-0.41350604734985885,"GiPValue":0.67923589377430638,"NNeighbors":206,"Gi_Bin":0}},{"type":"Feature","id":684,"geometry":{"type":"Point","coordinates":[99.002465570287683,18.80369195035216]},"properties":{"OBJECTID":684,"SOURCE_ID":684,"kalae":1,"GiZScore":-0.24358172851454685,"GiPValue":0.80755478088220922,"NNeighbors":190,"Gi_Bin":0}},{"type":"Feature","id":685,"geometry":{"type":"Point","coordinates":[99.002086439637267,18.803753109767023]},"properties":{"OBJECTID":685,"SOURCE_ID":685,"kalae":0,"GiZScore":-0.17433477618455981,"GiPValue":0.86160237032431242,"NNeighbors":194,"Gi_Bin":0}},{"type":"Feature","id":686,"geometry":{"type":"Point","coordinates":[99.002028690194948,18.803980779933582]},"properties":{"OBJECTID":686,"SOURCE_ID":686,"kalae":0,"GiZScore":-0.29411408062129241,"GiPValue":0.76867073209947367,"NNeighbors":190,"Gi_Bin":0}},{"type":"Feature","id":687,"geometry":{"type":"Point","coordinates":[99.002333989615252,18.803959830183416]},"properties":{"OBJECTID":687,"SOURCE_ID":687,"kalae":6,"GiZScore":-0.15645308241302314,"GiPValue":0.87567589861215656,"NNeighbors":187,"Gi_Bin":0}},{"type":"Feature","id":688,"geometry":{"type":"Point","coordinates":[99.017104909967514,18.798542370226901]},"properties":{"OBJECTID":688,"SOURCE_ID":688,"kalae":0,"GiZScore":-0.034962209142278336,"GiPValue":0.97210987517117664,"NNeighbors":111,"Gi_Bin":0}},{"type":"Feature","id":689,"geometry":{"type":"Point","coordinates":[99.016683760466989,18.798271560203581]},"properties":{"OBJECTID":689,"SOURCE_ID":689,"kalae":1,"GiZScore":-0.14824186120652755,"GiPValue":0.88215189633639601,"NNeighbors":124,"Gi_Bin":0}},{"type":"Feature","id":690,"geometry":{"type":"Point","coordinates":[99.006386239613306,18.782603629693455]},"properties":{"OBJECTID":690,"SOURCE_ID":690,"kalae":0,"GiZScore":-0.60604073044016227,"GiPValue":0.54448771006848617,"NNeighbors":225,"Gi_Bin":0}},{"type":"Feature","id":691,"geometry":{"type":"Point","coordinates":[99.007369429525795,18.783078469897756]},"properties":{"OBJECTID":691,"SOURCE_ID":691,"kalae":2,"GiZScore":-0.43239172700194228,"GiPValue":0.66545673113011072,"NNeighbors":212,"Gi_Bin":0}},{"type":"Feature","id":692,"geometry":{"type":"Point","coordinates":[99.007703929915465,18.783161840036215]},"properties":{"OBJECTID":692,"SOURCE_ID":692,"kalae":0,"GiZScore":-0.34049463619140535,"GiPValue":0.73348406205116135,"NNeighbors":211,"Gi_Bin":0}},{"type":"Feature","id":693,"geometry":{"type":"Point","coordinates":[99.00998021047171,18.765799860381826]},"properties":{"OBJECTID":693,"SOURCE_ID":693,"kalae":0,"GiZScore":-1.1534640299562979,"GiPValue":0.2487199930122107,"NNeighbors":161,"Gi_Bin":0}},{"type":"Feature","id":694,"geometry":{"type":"Point","coordinates":[98.993301499641944,18.793970039790086]},"properties":{"OBJECTID":694,"SOURCE_ID":694,"kalae":0,"GiZScore":0.17431935594654183,"GiPValue":0.86161448835504029,"NNeighbors":307,"Gi_Bin":0}},{"type":"Feature","id":695,"geometry":{"type":"Point","coordinates":[98.993115010018556,18.794003569890563]},"properties":{"OBJECTID":695,"SOURCE_ID":695,"kalae":0,"GiZScore":0.055135136256427374,"GiPValue":0.95603080401955487,"NNeighbors":309,"Gi_Bin":0}},{"type":"Feature","id":696,"geometry":{"type":"Point","coordinates":[98.992605429878608,18.794070560003973]},"properties":{"OBJECTID":696,"SOURCE_ID":696,"kalae":2,"GiZScore":0.15612372347715203,"GiPValue":0.87593549907185286,"NNeighbors":314,"Gi_Bin":0}},{"type":"Feature","id":697,"geometry":{"type":"Point","coordinates":[98.990218770411971,18.794456029939685]},"properties":{"OBJECTID":697,"SOURCE_ID":697,"kalae":1,"GiZScore":-0.10777777333162118,"GiPValue":0.91417197449477605,"NNeighbors":299,"Gi_Bin":0}},{"type":"Feature","id":698,"geometry":{"type":"Point","coordinates":[98.99040592992128,18.794426060079822]},"properties":{"OBJECTID":698,"SOURCE_ID":698,"kalae":0,"GiZScore":-0.061629532371195402,"GiPValue":0.95085785820536428,"NNeighbors":300,"Gi_Bin":0}},{"type":"Feature","id":699,"geometry":{"type":"Point","coordinates":[98.991173739717681,18.794185670310718]},"properties":{"OBJECTID":699,"SOURCE_ID":699,"kalae":0,"GiZScore":0.11844381137050372,"GiPValue":0.90571601363398235,"NNeighbors":303,"Gi_Bin":0}},{"type":"Feature","id":700,"geometry":{"type":"Point","coordinates":[98.991403260331609,18.794809210155751]},"properties":{"OBJECTID":700,"SOURCE_ID":700,"kalae":2,"GiZScore":-0.089185567482398836,"GiPValue":0.92893443515269014,"NNeighbors":304,"Gi_Bin":0}},{"type":"Feature","id":701,"geometry":{"type":"Point","coordinates":[98.991011809735639,18.794285390232069]},"properties":{"OBJECTID":701,"SOURCE_ID":701,"kalae":1,"GiZScore":0.11844381137050372,"GiPValue":0.90571601363398235,"NNeighbors":303,"Gi_Bin":0}},{"type":"Feature","id":702,"geometry":{"type":"Point","coordinates":[98.998749579766411,18.790141560039423]},"properties":{"OBJECTID":702,"SOURCE_ID":702,"kalae":0,"GiZScore":-0.40764930079114586,"GiPValue":0.68353116494691557,"NNeighbors":288,"Gi_Bin":0}},{"type":"Feature","id":703,"geometry":{"type":"Point","coordinates":[98.998590970101134,18.791129749968785]},"properties":{"OBJECTID":703,"SOURCE_ID":703,"kalae":1,"GiZScore":-0.21217005259404326,"GiPValue":0.83197436956534321,"NNeighbors":283,"Gi_Bin":0}},{"type":"Feature","id":704,"geometry":{"type":"Point","coordinates":[98.999241429664096,18.790991149584467]},"properties":{"OBJECTID":704,"SOURCE_ID":704,"kalae":2,"GiZScore":-0.14494358264535359,"GiPValue":0.88475541581095718,"NNeighbors":278,"Gi_Bin":0}},{"type":"Feature","id":705,"geometry":{"type":"Point","coordinates":[98.984615379706369,18.794730699598002]},"properties":{"OBJECTID":705,"SOURCE_ID":705,"kalae":1,"GiZScore":0.27740821677827304,"GiPValue":0.78146667337157605,"NNeighbors":287,"Gi_Bin":0}},{"type":"Feature","id":706,"geometry":{"type":"Point","coordinates":[98.98794270982529,18.797953160162713]},"properties":{"OBJECTID":706,"SOURCE_ID":706,"kalae":0,"GiZScore":-0.1685362139155116,"GiPValue":0.86616145659177357,"NNeighbors":272,"Gi_Bin":0}},{"type":"Feature","id":707,"geometry":{"type":"Point","coordinates":[98.988048710109553,18.797803230322302]},"properties":{"OBJECTID":707,"SOURCE_ID":707,"kalae":1,"GiZScore":-0.24013420548873132,"GiPValue":0.81022621793358596,"NNeighbors":276,"Gi_Bin":0}},{"type":"Feature","id":708,"geometry":{"type":"Point","coordinates":[98.979364329528693,18.800372449814077]},"properties":{"OBJECTID":708,"SOURCE_ID":708,"kalae":1,"GiZScore":0.52795775519462307,"GiPValue":0.59752865928229748,"NNeighbors":210,"Gi_Bin":0}},{"type":"Feature","id":709,"geometry":{"type":"Point","coordinates":[98.97921255027839,18.800480969770756]},"properties":{"OBJECTID":709,"SOURCE_ID":709,"kalae":0,"GiZScore":0.51856029143561932,"GiPValue":0.60406740784214707,"NNeighbors":207,"Gi_Bin":0}},{"type":"Feature","id":710,"geometry":{"type":"Point","coordinates":[98.978453619789619,18.801023590272333]},"properties":{"OBJECTID":710,"SOURCE_ID":710,"kalae":0,"GiZScore":0.38368826945739415,"GiPValue":0.70120950887382527,"NNeighbors":196,"Gi_Bin":0}},{"type":"Feature","id":711,"geometry":{"type":"Point","coordinates":[98.976592409712168,18.799701179569617]},"properties":{"OBJECTID":711,"SOURCE_ID":711,"kalae":1,"GiZScore":2.2292326428902016,"GiPValue":0.025798429666256735,"NNeighbors":197,"Gi_Bin":2}},{"type":"Feature","id":712,"geometry":{"type":"Point","coordinates":[98.975975650028815,18.799485130231801]},"properties":{"OBJECTID":712,"SOURCE_ID":712,"kalae":0,"GiZScore":2.2780789562753498,"GiPValue":0.022721873797162485,"NNeighbors":199,"Gi_Bin":2}},{"type":"Feature","id":713,"geometry":{"type":"Point","coordinates":[98.976788230084125,18.799742079639103]},"properties":{"OBJECTID":713,"SOURCE_ID":713,"kalae":0,"GiZScore":2.0300710916719722,"GiPValue":0.0423493134959766,"NNeighbors":196,"Gi_Bin":2}},{"type":"Feature","id":714,"geometry":{"type":"Point","coordinates":[98.975781050463226,18.801156559624989]},"properties":{"OBJECTID":714,"SOURCE_ID":714,"kalae":1,"GiZScore":2.3469862870995239,"GiPValue":0.018925951312754905,"NNeighbors":176,"Gi_Bin":2}},{"type":"Feature","id":715,"geometry":{"type":"Point","coordinates":[98.975718140012063,18.80096095007071]},"properties":{"OBJECTID":715,"SOURCE_ID":715,"kalae":0,"GiZScore":2.3978854100922042,"GiPValue":0.016490023009081017,"NNeighbors":177,"Gi_Bin":2}},{"type":"Feature","id":716,"geometry":{"type":"Point","coordinates":[98.975446750349079,18.800079130291667]},"properties":{"OBJECTID":716,"SOURCE_ID":716,"kalae":8,"GiZScore":2.3395873570724062,"GiPValue":0.019305056234011138,"NNeighbors":183,"Gi_Bin":2}},{"type":"Feature","id":717,"geometry":{"type":"Point","coordinates":[98.975235050157664,18.799384769926821]},"properties":{"OBJECTID":717,"SOURCE_ID":717,"kalae":0,"GiZScore":2.2325035247159843,"GiPValue":0.025581702532198727,"NNeighbors":190,"Gi_Bin":2}},{"type":"Feature","id":718,"geometry":{"type":"Point","coordinates":[98.975068409908246,18.799035509593274]},"properties":{"OBJECTID":718,"SOURCE_ID":718,"kalae":0,"GiZScore":2.2314549589553017,"GiPValue":0.025651007856226888,"NNeighbors":192,"Gi_Bin":2}},{"type":"Feature","id":719,"geometry":{"type":"Point","coordinates":[98.995125720087358,18.78741586972162]},"properties":{"OBJECTID":719,"SOURCE_ID":719,"kalae":2,"GiZScore":1.3789675696582233,"GiPValue":0.16790475310285405,"NNeighbors":339,"Gi_Bin":0}},{"type":"Feature","id":720,"geometry":{"type":"Point","coordinates":[98.99515981012506,18.786882830164856]},"properties":{"OBJECTID":720,"SOURCE_ID":720,"kalae":0,"GiZScore":1.3833026211711517,"GiPValue":0.16657209466121745,"NNeighbors":341,"Gi_Bin":0}},{"type":"Feature","id":721,"geometry":{"type":"Point","coordinates":[98.995119759620025,18.786141080191008]},"properties":{"OBJECTID":721,"SOURCE_ID":721,"kalae":2,"GiZScore":1.4813890753964143,"GiPValue":0.13850292417821941,"NNeighbors":349,"Gi_Bin":0}},{"type":"Feature","id":722,"geometry":{"type":"Point","coordinates":[98.995088339870875,18.785396900087164]},"properties":{"OBJECTID":722,"SOURCE_ID":722,"kalae":2,"GiZScore":1.3515008147174152,"GiPValue":0.17653505911042944,"NNeighbors":345,"Gi_Bin":0}},{"type":"Feature","id":723,"geometry":{"type":"Point","coordinates":[98.998300600094538,18.786627909914849]},"properties":{"OBJECTID":723,"SOURCE_ID":723,"kalae":0,"GiZScore":-0.11279579630330529,"GiPValue":0.91019245115362124,"NNeighbors":309,"Gi_Bin":0}},{"type":"Feature","id":724,"geometry":{"type":"Point","coordinates":[98.998021299853463,18.785235030359114]},"properties":{"OBJECTID":724,"SOURCE_ID":724,"kalae":0,"GiZScore":0.2813880565637098,"GiPValue":0.77841277802555686,"NNeighbors":314,"Gi_Bin":0}},{"type":"Feature","id":725,"geometry":{"type":"Point","coordinates":[98.998099169618797,18.789344660284932]},"properties":{"OBJECTID":725,"SOURCE_ID":725,"kalae":0,"GiZScore":0.49883765218126097,"GiPValue":0.61789376172445465,"NNeighbors":303,"Gi_Bin":0}},{"type":"Feature","id":726,"geometry":{"type":"Point","coordinates":[98.996261079556248,18.779333120022965]},"properties":{"OBJECTID":726,"SOURCE_ID":726,"kalae":1,"GiZScore":0.55270812896992982,"GiPValue":0.5804632886006269,"NNeighbors":321,"Gi_Bin":0}},{"type":"Feature","id":727,"geometry":{"type":"Point","coordinates":[98.995761300004148,18.779558650149333]},"properties":{"OBJECTID":727,"SOURCE_ID":727,"kalae":0,"GiZScore":0.65277190967401932,"GiPValue":0.51390333956162526,"NNeighbors":327,"Gi_Bin":0}},{"type":"Feature","id":728,"geometry":{"type":"Point","coordinates":[98.996289450369659,18.777235199591832]},"properties":{"OBJECTID":728,"SOURCE_ID":728,"kalae":0,"GiZScore":-0.14821562438040478,"GiPValue":0.88217260157554056,"NNeighbors":322,"Gi_Bin":0}},{"type":"Feature","id":729,"geometry":{"type":"Point","coordinates":[98.989279680207204,18.769456959619127]},"properties":{"OBJECTID":729,"SOURCE_ID":729,"kalae":1,"GiZScore":0.62024414723699306,"GiPValue":0.53509706387805522,"NNeighbors":330,"Gi_Bin":0}},{"type":"Feature","id":730,"geometry":{"type":"Point","coordinates":[98.988273390164338,18.769433079793497]},"properties":{"OBJECTID":730,"SOURCE_ID":730,"kalae":0,"GiZScore":0.60288156956283323,"GiPValue":0.54658748080661268,"NNeighbors":324,"Gi_Bin":0}},{"type":"Feature","id":731,"geometry":{"type":"Point","coordinates":[98.987658480110781,18.769685450040281]},"properties":{"OBJECTID":731,"SOURCE_ID":731,"kalae":0,"GiZScore":0.96465476662461702,"GiPValue":0.33471777060849339,"NNeighbors":320,"Gi_Bin":0}},{"type":"Feature","id":732,"geometry":{"type":"Point","coordinates":[98.989582769722801,18.769887320423898]},"properties":{"OBJECTID":732,"SOURCE_ID":732,"kalae":1,"GiZScore":0.43026900230040616,"GiPValue":0.66699997412259582,"NNeighbors":335,"Gi_Bin":0}},{"type":"Feature","id":733,"geometry":{"type":"Point","coordinates":[98.989393049924871,18.769883729839549]},"properties":{"OBJECTID":733,"SOURCE_ID":733,"kalae":0,"GiZScore":0.47114056615528704,"GiPValue":0.63754035945374188,"NNeighbors":335,"Gi_Bin":0}},{"type":"Feature","id":734,"geometry":{"type":"Point","coordinates":[98.989203319697339,18.769880149907543]},"properties":{"OBJECTID":734,"SOURCE_ID":734,"kalae":0,"GiZScore":0.46811205092986463,"GiPValue":0.63970446336061026,"NNeighbors":334,"Gi_Bin":0}},{"type":"Feature","id":735,"geometry":{"type":"Point","coordinates":[98.989022769642915,18.769695970300866]},"properties":{"OBJECTID":735,"SOURCE_ID":735,"kalae":0,"GiZScore":0.54402472139517477,"GiPValue":0.58642446350237742,"NNeighbors":332,"Gi_Bin":0}},{"type":"Feature","id":736,"geometry":{"type":"Point","coordinates":[98.989776299790918,18.770020350150606]},"properties":{"OBJECTID":736,"SOURCE_ID":736,"kalae":1,"GiZScore":0.40795187815713335,"GiPValue":0.68330900558433638,"NNeighbors":341,"Gi_Bin":0}},{"type":"Feature","id":737,"geometry":{"type":"Point","coordinates":[99.012413769749401,18.806895040332812]},"properties":{"OBJECTID":737,"SOURCE_ID":737,"kalae":1,"GiZScore":0.18791698187427838,"GiPValue":0.85094173037282617,"NNeighbors":76,"Gi_Bin":0}},{"type":"Feature","id":738,"geometry":{"type":"Point","coordinates":[98.979923270014908,18.821519810445658]},"properties":{"OBJECTID":738,"SOURCE_ID":738,"kalae":0,"GiZScore":-0.23515201531811414,"GiPValue":0.8140907481703954,"NNeighbors":34,"Gi_Bin":0}},{"type":"Feature","id":739,"geometry":{"type":"Point","coordinates":[98.979395640244306,18.821723819617628]},"properties":{"OBJECTID":739,"SOURCE_ID":739,"kalae":2,"GiZScore":-0.2903877536027723,"GiPValue":0.7715196118548977,"NNeighbors":30,"Gi_Bin":0}},{"type":"Feature","id":740,"geometry":{"type":"Point","coordinates":[98.97834037024468,18.822131829850385]},"properties":{"OBJECTID":740,"SOURCE_ID":740,"kalae":1,"GiZScore":-0.12665740058514921,"GiPValue":0.89921156364634047,"NNeighbors":24,"Gi_Bin":0}},{"type":"Feature","id":741,"geometry":{"type":"Point","coordinates":[98.980498259582362,18.785773360113431]},"properties":{"OBJECTID":741,"SOURCE_ID":741,"kalae":0,"GiZScore":0.57454628565404742,"GiPValue":0.56559819131617806,"NNeighbors":300,"Gi_Bin":0}},{"type":"Feature","id":742,"geometry":{"type":"Point","coordinates":[98.980723060081203,18.785769780038578]},"properties":{"OBJECTID":742,"SOURCE_ID":742,"kalae":2,"GiZScore":1.2639577828768342,"GiPValue":0.20624520515479228,"NNeighbors":305,"Gi_Bin":0}},{"type":"Feature","id":743,"geometry":{"type":"Point","coordinates":[98.980912809600028,18.785766750137924]},"properties":{"OBJECTID":743,"SOURCE_ID":743,"kalae":0,"GiZScore":1.3167425976586122,"GiPValue":0.18792491977246137,"NNeighbors":310,"Gi_Bin":0}},{"type":"Feature","id":744,"geometry":{"type":"Point","coordinates":[98.982627150052551,18.78574732961264]},"properties":{"OBJECTID":744,"SOURCE_ID":744,"kalae":2,"GiZScore":1.3206543466627825,"GiPValue":0.1866166429384549,"NNeighbors":331,"Gi_Bin":0}},{"type":"Feature","id":745,"geometry":{"type":"Point","coordinates":[98.983534679695751,18.785748800029552]},"properties":{"OBJECTID":745,"SOURCE_ID":745,"kalae":2,"GiZScore":1.7490591498014085,"GiPValue":0.080280795494292276,"NNeighbors":341,"Gi_Bin":1}},{"type":"Feature","id":746,"geometry":{"type":"Point","coordinates":[98.983981060091111,18.785749550123558]},"properties":{"OBJECTID":746,"SOURCE_ID":746,"kalae":0,"GiZScore":1.7637925586319172,"GiPValue":0.07776691081078238,"NNeighbors":349,"Gi_Bin":1}},{"type":"Feature","id":747,"geometry":{"type":"Point","coordinates":[98.984568579723302,18.785750509697099]},"properties":{"OBJECTID":747,"SOURCE_ID":747,"kalae":1,"GiZScore":1.5805019754014402,"GiPValue":0.11399195486511297,"NNeighbors":358,"Gi_Bin":0}},{"type":"Feature","id":748,"geometry":{"type":"Point","coordinates":[98.985800270308076,18.785748740154965]},"properties":{"OBJECTID":748,"SOURCE_ID":748,"kalae":1,"GiZScore":1.6053761103852933,"GiPValue":0.10841105855905885,"NNeighbors":370,"Gi_Bin":0}},{"type":"Feature","id":749,"geometry":{"type":"Point","coordinates":[98.989780840207843,18.767747589849915]},"properties":{"OBJECTID":749,"SOURCE_ID":749,"kalae":0,"GiZScore":0.57159704902343944,"GiPValue":0.56759499787311651,"NNeighbors":299,"Gi_Bin":0}},{"type":"Feature","id":750,"geometry":{"type":"Point","coordinates":[98.990050020266395,18.7698427501225]},"properties":{"OBJECTID":750,"SOURCE_ID":750,"kalae":1,"GiZScore":0.39250055938580147,"GiPValue":0.69468839903202917,"NNeighbors":336,"Gi_Bin":0}},{"type":"Feature","id":751,"geometry":{"type":"Point","coordinates":[98.99005588004097,18.770023420045241]},"properties":{"OBJECTID":751,"SOURCE_ID":751,"kalae":0,"GiZScore":0.48923110674163484,"GiPValue":0.62467809093174798,"NNeighbors":341,"Gi_Bin":0}},{"type":"Feature","id":752,"geometry":{"type":"Point","coordinates":[99.000268770200321,18.774631330396588]},"properties":{"OBJECTID":752,"SOURCE_ID":752,"kalae":0,"GiZScore":0.083421068700702969,"GiPValue":0.93351673650101186,"NNeighbors":293,"Gi_Bin":0}},{"type":"Feature","id":753,"geometry":{"type":"Point","coordinates":[98.999995959794873,18.774771929656879]},"properties":{"OBJECTID":753,"SOURCE_ID":753,"kalae":1,"GiZScore":0.17580974100582,"GiPValue":0.86044341670082625,"NNeighbors":295,"Gi_Bin":0}},{"type":"Feature","id":754,"geometry":{"type":"Point","coordinates":[98.999827719989497,18.774855560019404]},"properties":{"OBJECTID":754,"SOURCE_ID":754,"kalae":1,"GiZScore":0.13314879911246463,"GiPValue":0.89407570260784508,"NNeighbors":295,"Gi_Bin":0}},{"type":"Feature","id":755,"geometry":{"type":"Point","coordinates":[98.999659490455528,18.774939190229734]},"properties":{"OBJECTID":755,"SOURCE_ID":755,"kalae":0,"GiZScore":0.094009313452332557,"GiPValue":0.92510175844495757,"NNeighbors":296,"Gi_Bin":0}},{"type":"Feature","id":756,"geometry":{"type":"Point","coordinates":[98.983067959952081,18.767471109900555]},"properties":{"OBJECTID":756,"SOURCE_ID":756,"kalae":1,"GiZScore":0.87223917564637987,"GiPValue":0.38307792101897886,"NNeighbors":231,"Gi_Bin":0}},{"type":"Feature","id":757,"geometry":{"type":"Point","coordinates":[98.996064480064035,18.767107699554071]},"properties":{"OBJECTID":757,"SOURCE_ID":757,"kalae":0,"GiZScore":-0.016681588213551021,"GiPValue":0.98669063559434333,"NNeighbors":254,"Gi_Bin":0}},{"type":"Feature","id":758,"geometry":{"type":"Point","coordinates":[98.997160050226029,18.768007799590968]},"properties":{"OBJECTID":758,"SOURCE_ID":758,"kalae":0,"GiZScore":-0.29981413798018769,"GiPValue":0.76431893100429316,"NNeighbors":251,"Gi_Bin":0}},{"type":"Feature","id":759,"geometry":{"type":"Point","coordinates":[99.008816609660201,18.758316670217095]},"properties":{"OBJECTID":759,"SOURCE_ID":759,"kalae":2,"GiZScore":-1.3400624387797888,"GiPValue":0.18022504630633041,"NNeighbors":97,"Gi_Bin":0}},{"type":"Feature","id":760,"geometry":{"type":"Point","coordinates":[99.008629560398006,18.75828626001217]},"properties":{"OBJECTID":760,"SOURCE_ID":760,"kalae":0,"GiZScore":-1.3955853940416048,"GiPValue":0.16283938331147665,"NNeighbors":98,"Gi_Bin":0}},{"type":"Feature","id":761,"geometry":{"type":"Point","coordinates":[98.984499689893426,18.779014090337043]},"properties":{"OBJECTID":761,"SOURCE_ID":761,"kalae":1,"GiZScore":0.91322807054692057,"GiPValue":0.36112261397555756,"NNeighbors":363,"Gi_Bin":0}},{"type":"Feature","id":762,"geometry":{"type":"Point","coordinates":[98.98476140035423,18.779082029875195]},"properties":{"OBJECTID":762,"SOURCE_ID":762,"kalae":2,"GiZScore":0.80457481189738855,"GiPValue":0.42106508942382237,"NNeighbors":367,"Gi_Bin":0}},{"type":"Feature","id":763,"geometry":{"type":"Point","coordinates":[98.982245139584393,18.777308269706364]},"properties":{"OBJECTID":763,"SOURCE_ID":763,"kalae":0,"GiZScore":0.79599036433923065,"GiPValue":0.4260376431261389,"NNeighbors":319,"Gi_Bin":0}},{"type":"Feature","id":764,"geometry":{"type":"Point","coordinates":[98.981859020065386,18.777777810352742]},"properties":{"OBJECTID":764,"SOURCE_ID":764,"kalae":2,"GiZScore":1.042750934711401,"GiPValue":0.29706367600959838,"NNeighbors":318,"Gi_Bin":0}},{"type":"Feature","id":765,"geometry":{"type":"Point","coordinates":[98.983033759687558,18.777860529830505]},"properties":{"OBJECTID":765,"SOURCE_ID":765,"kalae":0,"GiZScore":0.63462682157481054,"GiPValue":0.52567183456154276,"NNeighbors":335,"Gi_Bin":0}},{"type":"Feature","id":766,"geometry":{"type":"Point","coordinates":[98.982983729853615,18.777953440328702]},"properties":{"OBJECTID":766,"SOURCE_ID":766,"kalae":2,"GiZScore":0.67832671446518844,"GiPValue":0.49756456858175169,"NNeighbors":336,"Gi_Bin":0}},{"type":"Feature","id":767,"geometry":{"type":"Point","coordinates":[98.985388779769266,18.776993520442456]},"properties":{"OBJECTID":767,"SOURCE_ID":767,"kalae":1,"GiZScore":0.59145868020516246,"GiPValue":0.55421313586821142,"NNeighbors":362,"Gi_Bin":0}},{"type":"Feature","id":768,"geometry":{"type":"Point","coordinates":[98.983940680057628,18.777237010125152]},"properties":{"OBJECTID":768,"SOURCE_ID":768,"kalae":0,"GiZScore":0.50719001320594559,"GiPValue":0.61202150354123153,"NNeighbors":347,"Gi_Bin":0}},{"type":"Feature","id":769,"geometry":{"type":"Point","coordinates":[98.983759120080123,18.777172969937247]},"properties":{"OBJECTID":769,"SOURCE_ID":769,"kalae":0,"GiZScore":0.37664603791139811,"GiPValue":0.70643667059804005,"NNeighbors":344,"Gi_Bin":0}},{"type":"Feature","id":770,"geometry":{"type":"Point","coordinates":[98.983220349643773,18.780354310272457]},"properties":{"OBJECTID":770,"SOURCE_ID":770,"kalae":0,"GiZScore":1.7272397014819572,"GiPValue":0.084124623411248226,"NNeighbors":351,"Gi_Bin":1}},{"type":"Feature","id":771,"geometry":{"type":"Point","coordinates":[98.983226019684935,18.78095363010366]},"properties":{"OBJECTID":771,"SOURCE_ID":771,"kalae":8,"GiZScore":1.4582611617510779,"GiPValue":0.14476857108274327,"NNeighbors":357,"Gi_Bin":0}},{"type":"Feature","id":772,"geometry":{"type":"Point","coordinates":[98.986738409872558,18.777553259729107]},"properties":{"OBJECTID":772,"SOURCE_ID":772,"kalae":0,"GiZScore":0.53710662988093083,"GiPValue":0.59119396376044953,"NNeighbors":384,"Gi_Bin":0}},{"type":"Feature","id":773,"geometry":{"type":"Point","coordinates":[98.988188979830952,18.778116850311914]},"properties":{"OBJECTID":773,"SOURCE_ID":773,"kalae":3,"GiZScore":0.21607763844481814,"GiPValue":0.82892723006814639,"NNeighbors":394,"Gi_Bin":0}},{"type":"Feature","id":774,"geometry":{"type":"Point","coordinates":[98.988002230431164,18.778084659871698]},"properties":{"OBJECTID":774,"SOURCE_ID":774,"kalae":2,"GiZScore":0.2939215385881801,"GiPValue":0.76881785964809413,"NNeighbors":394,"Gi_Bin":0}},{"type":"Feature","id":775,"geometry":{"type":"Point","coordinates":[98.988653610411518,18.777936560317897]},"properties":{"OBJECTID":775,"SOURCE_ID":775,"kalae":1,"GiZScore":0.25186305304915657,"GiPValue":0.80114691875636979,"NNeighbors":393,"Gi_Bin":0}},{"type":"Feature","id":776,"geometry":{"type":"Point","coordinates":[98.979988119770496,18.776530470255153]},"properties":{"OBJECTID":776,"SOURCE_ID":776,"kalae":0,"GiZScore":1.0145481789147834,"GiPValue":0.31032126619751932,"NNeighbors":289,"Gi_Bin":0}},{"type":"Feature","id":777,"geometry":{"type":"Point","coordinates":[98.983951229808966,18.775920870090879]},"properties":{"OBJECTID":777,"SOURCE_ID":777,"kalae":2,"GiZScore":0.59375525771992965,"GiPValue":0.55267582154143857,"NNeighbors":335,"Gi_Bin":0}},{"type":"Feature","id":778,"geometry":{"type":"Point","coordinates":[98.984316259863732,18.775355710366117]},"properties":{"OBJECTID":778,"SOURCE_ID":778,"kalae":0,"GiZScore":0.55582979085973694,"GiPValue":0.57832722045520857,"NNeighbors":336,"Gi_Bin":0}},{"type":"Feature","id":779,"geometry":{"type":"Point","coordinates":[98.98341242038552,18.776445899896096]},"properties":{"OBJECTID":779,"SOURCE_ID":779,"kalae":0,"GiZScore":0.54402472139517477,"GiPValue":0.58642446350237742,"NNeighbors":332,"Gi_Bin":0}},{"type":"Feature","id":780,"geometry":{"type":"Point","coordinates":[98.983144249951636,18.776864770025359]},"properties":{"OBJECTID":780,"SOURCE_ID":780,"kalae":0,"GiZScore":0.53810110445754644,"GiPValue":0.5905072523203303,"NNeighbors":330,"Gi_Bin":0}},{"type":"Feature","id":781,"geometry":{"type":"Point","coordinates":[98.984279300471954,18.775832869702231]},"properties":{"OBJECTID":781,"SOURCE_ID":781,"kalae":0,"GiZScore":0.56464795111999977,"GiPValue":0.572313245805667,"NNeighbors":339,"Gi_Bin":0}},{"type":"Feature","id":782,"geometry":{"type":"Point","coordinates":[98.985522059869325,18.776360379653084]},"properties":{"OBJECTID":782,"SOURCE_ID":782,"kalae":0,"GiZScore":0.51464249060350442,"GiPValue":0.60680286930744876,"NNeighbors":363,"Gi_Bin":0}},{"type":"Feature","id":783,"geometry":{"type":"Point","coordinates":[98.985940440268962,18.775824109659446]},"properties":{"OBJECTID":783,"SOURCE_ID":783,"kalae":2,"GiZScore":0.39813045128611829,"GiPValue":0.69053402987003154,"NNeighbors":364,"Gi_Bin":0}},{"type":"Feature","id":784,"geometry":{"type":"Point","coordinates":[98.988674280103737,18.775983100330144]},"properties":{"OBJECTID":784,"SOURCE_ID":784,"kalae":2,"GiZScore":0.35646423681338474,"GiPValue":0.72149293097734035,"NNeighbors":389,"Gi_Bin":0}},{"type":"Feature","id":785,"geometry":{"type":"Point","coordinates":[98.988427319796472,18.775473079922044]},"properties":{"OBJECTID":785,"SOURCE_ID":785,"kalae":0,"GiZScore":0.3018774489111809,"GiPValue":0.76274548782561724,"NNeighbors":384,"Gi_Bin":0}},{"type":"Feature","id":786,"geometry":{"type":"Point","coordinates":[98.987867620188453,18.775219029619642]},"properties":{"OBJECTID":786,"SOURCE_ID":786,"kalae":2,"GiZScore":0.42554568620418831,"GiPValue":0.67043892567928509,"NNeighbors":373,"Gi_Bin":0}},{"type":"Feature","id":787,"geometry":{"type":"Point","coordinates":[98.988884639599448,18.780675849635248]},"properties":{"OBJECTID":787,"SOURCE_ID":787,"kalae":0,"GiZScore":1.5629841762090579,"GiPValue":0.11805631678023953,"NNeighbors":387,"Gi_Bin":0}},{"type":"Feature","id":788,"geometry":{"type":"Point","coordinates":[98.988131110236708,18.780772649795626]},"properties":{"OBJECTID":788,"SOURCE_ID":788,"kalae":2,"GiZScore":1.7936693262669543,"GiPValue":0.072865963989598076,"NNeighbors":385,"Gi_Bin":1}},{"type":"Feature","id":789,"geometry":{"type":"Point","coordinates":[98.99085883041937,18.778865630104125]},"properties":{"OBJECTID":789,"SOURCE_ID":789,"kalae":0,"GiZScore":0.25186305304915657,"GiPValue":0.80114691875636979,"NNeighbors":393,"Gi_Bin":0}},{"type":"Feature","id":790,"geometry":{"type":"Point","coordinates":[98.991372650207509,18.778937530244672]},"properties":{"OBJECTID":790,"SOURCE_ID":790,"kalae":2,"GiZScore":0.71082805479293321,"GiPValue":0.47719079849994039,"NNeighbors":390,"Gi_Bin":0}},{"type":"Feature","id":791,"geometry":{"type":"Point","coordinates":[98.981608450153956,18.773164899558648]},"properties":{"OBJECTID":791,"SOURCE_ID":791,"kalae":0,"GiZScore":0.56115837033444083,"GiPValue":0.57468958204635712,"NNeighbors":281,"Gi_Bin":0}},{"type":"Feature","id":792,"geometry":{"type":"Point","coordinates":[98.981601869611922,18.772984250153176]},"properties":{"OBJECTID":792,"SOURCE_ID":792,"kalae":0,"GiZScore":0.6277933496587933,"GiPValue":0.53013932685419407,"NNeighbors":274,"Gi_Bin":0}},{"type":"Feature","id":793,"geometry":{"type":"Point","coordinates":[98.981595300469891,18.772803599841332]},"properties":{"OBJECTID":793,"SOURCE_ID":793,"kalae":1,"GiZScore":0.78428243619162552,"GiPValue":0.4328744098944397,"NNeighbors":267,"Gi_Bin":0}},{"type":"Feature","id":794,"geometry":{"type":"Point","coordinates":[98.981914960338514,18.77282441009373]},"properties":{"OBJECTID":794,"SOURCE_ID":794,"kalae":3,"GiZScore":0.66875431424479004,"GiPValue":0.50365221840857199,"NNeighbors":273,"Gi_Bin":0}},{"type":"Feature","id":795,"geometry":{"type":"Point","coordinates":[98.981894019759622,18.772101650304581]},"properties":{"OBJECTID":795,"SOURCE_ID":795,"kalae":1,"GiZScore":0.76000089181043951,"GiPValue":0.44725405803872853,"NNeighbors":258,"Gi_Bin":0}},{"type":"Feature","id":796,"geometry":{"type":"Point","coordinates":[98.982954489920729,18.771134489683071]},"properties":{"OBJECTID":796,"SOURCE_ID":796,"kalae":0,"GiZScore":0.69865031446337078,"GiPValue":0.4847705966285889,"NNeighbors":268,"Gi_Bin":0}},{"type":"Feature","id":797,"geometry":{"type":"Point","coordinates":[98.98164456033588,18.770726599641417]},"properties":{"OBJECTID":797,"SOURCE_ID":797,"kalae":0,"GiZScore":0.95036651664330729,"GiPValue":0.34192606295211825,"NNeighbors":244,"Gi_Bin":0}},{"type":"Feature","id":798,"geometry":{"type":"Point","coordinates":[98.983749750233912,18.769833940416639]},"properties":{"OBJECTID":798,"SOURCE_ID":798,"kalae":0,"GiZScore":0.93913746146652322,"GiPValue":0.34766018406111465,"NNeighbors":258,"Gi_Bin":0}},{"type":"Feature","id":799,"geometry":{"type":"Point","coordinates":[98.985053440470722,18.771328750232332]},"properties":{"OBJECTID":799,"SOURCE_ID":799,"kalae":1,"GiZScore":0.7414407546122046,"GiPValue":0.45842624728881609,"NNeighbors":299,"Gi_Bin":0}},{"type":"Feature","id":800,"geometry":{"type":"Point","coordinates":[98.985481800225813,18.770059859865253]},"properties":{"OBJECTID":800,"SOURCE_ID":800,"kalae":1,"GiZScore":0.95921932931231291,"GiPValue":0.33744827683929968,"NNeighbors":284,"Gi_Bin":0}},{"type":"Feature","id":801,"geometry":{"type":"Point","coordinates":[98.985679999740896,18.769861579814972]},"properties":{"OBJECTID":801,"SOURCE_ID":801,"kalae":2,"GiZScore":1.0843112629561042,"GiPValue":0.27822682982531366,"NNeighbors":282,"Gi_Bin":0}},{"type":"Feature","id":802,"geometry":{"type":"Point","coordinates":[98.985490100325364,18.769873799789146]},"properties":{"OBJECTID":802,"SOURCE_ID":802,"kalae":1,"GiZScore":0.94682833517744092,"GiPValue":0.34372627214392615,"NNeighbors":279,"Gi_Bin":0}},{"type":"Feature","id":803,"geometry":{"type":"Point","coordinates":[98.985050040122644,18.769355850433545]},"properties":{"OBJECTID":803,"SOURCE_ID":803,"kalae":0,"GiZScore":0.88805172732910909,"GiPValue":0.37451293695066012,"NNeighbors":273,"Gi_Bin":0}},{"type":"Feature","id":804,"geometry":{"type":"Point","coordinates":[98.987440440130712,18.772628979985118]},"properties":{"OBJECTID":804,"SOURCE_ID":804,"kalae":1,"GiZScore":0.67549838542969143,"GiPValue":0.49935918127182499,"NNeighbors":335,"Gi_Bin":0}},{"type":"Feature","id":805,"geometry":{"type":"Point","coordinates":[98.987183410028138,18.772606679579088]},"properties":{"OBJECTID":805,"SOURCE_ID":805,"kalae":0,"GiZScore":0.67266736473234567,"GiPValue":0.50115893869567074,"NNeighbors":334,"Gi_Bin":0}},{"type":"Feature","id":806,"geometry":{"type":"Point","coordinates":[98.986994419770824,18.772590360333787]},"properties":{"OBJECTID":806,"SOURCE_ID":806,"kalae":1,"GiZScore":0.74621987271445722,"GiPValue":0.45553461123841066,"NNeighbors":331,"Gi_Bin":0}},{"type":"Feature","id":807,"geometry":{"type":"Point","coordinates":[98.986587430359748,18.77257200992825]},"properties":{"OBJECTID":807,"SOURCE_ID":807,"kalae":1,"GiZScore":0.74069518550990043,"GiPValue":0.45887828497569805,"NNeighbors":329,"Gi_Bin":0}},{"type":"Feature","id":808,"geometry":{"type":"Point","coordinates":[98.983817009913963,18.772135930321777]},"properties":{"OBJECTID":808,"SOURCE_ID":808,"kalae":0,"GiZScore":0.49279249281623749,"GiPValue":0.62215921749265823,"NNeighbors":287,"Gi_Bin":0}},{"type":"Feature","id":809,"geometry":{"type":"Point","coordinates":[98.984267989778004,18.772154470321603]},"properties":{"OBJECTID":809,"SOURCE_ID":809,"kalae":2,"GiZScore":0.46211766235191248,"GiPValue":0.64399694630528503,"NNeighbors":291,"Gi_Bin":0}},{"type":"Feature","id":810,"geometry":{"type":"Point","coordinates":[98.984790759535144,18.772247920356161]},"properties":{"OBJECTID":810,"SOURCE_ID":810,"kalae":0,"GiZScore":1.0158384040761752,"GiPValue":0.30970635867451834,"NNeighbors":307,"Gi_Bin":0}},{"type":"Feature","id":811,"geometry":{"type":"Point","coordinates":[98.984980520006417,18.772249529987146]},"properties":{"OBJECTID":811,"SOURCE_ID":811,"kalae":1,"GiZScore":0.97126440885432863,"GiPValue":0.33141663970368074,"NNeighbors":306,"Gi_Bin":0}},{"type":"Feature","id":812,"geometry":{"type":"Point","coordinates":[98.984617320136181,18.773939380080915]},"properties":{"OBJECTID":812,"SOURCE_ID":812,"kalae":1,"GiZScore":0.63847228154091062,"GiPValue":0.52316629573492401,"NNeighbors":322,"Gi_Bin":0}},{"type":"Feature","id":813,"geometry":{"type":"Point","coordinates":[98.984237420187853,18.774788129689011]},"properties":{"OBJECTID":813,"SOURCE_ID":813,"kalae":0,"GiZScore":0.5791726258472697,"GiPValue":0.56247270242541436,"NNeighbors":330,"Gi_Bin":0}},{"type":"Feature","id":814,"geometry":{"type":"Point","coordinates":[98.98606995019928,18.773888739827466]},"properties":{"OBJECTID":814,"SOURCE_ID":814,"kalae":1,"GiZScore":0.57635996292693226,"GiPValue":0.56437190320305719,"NNeighbors":343,"Gi_Bin":0}},{"type":"Feature","id":815,"geometry":{"type":"Point","coordinates":[98.9854835495955,18.773898370280264]},"properties":{"OBJECTID":815,"SOURCE_ID":815,"kalae":2,"GiZScore":0.5090231136903608,"GiPValue":0.61073602484575251,"NNeighbors":334,"Gi_Bin":0}},{"type":"Feature","id":816,"geometry":{"type":"Point","coordinates":[98.981216770320472,18.774475560198553]},"properties":{"OBJECTID":816,"SOURCE_ID":816,"kalae":0,"GiZScore":0.63358243742559828,"GiPValue":0.52635336908882446,"NNeighbors":291,"Gi_Bin":0}},{"type":"Feature","id":817,"geometry":{"type":"Point","coordinates":[98.981391039934621,18.774404010080747]},"properties":{"OBJECTID":817,"SOURCE_ID":817,"kalae":1,"GiZScore":0.59071624365717679,"GiPValue":0.55471056536234498,"NNeighbors":291,"Gi_Bin":0}},{"type":"Feature","id":818,"geometry":{"type":"Point","coordinates":[98.981576949900358,18.774297230291541]},"properties":{"OBJECTID":818,"SOURCE_ID":818,"kalae":2,"GiZScore":1.0669678298335235,"GiPValue":0.28598637908339963,"NNeighbors":293,"Gi_Bin":0}},{"type":"Feature","id":819,"geometry":{"type":"Point","coordinates":[98.981954460382525,18.774109749578137]},"properties":{"OBJECTID":819,"SOURCE_ID":819,"kalae":3,"GiZScore":1.0242049271755747,"GiPValue":0.30573850630017774,"NNeighbors":293,"Gi_Bin":0}},{"type":"Feature","id":820,"geometry":{"type":"Point","coordinates":[98.983300160453567,18.77369387977414]},"properties":{"OBJECTID":820,"SOURCE_ID":820,"kalae":2,"GiZScore":0.79469952836740543,"GiPValue":0.42678831385668914,"NNeighbors":303,"Gi_Bin":0}},{"type":"Feature","id":821,"geometry":{"type":"Point","coordinates":[98.984008760300384,18.773381649573299]},"properties":{"OBJECTID":821,"SOURCE_ID":821,"kalae":1,"GiZScore":0.80545864204376683,"GiPValue":0.4205550706543052,"NNeighbors":307,"Gi_Bin":0}},{"type":"Feature","id":822,"geometry":{"type":"Point","coordinates":[98.987776580275977,18.774446900155787]},"properties":{"OBJECTID":822,"SOURCE_ID":822,"kalae":1,"GiZScore":0.62273265962181612,"GiPValue":0.533460220459125,"NNeighbors":359,"Gi_Bin":0}},{"type":"Feature","id":823,"geometry":{"type":"Point","coordinates":[98.986525060021734,18.77459460012307]},"properties":{"OBJECTID":823,"SOURCE_ID":823,"kalae":2,"GiZScore":0.41972018348775636,"GiPValue":0.67468987987858975,"NNeighbors":358,"Gi_Bin":0}},{"type":"Feature","id":824,"geometry":{"type":"Point","coordinates":[98.986725749738753,18.774564289603497]},"properties":{"OBJECTID":824,"SOURCE_ID":824,"kalae":0,"GiZScore":0.3796932251459052,"GiPValue":0.70417315060885555,"NNeighbors":358,"Gi_Bin":0}},{"type":"Feature","id":825,"geometry":{"type":"Point","coordinates":[98.986909609544313,18.77460907002413]},"properties":{"OBJECTID":825,"SOURCE_ID":825,"kalae":1,"GiZScore":0.46577186619336108,"GiPValue":0.64137880649991352,"NNeighbors":360,"Gi_Bin":0}},{"type":"Feature","id":826,"geometry":{"type":"Point","coordinates":[98.987271759799711,18.774697269738439]},"properties":{"OBJECTID":826,"SOURCE_ID":826,"kalae":0,"GiZScore":0.47778143247496352,"GiPValue":0.63280577948687977,"NNeighbors":364,"Gi_Bin":0}},{"type":"Feature","id":827,"geometry":{"type":"Point","coordinates":[98.988529400401319,18.774210559666255]},"properties":{"OBJECTID":827,"SOURCE_ID":827,"kalae":2,"GiZScore":0.59145868020516246,"GiPValue":0.55421313586821142,"NNeighbors":362,"Gi_Bin":0}},{"type":"Feature","id":828,"geometry":{"type":"Point","coordinates":[98.994045480182166,18.77648639020433]},"properties":{"OBJECTID":828,"SOURCE_ID":828,"kalae":2,"GiZScore":0.6655667685819342,"GiPValue":0.50568805742173573,"NNeighbors":360,"Gi_Bin":0}},{"type":"Feature","id":829,"geometry":{"type":"Point","coordinates":[98.992862779550734,18.774902690252141]},"properties":{"OBJECTID":829,"SOURCE_ID":829,"kalae":1,"GiZScore":0.20866244109038923,"GiPValue":0.83471176248653756,"NNeighbors":367,"Gi_Bin":0}},{"type":"Feature","id":830,"geometry":{"type":"Point","coordinates":[98.992722759975393,18.774780690314767]},"properties":{"OBJECTID":830,"SOURCE_ID":830,"kalae":1,"GiZScore":0.24838993247752253,"GiPValue":0.80383272250592686,"NNeighbors":367,"Gi_Bin":0}},{"type":"Feature","id":831,"geometry":{"type":"Point","coordinates":[98.992582739653116,18.774658680329235]},"properties":{"OBJECTID":831,"SOURCE_ID":831,"kalae":1,"GiZScore":0.24838993247752253,"GiPValue":0.80383272250592686,"NNeighbors":367,"Gi_Bin":0}},{"type":"Feature","id":832,"geometry":{"type":"Point","coordinates":[98.990170799863492,18.773327440156706]},"properties":{"OBJECTID":832,"SOURCE_ID":832,"kalae":2,"GiZScore":0.43795594188054088,"GiPValue":0.66141822299706221,"NNeighbors":364,"Gi_Bin":0}},{"type":"Feature","id":833,"geometry":{"type":"Point","coordinates":[98.992402080429954,18.775021380445153]},"properties":{"OBJECTID":833,"SOURCE_ID":833,"kalae":0,"GiZScore":0.2150796228500208,"GiPValue":0.82970524089023601,"NNeighbors":369,"Gi_Bin":0}},{"type":"Feature","id":834,"geometry":{"type":"Point","coordinates":[98.991191909758953,18.774242099981247]},"properties":{"OBJECTID":834,"SOURCE_ID":834,"kalae":0,"GiZScore":0.19154087398047728,"GiPValue":0.84810186058895098,"NNeighbors":374,"Gi_Bin":0}},{"type":"Feature","id":835,"geometry":{"type":"Point","coordinates":[98.990864709584685,18.774058889554315]},"properties":{"OBJECTID":835,"SOURCE_ID":835,"kalae":1,"GiZScore":0.23104656503671503,"GiPValue":0.81727862705207277,"NNeighbors":374,"Gi_Bin":0}},{"type":"Feature","id":836,"geometry":{"type":"Point","coordinates":[98.990537519605411,18.773875690301061]},"properties":{"OBJECTID":836,"SOURCE_ID":836,"kalae":2,"GiZScore":0.37680669746169759,"GiPValue":0.70631726396035166,"NNeighbors":370,"Gi_Bin":0}},{"type":"Feature","id":837,"geometry":{"type":"Point","coordinates":[98.990128729683178,18.773758270382356]},"properties":{"OBJECTID":837,"SOURCE_ID":837,"kalae":0,"GiZScore":0.46208118829610356,"GiPValue":0.6440231013451998,"NNeighbors":372,"Gi_Bin":0}},{"type":"Feature","id":838,"geometry":{"type":"Point","coordinates":[98.99136260021325,18.769986819999776]},"properties":{"OBJECTID":838,"SOURCE_ID":838,"kalae":0,"GiZScore":0.50303392533996982,"GiPValue":0.6149404223003837,"NNeighbors":332,"Gi_Bin":0}},{"type":"Feature","id":839,"geometry":{"type":"Point","coordinates":[98.982777559909593,18.768927010331698]},"properties":{"OBJECTID":839,"SOURCE_ID":839,"kalae":1,"GiZScore":1.2629373584926125,"GiPValue":0.20661171761979313,"NNeighbors":240,"Gi_Bin":0}},{"type":"Feature","id":840,"geometry":{"type":"Point","coordinates":[98.982791139651852,18.768746719739102]},"properties":{"OBJECTID":840,"SOURCE_ID":840,"kalae":3,"GiZScore":1.2610427035894669,"GiPValue":0.20729348680791448,"NNeighbors":239,"Gi_Bin":0}},{"type":"Feature","id":841,"geometry":{"type":"Point","coordinates":[98.982811209957575,18.768456590207698]},"properties":{"OBJECTID":841,"SOURCE_ID":841,"kalae":3,"GiZScore":1.308966966091432,"GiPValue":0.19054554078072164,"NNeighbors":240,"Gi_Bin":0}},{"type":"Feature","id":842,"geometry":{"type":"Point","coordinates":[98.982823029586982,18.768276190083121]},"properties":{"OBJECTID":842,"SOURCE_ID":842,"kalae":3,"GiZScore":1.1163851143272181,"GiPValue":0.26425734054720906,"NNeighbors":236,"Gi_Bin":0}},{"type":"Feature","id":843,"geometry":{"type":"Point","coordinates":[98.982834839703969,18.768095780011723]},"properties":{"OBJECTID":843,"SOURCE_ID":843,"kalae":0,"GiZScore":0.96801886768821188,"GiPValue":0.33303495910394765,"NNeighbors":232,"Gi_Bin":0}},{"type":"Feature","id":844,"geometry":{"type":"Point","coordinates":[98.987489319792317,18.767981880405873]},"properties":{"OBJECTID":844,"SOURCE_ID":844,"kalae":1,"GiZScore":0.48362277446983698,"GiPValue":0.62865361048849155,"NNeighbors":298,"Gi_Bin":0}},{"type":"Feature","id":845,"geometry":{"type":"Point","coordinates":[98.979130579807233,18.767793979846772]},"properties":{"OBJECTID":845,"SOURCE_ID":845,"kalae":1,"GiZScore":0.91404580648824496,"GiPValue":0.36069278739375443,"NNeighbors":188,"Gi_Bin":0}},{"type":"Feature","id":846,"geometry":{"type":"Point","coordinates":[98.979209940391854,18.767491179808317]},"properties":{"OBJECTID":846,"SOURCE_ID":846,"kalae":1,"GiZScore":0.81000334742815439,"GiPValue":0.41793825932425899,"NNeighbors":187,"Gi_Bin":0}},{"type":"Feature","id":847,"geometry":{"type":"Point","coordinates":[98.994399930201368,18.763883870421981]},"properties":{"OBJECTID":847,"SOURCE_ID":847,"kalae":2,"GiZScore":-0.041567422374122913,"GiPValue":0.96684354396160554,"NNeighbors":213,"Gi_Bin":0}},{"type":"Feature","id":848,"geometry":{"type":"Point","coordinates":[98.995258550157786,18.764577270328957]},"properties":{"OBJECTID":848,"SOURCE_ID":848,"kalae":0,"GiZScore":-0.072831464984232749,"GiPValue":0.94194023200162669,"NNeighbors":217,"Gi_Bin":0}},{"type":"Feature","id":849,"geometry":{"type":"Point","coordinates":[98.995985169828273,18.765158439680135]},"properties":{"OBJECTID":849,"SOURCE_ID":849,"kalae":1,"GiZScore":-0.31370956508566217,"GiPValue":0.75374163584583886,"NNeighbors":227,"Gi_Bin":0}},{"type":"Feature","id":850,"geometry":{"type":"Point","coordinates":[98.997206879960174,18.766155239828411]},"properties":{"OBJECTID":850,"SOURCE_ID":850,"kalae":0,"GiZScore":-0.62771328619434164,"GiPValue":0.53019178371503928,"NNeighbors":230,"Gi_Bin":0}},{"type":"Feature","id":851,"geometry":{"type":"Point","coordinates":[98.994719930249843,18.764618479629977]},"properties":{"OBJECTID":851,"SOURCE_ID":851,"kalae":2,"GiZScore":-0.01673463271397024,"GiPValue":0.98664831811353093,"NNeighbors":219,"Gi_Bin":0}},{"type":"Feature","id":852,"geometry":{"type":"Point","coordinates":[98.994203219734814,18.764406640013146]},"properties":{"OBJECTID":852,"SOURCE_ID":852,"kalae":1,"GiZScore":-0.020834989560178398,"GiPValue":0.98337728615697928,"NNeighbors":218,"Gi_Bin":0}},{"type":"Feature","id":853,"geometry":{"type":"Point","coordinates":[98.994499090470299,18.764633059553343]},"properties":{"OBJECTID":853,"SOURCE_ID":853,"kalae":0,"GiZScore":0.030972115334766837,"GiPValue":0.97529177773733267,"NNeighbors":219,"Gi_Bin":0}},{"type":"Feature","id":854,"geometry":{"type":"Point","coordinates":[98.992236950128031,18.767221049885016]},"properties":{"OBJECTID":854,"SOURCE_ID":854,"kalae":0,"GiZScore":0.15513143624516734,"GiPValue":0.87671769968628088,"NNeighbors":289,"Gi_Bin":0}},{"type":"Feature","id":855,"geometry":{"type":"Point","coordinates":[98.99157104040772,18.767260990309858]},"properties":{"OBJECTID":855,"SOURCE_ID":855,"kalae":1,"GiZScore":0.17238198310247255,"GiPValue":0.86313723562482769,"NNeighbors":294,"Gi_Bin":0}},{"type":"Feature","id":856,"geometry":{"type":"Point","coordinates":[98.991378110070016,18.767272530155775]},"properties":{"OBJECTID":856,"SOURCE_ID":856,"kalae":0,"GiZScore":0.18604963484274412,"GiPValue":0.85240583788495905,"NNeighbors":298,"Gi_Bin":0}},{"type":"Feature","id":857,"geometry":{"type":"Point","coordinates":[98.992225330362544,18.766780000200523]},"properties":{"OBJECTID":857,"SOURCE_ID":857,"kalae":1,"GiZScore":0.19125450636308725,"GiPValue":0.84832620186918883,"NNeighbors":287,"Gi_Bin":0}},{"type":"Feature","id":858,"geometry":{"type":"Point","coordinates":[98.991912959928953,18.766797250266119]},"properties":{"OBJECTID":858,"SOURCE_ID":858,"kalae":0,"GiZScore":0.23433136157068013,"GiPValue":0.81472774078593935,"NNeighbors":287,"Gi_Bin":0}},{"type":"Feature","id":859,"geometry":{"type":"Point","coordinates":[98.991723510415412,18.766807689802061]},"properties":{"OBJECTID":859,"SOURCE_ID":859,"kalae":2,"GiZScore":0.22756086558593563,"GiPValue":0.81998764664315427,"NNeighbors":285,"Gi_Bin":0}},{"type":"Feature","id":860,"geometry":{"type":"Point","coordinates":[98.991569400364469,18.767290189921084]},"properties":{"OBJECTID":860,"SOURCE_ID":860,"kalae":1,"GiZScore":0.21847068289917537,"GiPValue":0.82706239843423413,"NNeighbors":295,"Gi_Bin":0}},{"type":"Feature","id":861,"geometry":{"type":"Point","coordinates":[98.991543809554287,18.766900389951942]},"properties":{"OBJECTID":861,"SOURCE_ID":861,"kalae":2,"GiZScore":0.15165844699618031,"GiPValue":0.87945633251794508,"NNeighbors":288,"Gi_Bin":0}},{"type":"Feature","id":862,"geometry":{"type":"Point","coordinates":[99.024713800369327,18.784079749594188]},"properties":{"OBJECTID":862,"SOURCE_ID":862,"kalae":2,"GiZScore":-0.87190590850828609,"GiPValue":0.38325971929847302,"NNeighbors":132,"Gi_Bin":0}},{"type":"Feature","id":863,"geometry":{"type":"Point","coordinates":[99.024704599559385,18.784260289990193]},"properties":{"OBJECTID":863,"SOURCE_ID":863,"kalae":0,"GiZScore":-0.89608222631914591,"GiPValue":0.3702088588749004,"NNeighbors":129,"Gi_Bin":0}},{"type":"Feature","id":864,"geometry":{"type":"Point","coordinates":[99.024686210218505,18.784621379806708]},"properties":{"OBJECTID":864,"SOURCE_ID":864,"kalae":0,"GiZScore":-0.91256186048517307,"GiPValue":0.36147303137157483,"NNeighbors":127,"Gi_Bin":0}},{"type":"Feature","id":865,"geometry":{"type":"Point","coordinates":[99.024649410428694,18.785343560299332]},"properties":{"OBJECTID":865,"SOURCE_ID":865,"kalae":1,"GiZScore":-0.82452283386541092,"GiPValue":0.4096425548806879,"NNeighbors":123,"Gi_Bin":0}},{"type":"Feature","id":866,"geometry":{"type":"Point","coordinates":[99.024562070100188,18.786346260076993]},"properties":{"OBJECTID":866,"SOURCE_ID":866,"kalae":0,"GiZScore":-0.91976307215891528,"GiPValue":0.35769659537365661,"NNeighbors":119,"Gi_Bin":0}},{"type":"Feature","id":867,"geometry":{"type":"Point","coordinates":[99.024491280163332,18.787055890336756]},"properties":{"OBJECTID":867,"SOURCE_ID":867,"kalae":1,"GiZScore":-0.91976307215891528,"GiPValue":0.35769659537365661,"NNeighbors":119,"Gi_Bin":0}},{"type":"Feature","id":868,"geometry":{"type":"Point","coordinates":[99.022965339911963,18.786212120351795]},"properties":{"OBJECTID":868,"SOURCE_ID":868,"kalae":2,"GiZScore":-1.1714324706395391,"GiPValue":0.2414250073471339,"NNeighbors":125,"Gi_Bin":0}},{"type":"Feature","id":869,"geometry":{"type":"Point","coordinates":[99.022775680298082,18.786218499922597]},"properties":{"OBJECTID":869,"SOURCE_ID":869,"kalae":3,"GiZScore":-1.0751214973043959,"GiPValue":0.2823203523137463,"NNeighbors":129,"Gi_Bin":0}},{"type":"Feature","id":870,"geometry":{"type":"Point","coordinates":[99.020711490310148,18.786053350367197]},"properties":{"OBJECTID":870,"SOURCE_ID":870,"kalae":2,"GiZScore":-1.130506755320333,"GiPValue":0.25826277221268068,"NNeighbors":143,"Gi_Bin":0}},{"type":"Feature","id":871,"geometry":{"type":"Point","coordinates":[99.02456384007786,18.78168659956885]},"properties":{"OBJECTID":871,"SOURCE_ID":871,"kalae":0,"GiZScore":-0.68120252249568913,"GiPValue":0.49574335669322711,"NNeighbors":142,"Gi_Bin":0}},{"type":"Feature","id":872,"geometry":{"type":"Point","coordinates":[99.024181489807745,18.782543410431714]},"properties":{"OBJECTID":872,"SOURCE_ID":872,"kalae":0,"GiZScore":-0.99283903680806407,"GiPValue":0.32078841591127649,"NNeighbors":146,"Gi_Bin":0}},{"type":"Feature","id":873,"geometry":{"type":"Point","coordinates":[99.023611189852232,18.783684039626092]},"properties":{"OBJECTID":873,"SOURCE_ID":873,"kalae":2,"GiZScore":-0.92550446933608044,"GiPValue":0.35470357081170156,"NNeighbors":140,"Gi_Bin":0}},{"type":"Feature","id":874,"geometry":{"type":"Point","coordinates":[99.024966950040906,18.782260380287394]},"properties":{"OBJECTID":874,"SOURCE_ID":874,"kalae":0,"GiZScore":-1.0006449483021089,"GiPValue":0.31699850471899116,"NNeighbors":145,"Gi_Bin":0}},{"type":"Feature","id":875,"geometry":{"type":"Point","coordinates":[99.02517330000984,18.781212969679327]},"properties":{"OBJECTID":875,"SOURCE_ID":875,"kalae":0,"GiZScore":-0.64461618759723338,"GiPValue":0.5191759459267492,"NNeighbors":139,"Gi_Bin":0}},{"type":"Feature","id":876,"geometry":{"type":"Point","coordinates":[99.021089109666676,18.784422919948245]},"properties":{"OBJECTID":876,"SOURCE_ID":876,"kalae":1,"GiZScore":-1.0493557123890622,"GiPValue":0.29401444865019188,"NNeighbors":146,"Gi_Bin":0}},{"type":"Feature","id":877,"geometry":{"type":"Point","coordinates":[99.021101990083665,18.78368359969495]},"properties":{"OBJECTID":877,"SOURCE_ID":877,"kalae":0,"GiZScore":-1.0429621685511512,"GiPValue":0.29696582955747042,"NNeighbors":154,"Gi_Bin":0}},{"type":"Feature","id":878,"geometry":{"type":"Point","coordinates":[99.025450170327304,18.764480220429576]},"properties":{"OBJECTID":878,"SOURCE_ID":878,"kalae":3,"GiZScore":0.10275700560203202,"GiPValue":0.91815582913275051,"NNeighbors":113,"Gi_Bin":0}},{"type":"Feature","id":879,"geometry":{"type":"Point","coordinates":[99.024680099998093,18.766366920194482]},"properties":{"OBJECTID":879,"SOURCE_ID":879,"kalae":2,"GiZScore":-0.032051283266413433,"GiPValue":0.97443115374825418,"NNeighbors":123,"Gi_Bin":0}},{"type":"Feature","id":880,"geometry":{"type":"Point","coordinates":[99.02497452022827,18.767577970264774]},"properties":{"OBJECTID":880,"SOURCE_ID":880,"kalae":0,"GiZScore":-0.34642847815210492,"GiPValue":0.72902072673971818,"NNeighbors":131,"Gi_Bin":0}},{"type":"Feature","id":881,"geometry":{"type":"Point","coordinates":[99.026159989708276,18.766806069953262]},"properties":{"OBJECTID":881,"SOURCE_ID":881,"kalae":2,"GiZScore":-0.15396998335856688,"GiPValue":0.87763340318321759,"NNeighbors":123,"Gi_Bin":0}},{"type":"Feature","id":882,"geometry":{"type":"Point","coordinates":[99.02614299982659,18.766235959951146]},"properties":{"OBJECTID":882,"SOURCE_ID":882,"kalae":2,"GiZScore":0.065111551137993051,"GiPValue":0.94808518347131965,"NNeighbors":118,"Gi_Bin":0}},{"type":"Feature","id":883,"geometry":{"type":"Point","coordinates":[99.026755290142631,18.765336600142238]},"properties":{"OBJECTID":883,"SOURCE_ID":883,"kalae":0,"GiZScore":0.44721004121311791,"GiPValue":0.65472341340549101,"NNeighbors":103,"Gi_Bin":0}},{"type":"Feature","id":884,"geometry":{"type":"Point","coordinates":[99.027361919583967,18.765151689744602]},"properties":{"OBJECTID":884,"SOURCE_ID":884,"kalae":2,"GiZScore":0.50989843678330571,"GiPValue":0.6101226191518212,"NNeighbors":102,"Gi_Bin":0}},{"type":"Feature","id":885,"geometry":{"type":"Point","coordinates":[99.027542719983714,18.765096820239123]},"properties":{"OBJECTID":885,"SOURCE_ID":885,"kalae":2,"GiZScore":0.43618893094538519,"GiPValue":0.66269965954923871,"NNeighbors":100,"Gi_Bin":0}},{"type":"Feature","id":886,"geometry":{"type":"Point","coordinates":[99.028113389627322,18.764850790190717]},"properties":{"OBJECTID":886,"SOURCE_ID":886,"kalae":9,"GiZScore":0.42497804733219091,"GiPValue":0.6708526791129249,"NNeighbors":97,"Gi_Bin":0}},{"type":"Feature","id":887,"geometry":{"type":"Point","coordinates":[99.026928839781021,18.765721260424357]},"properties":{"OBJECTID":887,"SOURCE_ID":887,"kalae":0,"GiZScore":0.38508698500083899,"GiPValue":0.70017297120820654,"NNeighbors":104,"Gi_Bin":0}},{"type":"Feature","id":888,"geometry":{"type":"Point","coordinates":[99.02531907012937,18.766299820447323]},"properties":{"OBJECTID":888,"SOURCE_ID":888,"kalae":0,"GiZScore":0.013483045718142399,"GiPValue":0.98924241193028728,"NNeighbors":120,"Gi_Bin":0}},{"type":"Feature","id":889,"geometry":{"type":"Point","coordinates":[99.025731530226551,18.766282839743319]},"properties":{"OBJECTID":889,"SOURCE_ID":889,"kalae":0,"GiZScore":0.013483045718142399,"GiPValue":0.98924241193028728,"NNeighbors":120,"Gi_Bin":0}},{"type":"Feature","id":890,"geometry":{"type":"Point","coordinates":[99.022446260135453,18.764659819761622]},"properties":{"OBJECTID":890,"SOURCE_ID":890,"kalae":0,"GiZScore":-0.19141404049997648,"GiPValue":0.8482012208141968,"NNeighbors":127,"Gi_Bin":0}},{"type":"Feature","id":891,"geometry":{"type":"Point","coordinates":[99.020224839694393,18.77037373038085]},"properties":{"OBJECTID":891,"SOURCE_ID":891,"kalae":1,"GiZScore":-1.2529371901258817,"GiPValue":0.21022859036583308,"NNeighbors":169,"Gi_Bin":0}},{"type":"Feature","id":892,"geometry":{"type":"Point","coordinates":[99.020175300042297,18.770026449580044]},"properties":{"OBJECTID":892,"SOURCE_ID":892,"kalae":1,"GiZScore":-1.3138312139505637,"GiPValue":0.1889030108876861,"NNeighbors":168,"Gi_Bin":0}},{"type":"Feature","id":893,"geometry":{"type":"Point","coordinates":[99.020268150390464,18.769409999915631]},"properties":{"OBJECTID":893,"SOURCE_ID":893,"kalae":4,"GiZScore":-1.1382127576013013,"GiPValue":0.25503167179632669,"NNeighbors":163,"Gi_Bin":0}},{"type":"Feature","id":894,"geometry":{"type":"Point","coordinates":[99.020303120009416,18.769218879585519]},"properties":{"OBJECTID":894,"SOURCE_ID":894,"kalae":1,"GiZScore":-1.0917753679068136,"GiPValue":0.27493186538360159,"NNeighbors":162,"Gi_Bin":0}},{"type":"Feature","id":895,"geometry":{"type":"Point","coordinates":[99.021750189530067,18.767498819679737]},"properties":{"OBJECTID":895,"SOURCE_ID":895,"kalae":1,"GiZScore":-0.32041009962229511,"GiPValue":0.74865747091085588,"NNeighbors":145,"Gi_Bin":0}},{"type":"Feature","id":896,"geometry":{"type":"Point","coordinates":[99.021715359700153,18.768040079804109]},"properties":{"OBJECTID":896,"SOURCE_ID":896,"kalae":2,"GiZScore":-0.62053192326702655,"GiPValue":0.53490764696638116,"NNeighbors":151,"Gi_Bin":0}},{"type":"Feature","id":897,"geometry":{"type":"Point","coordinates":[99.021703750340507,18.768220500439671]},"properties":{"OBJECTID":897,"SOURCE_ID":897,"kalae":1,"GiZScore":-0.66956919420402472,"GiPValue":0.50313246177517512,"NNeighbors":152,"Gi_Bin":0}},{"type":"Feature","id":898,"geometry":{"type":"Point","coordinates":[99.022000480079484,18.766703279756143]},"properties":{"OBJECTID":898,"SOURCE_ID":898,"kalae":0,"GiZScore":-0.13024701767962435,"GiPValue":0.89637099667155606,"NNeighbors":138,"Gi_Bin":0}},{"type":"Feature","id":899,"geometry":{"type":"Point","coordinates":[99.021810579870746,18.766631909732229]},"properties":{"OBJECTID":899,"SOURCE_ID":899,"kalae":3,"GiZScore":-0.18266155389328828,"GiPValue":0.85506358379203606,"NNeighbors":139,"Gi_Bin":0}},{"type":"Feature","id":900,"geometry":{"type":"Point","coordinates":[99.021633959961861,18.766565819734303]},"properties":{"OBJECTID":900,"SOURCE_ID":900,"kalae":0,"GiZScore":-0.077499645464722475,"GiPValue":0.93822607330652597,"NNeighbors":137,"Gi_Bin":0}},{"type":"Feature","id":901,"geometry":{"type":"Point","coordinates":[99.022130450113991,18.766374810427902]},"properties":{"OBJECTID":901,"SOURCE_ID":901,"kalae":0,"GiZScore":-0.024413605172718993,"GiPValue":0.98052269620033972,"NNeighbors":136,"Gi_Bin":0}},{"type":"Feature","id":902,"geometry":{"type":"Point","coordinates":[99.021954489560855,18.766307129980223]},"properties":{"OBJECTID":902,"SOURCE_ID":902,"kalae":1,"GiZScore":-0.077499645464722475,"GiPValue":0.93822607330652597,"NNeighbors":137,"Gi_Bin":0}},{"type":"Feature","id":903,"geometry":{"type":"Point","coordinates":[99.021250669621054,18.76603638031489]},"properties":{"OBJECTID":903,"SOURCE_ID":903,"kalae":2,"GiZScore":-0.193726413121249,"GiPValue":0.84639010905074497,"NNeighbors":137,"Gi_Bin":0}},{"type":"Feature","id":904,"geometry":{"type":"Point","coordinates":[99.022051539677008,18.765948700260552]},"properties":{"OBJECTID":904,"SOURCE_ID":904,"kalae":2,"GiZScore":-0.15193484582919786,"GiPValue":0.87923832437789606,"NNeighbors":134,"Gi_Bin":0}},{"type":"Feature","id":905,"geometry":{"type":"Point","coordinates":[99.021874119854829,18.765884599823007]},"properties":{"OBJECTID":905,"SOURCE_ID":905,"kalae":0,"GiZScore":-0.15193484582919786,"GiPValue":0.87923832437789606,"NNeighbors":134,"Gi_Bin":0}},{"type":"Feature","id":906,"geometry":{"type":"Point","coordinates":[99.021341829881706,18.765692300211768]},"properties":{"OBJECTID":906,"SOURCE_ID":906,"kalae":0,"GiZScore":-0.15193484582919786,"GiPValue":0.87923832437789606,"NNeighbors":134,"Gi_Bin":0}},{"type":"Feature","id":907,"geometry":{"type":"Point","coordinates":[99.022747129781436,18.763481609928316]},"properties":{"OBJECTID":907,"SOURCE_ID":907,"kalae":0,"GiZScore":-0.04815373470765142,"GiPValue":0.96159372173502922,"NNeighbors":120,"Gi_Bin":0}},{"type":"Feature","id":908,"geometry":{"type":"Point","coordinates":[99.023212830401576,18.763077920314085]},"properties":{"OBJECTID":908,"SOURCE_ID":908,"kalae":1,"GiZScore":-0.018429752151293617,"GiPValue":0.98529601768436803,"NNeighbors":114,"Gi_Bin":0}},{"type":"Feature","id":909,"geometry":{"type":"Point","coordinates":[99.022609880339104,18.762856660160619]},"properties":{"OBJECTID":909,"SOURCE_ID":909,"kalae":3,"GiZScore":-0.013007193005023909,"GiPValue":0.98962205415737192,"NNeighbors":115,"Gi_Bin":0}},{"type":"Feature","id":910,"geometry":{"type":"Point","coordinates":[99.022144430194686,18.77209765003818]},"properties":{"OBJECTID":910,"SOURCE_ID":910,"kalae":2,"GiZScore":-1.0194749549650175,"GiPValue":0.3079775514521933,"NNeighbors":172,"Gi_Bin":0}},{"type":"Feature","id":911,"geometry":{"type":"Point","coordinates":[99.023018730005361,18.771308949978597]},"properties":{"OBJECTID":911,"SOURCE_ID":911,"kalae":0,"GiZScore":-1.0304250662810879,"GiPValue":0.30281052597866165,"NNeighbors":163,"Gi_Bin":0}},{"type":"Feature","id":912,"geometry":{"type":"Point","coordinates":[99.023573819571965,18.771095299682397]},"properties":{"OBJECTID":912,"SOURCE_ID":912,"kalae":0,"GiZScore":-0.75323364535989645,"GiPValue":0.45130953061911538,"NNeighbors":156,"Gi_Bin":0}},{"type":"Feature","id":913,"geometry":{"type":"Point","coordinates":[99.024846579970216,18.770668650438129]},"properties":{"OBJECTID":913,"SOURCE_ID":913,"kalae":2,"GiZScore":-0.69649453658339755,"GiPValue":0.48611918243831131,"NNeighbors":148,"Gi_Bin":0}},{"type":"Feature","id":914,"geometry":{"type":"Point","coordinates":[99.02511608007768,18.770629650194021]},"properties":{"OBJECTID":914,"SOURCE_ID":914,"kalae":1,"GiZScore":-0.49679399776965222,"GiPValue":0.61933433016617268,"NNeighbors":144,"Gi_Bin":0}},{"type":"Feature","id":915,"geometry":{"type":"Point","coordinates":[99.025947109729415,18.770178969860407]},"properties":{"OBJECTID":915,"SOURCE_ID":915,"kalae":0,"GiZScore":-0.69525262856830916,"GiPValue":0.48689700058999319,"NNeighbors":140,"Gi_Bin":0}},{"type":"Feature","id":916,"geometry":{"type":"Point","coordinates":[99.026232699604222,18.768794380199811]},"properties":{"OBJECTID":916,"SOURCE_ID":916,"kalae":1,"GiZScore":-0.56271825519238861,"GiPValue":0.57362675409527686,"NNeighbors":134,"Gi_Bin":0}},{"type":"Feature","id":917,"geometry":{"type":"Point","coordinates":[99.023308609599567,18.7708350502384]},"properties":{"OBJECTID":917,"SOURCE_ID":917,"kalae":0,"GiZScore":-0.85603566926370112,"GiPValue":0.3919780586762398,"NNeighbors":157,"Gi_Bin":0}},{"type":"Feature","id":918,"geometry":{"type":"Point","coordinates":[99.023579499745949,18.770709730074891]},"properties":{"OBJECTID":918,"SOURCE_ID":918,"kalae":0,"GiZScore":-0.61403209152250904,"GiPValue":0.53919412440683878,"NNeighbors":152,"Gi_Bin":0}},{"type":"Feature","id":919,"geometry":{"type":"Point","coordinates":[99.024286149891211,18.770281309641579]},"properties":{"OBJECTID":919,"SOURCE_ID":919,"kalae":0,"GiZScore":-0.52794531673967127,"GiPValue":0.59753729265376809,"NNeighbors":148,"Gi_Bin":0}},{"type":"Feature","id":920,"geometry":{"type":"Point","coordinates":[99.024469419697127,18.769639660211578]},"properties":{"OBJECTID":920,"SOURCE_ID":920,"kalae":0,"GiZScore":-0.71025565890307363,"GiPValue":0.47754561636763804,"NNeighbors":146,"Gi_Bin":0}},{"type":"Feature","id":921,"geometry":{"type":"Point","coordinates":[99.025545670323837,18.763189729702574]},"properties":{"OBJECTID":921,"SOURCE_ID":921,"kalae":2,"GiZScore":0.38116309847020913,"GiPValue":0.70308222993832858,"NNeighbors":103,"Gi_Bin":0}},{"type":"Feature","id":922,"geometry":{"type":"Point","coordinates":[99.023513969618577,18.792137700410787]},"properties":{"OBJECTID":922,"SOURCE_ID":922,"kalae":0,"GiZScore":-0.78053329531188276,"GiPValue":0.4350770442079448,"NNeighbors":106,"Gi_Bin":0}},{"type":"Feature","id":923,"geometry":{"type":"Point","coordinates":[99.023880640071212,18.791504589633107]},"properties":{"OBJECTID":923,"SOURCE_ID":923,"kalae":1,"GiZScore":-0.65854165124322728,"GiPValue":0.51019014634168103,"NNeighbors":105,"Gi_Bin":0}},{"type":"Feature","id":924,"geometry":{"type":"Point","coordinates":[99.02406397000118,18.791188040286432]},"properties":{"OBJECTID":924,"SOURCE_ID":924,"kalae":1,"GiZScore":-0.60126174925958065,"GiPValue":0.54766566533262595,"NNeighbors":104,"Gi_Bin":0}},{"type":"Feature","id":925,"geometry":{"type":"Point","coordinates":[99.024155630438358,18.791029759667801]},"properties":{"OBJECTID":925,"SOURCE_ID":925,"kalae":0,"GiZScore":-0.65854165124322728,"GiPValue":0.51019014634168103,"NNeighbors":105,"Gi_Bin":0}},{"type":"Feature","id":926,"geometry":{"type":"Point","coordinates":[99.024430629705009,18.790554940119321]},"properties":{"OBJECTID":926,"SOURCE_ID":926,"kalae":0,"GiZScore":-0.60126174925958065,"GiPValue":0.54766566533262595,"NNeighbors":104,"Gi_Bin":0}},{"type":"Feature","id":927,"geometry":{"type":"Point","coordinates":[99.024996469701108,18.789572089702837]},"properties":{"OBJECTID":927,"SOURCE_ID":927,"kalae":2,"GiZScore":-0.76292331291913462,"GiPValue":0.4455091382094557,"NNeighbors":108,"Gi_Bin":0}},{"type":"Feature","id":928,"geometry":{"type":"Point","coordinates":[99.025174610098674,18.789252860164854]},"properties":{"OBJECTID":928,"SOURCE_ID":928,"kalae":0,"GiZScore":-0.77168087875796065,"GiPValue":0.44030346499235851,"NNeighbors":107,"Gi_Bin":0}},{"type":"Feature","id":929,"geometry":{"type":"Point","coordinates":[99.025263679570656,18.789093239905682]},"properties":{"OBJECTID":929,"SOURCE_ID":929,"kalae":0,"GiZScore":-0.77168087875796065,"GiPValue":0.44030346499235851,"NNeighbors":107,"Gi_Bin":0}},{"type":"Feature","id":930,"geometry":{"type":"Point","coordinates":[99.004487229718933,18.80996156963058]},"properties":{"OBJECTID":930,"SOURCE_ID":930,"kalae":1,"GiZScore":0.087508198675136081,"GiPValue":0.93026756883674455,"NNeighbors":135,"Gi_Bin":0}},{"type":"Feature","id":931,"geometry":{"type":"Point","coordinates":[99.003919210456658,18.809999780081348]},"properties":{"OBJECTID":931,"SOURCE_ID":931,"kalae":2,"GiZScore":0.033887541508402577,"GiPValue":0.97296682791721623,"NNeighbors":136,"Gi_Bin":0}},{"type":"Feature","id":932,"geometry":{"type":"Point","coordinates":[99.002783179703115,18.810076200314096]},"properties":{"OBJECTID":932,"SOURCE_ID":932,"kalae":0,"GiZScore":0.00040347876653842592,"GiPValue":0.99967807053026758,"NNeighbors":141,"Gi_Bin":0}},{"type":"Feature","id":933,"geometry":{"type":"Point","coordinates":[99.00345585004095,18.810176899865517]},"properties":{"OBJECTID":933,"SOURCE_ID":933,"kalae":0,"GiZScore":-0.014391435587949862,"GiPValue":0.98851769209345319,"NNeighbors":138,"Gi_Bin":0}},{"type":"Feature","id":934,"geometry":{"type":"Point","coordinates":[99.005070479813469,18.810076000343116]},"properties":{"OBJECTID":934,"SOURCE_ID":934,"kalae":1,"GiZScore":0.12313311633490354,"GiPValue":0.90200168778865186,"NNeighbors":130,"Gi_Bin":0}},{"type":"Feature","id":935,"geometry":{"type":"Point","coordinates":[98.999533520283364,18.758273399616517]},"properties":{"OBJECTID":935,"SOURCE_ID":935,"kalae":0,"GiZScore":-1.6231663348518388,"GiPValue":0.10455385230638276,"NNeighbors":117,"Gi_Bin":0}},{"type":"Feature","id":936,"geometry":{"type":"Point","coordinates":[98.999820209670347,18.758000290418909]},"properties":{"OBJECTID":936,"SOURCE_ID":936,"kalae":2,"GiZScore":-1.6703826577474212,"GiPValue":0.094843678595352476,"NNeighbors":113,"Gi_Bin":-1}},{"type":"Feature","id":937,"geometry":{"type":"Point","coordinates":[98.996720959894333,18.760731239932632]},"properties":{"OBJECTID":937,"SOURCE_ID":937,"kalae":3,"GiZScore":-1.6637222783314787,"GiPValue":0.096167942050843516,"NNeighbors":141,"Gi_Bin":-1}},{"type":"Feature","id":938,"geometry":{"type":"Point","coordinates":[98.997149840190644,18.76037466041387]},"properties":{"OBJECTID":938,"SOURCE_ID":938,"kalae":0,"GiZScore":-1.9727357594960755,"GiPValue":0.048525675566792832,"NNeighbors":139,"Gi_Bin":-2}},{"type":"Feature","id":939,"geometry":{"type":"Point","coordinates":[98.997721679679884,18.759899209562434]},"properties":{"OBJECTID":939,"SOURCE_ID":939,"kalae":0,"GiZScore":-1.9260085401005791,"GiPValue":0.054103307504042353,"NNeighbors":138,"Gi_Bin":-1}},{"type":"Feature","id":940,"geometry":{"type":"Point","coordinates":[98.997312910355575,18.760053680244809]},"properties":{"OBJECTID":940,"SOURCE_ID":940,"kalae":1,"GiZScore":-1.9260085401005791,"GiPValue":0.054103307504042353,"NNeighbors":138,"Gi_Bin":-1}},{"type":"Feature","id":941,"geometry":{"type":"Point","coordinates":[99.005475320134735,18.763032080410316]},"properties":{"OBJECTID":941,"SOURCE_ID":941,"kalae":0,"GiZScore":-1.7681232249687997,"GiPValue":0.077040305548155871,"NNeighbors":142,"Gi_Bin":-1}},{"type":"Feature","id":942,"geometry":{"type":"Point","coordinates":[99.003668320285627,18.760600539886401]},"properties":{"OBJECTID":942,"SOURCE_ID":942,"kalae":0,"GiZScore":-1.7539009838012358,"GiPValue":0.079447475005804027,"NNeighbors":127,"Gi_Bin":-1}},{"type":"Feature","id":943,"geometry":{"type":"Point","coordinates":[99.002906090256928,18.759625950224535]},"properties":{"OBJECTID":943,"SOURCE_ID":943,"kalae":0,"GiZScore":-1.7998724346026385,"GiPValue":0.071880783156300768,"NNeighbors":123,"Gi_Bin":-1}},{"type":"Feature","id":944,"geometry":{"type":"Point","coordinates":[99.002109429842506,18.758873010022079]},"properties":{"OBJECTID":944,"SOURCE_ID":944,"kalae":1,"GiZScore":-1.6116807046958579,"GiPValue":0.10703143858447986,"NNeighbors":118,"Gi_Bin":0}},{"type":"Feature","id":945,"geometry":{"type":"Point","coordinates":[99.001899710092871,18.758720109643388]},"properties":{"OBJECTID":945,"SOURCE_ID":945,"kalae":1,"GiZScore":-1.5096113100163786,"GiPValue":0.13114263371247209,"NNeighbors":116,"Gi_Bin":0}},{"type":"Feature","id":946,"geometry":{"type":"Point","coordinates":[99.001683580404404,18.758612900290299]},"properties":{"OBJECTID":946,"SOURCE_ID":946,"kalae":0,"GiZScore":-1.5096113100163786,"GiPValue":0.13114263371247209,"NNeighbors":116,"Gi_Bin":0}},{"type":"Feature","id":947,"geometry":{"type":"Point","coordinates":[98.997295999765655,18.792880079959225]},"properties":{"OBJECTID":947,"SOURCE_ID":947,"kalae":0,"GiZScore":0.50194345709361898,"GiPValue":0.61570729714982209,"NNeighbors":290,"Gi_Bin":0}},{"type":"Feature","id":948,"geometry":{"type":"Point","coordinates":[98.996966849765272,18.793642689973492]},"properties":{"OBJECTID":948,"SOURCE_ID":948,"kalae":0,"GiZScore":0.36677681152976732,"GiPValue":0.71378550649483818,"NNeighbors":288,"Gi_Bin":0}},{"type":"Feature","id":949,"geometry":{"type":"Point","coordinates":[99.020513069835303,18.775210689563789]},"properties":{"OBJECTID":949,"SOURCE_ID":949,"kalae":2,"GiZScore":-0.17898087859292078,"GiPValue":0.85795271600337963,"NNeighbors":193,"Gi_Bin":0}},{"type":"Feature","id":950,"geometry":{"type":"Point","coordinates":[98.98558618980077,18.805377199836045]},"properties":{"OBJECTID":950,"SOURCE_ID":950,"kalae":0,"GiZScore":-0.15596002650183732,"GiPValue":0.87606452986967309,"NNeighbors":198,"Gi_Bin":0}},{"type":"Feature","id":951,"geometry":{"type":"Point","coordinates":[98.985772980222151,18.805409300431084]},"properties":{"OBJECTID":951,"SOURCE_ID":951,"kalae":0,"GiZScore":-0.24585544634100528,"GiPValue":0.80579413424607216,"NNeighbors":200,"Gi_Bin":0}},{"type":"Feature","id":952,"geometry":{"type":"Point","coordinates":[98.986146549889668,18.805473500155486]},"properties":{"OBJECTID":952,"SOURCE_ID":952,"kalae":2,"GiZScore":-0.035080397062559512,"GiPValue":0.9720156326659114,"NNeighbors":203,"Gi_Bin":0}},{"type":"Feature","id":953,"geometry":{"type":"Point","coordinates":[98.987645739664302,18.805354379578027]},"properties":{"OBJECTID":953,"SOURCE_ID":953,"kalae":1,"GiZScore":0.13423632669760963,"GiPValue":0.89321570132964134,"NNeighbors":196,"Gi_Bin":0}},{"type":"Feature","id":954,"geometry":{"type":"Point","coordinates":[98.988010840072818,18.805255369970496]},"properties":{"OBJECTID":954,"SOURCE_ID":954,"kalae":2,"GiZScore":0.24150903058597178,"GiPValue":0.80916061841947828,"NNeighbors":198,"Gi_Bin":0}},{"type":"Feature","id":955,"geometry":{"type":"Point","coordinates":[98.997917879804206,18.810579660396783]},"properties":{"OBJECTID":955,"SOURCE_ID":955,"kalae":1,"GiZScore":0.3984436150786041,"GiPValue":0.69030321436630371,"NNeighbors":140,"Gi_Bin":0}},{"type":"Feature","id":956,"geometry":{"type":"Point","coordinates":[98.996336140051056,18.810845800404341]},"properties":{"OBJECTID":956,"SOURCE_ID":956,"kalae":0,"GiZScore":-0.051932642116519837,"GiPValue":0.95858236471010416,"NNeighbors":142,"Gi_Bin":0}},{"type":"Feature","id":957,"geometry":{"type":"Point","coordinates":[98.984878589784046,18.812045890070024]},"properties":{"OBJECTID":957,"SOURCE_ID":957,"kalae":2,"GiZScore":-0.64920091687705817,"GiPValue":0.51620852312456966,"NNeighbors":122,"Gi_Bin":0}},{"type":"Feature","id":958,"geometry":{"type":"Point","coordinates":[98.985768289727446,18.812140570266667]},"properties":{"OBJECTID":958,"SOURCE_ID":958,"kalae":2,"GiZScore":-0.79237055715430693,"GiPValue":0.42814464887019144,"NNeighbors":127,"Gi_Bin":0}},{"type":"Feature","id":959,"geometry":{"type":"Point","coordinates":[98.985957289790775,18.812157329949418]},"properties":{"OBJECTID":959,"SOURCE_ID":959,"kalae":1,"GiZScore":-0.86060699115939199,"GiPValue":0.3894545430186741,"NNeighbors":126,"Gi_Bin":0}},{"type":"Feature","id":960,"geometry":{"type":"Point","coordinates":[98.943804320194033,18.802822990421287]},"properties":{"OBJECTID":960,"SOURCE_ID":960,"kalae":0,"GiZScore":-0.28002634009508004,"GiPValue":0.77945729684453147,"NNeighbors":39,"Gi_Bin":0}},{"type":"Feature","id":961,"geometry":{"type":"Point","coordinates":[98.945050930182276,18.802589530066395]},"properties":{"OBJECTID":961,"SOURCE_ID":961,"kalae":0,"GiZScore":-0.44610232931312688,"GiPValue":0.65552333165616172,"NNeighbors":42,"Gi_Bin":0}},{"type":"Feature","id":962,"geometry":{"type":"Point","coordinates":[98.946059069829204,18.802993789985802]},"properties":{"OBJECTID":962,"SOURCE_ID":962,"kalae":1,"GiZScore":-0.43257178562195286,"GiPValue":0.66532589169768919,"NNeighbors":43,"Gi_Bin":0}},{"type":"Feature","id":963,"geometry":{"type":"Point","coordinates":[98.946413689804444,18.80318471960814]},"properties":{"OBJECTID":963,"SOURCE_ID":963,"kalae":0,"GiZScore":-0.43257178562195286,"GiPValue":0.66532589169768919,"NNeighbors":43,"Gi_Bin":0}},{"type":"Feature","id":964,"geometry":{"type":"Point","coordinates":[98.945797940207029,18.804681970081774]},"properties":{"OBJECTID":964,"SOURCE_ID":964,"kalae":1,"GiZScore":-0.43257178562195286,"GiPValue":0.66532589169768919,"NNeighbors":43,"Gi_Bin":0}},{"type":"Feature","id":965,"geometry":{"type":"Point","coordinates":[98.946157470437029,18.806055489930117]},"properties":{"OBJECTID":965,"SOURCE_ID":965,"kalae":2,"GiZScore":-0.37107917882043756,"GiPValue":0.71057855933540526,"NNeighbors":40,"Gi_Bin":0}},{"type":"Feature","id":966,"geometry":{"type":"Point","coordinates":[98.947081440338621,18.807643660146137]},"properties":{"OBJECTID":966,"SOURCE_ID":966,"kalae":2,"GiZScore":-0.14671937422123726,"GiPValue":0.88335352572259052,"NNeighbors":32,"Gi_Bin":0}},{"type":"Feature","id":967,"geometry":{"type":"Point","coordinates":[98.946962879761912,18.80778480976149]},"properties":{"OBJECTID":967,"SOURCE_ID":967,"kalae":1,"GiZScore":0.065870704491363688,"GiPValue":0.94748076434021244,"NNeighbors":30,"Gi_Bin":0}},{"type":"Feature","id":968,"geometry":{"type":"Point","coordinates":[98.946844319932978,18.807925970144606]},"properties":{"OBJECTID":968,"SOURCE_ID":968,"kalae":1,"GiZScore":0.065870704491363688,"GiPValue":0.94748076434021244,"NNeighbors":30,"Gi_Bin":0}},{"type":"Feature","id":969,"geometry":{"type":"Point","coordinates":[98.94650459968058,18.808714330432998]},"properties":{"OBJECTID":969,"SOURCE_ID":969,"kalae":1,"GiZScore":0.15461982081797768,"GiPValue":0.87712104321571005,"NNeighbors":26,"Gi_Bin":0}},{"type":"Feature","id":970,"geometry":{"type":"Point","coordinates":[99.003977990425881,18.787609619987492]},"properties":{"OBJECTID":970,"SOURCE_ID":970,"kalae":1,"GiZScore":0.398492593646608,"GiPValue":0.69026711760895032,"NNeighbors":257,"Gi_Bin":0}},{"type":"Feature","id":971,"geometry":{"type":"Point","coordinates":[99.004356779925359,18.787632849764606]},"properties":{"OBJECTID":971,"SOURCE_ID":971,"kalae":1,"GiZScore":0.46312371112652401,"GiPValue":0.64327569654575356,"NNeighbors":249,"Gi_Bin":0}},{"type":"Feature","id":972,"geometry":{"type":"Point","coordinates":[99.005754930361022,18.787565250061458]},"properties":{"OBJECTID":972,"SOURCE_ID":972,"kalae":2,"GiZScore":0.17885393531667418,"GiPValue":0.85805239383172038,"NNeighbors":233,"Gi_Bin":0}},{"type":"Feature","id":973,"geometry":{"type":"Point","coordinates":[99.007787519581129,18.787175360333443]},"properties":{"OBJECTID":973,"SOURCE_ID":973,"kalae":0,"GiZScore":0.030972115334766837,"GiPValue":0.97529177773733267,"NNeighbors":219,"Gi_Bin":0}},{"type":"Feature","id":974,"geometry":{"type":"Point","coordinates":[99.009215790336341,18.786900679863628]},"properties":{"OBJECTID":974,"SOURCE_ID":974,"kalae":0,"GiZScore":-0.15596002650183732,"GiPValue":0.87606452986967309,"NNeighbors":198,"Gi_Bin":0}},{"type":"Feature","id":975,"geometry":{"type":"Point","coordinates":[99.010621579763495,18.786630759946195]},"properties":{"OBJECTID":975,"SOURCE_ID":975,"kalae":0,"GiZScore":-0.614119501581744,"GiPValue":0.53913636568004042,"NNeighbors":196,"Gi_Bin":0}},{"type":"Feature","id":976,"geometry":{"type":"Point","coordinates":[99.01117969993237,18.78652359038524]},"properties":{"OBJECTID":976,"SOURCE_ID":976,"kalae":1,"GiZScore":-0.6968145813612624,"GiPValue":0.48591884447785338,"NNeighbors":199,"Gi_Bin":0}},{"type":"Feature","id":977,"geometry":{"type":"Point","coordinates":[99.01169793035487,18.786424029756542]},"properties":{"OBJECTID":977,"SOURCE_ID":977,"kalae":1,"GiZScore":-0.74639614032187251,"GiPValue":0.4554281560504827,"NNeighbors":199,"Gi_Bin":0}},{"type":"Feature","id":978,"geometry":{"type":"Point","coordinates":[99.012757129788909,18.786220680128476]},"properties":{"OBJECTID":978,"SOURCE_ID":978,"kalae":0,"GiZScore":-0.59730819326176565,"GiPValue":0.55030163838934998,"NNeighbors":190,"Gi_Bin":0}},{"type":"Feature","id":979,"geometry":{"type":"Point","coordinates":[99.01591274970302,18.785614690326423]},"properties":{"OBJECTID":979,"SOURCE_ID":979,"kalae":0,"GiZScore":-0.60902772079583511,"GiPValue":0.54250606809197488,"NNeighbors":179,"Gi_Bin":0}},{"type":"Feature","id":980,"geometry":{"type":"Point","coordinates":[98.993792080307145,18.792266839865515]},"properties":{"OBJECTID":980,"SOURCE_ID":980,"kalae":0,"GiZScore":0.94872871662908542,"GiPValue":0.34275861638012162,"NNeighbors":297,"Gi_Bin":0}},{"type":"Feature","id":981,"geometry":{"type":"Point","coordinates":[98.993783270254184,18.792086279748283]},"properties":{"OBJECTID":981,"SOURCE_ID":981,"kalae":0,"GiZScore":0.99866349767087592,"GiPValue":0.31795774230397356,"NNeighbors":300,"Gi_Bin":0}},{"type":"Feature","id":982,"geometry":{"type":"Point","coordinates":[98.981710220426464,18.796056830303549]},"properties":{"OBJECTID":982,"SOURCE_ID":982,"kalae":1,"GiZScore":-0.74798780910307827,"GiPValue":0.45446751681573594,"NNeighbors":261,"Gi_Bin":0}},{"type":"Feature","id":983,"geometry":{"type":"Point","coordinates":[98.981759310429055,18.797353790294828]},"properties":{"OBJECTID":983,"SOURCE_ID":983,"kalae":1,"GiZScore":-0.52142525797175332,"GiPValue":0.6020705620971738,"NNeighbors":252,"Gi_Bin":0}},{"type":"Feature","id":984,"geometry":{"type":"Point","coordinates":[99.018467389625798,18.790729619700336]},"properties":{"OBJECTID":984,"SOURCE_ID":984,"kalae":0,"GiZScore":-0.96221768773233596,"GiPValue":0.33594027804561155,"NNeighbors":150,"Gi_Bin":0}},{"type":"Feature","id":985,"geometry":{"type":"Point","coordinates":[99.01903658983305,18.790742850053096]},"properties":{"OBJECTID":985,"SOURCE_ID":985,"kalae":0,"GiZScore":-0.97740990298960784,"GiPValue":0.32836627486501235,"NNeighbors":148,"Gi_Bin":0}},{"type":"Feature","id":986,"geometry":{"type":"Point","coordinates":[99.019663530421781,18.790757370441415]},"properties":{"OBJECTID":986,"SOURCE_ID":986,"kalae":2,"GiZScore":-0.85613497616609635,"GiPValue":0.39192313290636516,"NNeighbors":134,"Gi_Bin":0}},{"type":"Feature","id":987,"geometry":{"type":"Point","coordinates":[99.00827015012689,18.796805510046198]},"properties":{"OBJECTID":987,"SOURCE_ID":987,"kalae":1,"GiZScore":1.0087023307620568,"GiPValue":0.31311742737002235,"NNeighbors":208,"Gi_Bin":0}},{"type":"Feature","id":988,"geometry":{"type":"Point","coordinates":[99.00833839990203,18.796122380392678]},"properties":{"OBJECTID":988,"SOURCE_ID":988,"kalae":2,"GiZScore":1.2470565738742814,"GiPValue":0.21237677854334303,"NNeighbors":205,"Gi_Bin":0}},{"type":"Feature","id":989,"geometry":{"type":"Point","coordinates":[99.008483540421793,18.79468867976987]},"properties":{"OBJECTID":989,"SOURCE_ID":989,"kalae":0,"GiZScore":1.0469173918549473,"GiPValue":0.29513769494157704,"NNeighbors":203,"Gi_Bin":0}},{"type":"Feature","id":990,"geometry":{"type":"Point","coordinates":[99.008577360102819,18.793762760364562]},"properties":{"OBJECTID":990,"SOURCE_ID":990,"kalae":1,"GiZScore":1.006509400483323,"GiPValue":0.31417060558056153,"NNeighbors":207,"Gi_Bin":0}},{"type":"Feature","id":991,"geometry":{"type":"Point","coordinates":[99.00867424984672,18.792805229764479]},"properties":{"OBJECTID":991,"SOURCE_ID":991,"kalae":1,"GiZScore":0.75986415166987897,"GiPValue":0.44733579793667466,"NNeighbors":206,"Gi_Bin":0}},{"type":"Feature","id":992,"geometry":{"type":"Point","coordinates":[99.008709860160806,18.792453880241446]},"properties":{"OBJECTID":992,"SOURCE_ID":992,"kalae":1,"GiZScore":0.71373993505470079,"GiPValue":0.47538801257309049,"NNeighbors":207,"Gi_Bin":0}},{"type":"Feature","id":993,"geometry":{"type":"Point","coordinates":[99.008785110366986,18.790741829552559]},"properties":{"OBJECTID":993,"SOURCE_ID":993,"kalae":1,"GiZScore":0.61319287679241175,"GiPValue":0.5397488175547116,"NNeighbors":206,"Gi_Bin":0}},{"type":"Feature","id":994,"geometry":{"type":"Point","coordinates":[99.00870149961014,18.789177830252545]},"properties":{"OBJECTID":994,"SOURCE_ID":994,"kalae":0,"GiZScore":0.7784752891951614,"GiPValue":0.43628887549453232,"NNeighbors":213,"Gi_Bin":0}},{"type":"Feature","id":995,"geometry":{"type":"Point","coordinates":[99.00869858045715,18.788285939673543]},"properties":{"OBJECTID":995,"SOURCE_ID":995,"kalae":0,"GiZScore":0.31630881028298102,"GiPValue":0.75176812504749702,"NNeighbors":205,"Gi_Bin":0}},{"type":"Feature","id":996,"geometry":{"type":"Point","coordinates":[99.008713369945653,18.787723160314307]},"properties":{"OBJECTID":996,"SOURCE_ID":996,"kalae":2,"GiZScore":0.11246475597164596,"GiPValue":0.91045491309031867,"NNeighbors":203,"Gi_Bin":0}},{"type":"Feature","id":997,"geometry":{"type":"Point","coordinates":[99.020472949956286,18.767259959960036]},"properties":{"OBJECTID":997,"SOURCE_ID":997,"kalae":0,"GiZScore":-0.477953679051414,"GiPValue":0.6326831758158501,"NNeighbors":147,"Gi_Bin":0}},{"type":"Feature","id":998,"geometry":{"type":"Point","coordinates":[99.020545200445056,18.767092810323089]},"properties":{"OBJECTID":998,"SOURCE_ID":998,"kalae":0,"GiZScore":-0.32622095132513612,"GiPValue":0.74425719137681301,"NNeighbors":144,"Gi_Bin":0}},{"type":"Feature","id":999,"geometry":{"type":"Point","coordinates":[99.020617440355835,18.766925669694441]},"properties":{"OBJECTID":999,"SOURCE_ID":999,"kalae":2,"GiZScore":-0.28651475521587833,"GiPValue":0.77448389428666697,"NNeighbors":141,"Gi_Bin":0}},{"type":"Feature","id":1000,"geometry":{"type":"Point","coordinates":[99.021170740262491,18.765645230328747]},"properties":{"OBJECTID":1000,"SOURCE_ID":1000,"kalae":0,"GiZScore":-0.20494740003027956,"GiPValue":0.83761322140944006,"NNeighbors":135,"Gi_Bin":0}},{"type":"Feature","id":1001,"geometry":{"type":"Point","coordinates":[99.021592690117615,18.764667230144855]},"properties":{"OBJECTID":1001,"SOURCE_ID":1001,"kalae":2,"GiZScore":-0.17424497594561819,"GiPValue":0.86167294051314958,"NNeighbors":130,"Gi_Bin":0}},{"type":"Feature","id":1002,"geometry":{"type":"Point","coordinates":[98.976715370252876,18.796685860390461]},"properties":{"OBJECTID":1002,"SOURCE_ID":1002,"kalae":0,"GiZScore":0.41165141061191785,"GiPValue":0.68059494491090988,"NNeighbors":233,"Gi_Bin":0}},{"type":"Feature","id":1003,"geometry":{"type":"Point","coordinates":[98.98070179955009,18.781654479673836]},"properties":{"OBJECTID":1003,"SOURCE_ID":1003,"kalae":1,"GiZScore":1.8634482906316614,"GiPValue":0.062399221259241598,"NNeighbors":311,"Gi_Bin":1}},{"type":"Feature","id":1004,"geometry":{"type":"Point","coordinates":[98.990442729816436,18.792791890121048]},"properties":{"OBJECTID":1004,"SOURCE_ID":1004,"kalae":2,"GiZScore":0.19622595439596768,"GiPValue":0.84443331437811531,"NNeighbors":301,"Gi_Bin":0}},{"type":"Feature","id":1005,"geometry":{"type":"Point","coordinates":[99.016935729815501,18.801245270299614]},"properties":{"OBJECTID":1005,"SOURCE_ID":1005,"kalae":2,"GiZScore":-0.71349336572626676,"GiPValue":0.47554052215948139,"NNeighbors":77,"Gi_Bin":0}},{"type":"Feature","id":1006,"geometry":{"type":"Point","coordinates":[98.986739589810242,18.783466240043364]},"properties":{"OBJECTID":1006,"SOURCE_ID":1006,"kalae":0,"GiZScore":1.6158443151270931,"GiPValue":0.10612797757350086,"NNeighbors":375,"Gi_Bin":0}},{"type":"Feature","id":1007,"geometry":{"type":"Point","coordinates":[98.984862230250286,18.784175339886065]},"properties":{"OBJECTID":1007,"SOURCE_ID":1007,"kalae":0,"GiZScore":1.7367734188952573,"GiPValue":0.082427172647170144,"NNeighbors":356,"Gi_Bin":1}},{"type":"Feature","id":1008,"geometry":{"type":"Point","coordinates":[98.982533969639761,18.781761609892783]},"properties":{"OBJECTID":1008,"SOURCE_ID":1008,"kalae":1,"GiZScore":1.6232634552196903,"GiPValue":0.10453309815143577,"NNeighbors":339,"Gi_Bin":0}},{"type":"Feature","id":1009,"geometry":{"type":"Point","coordinates":[98.982625479550094,18.782011989872565]},"properties":{"OBJECTID":1009,"SOURCE_ID":1009,"kalae":5,"GiZScore":1.658302103308801,"GiPValue":0.097256504702951607,"NNeighbors":336,"Gi_Bin":1}},{"type":"Feature","id":1010,"geometry":{"type":"Point","coordinates":[98.991860179594696,18.785340160390845]},"properties":{"OBJECTID":1010,"SOURCE_ID":1010,"kalae":1,"GiZScore":1.230733528579385,"GiPValue":0.21842256700773222,"NNeighbors":379,"Gi_Bin":0}},{"type":"Feature","id":1011,"geometry":{"type":"Point","coordinates":[98.990272969717168,18.782780089747796]},"properties":{"OBJECTID":1011,"SOURCE_ID":1011,"kalae":0,"GiZScore":0.6840953665697338,"GiPValue":0.49391495212356051,"NNeighbors":408,"Gi_Bin":0}},{"type":"Feature","id":1012,"geometry":{"type":"Point","coordinates":[98.990665159922784,18.782651929783949]},"properties":{"OBJECTID":1012,"SOURCE_ID":1012,"kalae":1,"GiZScore":1.3298869391688137,"GiPValue":0.18355552532595493,"NNeighbors":404,"Gi_Bin":0}},{"type":"Feature","id":1013,"geometry":{"type":"Point","coordinates":[98.988897830382157,18.784378939794003]},"properties":{"OBJECTID":1013,"SOURCE_ID":1013,"kalae":1,"GiZScore":1.2500389449089633,"GiPValue":0.21128534545040012,"NNeighbors":387,"Gi_Bin":0}},{"type":"Feature","id":1014,"geometry":{"type":"Point","coordinates":[98.989167420405479,18.784398460302359]},"properties":{"OBJECTID":1014,"SOURCE_ID":1014,"kalae":0,"GiZScore":1.1201771976466492,"GiPValue":0.26263827707107579,"NNeighbors":382,"Gi_Bin":0}},{"type":"Feature","id":1015,"geometry":{"type":"Point","coordinates":[98.990319000360643,18.784479139744999]},"properties":{"OBJECTID":1015,"SOURCE_ID":1015,"kalae":0,"GiZScore":0.87655675934467892,"GiPValue":0.3807274436947703,"NNeighbors":379,"Gi_Bin":0}},{"type":"Feature","id":1016,"geometry":{"type":"Point","coordinates":[98.9848494602915,18.793743049572754]},"properties":{"OBJECTID":1016,"SOURCE_ID":1016,"kalae":0,"GiZScore":0.54486180212233182,"GiPValue":0.58584857164829507,"NNeighbors":290,"Gi_Bin":0}},{"type":"Feature","id":1017,"geometry":{"type":"Point","coordinates":[98.983697880469265,18.793951010144667]},"properties":{"OBJECTID":1017,"SOURCE_ID":1017,"kalae":0,"GiZScore":0.44348222062670478,"GiPValue":0.65741697775257169,"NNeighbors":285,"Gi_Bin":0}},{"type":"Feature","id":1018,"geometry":{"type":"Point","coordinates":[98.983502770264437,18.793977569816064]},"properties":{"OBJECTID":1018,"SOURCE_ID":1018,"kalae":0,"GiZScore":0.35388018361303636,"GiPValue":0.72342867918277975,"NNeighbors":284,"Gi_Bin":0}},{"type":"Feature","id":1019,"geometry":{"type":"Point","coordinates":[98.982253070042248,18.793818789721282]},"properties":{"OBJECTID":1019,"SOURCE_ID":1019,"kalae":0,"GiZScore":0.3843412556002172,"GiPValue":0.70072553503046331,"NNeighbors":280,"Gi_Bin":0}},{"type":"Feature","id":1020,"geometry":{"type":"Point","coordinates":[98.988034880125099,18.789736739907269]},"properties":{"OBJECTID":1020,"SOURCE_ID":1020,"kalae":0,"GiZScore":0.1517280425126748,"GiPValue":0.87940143855528885,"NNeighbors":325,"Gi_Bin":0}},{"type":"Feature","id":1021,"geometry":{"type":"Point","coordinates":[98.988224259745692,18.789724879771345]},"properties":{"OBJECTID":1021,"SOURCE_ID":1021,"kalae":1,"GiZScore":0.065724291905650059,"GiPValue":0.9475973320794524,"NNeighbors":324,"Gi_Bin":0}},{"type":"Feature","id":1022,"geometry":{"type":"Point","coordinates":[98.990030350420952,18.789232850097608]},"properties":{"OBJECTID":1022,"SOURCE_ID":1022,"kalae":2,"GiZScore":0.24539342098813027,"GiPValue":0.80615182282625497,"NNeighbors":341,"Gi_Bin":0}},{"type":"Feature","id":1023,"geometry":{"type":"Point","coordinates":[98.989945079799853,18.787116180376252]},"properties":{"OBJECTID":1023,"SOURCE_ID":1023,"kalae":1,"GiZScore":0.66560916665533032,"GiPValue":0.50566094999147748,"NNeighbors":374,"Gi_Bin":0}},{"type":"Feature","id":1024,"geometry":{"type":"Point","coordinates":[98.988508989820602,18.787576880028006]},"properties":{"OBJECTID":1024,"SOURCE_ID":1024,"kalae":0,"GiZScore":0.89740352179273009,"GiPValue":0.36950364393321833,"NNeighbors":357,"Gi_Bin":0}},{"type":"Feature","id":1025,"geometry":{"type":"Point","coordinates":[98.983552770342925,18.787082089675771]},"properties":{"OBJECTID":1025,"SOURCE_ID":1025,"kalae":0,"GiZScore":1.2363169680828423,"GiPValue":0.21634078989877137,"NNeighbors":330,"Gi_Bin":0}},{"type":"Feature","id":1026,"geometry":{"type":"Point","coordinates":[98.991727329539586,18.783762890034982]},"properties":{"OBJECTID":1026,"SOURCE_ID":1026,"kalae":12,"GiZScore":1.1520275798605615,"GiPValue":0.24930975984377979,"NNeighbors":379,"Gi_Bin":0}},{"type":"Feature","id":1027,"geometry":{"type":"Point","coordinates":[98.963688730354647,18.794901049996508]},"properties":{"OBJECTID":1027,"SOURCE_ID":1027,"kalae":0,"GiZScore":0.87837469340249219,"GiPValue":0.37974042250030993,"NNeighbors":121,"Gi_Bin":0}},{"type":"Feature","id":1028,"geometry":{"type":"Point","coordinates":[98.964043839986488,18.794829100338095]},"properties":{"OBJECTID":1028,"SOURCE_ID":1028,"kalae":1,"GiZScore":0.88035506457382373,"GiPValue":0.37866700063831471,"NNeighbors":122,"Gi_Bin":0}},{"type":"Feature","id":1029,"geometry":{"type":"Point","coordinates":[99.000933420333311,18.793915839906173]},"properties":{"OBJECTID":1029,"SOURCE_ID":1029,"kalae":0,"GiZScore":-0.19254533439203894,"GiPValue":0.84731506057825401,"NNeighbors":266,"Gi_Bin":0}},{"type":"Feature","id":1030,"geometry":{"type":"Point","coordinates":[98.9999652502283,18.793393020396252]},"properties":{"OBJECTID":1030,"SOURCE_ID":1030,"kalae":0,"GiZScore":-0.32116785487704314,"GiPValue":0.7480831913679642,"NNeighbors":267,"Gi_Bin":0}},{"type":"Feature","id":1031,"geometry":{"type":"Point","coordinates":[99.000458380009931,18.79366410039491]},"properties":{"OBJECTID":1031,"SOURCE_ID":1031,"kalae":1,"GiZScore":-0.31277777919783806,"GiPValue":0.7544494990523779,"NNeighbors":269,"Gi_Bin":0}},{"type":"Feature","id":1032,"geometry":{"type":"Point","coordinates":[99.01636131960322,18.759873920111836]},"properties":{"OBJECTID":1032,"SOURCE_ID":1032,"kalae":0,"GiZScore":-0.15656885282048319,"GiPValue":0.87558465164204546,"NNeighbors":112,"Gi_Bin":0}},{"type":"Feature","id":1033,"geometry":{"type":"Point","coordinates":[99.019686909990639,18.761097180054325]},"properties":{"OBJECTID":1033,"SOURCE_ID":1033,"kalae":0,"GiZScore":-0.36294607750492891,"GiPValue":0.7166451661287645,"NNeighbors":119,"Gi_Bin":0}},{"type":"Feature","id":1034,"geometry":{"type":"Point","coordinates":[99.01950977024724,18.761032359695001]},"properties":{"OBJECTID":1034,"SOURCE_ID":1034,"kalae":2,"GiZScore":-0.35633763683662051,"GiPValue":0.72158772725576581,"NNeighbors":120,"Gi_Bin":0}},{"type":"Feature","id":1035,"geometry":{"type":"Point","coordinates":[99.019726870330587,18.761202259707677]},"properties":{"OBJECTID":1035,"SOURCE_ID":1035,"kalae":4,"GiZScore":-0.36294607750492891,"GiPValue":0.7166451661287645,"NNeighbors":119,"Gi_Bin":0}},{"type":"Feature","id":1036,"geometry":{"type":"Point","coordinates":[99.024063319987974,18.762788160269753]},"properties":{"OBJECTID":1036,"SOURCE_ID":1036,"kalae":0,"GiZScore":0.15655688230758127,"GiPValue":0.87559408638606728,"NNeighbors":111,"Gi_Bin":0}},{"type":"Feature","id":1037,"geometry":{"type":"Point","coordinates":[99.024716000085874,18.763027200306524]},"properties":{"OBJECTID":1037,"SOURCE_ID":1037,"kalae":1,"GiZScore":0.082521379225285837,"GiPValue":0.9342321181520763,"NNeighbors":109,"Gi_Bin":0}},{"type":"Feature","id":1038,"geometry":{"type":"Point","coordinates":[99.024893109751687,18.76309209977331]},"properties":{"OBJECTID":1038,"SOURCE_ID":1038,"kalae":1,"GiZScore":0.082521379225285837,"GiPValue":0.9342321181520763,"NNeighbors":109,"Gi_Bin":0}},{"type":"Feature","id":1039,"geometry":{"type":"Point","coordinates":[99.025610539991249,18.763354820036774]},"properties":{"OBJECTID":1039,"SOURCE_ID":1039,"kalae":1,"GiZScore":0.38116309847020913,"GiPValue":0.70308222993832858,"NNeighbors":103,"Gi_Bin":0}},{"type":"Feature","id":1040,"geometry":{"type":"Point","coordinates":[98.987252619816161,18.780663529796133]},"properties":{"OBJECTID":1040,"SOURCE_ID":1040,"kalae":1,"GiZScore":1.5520763964763991,"GiPValue":0.12064394494932218,"NNeighbors":382,"Gi_Bin":0}},{"type":"Feature","id":1041,"geometry":{"type":"Point","coordinates":[98.986193820429918,18.780071830080928]},"properties":{"OBJECTID":1041,"SOURCE_ID":1041,"kalae":0,"GiZScore":1.5651721833698742,"GiPValue":0.11754254195005882,"NNeighbors":388,"Gi_Bin":0}},{"type":"Feature","id":1042,"geometry":{"type":"Point","coordinates":[98.984755729853532,18.778755209900087]},"properties":{"OBJECTID":1042,"SOURCE_ID":1042,"kalae":0,"GiZScore":0.87603633841918982,"GiPValue":0.38101028860462705,"NNeighbors":364,"Gi_Bin":0}},{"type":"Feature","id":1043,"geometry":{"type":"Point","coordinates":[99.002377600258114,18.766263000089712]},"properties":{"OBJECTID":1043,"SOURCE_ID":1043,"kalae":0,"GiZScore":-1.9942544155329545,"GiPValue":0.046124258137136012,"NNeighbors":198,"Gi_Bin":-2}},{"type":"Feature","id":1044,"geometry":{"type":"Point","coordinates":[99.002050310392818,18.766706689553338]},"properties":{"OBJECTID":1044,"SOURCE_ID":1044,"kalae":0,"GiZScore":-2.0026894301508462,"GiPValue":0.045210634018855819,"NNeighbors":209,"Gi_Bin":-2}},{"type":"Feature","id":1045,"geometry":{"type":"Point","coordinates":[99.00166281040859,18.767256240030001]},"properties":{"OBJECTID":1045,"SOURCE_ID":1045,"kalae":0,"GiZScore":-1.9478466269117305,"GiPValue":0.051433317739885256,"NNeighbors":216,"Gi_Bin":-1}},{"type":"Feature","id":1046,"geometry":{"type":"Point","coordinates":[99.001457210037955,18.767560119834382]},"properties":{"OBJECTID":1046,"SOURCE_ID":1046,"kalae":0,"GiZScore":-1.9499906513923027,"GiPValue":0.051177233310437178,"NNeighbors":222,"Gi_Bin":-1}},{"type":"Feature","id":1047,"geometry":{"type":"Point","coordinates":[99.001148829923622,18.768015940002229]},"properties":{"OBJECTID":1047,"SOURCE_ID":1047,"kalae":0,"GiZScore":-1.2482762975418937,"GiPValue":0.21192991539691497,"NNeighbors":228,"Gi_Bin":0}},{"type":"Feature","id":1048,"geometry":{"type":"Point","coordinates":[99.000923810147867,18.768479640304033]},"properties":{"OBJECTID":1048,"SOURCE_ID":1048,"kalae":1,"GiZScore":-1.1479143082910863,"GiPValue":0.2510039602513644,"NNeighbors":237,"Gi_Bin":0}},{"type":"Feature","id":1049,"geometry":{"type":"Point","coordinates":[98.999847180258953,18.771378919754095]},"properties":{"OBJECTID":1049,"SOURCE_ID":1049,"kalae":0,"GiZScore":-0.32336137505253815,"GiPValue":0.74642157829736655,"NNeighbors":277,"Gi_Bin":0}},{"type":"Feature","id":1050,"geometry":{"type":"Point","coordinates":[98.979829589653903,18.768307540037036]},"properties":{"OBJECTID":1050,"SOURCE_ID":1050,"kalae":0,"GiZScore":1.1020971263839692,"GiPValue":0.2704194659870125,"NNeighbors":206,"Gi_Bin":0}},{"type":"Feature","id":1051,"geometry":{"type":"Point","coordinates":[98.980986620083186,18.768063119833865]},"properties":{"OBJECTID":1051,"SOURCE_ID":1051,"kalae":1,"GiZScore":1.1740031214178099,"GiPValue":0.24039379596636845,"NNeighbors":218,"Gi_Bin":0}},{"type":"Feature","id":1052,"geometry":{"type":"Point","coordinates":[98.999151100030588,18.794383139677407]},"properties":{"OBJECTID":1052,"SOURCE_ID":1052,"kalae":2,"GiZScore":-0.38387326855994136,"GiPValue":0.70107238074003586,"NNeighbors":273,"Gi_Bin":0}},{"type":"Feature","id":1053,"geometry":{"type":"Point","coordinates":[99.011071350359458,18.77342689974013]},"properties":{"OBJECTID":1053,"SOURCE_ID":1053,"kalae":0,"GiZScore":-0.38734451300382483,"GiPValue":0.69850117676588575,"NNeighbors":172,"Gi_Bin":0}},{"type":"Feature","id":1054,"geometry":{"type":"Point","coordinates":[98.959171320044149,18.800432160216221]},"properties":{"OBJECTID":1054,"SOURCE_ID":1054,"kalae":1,"GiZScore":1.8507138950865851,"GiPValue":0.064210723998457231,"NNeighbors":78,"Gi_Bin":1}},{"type":"Feature","id":1055,"geometry":{"type":"Point","coordinates":[98.972691809605948,18.784489709687911]},"properties":{"OBJECTID":1055,"SOURCE_ID":1055,"kalae":1,"GiZScore":-0.68105303418998187,"GiPValue":0.49583793794368736,"NNeighbors":193,"Gi_Bin":0}},{"type":"Feature","id":1056,"geometry":{"type":"Point","coordinates":[98.972616350336196,18.783770259629939]},"properties":{"OBJECTID":1056,"SOURCE_ID":1056,"kalae":2,"GiZScore":-0.3900300156431909,"GiPValue":0.69651435273080087,"NNeighbors":191,"Gi_Bin":0}},{"type":"Feature","id":1057,"geometry":{"type":"Point","coordinates":[98.99016294954798,18.775364970321988]},"properties":{"OBJECTID":1057,"SOURCE_ID":1057,"kalae":1,"GiZScore":0.49867637323564001,"GiPValue":0.61800739368387481,"NNeighbors":371,"Gi_Bin":0}},{"type":"Feature","id":1058,"geometry":{"type":"Point","coordinates":[99.005395700347194,18.768979129794278]},"properties":{"OBJECTID":1058,"SOURCE_ID":1058,"kalae":1,"GiZScore":-1.6773557473311986,"GiPValue":0.093472937362381589,"NNeighbors":194,"Gi_Bin":-1}},{"type":"Feature","id":1059,"geometry":{"type":"Point","coordinates":[99.004464440086338,18.769262859770645]},"properties":{"OBJECTID":1059,"SOURCE_ID":1059,"kalae":1,"GiZScore":-1.6211070047189837,"GiPValue":0.10499469198924716,"NNeighbors":208,"Gi_Bin":0}},{"type":"Feature","id":1060,"geometry":{"type":"Point","coordinates":[99.003476490262386,18.769218950185042]},"properties":{"OBJECTID":1060,"SOURCE_ID":1060,"kalae":2,"GiZScore":-1.5904467379384459,"GiPValue":0.11173414230341346,"NNeighbors":226,"Gi_Bin":0}},{"type":"Feature","id":1061,"geometry":{"type":"Point","coordinates":[99.00372027992475,18.769089920289737]},"properties":{"OBJECTID":1061,"SOURCE_ID":1061,"kalae":0,"GiZScore":-1.5841305793505638,"GiPValue":0.11316400687569425,"NNeighbors":220,"Gi_Bin":0}},{"type":"Feature","id":1062,"geometry":{"type":"Point","coordinates":[99.004198050296765,18.76780009005925]},"properties":{"OBJECTID":1062,"SOURCE_ID":1062,"kalae":0,"GiZScore":-1.72745644636942,"GiPValue":0.08408572069809872,"NNeighbors":194,"Gi_Bin":-1}},{"type":"Feature","id":1063,"geometry":{"type":"Point","coordinates":[99.008279659574669,18.766497250026447]},"properties":{"OBJECTID":1063,"SOURCE_ID":1063,"kalae":2,"GiZScore":-1.1998659566846319,"GiPValue":0.23019142513503432,"NNeighbors":169,"Gi_Bin":0}},{"type":"Feature","id":1064,"geometry":{"type":"Point","coordinates":[99.007018249910246,18.76669902964408]},"properties":{"OBJECTID":1064,"SOURCE_ID":1064,"kalae":0,"GiZScore":-1.1998659566846319,"GiPValue":0.23019142513503432,"NNeighbors":169,"Gi_Bin":0}},{"type":"Feature","id":1065,"geometry":{"type":"Point","coordinates":[98.99997291978184,18.768998539748633]},"properties":{"OBJECTID":1065,"SOURCE_ID":1065,"kalae":0,"GiZScore":-1.1651688325126621,"GiPValue":0.24395067920709634,"NNeighbors":250,"Gi_Bin":0}},{"type":"Feature","id":1066,"geometry":{"type":"Point","coordinates":[99.002201169711512,18.774035030097721]},"properties":{"OBJECTID":1066,"SOURCE_ID":1066,"kalae":1,"GiZScore":-0.075210893548405933,"GiPValue":0.94004691710792043,"NNeighbors":262,"Gi_Bin":0}},{"type":"Feature","id":1067,"geometry":{"type":"Point","coordinates":[99.004972149994245,18.777720480310052]},"properties":{"OBJECTID":1067,"SOURCE_ID":1067,"kalae":0,"GiZScore":-0.49562221861455036,"GiPValue":0.6201609755988795,"NNeighbors":238,"Gi_Bin":0}},{"type":"Feature","id":1068,"geometry":{"type":"Point","coordinates":[99.025148520303787,18.780320680319342]},"properties":{"OBJECTID":1068,"SOURCE_ID":1068,"kalae":0,"GiZScore":-0.45866569560532838,"GiPValue":0.64647425343190124,"NNeighbors":141,"Gi_Bin":0}},{"type":"Feature","id":1069,"geometry":{"type":"Point","coordinates":[98.978033680010924,18.771720060078046]},"properties":{"OBJECTID":1069,"SOURCE_ID":1069,"kalae":2,"GiZScore":1.3869958199237846,"GiPValue":0.16544303746901048,"NNeighbors":200,"Gi_Bin":0}},{"type":"Feature","id":1070,"geometry":{"type":"Point","coordinates":[99.018041120345558,18.79404547960398]},"properties":{"OBJECTID":1070,"SOURCE_ID":1070,"kalae":1,"GiZScore":-0.3146389298360871,"GiPValue":0.75303581801885855,"NNeighbors":146,"Gi_Bin":0}},{"type":"Feature","id":1071,"geometry":{"type":"Point","coordinates":[99.018396370077937,18.794172850208096]},"properties":{"OBJECTID":1071,"SOURCE_ID":1071,"kalae":0,"GiZScore":-0.32622095132513612,"GiPValue":0.74425719137681301,"NNeighbors":144,"Gi_Bin":0}},{"type":"Feature","id":1072,"geometry":{"type":"Point","coordinates":[99.018929240456345,18.794363890382829]},"properties":{"OBJECTID":1072,"SOURCE_ID":1072,"kalae":0,"GiZScore":-0.14645628028919641,"GiPValue":0.88356120101633939,"NNeighbors":135,"Gi_Bin":0}},{"type":"Feature","id":1073,"geometry":{"type":"Point","coordinates":[99.019375039846793,18.794577559913073]},"properties":{"OBJECTID":1073,"SOURCE_ID":1073,"kalae":0,"GiZScore":-0.21061819002393939,"GiPValue":0.83318521724882499,"NNeighbors":134,"Gi_Bin":0}},{"type":"Feature","id":1074,"geometry":{"type":"Point","coordinates":[99.019540080203654,18.794666809905173]},"properties":{"OBJECTID":1074,"SOURCE_ID":1074,"kalae":1,"GiZScore":-0.15745228336034819,"GiPValue":0.87488841115757066,"NNeighbors":133,"Gi_Bin":0}},{"type":"Feature","id":1075,"geometry":{"type":"Point","coordinates":[98.97055572029582,18.797338839815108]},"properties":{"OBJECTID":1075,"SOURCE_ID":1075,"kalae":2,"GiZScore":1.186804252743499,"GiPValue":0.23530486218442348,"NNeighbors":168,"Gi_Bin":0}},{"type":"Feature","id":1076,"geometry":{"type":"Point","coordinates":[98.982340359860459,18.811604789933284]},"properties":{"OBJECTID":1076,"SOURCE_ID":1076,"kalae":3,"GiZScore":-0.45193837584217977,"GiPValue":0.65131337872696393,"NNeighbors":124,"Gi_Bin":0}},{"type":"Feature","id":1077,"geometry":{"type":"Point","coordinates":[99.002031520020267,18.784822850280495]},"properties":{"OBJECTID":1077,"SOURCE_ID":1077,"kalae":0,"GiZScore":-0.24746611550375652,"GiPValue":0.80454751224584675,"NNeighbors":285,"Gi_Bin":0}},{"type":"Feature","id":1078,"geometry":{"type":"Point","coordinates":[99.025932349626245,18.785624099964245]},"properties":{"OBJECTID":1078,"SOURCE_ID":1078,"kalae":0,"GiZScore":-0.766933549824523,"GiPValue":0.44312103146382387,"NNeighbors":115,"Gi_Bin":0}},{"type":"Feature","id":1079,"geometry":{"type":"Point","coordinates":[98.980959459970919,18.822916129936779]},"properties":{"OBJECTID":1079,"SOURCE_ID":1079,"kalae":2,"GiZScore":-0.11231594285049618,"GiPValue":0.91057290123477463,"NNeighbors":35,"Gi_Bin":0}},{"type":"Feature","id":1080,"geometry":{"type":"Point","coordinates":[98.98133098960875,18.822990490321608]},"properties":{"OBJECTID":1080,"SOURCE_ID":1080,"kalae":0,"GiZScore":-0.10153583215598275,"GiPValue":0.91912511458836055,"NNeighbors":36,"Gi_Bin":0}},{"type":"Feature","id":1081,"geometry":{"type":"Point","coordinates":[98.981516750279468,18.823027669784008]},"properties":{"OBJECTID":1081,"SOURCE_ID":1081,"kalae":2,"GiZScore":-0.10153583215598275,"GiPValue":0.91912511458836055,"NNeighbors":36,"Gi_Bin":0}},{"type":"Feature","id":1082,"geometry":{"type":"Point","coordinates":[98.981702519574029,18.823064849965938]},"properties":{"OBJECTID":1082,"SOURCE_ID":1082,"kalae":0,"GiZScore":-0.37107917882043756,"GiPValue":0.71057855933540526,"NNeighbors":40,"Gi_Bin":0}},{"type":"Feature","id":1083,"geometry":{"type":"Point","coordinates":[98.98231121038063,18.823168919973682]},"properties":{"OBJECTID":1083,"SOURCE_ID":1083,"kalae":0,"GiZScore":-0.68364212028567883,"GiPValue":0.49420118508626487,"NNeighbors":46,"Gi_Bin":0}},{"type":"Feature","id":1084,"geometry":{"type":"Point","coordinates":[98.973047540294388,18.802884429577137]},"properties":{"OBJECTID":1084,"SOURCE_ID":1084,"kalae":0,"GiZScore":1.0383634202309928,"GiPValue":0.29910090775657205,"NNeighbors":144,"Gi_Bin":0}},{"type":"Feature","id":1085,"geometry":{"type":"Point","coordinates":[98.973131920320014,18.803111990165803]},"properties":{"OBJECTID":1085,"SOURCE_ID":1085,"kalae":1,"GiZScore":1.0921944131183334,"GiPValue":0.2747476746399854,"NNeighbors":142,"Gi_Bin":0}},{"type":"Feature","id":1086,"geometry":{"type":"Point","coordinates":[98.972472380053475,18.805083589725768]},"properties":{"OBJECTID":1086,"SOURCE_ID":1086,"kalae":0,"GiZScore":1.3144942744927495,"GiPValue":0.18867992360378608,"NNeighbors":133,"Gi_Bin":0}},{"type":"Feature","id":1087,"geometry":{"type":"Point","coordinates":[98.972506019544767,18.805261489876234]},"properties":{"OBJECTID":1087,"SOURCE_ID":1087,"kalae":0,"GiZScore":1.3729333562515624,"GiPValue":0.16977306570552081,"NNeighbors":132,"Gi_Bin":0}},{"type":"Feature","id":1088,"geometry":{"type":"Point","coordinates":[99.00645376005302,18.794535960140074]},"properties":{"OBJECTID":1088,"SOURCE_ID":1088,"kalae":1,"GiZScore":0.24355941737494807,"GiPValue":0.80757206229327716,"NNeighbors":225,"Gi_Bin":0}},{"type":"Feature","id":1089,"geometry":{"type":"Point","coordinates":[99.005260720185461,18.789637370192029]},"properties":{"OBJECTID":1089,"SOURCE_ID":1089,"kalae":0,"GiZScore":-0.093544119665441447,"GiPValue":0.92547130091257868,"NNeighbors":246,"Gi_Bin":0}},{"type":"Feature","id":1090,"geometry":{"type":"Point","coordinates":[99.005816320430171,18.788823959835032]},"properties":{"OBJECTID":1090,"SOURCE_ID":1090,"kalae":0,"GiZScore":0.00054381198675201566,"GiPValue":0.99956610083313102,"NNeighbors":235,"Gi_Bin":0}},{"type":"Feature","id":1091,"geometry":{"type":"Point","coordinates":[99.004692369914338,18.793860230108521]},"properties":{"OBJECTID":1091,"SOURCE_ID":1091,"kalae":0,"GiZScore":0.10092626508820601,"GiPValue":0.91960899304334698,"NNeighbors":237,"Gi_Bin":0}},{"type":"Feature","id":1092,"geometry":{"type":"Point","coordinates":[99.005882889786463,18.792488170176597]},"properties":{"OBJECTID":1092,"SOURCE_ID":1092,"kalae":0,"GiZScore":0.49222319528239139,"GiPValue":0.62256157050282213,"NNeighbors":229,"Gi_Bin":0}},{"type":"Feature","id":1093,"geometry":{"type":"Point","coordinates":[99.004169989766183,18.79416736975217]},"properties":{"OBJECTID":1093,"SOURCE_ID":1093,"kalae":1,"GiZScore":-0.23033369297667419,"GiPValue":0.8178324813331832,"NNeighbors":246,"Gi_Bin":0}},{"type":"Feature","id":1094,"geometry":{"type":"Point","coordinates":[99.004960989564793,18.790724180104238]},"properties":{"OBJECTID":1094,"SOURCE_ID":1094,"kalae":1,"GiZScore":0.27468629454564142,"GiPValue":0.78355726196038866,"NNeighbors":247,"Gi_Bin":0}},{"type":"Feature","id":1095,"geometry":{"type":"Point","coordinates":[99.006231039563033,18.790942719779281]},"properties":{"OBJECTID":1095,"SOURCE_ID":1095,"kalae":2,"GiZScore":0.41492541990575282,"GiPValue":0.67819650155031019,"NNeighbors":234,"Gi_Bin":0}},{"type":"Feature","id":1096,"geometry":{"type":"Point","coordinates":[99.006420369891813,18.790930240176028]},"properties":{"OBJECTID":1096,"SOURCE_ID":1096,"kalae":1,"GiZScore":0.21459970820971375,"GiPValue":0.83007942159549586,"NNeighbors":230,"Gi_Bin":0}},{"type":"Feature","id":1097,"geometry":{"type":"Point","coordinates":[99.014756439999971,18.787305340308937]},"properties":{"OBJECTID":1097,"SOURCE_ID":1097,"kalae":0,"GiZScore":-0.69105951426516532,"GiPValue":0.48952814606641037,"NNeighbors":174,"Gi_Bin":0}},{"type":"Feature","id":1098,"geometry":{"type":"Point","coordinates":[99.014803949677727,18.788229349815936]},"properties":{"OBJECTID":1098,"SOURCE_ID":1098,"kalae":1,"GiZScore":-0.59805466032422239,"GiPValue":0.54980346481500475,"NNeighbors":172,"Gi_Bin":0}},{"type":"Feature","id":1099,"geometry":{"type":"Point","coordinates":[99.011741089895821,18.79127170042268]},"properties":{"OBJECTID":1099,"SOURCE_ID":1099,"kalae":1,"GiZScore":-0.24842585837629952,"GiPValue":0.80380492868152731,"NNeighbors":189,"Gi_Bin":0}},{"type":"Feature","id":1100,"geometry":{"type":"Point","coordinates":[99.012261029577218,18.790441450156653]},"properties":{"OBJECTID":1100,"SOURCE_ID":1100,"kalae":0,"GiZScore":-0.48022417195115741,"GiPValue":0.63106800242626426,"NNeighbors":193,"Gi_Bin":0}},{"type":"Feature","id":1101,"geometry":{"type":"Point","coordinates":[99.01225802991874,18.790178249842906]},"properties":{"OBJECTID":1101,"SOURCE_ID":1101,"kalae":1,"GiZScore":-0.31969519020959791,"GiPValue":0.74919940674834995,"NNeighbors":195,"Gi_Bin":0}},{"type":"Feature","id":1102,"geometry":{"type":"Point","coordinates":[99.013555560413963,18.790665190334483]},"properties":{"OBJECTID":1102,"SOURCE_ID":1102,"kalae":1,"GiZScore":-0.39517878483478347,"GiPValue":0.69271094935792887,"NNeighbors":190,"Gi_Bin":0}},{"type":"Feature","id":1103,"geometry":{"type":"Point","coordinates":[99.010019960161017,18.791706019712944]},"properties":{"OBJECTID":1103,"SOURCE_ID":1103,"kalae":0,"GiZScore":0.28390749235348034,"GiPValue":0.77648127494027508,"NNeighbors":196,"Gi_Bin":0}},{"type":"Feature","id":1104,"geometry":{"type":"Point","coordinates":[99.01276673017675,18.787420100025173]},"properties":{"OBJECTID":1104,"SOURCE_ID":1104,"kalae":1,"GiZScore":-0.56338210550404522,"GiPValue":0.57317472228596689,"NNeighbors":187,"Gi_Bin":0}},{"type":"Feature","id":1105,"geometry":{"type":"Point","coordinates":[99.012733700219044,18.787598099948994]},"properties":{"OBJECTID":1105,"SOURCE_ID":1105,"kalae":1,"GiZScore":-0.60292429619309384,"GiPValue":0.54655905535190419,"NNeighbors":189,"Gi_Bin":0}},{"type":"Feature","id":1106,"geometry":{"type":"Point","coordinates":[99.012593659748376,18.788537090338952]},"properties":{"OBJECTID":1106,"SOURCE_ID":1106,"kalae":0,"GiZScore":-0.48287122364185298,"GiPValue":0.6291871769429731,"NNeighbors":202,"Gi_Bin":0}},{"type":"Feature","id":1107,"geometry":{"type":"Point","coordinates":[99.013420150317444,18.78972773960739]},"properties":{"OBJECTID":1107,"SOURCE_ID":1107,"kalae":0,"GiZScore":-0.48553642286174969,"GiPValue":0.62729588427960059,"NNeighbors":192,"Gi_Bin":0}},{"type":"Feature","id":1108,"geometry":{"type":"Point","coordinates":[99.013477460145424,18.789153890007928]},"properties":{"OBJECTID":1108,"SOURCE_ID":1108,"kalae":2,"GiZScore":-0.4404530456425127,"GiPValue":0.65960901406193106,"NNeighbors":191,"Gi_Bin":0}},{"type":"Feature","id":1109,"geometry":{"type":"Point","coordinates":[99.013525369608487,18.788795260333028]},"properties":{"OBJECTID":1109,"SOURCE_ID":1109,"kalae":0,"GiZScore":-0.56897751752336634,"GiPValue":0.56937140015014531,"NNeighbors":186,"Gi_Bin":0}},{"type":"Feature","id":1110,"geometry":{"type":"Point","coordinates":[98.989973259549046,18.76724240993855]},"properties":{"OBJECTID":1110,"SOURCE_ID":1110,"kalae":0,"GiZScore":0.50801938437081873,"GiPValue":0.61143975102583814,"NNeighbors":292,"Gi_Bin":0}},{"type":"Feature","id":1111,"geometry":{"type":"Point","coordinates":[98.981879990470702,18.815760860253395]},"properties":{"OBJECTID":1111,"SOURCE_ID":1111,"kalae":1,"GiZScore":0.029582211461947082,"GiPValue":0.97640025229988203,"NNeighbors":75,"Gi_Bin":0}},{"type":"Feature","id":1112,"geometry":{"type":"Point","coordinates":[98.980338570100955,18.816483620322231]},"properties":{"OBJECTID":1112,"SOURCE_ID":1112,"kalae":1,"GiZScore":-0.55105526181975628,"GiPValue":0.58159579507243653,"NNeighbors":63,"Gi_Bin":0}},{"type":"Feature","id":1113,"geometry":{"type":"Point","coordinates":[98.981490470384884,18.816043460434134]},"properties":{"OBJECTID":1113,"SOURCE_ID":1113,"kalae":0,"GiZScore":-0.074872603107232552,"GiPValue":0.94031607490941904,"NNeighbors":71,"Gi_Bin":0}},{"type":"Feature","id":1114,"geometry":{"type":"Point","coordinates":[98.980947619579737,18.802200129576075]},"properties":{"OBJECTID":1114,"SOURCE_ID":1114,"kalae":1,"GiZScore":0.19565347992972126,"GiPValue":0.84488139831748454,"NNeighbors":199,"Gi_Bin":0}},{"type":"Feature","id":1115,"geometry":{"type":"Point","coordinates":[98.966139669879027,18.800346540226805]},"properties":{"OBJECTID":1115,"SOURCE_ID":1115,"kalae":8,"GiZScore":1.2556164121786255,"GiPValue":0.20925510257304958,"NNeighbors":133,"Gi_Bin":0}},{"type":"Feature","id":1116,"geometry":{"type":"Point","coordinates":[99.007608839695678,18.789897320233411]},"properties":{"OBJECTID":1116,"SOURCE_ID":1116,"kalae":1,"GiZScore":0.4603328477734005,"GiPValue":0.64527732859112463,"NNeighbors":219,"Gi_Bin":0}},{"type":"Feature","id":1117,"geometry":{"type":"Point","coordinates":[99.009784420206259,18.758664760065642]},"properties":{"OBJECTID":1117,"SOURCE_ID":1117,"kalae":0,"GiZScore":-1.0861103133614476,"GiPValue":0.27743020677782426,"NNeighbors":108,"Gi_Bin":0}},{"type":"Feature","id":1118,"geometry":{"type":"Point","coordinates":[99.006909370033114,18.757944419702515]},"properties":{"OBJECTID":1118,"SOURCE_ID":1118,"kalae":0,"GiZScore":-1.3161259132998973,"GiPValue":0.18813178477167053,"NNeighbors":99,"Gi_Bin":0}},{"type":"Feature","id":1119,"geometry":{"type":"Point","coordinates":[99.003130920218425,18.757054429578691]},"properties":{"OBJECTID":1119,"SOURCE_ID":1119,"kalae":1,"GiZScore":-1.6662921265599631,"GiPValue":0.095655244160566838,"NNeighbors":103,"Gi_Bin":-1}},{"type":"Feature","id":1120,"geometry":{"type":"Point","coordinates":[99.012759459557628,18.759046140049268]},"properties":{"OBJECTID":1120,"SOURCE_ID":1120,"kalae":0,"GiZScore":-0.67335918064181033,"GiPValue":0.50071881532843421,"NNeighbors":111,"Gi_Bin":0}},{"type":"Feature","id":1121,"geometry":{"type":"Point","coordinates":[98.95726697953998,18.797582089811037]},"properties":{"OBJECTID":1121,"SOURCE_ID":1121,"kalae":0,"GiZScore":2.0513427439118561,"GiPValue":0.040233580653614757,"NNeighbors":70,"Gi_Bin":2}},{"type":"Feature","id":1122,"geometry":{"type":"Point","coordinates":[98.982993959947805,18.804248290209735]},"properties":{"OBJECTID":1122,"SOURCE_ID":1122,"kalae":0,"GiZScore":0.27159180239623021,"GiPValue":0.78593590365677235,"NNeighbors":179,"Gi_Bin":0}},{"type":"Feature","id":1123,"geometry":{"type":"Point","coordinates":[98.977913819862067,18.833644609557222]},"properties":{"OBJECTID":1123,"SOURCE_ID":1123,"kalae":0,"GiZScore":-0.87851429867686803,"GiPValue":0.37966469092400101,"NNeighbors":21,"Gi_Bin":0}},{"type":"Feature","id":1124,"geometry":{"type":"Point","coordinates":[99.001845960067101,18.788802030394589]},"properties":{"OBJECTID":1124,"SOURCE_ID":1124,"kalae":0,"GiZScore":0.45883517035112481,"GiPValue":0.64635253790478409,"NNeighbors":276,"Gi_Bin":0}},{"type":"Feature","id":1125,"geometry":{"type":"Point","coordinates":[98.963108930410854,18.801451170022137]},"properties":{"OBJECTID":1125,"SOURCE_ID":1125,"kalae":19,"GiZScore":1.044751404151637,"GiPValue":0.29613789522002831,"NNeighbors":106,"Gi_Bin":0}},{"type":"Feature","id":1126,"geometry":{"type":"Point","coordinates":[98.962835319845738,18.801545010255193]},"properties":{"OBJECTID":1126,"SOURCE_ID":1126,"kalae":6,"GiZScore":1.0426528078411188,"GiPValue":0.29710913707268782,"NNeighbors":104,"Gi_Bin":0}},{"type":"Feature","id":1127,"geometry":{"type":"Point","coordinates":[98.962652740251301,18.801495629717564]},"properties":{"OBJECTID":1127,"SOURCE_ID":1127,"kalae":5,"GiZScore":1.0406323250391549,"GiPValue":0.29804623775910433,"NNeighbors":102,"Gi_Bin":0}},{"type":"Feature","id":1128,"geometry":{"type":"Point","coordinates":[98.957247199871034,18.804475229915344]},"properties":{"OBJECTID":1128,"SOURCE_ID":1128,"kalae":0,"GiZScore":2.4742119688954314,"GiPValue":0.013353044475555237,"NNeighbors":60,"Gi_Bin":2}},{"type":"Feature","id":1129,"geometry":{"type":"Point","coordinates":[98.951378439634084,18.80809980999242]},"properties":{"OBJECTID":1129,"SOURCE_ID":1129,"kalae":1,"GiZScore":2.6009127029973782,"GiPValue":0.0092976110127128524,"NNeighbors":41,"Gi_Bin":3}},{"type":"Feature","id":1130,"geometry":{"type":"Point","coordinates":[98.949059740211496,18.810392940094033]},"properties":{"OBJECTID":1130,"SOURCE_ID":1130,"kalae":1,"GiZScore":0.4001412658396728,"GiPValue":0.68905247271008463,"NNeighbors":23,"Gi_Bin":0}},{"type":"Feature","id":1131,"geometry":{"type":"Point","coordinates":[98.965943539977573,18.797810329970339]},"properties":{"OBJECTID":1131,"SOURCE_ID":1131,"kalae":1,"GiZScore":1.319450978149689,"GiPValue":0.18701838858706127,"NNeighbors":140,"Gi_Bin":0}},{"type":"Feature","id":1132,"geometry":{"type":"Point","coordinates":[98.995926660353561,18.762788500083477]},"properties":{"OBJECTID":1132,"SOURCE_ID":1132,"kalae":0,"GiZScore":-1.3267361338925059,"GiPValue":0.18459598359320251,"NNeighbors":180,"Gi_Bin":0}},{"type":"Feature","id":1133,"geometry":{"type":"Point","coordinates":[98.995741109629719,18.762826370240784]},"properties":{"OBJECTID":1133,"SOURCE_ID":1133,"kalae":1,"GiZScore":-1.1505266772323945,"GiPValue":0.24992703261151394,"NNeighbors":183,"Gi_Bin":0}},{"type":"Feature","id":1134,"geometry":{"type":"Point","coordinates":[98.998342440329466,18.762008590213398]},"properties":{"OBJECTID":1134,"SOURCE_ID":1134,"kalae":1,"GiZScore":-2.0793502412900593,"GiPValue":0.037585170425224489,"NNeighbors":150,"Gi_Bin":-2}},{"type":"Feature","id":1135,"geometry":{"type":"Point","coordinates":[99.020370830035517,18.776860330269212]},"properties":{"OBJECTID":1135,"SOURCE_ID":1135,"kalae":1,"GiZScore":-0.61995688350614031,"GiPValue":0.53528617731163264,"NNeighbors":186,"Gi_Bin":0}},{"type":"Feature","id":1136,"geometry":{"type":"Point","coordinates":[99.015022860129136,18.774524489867272]},"properties":{"OBJECTID":1136,"SOURCE_ID":1136,"kalae":2,"GiZScore":-1.2306415018725871,"GiPValue":0.2184569991832519,"NNeighbors":179,"Gi_Bin":0}},{"type":"Feature","id":1137,"geometry":{"type":"Point","coordinates":[99.010113690000225,18.775481239938145]},"properties":{"OBJECTID":1137,"SOURCE_ID":1137,"kalae":0,"GiZScore":-0.10031002843161253,"GiPValue":0.92009819612245314,"NNeighbors":177,"Gi_Bin":0}},{"type":"Feature","id":1138,"geometry":{"type":"Point","coordinates":[99.009719990047174,18.774995240310712]},"properties":{"OBJECTID":1138,"SOURCE_ID":1138,"kalae":0,"GiZScore":0.047187983000797074,"GiPValue":0.96236340502775031,"NNeighbors":175,"Gi_Bin":0}},{"type":"Feature","id":1139,"geometry":{"type":"Point","coordinates":[99.013812889892662,18.775283260135907]},"properties":{"OBJECTID":1139,"SOURCE_ID":1139,"kalae":1,"GiZScore":-0.53379576324120903,"GiPValue":0.59348284759805159,"NNeighbors":174,"Gi_Bin":0}},{"type":"Feature","id":1140,"geometry":{"type":"Point","coordinates":[99.010425890403681,18.776511779642799]},"properties":{"OBJECTID":1140,"SOURCE_ID":1140,"kalae":0,"GiZScore":-0.14757455752151871,"GiPValue":0.88267853541358099,"NNeighbors":178,"Gi_Bin":0}},{"type":"Feature","id":1141,"geometry":{"type":"Point","coordinates":[99.009477369699042,18.776354630292975]},"properties":{"OBJECTID":1141,"SOURCE_ID":1141,"kalae":0,"GiZScore":0.28285378321090443,"GiPValue":0.77728892433119567,"NNeighbors":182,"Gi_Bin":0}},{"type":"Feature","id":1142,"geometry":{"type":"Point","coordinates":[99.025199109898566,18.779988640086351]},"properties":{"OBJECTID":1142,"SOURCE_ID":1142,"kalae":0,"GiZScore":-0.50316528545432215,"GiPValue":0.61484807129982921,"NNeighbors":143,"Gi_Bin":0}},{"type":"Feature","id":1143,"geometry":{"type":"Point","coordinates":[99.025274419687861,18.780154550371147]},"properties":{"OBJECTID":1143,"SOURCE_ID":1143,"kalae":1,"GiZScore":-0.45866569560532838,"GiPValue":0.64647425343190124,"NNeighbors":141,"Gi_Bin":0}},{"type":"Feature","id":1144,"geometry":{"type":"Point","coordinates":[99.011259059621764,18.796517019949189]},"properties":{"OBJECTID":1144,"SOURCE_ID":1144,"kalae":0,"GiZScore":-0.1766343656834273,"GiPValue":0.85979559865814303,"NNeighbors":172,"Gi_Bin":0}},{"type":"Feature","id":1145,"geometry":{"type":"Point","coordinates":[98.986466910381907,18.794930460021501]},"properties":{"OBJECTID":1145,"SOURCE_ID":1145,"kalae":1,"GiZScore":0.50498385612033392,"GiPValue":0.61357017681906811,"NNeighbors":291,"Gi_Bin":0}},{"type":"Feature","id":1146,"geometry":{"type":"Point","coordinates":[98.992414820462642,18.776425760011954]},"properties":{"OBJECTID":1146,"SOURCE_ID":1146,"kalae":0,"GiZScore":0.50164928576860901,"GiPValue":0.61591424589725863,"NNeighbors":372,"Gi_Bin":0}},{"type":"Feature","id":1147,"geometry":{"type":"Point","coordinates":[98.948621879635098,18.809606449645351]},"properties":{"OBJECTID":1147,"SOURCE_ID":1147,"kalae":0,"GiZScore":-0.064045956184003036,"GiPValue":0.94893363415122833,"NNeighbors":29,"Gi_Bin":0}},{"type":"Feature","id":1148,"geometry":{"type":"Point","coordinates":[98.986967750028185,18.80959405019005]},"properties":{"OBJECTID":1148,"SOURCE_ID":1148,"kalae":0,"GiZScore":-1.2133192702957944,"GiPValue":0.22500780057255987,"NNeighbors":140,"Gi_Bin":0}},{"type":"Feature","id":1149,"geometry":{"type":"Point","coordinates":[98.993416739902784,18.798175240228492]},"properties":{"OBJECTID":1149,"SOURCE_ID":1149,"kalae":1,"GiZScore":-0.17234146583385887,"GiPValue":0.86316908706608009,"NNeighbors":260,"Gi_Bin":0}},{"type":"Feature","id":1150,"geometry":{"type":"Point","coordinates":[98.994059489562332,18.797722219869488]},"properties":{"OBJECTID":1150,"SOURCE_ID":1150,"kalae":0,"GiZScore":-0.02303397310331623,"GiPValue":0.98162317351303829,"NNeighbors":264,"Gi_Bin":0}},{"type":"Feature","id":1151,"geometry":{"type":"Point","coordinates":[98.993223220007081,18.814596570351352]},"properties":{"OBJECTID":1151,"SOURCE_ID":1151,"kalae":0,"GiZScore":-0.34731263290635167,"GiPValue":0.72835646176448621,"NNeighbors":112,"Gi_Bin":0}},{"type":"Feature","id":1152,"geometry":{"type":"Point","coordinates":[98.991128920012642,18.809659920196466]},"properties":{"OBJECTID":1152,"SOURCE_ID":1152,"kalae":1,"GiZScore":-0.61403209152250904,"GiPValue":0.53919412440683878,"NNeighbors":152,"Gi_Bin":0}},{"type":"Feature","id":1153,"geometry":{"type":"Point","coordinates":[98.991747479560345,18.806099629648344]},"properties":{"OBJECTID":1153,"SOURCE_ID":1153,"kalae":1,"GiZScore":-0.23180726777483346,"GiPValue":0.81668771211653302,"NNeighbors":203,"Gi_Bin":0}},{"type":"Feature","id":1154,"geometry":{"type":"Point","coordinates":[98.989965110368075,18.808562399763883]},"properties":{"OBJECTID":1154,"SOURCE_ID":1154,"kalae":0,"GiZScore":-0.64688798085149624,"GiPValue":0.51770444912184899,"NNeighbors":164,"Gi_Bin":0}},{"type":"Feature","id":1155,"geometry":{"type":"Point","coordinates":[98.992859910125773,18.806269130240064]},"properties":{"OBJECTID":1155,"SOURCE_ID":1155,"kalae":0,"GiZScore":-0.54677584115502009,"GiPValue":0.58453274497811414,"NNeighbors":190,"Gi_Bin":0}},{"type":"Feature","id":1156,"geometry":{"type":"Point","coordinates":[98.994437110467345,18.806058320369996]},"properties":{"OBJECTID":1156,"SOURCE_ID":1156,"kalae":1,"GiZScore":-0.52503966945210889,"GiPValue":0.59955561649858202,"NNeighbors":194,"Gi_Bin":0}},{"type":"Feature","id":1157,"geometry":{"type":"Point","coordinates":[98.988427419534318,18.817938919921005]},"properties":{"OBJECTID":1157,"SOURCE_ID":1157,"kalae":0,"GiZScore":-0.79656692635638038,"GiPValue":0.42570259919281173,"NNeighbors":90,"Gi_Bin":0}},{"type":"Feature","id":1158,"geometry":{"type":"Point","coordinates":[98.98837811994089,18.8165152699085]},"properties":{"OBJECTID":1158,"SOURCE_ID":1158,"kalae":0,"GiZScore":-0.13092044688416887,"GiPValue":0.89583823965208387,"NNeighbors":95,"Gi_Bin":0}},{"type":"Feature","id":1159,"geometry":{"type":"Point","coordinates":[98.991736150267755,18.798591369662422]},"properties":{"OBJECTID":1159,"SOURCE_ID":1159,"kalae":0,"GiZScore":-0.30860251955155343,"GiPValue":0.75762390447994798,"NNeighbors":270,"Gi_Bin":0}},{"type":"Feature","id":1160,"geometry":{"type":"Point","coordinates":[98.994283549599487,18.820271190086096]},"properties":{"OBJECTID":1160,"SOURCE_ID":1160,"kalae":0,"GiZScore":-1.4393796765801397,"GiPValue":0.15004297932449689,"NNeighbors":74,"Gi_Bin":0}},{"type":"Feature","id":1161,"geometry":{"type":"Point","coordinates":[98.983898739859825,18.796714570406543]},"properties":{"OBJECTID":1161,"SOURCE_ID":1161,"kalae":1,"GiZScore":-0.43204560375084072,"GiPValue":0.66570826988515264,"NNeighbors":272,"Gi_Bin":0}},{"type":"Feature","id":1162,"geometry":{"type":"Point","coordinates":[98.992787779854382,18.808818219728458]},"properties":{"OBJECTID":1162,"SOURCE_ID":1162,"kalae":0,"GiZScore":-0.34077791292716392,"GiPValue":0.73327077980533395,"NNeighbors":161,"Gi_Bin":0}},{"type":"Feature","id":1163,"geometry":{"type":"Point","coordinates":[98.987588789642828,18.804411929663825]},"properties":{"OBJECTID":1163,"SOURCE_ID":1163,"kalae":1,"GiZScore":0.22206947711916578,"GiPValue":0.82425979851940545,"NNeighbors":206,"Gi_Bin":0}},{"type":"Feature","id":1164,"geometry":{"type":"Point","coordinates":[98.993834039994795,18.808552970390988]},"properties":{"OBJECTID":1164,"SOURCE_ID":1164,"kalae":0,"GiZScore":0.033952407738535084,"GiPValue":0.97291510191929742,"NNeighbors":160,"Gi_Bin":0}},{"type":"Feature","id":1165,"geometry":{"type":"Point","coordinates":[98.993966110186634,18.808368450284096]},"properties":{"OBJECTID":1165,"SOURCE_ID":1165,"kalae":0,"GiZScore":0.029405344538248526,"GiPValue":0.97654131032211344,"NNeighbors":159,"Gi_Bin":0}},{"type":"Feature","id":1166,"geometry":{"type":"Point","coordinates":[98.99095168995656,18.806527079683402]},"properties":{"OBJECTID":1166,"SOURCE_ID":1166,"kalae":1,"GiZScore":-0.46968047187176726,"GiPValue":0.63858332333715873,"NNeighbors":195,"Gi_Bin":0}},{"type":"Feature","id":1167,"geometry":{"type":"Point","coordinates":[98.989666600284409,18.806885060064339]},"properties":{"OBJECTID":1167,"SOURCE_ID":1167,"kalae":0,"GiZScore":-0.36506005359227023,"GiPValue":0.71506657945294183,"NNeighbors":186,"Gi_Bin":0}},{"type":"Feature","id":1168,"geometry":{"type":"Point","coordinates":[98.9909720100096,18.79769230995425]},"properties":{"OBJECTID":1168,"SOURCE_ID":1168,"kalae":1,"GiZScore":-0.28791886735000916,"GiPValue":0.77340884448388014,"NNeighbors":275,"Gi_Bin":0}},{"type":"Feature","id":1169,"geometry":{"type":"Point","coordinates":[98.992214739558136,18.797917279936286]},"properties":{"OBJECTID":1169,"SOURCE_ID":1169,"kalae":0,"GiZScore":-0.22865170275840482,"GiPValue":0.81913963608418039,"NNeighbors":268,"Gi_Bin":0}},{"type":"Feature","id":1170,"geometry":{"type":"Point","coordinates":[98.992096860058609,18.800866490001233]},"properties":{"OBJECTID":1170,"SOURCE_ID":1170,"kalae":0,"GiZScore":0.58445611167912248,"GiPValue":0.55891348764926252,"NNeighbors":244,"Gi_Bin":0}},{"type":"Feature","id":1171,"geometry":{"type":"Point","coordinates":[98.99226239992656,18.800954909989709]},"properties":{"OBJECTID":1171,"SOURCE_ID":1171,"kalae":0,"GiZScore":0.53260297463671602,"GiPValue":0.59430844480656408,"NNeighbors":242,"Gi_Bin":0}},{"type":"Feature","id":1172,"geometry":{"type":"Point","coordinates":[98.992495609843786,18.819026830152517]},"properties":{"OBJECTID":1172,"SOURCE_ID":1172,"kalae":0,"GiZScore":-1.3537509328327457,"GiPValue":0.17581585267241776,"NNeighbors":85,"Gi_Bin":0}},{"type":"Feature","id":1173,"geometry":{"type":"Point","coordinates":[98.992306109531583,18.8190373199084]},"properties":{"OBJECTID":1173,"SOURCE_ID":1173,"kalae":1,"GiZScore":-1.3537509328327457,"GiPValue":0.17581585267241776,"NNeighbors":85,"Gi_Bin":0}},{"type":"Feature","id":1174,"geometry":{"type":"Point","coordinates":[98.987324449830169,18.810973619764109]},"properties":{"OBJECTID":1174,"SOURCE_ID":1174,"kalae":0,"GiZScore":-1.1707036604720622,"GiPValue":0.24171793381970985,"NNeighbors":145,"Gi_Bin":0}},{"type":"Feature","id":1175,"geometry":{"type":"Point","coordinates":[98.987382179941932,18.810195160322031]},"properties":{"OBJECTID":1175,"SOURCE_ID":1175,"kalae":0,"GiZScore":-1.3104724028748584,"GiPValue":0.19003607420677379,"NNeighbors":142,"Gi_Bin":0}},{"type":"Feature","id":1176,"geometry":{"type":"Point","coordinates":[98.987470800381885,18.80928293967207]},"properties":{"OBJECTID":1176,"SOURCE_ID":1176,"kalae":1,"GiZScore":-1.3407623726420157,"GiPValue":0.17999761646458659,"NNeighbors":145,"Gi_Bin":0}},{"type":"Feature","id":1177,"geometry":{"type":"Point","coordinates":[98.987082649806879,18.810367630288308]},"properties":{"OBJECTID":1177,"SOURCE_ID":1177,"kalae":0,"GiZScore":-1.2620367507560952,"GiPValue":0.20693558740649431,"NNeighbors":141,"Gi_Bin":0}},{"type":"Feature","id":1178,"geometry":{"type":"Point","coordinates":[98.995066189550045,18.817373670279977]},"properties":{"OBJECTID":1178,"SOURCE_ID":1178,"kalae":0,"GiZScore":-0.87372881364505772,"GiPValue":0.38226596476893271,"NNeighbors":103,"Gi_Bin":0}},{"type":"Feature","id":1179,"geometry":{"type":"Point","coordinates":[98.994006810148477,18.777511870041256]},"properties":{"OBJECTID":1179,"SOURCE_ID":1179,"kalae":1,"GiZScore":0.45672966182545682,"GiPValue":0.64786536951929685,"NNeighbors":357,"Gi_Bin":0}},{"type":"Feature","id":1180,"geometry":{"type":"Point","coordinates":[98.98583410033234,18.838071979879658]},"properties":{"OBJECTID":1180,"SOURCE_ID":1180,"kalae":1,"GiZScore":-0.83047433328426123,"GiPValue":0.40627066166192216,"NNeighbors":14,"Gi_Bin":0}},{"type":"Feature","id":1181,"geometry":{"type":"Point","coordinates":[98.985538840042423,18.838476839910907]},"properties":{"OBJECTID":1181,"SOURCE_ID":1181,"kalae":0,"GiZScore":-0.83047433328426123,"GiPValue":0.40627066166192216,"NNeighbors":14,"Gi_Bin":0}},{"type":"Feature","id":1182,"geometry":{"type":"Point","coordinates":[98.994167460448736,18.785681960417929]},"properties":{"OBJECTID":1182,"SOURCE_ID":1182,"kalae":0,"GiZScore":0.99294518653560382,"GiPValue":0.32073668053428483,"NNeighbors":363,"Gi_Bin":0}},{"type":"Feature","id":1183,"geometry":{"type":"Point","coordinates":[98.994014500218313,18.786527289648223]},"properties":{"OBJECTID":1183,"SOURCE_ID":1183,"kalae":0,"GiZScore":1.2813047085429878,"GiPValue":0.2000866596830313,"NNeighbors":367,"Gi_Bin":0}},{"type":"Feature","id":1184,"geometry":{"type":"Point","coordinates":[98.998961830088447,18.778246169846863]},"properties":{"OBJECTID":1184,"SOURCE_ID":1184,"kalae":0,"GiZScore":0.19468211990289769,"GiPValue":0.8456418104387915,"NNeighbors":288,"Gi_Bin":0}},{"type":"Feature","id":1185,"geometry":{"type":"Point","coordinates":[98.999288849888757,18.77816527041216]},"properties":{"OBJECTID":1185,"SOURCE_ID":1185,"kalae":1,"GiZScore":0.054823781553320294,"GiPValue":0.95627885395029388,"NNeighbors":285,"Gi_Bin":0}},{"type":"Feature","id":1186,"geometry":{"type":"Point","coordinates":[98.998678450454619,18.777835719899777]},"properties":{"OBJECTID":1186,"SOURCE_ID":1186,"kalae":1,"GiZScore":0.033455724667698153,"GiPValue":0.97331117264411782,"NNeighbors":291,"Gi_Bin":0}},{"type":"Feature","id":1187,"geometry":{"type":"Point","coordinates":[99.000367369869224,18.77723978032579]},"properties":{"OBJECTID":1187,"SOURCE_ID":1187,"kalae":0,"GiZScore":-0.029223564842940978,"GiPValue":0.97668628722886186,"NNeighbors":274,"Gi_Bin":0}},{"type":"Feature","id":1188,"geometry":{"type":"Point","coordinates":[98.999745720295749,18.776753270227257]},"properties":{"OBJECTID":1188,"SOURCE_ID":1188,"kalae":1,"GiZScore":-0.1964371905052488,"GiPValue":0.84426798956398785,"NNeighbors":287,"Gi_Bin":0}},{"type":"Feature","id":1189,"geometry":{"type":"Point","coordinates":[98.993719290147723,18.779468990026128]},"properties":{"OBJECTID":1189,"SOURCE_ID":1189,"kalae":0,"GiZScore":1.0952410687947078,"GiPValue":0.27341105486774764,"NNeighbors":356,"Gi_Bin":0}},{"type":"Feature","id":1190,"geometry":{"type":"Point","coordinates":[98.977172710003472,18.773803789831618]},"properties":{"OBJECTID":1190,"SOURCE_ID":1190,"kalae":0,"GiZScore":1.3747487016688043,"GiPValue":0.16920936681655019,"NNeighbors":224,"Gi_Bin":0}},{"type":"Feature","id":1191,"geometry":{"type":"Point","coordinates":[98.993849529688404,18.806530589596072]},"properties":{"OBJECTID":1191,"SOURCE_ID":1191,"kalae":1,"GiZScore":-0.40555528842450805,"GiPValue":0.68506938784838356,"NNeighbors":188,"Gi_Bin":0}},{"type":"Feature","id":1192,"geometry":{"type":"Point","coordinates":[98.993954579585562,18.80599762959439]},"properties":{"OBJECTID":1192,"SOURCE_ID":1192,"kalae":0,"GiZScore":-0.43001695639145132,"GiPValue":0.66718330789636138,"NNeighbors":193,"Gi_Bin":0}},{"type":"Feature","id":1193,"geometry":{"type":"Point","coordinates":[98.993187700125986,18.805351399660605]},"properties":{"OBJECTID":1193,"SOURCE_ID":1193,"kalae":5,"GiZScore":-0.075584984913356024,"GiPValue":0.93974928259246993,"NNeighbors":205,"Gi_Bin":0}},{"type":"Feature","id":1194,"geometry":{"type":"Point","coordinates":[98.988558400178249,18.80298703031109]},"properties":{"OBJECTID":1194,"SOURCE_ID":1194,"kalae":2,"GiZScore":0.79690176161787396,"GiPValue":0.42550809485818697,"NNeighbors":220,"Gi_Bin":0}},{"type":"Feature","id":1195,"geometry":{"type":"Point","coordinates":[98.973908279717804,18.837952240007567]},"properties":{"OBJECTID":1195,"SOURCE_ID":1195,"kalae":0,"GiZScore":-0.75656379123886008,"GiPValue":0.44931124727659766,"NNeighbors":8,"Gi_Bin":0}},{"type":"Feature","id":1196,"geometry":{"type":"Point","coordinates":[99.028909190432969,18.764400259909646]},"properties":{"OBJECTID":1196,"SOURCE_ID":1196,"kalae":0,"GiZScore":0.61167004789315949,"GiPValue":0.5407560859804641,"NNeighbors":91,"Gi_Bin":0}},{"type":"Feature","id":1197,"geometry":{"type":"Point","coordinates":[99.028729989554051,18.764340819865065]},"properties":{"OBJECTID":1197,"SOURCE_ID":1197,"kalae":0,"GiZScore":0.61451609091695458,"GiPValue":0.53887434674639945,"NNeighbors":92,"Gi_Bin":0}},{"type":"Feature","id":1198,"geometry":{"type":"Point","coordinates":[99.013033629566934,18.766191319571689]},"properties":{"OBJECTID":1198,"SOURCE_ID":1198,"kalae":0,"GiZScore":-1.4243594022993427,"GiPValue":0.15434245998352089,"NNeighbors":161,"Gi_Bin":0}},{"type":"Feature","id":1199,"geometry":{"type":"Point","coordinates":[99.014095390285775,18.765466970405516]},"properties":{"OBJECTID":1199,"SOURCE_ID":1199,"kalae":0,"GiZScore":-0.95828722589352155,"GiPValue":0.33791795534296432,"NNeighbors":158,"Gi_Bin":0}},{"type":"Feature","id":1200,"geometry":{"type":"Point","coordinates":[99.010512689990136,18.761152570378403]},"properties":{"OBJECTID":1200,"SOURCE_ID":1200,"kalae":1,"GiZScore":-0.60742507198393469,"GiPValue":0.54356885716076486,"NNeighbors":136,"Gi_Bin":0}},{"type":"Feature","id":1201,"geometry":{"type":"Point","coordinates":[99.010888259912221,18.7612045196263]},"properties":{"OBJECTID":1201,"SOURCE_ID":1201,"kalae":1,"GiZScore":-0.6586334837473552,"GiPValue":0.51013115998718783,"NNeighbors":137,"Gi_Bin":0}},{"type":"Feature","id":1202,"geometry":{"type":"Point","coordinates":[99.013576609589009,18.760124220395806]},"properties":{"OBJECTID":1202,"SOURCE_ID":1202,"kalae":0,"GiZScore":-1.0089499609242771,"GiPValue":0.31299864656431597,"NNeighbors":116,"Gi_Bin":0}},{"type":"Feature","id":1203,"geometry":{"type":"Point","coordinates":[99.011643219990049,18.760669049822312]},"properties":{"OBJECTID":1203,"SOURCE_ID":1203,"kalae":0,"GiZScore":-0.81283119101460588,"GiPValue":0.41631485734699869,"NNeighbors":132,"Gi_Bin":0}},{"type":"Feature","id":1204,"geometry":{"type":"Point","coordinates":[99.012905810334217,18.761883080107939]},"properties":{"OBJECTID":1204,"SOURCE_ID":1204,"kalae":0,"GiZScore":-0.99108216287519224,"GiPValue":0.32164547510740982,"NNeighbors":139,"Gi_Bin":0}},{"type":"Feature","id":1205,"geometry":{"type":"Point","coordinates":[98.986320839751556,18.803758820157157]},"properties":{"OBJECTID":1205,"SOURCE_ID":1205,"kalae":0,"GiZScore":0.16279524679283877,"GiPValue":0.87067965091239707,"NNeighbors":216,"Gi_Bin":0}},{"type":"Feature","id":1206,"geometry":{"type":"Point","coordinates":[98.961383469816326,18.787377859670908]},"properties":{"OBJECTID":1206,"SOURCE_ID":1206,"kalae":0,"GiZScore":-1.0284545657546309,"GiPValue":0.30373606683127496,"NNeighbors":82,"Gi_Bin":0}},{"type":"Feature","id":1207,"geometry":{"type":"Point","coordinates":[98.961952820292311,18.787378400386753]},"properties":{"OBJECTID":1207,"SOURCE_ID":1207,"kalae":0,"GiZScore":-1.0771827309091946,"GiPValue":0.28139865505441497,"NNeighbors":84,"Gi_Bin":0}},{"type":"Feature","id":1208,"geometry":{"type":"Point","coordinates":[98.965895050006353,18.784932729965817]},"properties":{"OBJECTID":1208,"SOURCE_ID":1208,"kalae":0,"GiZScore":-0.95508360130440628,"GiPValue":0.33953543295514965,"NNeighbors":82,"Gi_Bin":0}},{"type":"Feature","id":1209,"geometry":{"type":"Point","coordinates":[98.976719260202557,18.786541580284787]},"properties":{"OBJECTID":1209,"SOURCE_ID":1209,"kalae":0,"GiZScore":0.016933259296370063,"GiPValue":0.9864898594840471,"NNeighbors":251,"Gi_Bin":0}},{"type":"Feature","id":1210,"geometry":{"type":"Point","coordinates":[98.976909020157564,18.786538439672253]},"properties":{"OBJECTID":1210,"SOURCE_ID":1210,"kalae":3,"GiZScore":0.069680423308363257,"GiPValue":0.94444802383846782,"NNeighbors":253,"Gi_Bin":0}},{"type":"Feature","id":1211,"geometry":{"type":"Point","coordinates":[98.971642570109097,18.784520600339491]},"properties":{"OBJECTID":1211,"SOURCE_ID":1211,"kalae":1,"GiZScore":-0.53379576324120903,"GiPValue":0.59348284759805159,"NNeighbors":174,"Gi_Bin":0}},{"type":"Feature","id":1212,"geometry":{"type":"Point","coordinates":[98.971857680059856,18.785715739760892]},"properties":{"OBJECTID":1212,"SOURCE_ID":1212,"kalae":1,"GiZScore":-0.47017980355619737,"GiPValue":0.63822656378490306,"NNeighbors":176,"Gi_Bin":0}},{"type":"Feature","id":1213,"geometry":{"type":"Point","coordinates":[98.965317109984781,18.788143509981126]},"properties":{"OBJECTID":1213,"SOURCE_ID":1213,"kalae":1,"GiZScore":0.9634237310727507,"GiPValue":0.33533493396226388,"NNeighbors":93,"Gi_Bin":0}},{"type":"Feature","id":1214,"geometry":{"type":"Point","coordinates":[98.966768409685002,18.786385659952447]},"properties":{"OBJECTID":1214,"SOURCE_ID":1214,"kalae":1,"GiZScore":-1.1823060402708503,"GiPValue":0.23708431073095759,"NNeighbors":105,"Gi_Bin":0}},{"type":"Feature","id":1215,"geometry":{"type":"Point","coordinates":[98.966593509537404,18.786476470416343]},"properties":{"OBJECTID":1215,"SOURCE_ID":1215,"kalae":1,"GiZScore":-1.1168354916423975,"GiPValue":0.26406468863942201,"NNeighbors":105,"Gi_Bin":0}},{"type":"Feature","id":1216,"geometry":{"type":"Point","coordinates":[98.966367629645433,18.787489870350342]},"properties":{"OBJECTID":1216,"SOURCE_ID":1216,"kalae":1,"GiZScore":-0.68425281179235498,"GiPValue":0.49381554347387613,"NNeighbors":102,"Gi_Bin":0}},{"type":"Feature","id":1217,"geometry":{"type":"Point","coordinates":[98.978539539852903,18.778124149792845]},"properties":{"OBJECTID":1217,"SOURCE_ID":1217,"kalae":0,"GiZScore":0.99276840227476593,"GiPValue":0.32082284487317003,"NNeighbors":280,"Gi_Bin":0}},{"type":"Feature","id":1218,"geometry":{"type":"Point","coordinates":[98.97870815026684,18.779913359656728]},"properties":{"OBJECTID":1218,"SOURCE_ID":1218,"kalae":0,"GiZScore":1.3781459341730078,"GiPValue":0.16815823595132809,"NNeighbors":277,"Gi_Bin":0}},{"type":"Feature","id":1219,"geometry":{"type":"Point","coordinates":[98.977128219997837,18.787380649972349]},"properties":{"OBJECTID":1219,"SOURCE_ID":1219,"kalae":2,"GiZScore":0.043454613186104919,"GiPValue":0.96533914375281027,"NNeighbors":258,"Gi_Bin":0}},{"type":"Feature","id":1220,"geometry":{"type":"Point","coordinates":[98.968569449896293,18.785792810271182]},"properties":{"OBJECTID":1220,"SOURCE_ID":1220,"kalae":0,"GiZScore":-0.9735016645555794,"GiPValue":0.33030404577458194,"NNeighbors":134,"Gi_Bin":0}},{"type":"Feature","id":1221,"geometry":{"type":"Point","coordinates":[98.968571239570082,18.7840632496499]},"properties":{"OBJECTID":1221,"SOURCE_ID":1221,"kalae":0,"GiZScore":-0.87190590850828609,"GiPValue":0.38325971929847302,"NNeighbors":132,"Gi_Bin":0}},{"type":"Feature","id":1222,"geometry":{"type":"Point","coordinates":[98.969514430105406,18.784698179735543]},"properties":{"OBJECTID":1222,"SOURCE_ID":1222,"kalae":1,"GiZScore":-0.52794531673967127,"GiPValue":0.59753729265376809,"NNeighbors":148,"Gi_Bin":0}},{"type":"Feature","id":1223,"geometry":{"type":"Point","coordinates":[98.980042870082926,18.779632700353773]},"properties":{"OBJECTID":1223,"SOURCE_ID":1223,"kalae":1,"GiZScore":1.3783546505700739,"GiPValue":0.16809381762946318,"NNeighbors":299,"Gi_Bin":0}},{"type":"Feature","id":1224,"geometry":{"type":"Point","coordinates":[98.979900750062981,18.780088710400321]},"properties":{"OBJECTID":1224,"SOURCE_ID":1224,"kalae":1,"GiZScore":1.3723229241356016,"GiPValue":0.16996293231094453,"NNeighbors":296,"Gi_Bin":0}},{"type":"Feature","id":1225,"geometry":{"type":"Point","coordinates":[98.969142390255001,18.78381454969881]},"properties":{"OBJECTID":1225,"SOURCE_ID":1225,"kalae":1,"GiZScore":-0.94123609232134586,"GiPValue":0.34658389600939576,"NNeighbors":138,"Gi_Bin":0}},{"type":"Feature","id":1226,"geometry":{"type":"Point","coordinates":[98.96933204973088,18.783820900225241]},"properties":{"OBJECTID":1226,"SOURCE_ID":1226,"kalae":0,"GiZScore":-0.15564790488062,"GiPValue":0.876310562489373,"NNeighbors":144,"Gi_Bin":0}},{"type":"Feature","id":1227,"geometry":{"type":"Point","coordinates":[98.967521020056864,18.784746790320185]},"properties":{"OBJECTID":1227,"SOURCE_ID":1227,"kalae":0,"GiZScore":-1.2168564161070827,"GiPValue":0.22365887329222622,"NNeighbors":114,"Gi_Bin":0}},{"type":"Feature","id":1228,"geometry":{"type":"Point","coordinates":[98.970594340090344,18.796719890161445]},"properties":{"OBJECTID":1228,"SOURCE_ID":1228,"kalae":0,"GiZScore":1.2996382588031259,"GiPValue":0.19372498048505454,"NNeighbors":173,"Gi_Bin":0}},{"type":"Feature","id":1229,"geometry":{"type":"Point","coordinates":[98.964028070001561,18.795861800185172]},"properties":{"OBJECTID":1229,"SOURCE_ID":1229,"kalae":1,"GiZScore":0.82579487788979022,"GiPValue":0.40892046807327664,"NNeighbors":125,"Gi_Bin":0}},{"type":"Feature","id":1230,"geometry":{"type":"Point","coordinates":[98.968335000148045,18.798180619837773]},"properties":{"OBJECTID":1230,"SOURCE_ID":1230,"kalae":1,"GiZScore":1.1631551942859955,"GiPValue":0.24476656176928879,"NNeighbors":152,"Gi_Bin":0}},{"type":"Feature","id":1231,"geometry":{"type":"Point","coordinates":[98.968916039579426,18.798124040026067]},"properties":{"OBJECTID":1231,"SOURCE_ID":1231,"kalae":0,"GiZScore":1.2753377101396801,"GiPValue":0.2021897612928294,"NNeighbors":153,"Gi_Bin":0}},{"type":"Feature","id":1232,"geometry":{"type":"Point","coordinates":[98.966599949886103,18.795130299786717]},"properties":{"OBJECTID":1232,"SOURCE_ID":1232,"kalae":1,"GiZScore":1.154794635269863,"GiPValue":0.24817455424723744,"NNeighbors":146,"Gi_Bin":0}},{"type":"Feature","id":1233,"geometry":{"type":"Point","coordinates":[98.966622299630401,18.795309799766041]},"properties":{"OBJECTID":1233,"SOURCE_ID":1233,"kalae":1,"GiZScore":1.156166295747193,"GiPValue":0.24761316286004409,"NNeighbors":147,"Gi_Bin":0}},{"type":"Feature","id":1234,"geometry":{"type":"Point","coordinates":[98.967037920429988,18.799592420397033]},"properties":{"OBJECTID":1234,"SOURCE_ID":1234,"kalae":1,"GiZScore":1.434994648678622,"GiPValue":0.15128862252056965,"NNeighbors":141,"Gi_Bin":0}},{"type":"Feature","id":1235,"geometry":{"type":"Point","coordinates":[98.966018810135722,18.799716259975035]},"properties":{"OBJECTID":1235,"SOURCE_ID":1235,"kalae":2,"GiZScore":1.2591081825853327,"GiPValue":0.20799128404442668,"NNeighbors":137,"Gi_Bin":0}},{"type":"Feature","id":1236,"geometry":{"type":"Point","coordinates":[98.968438080050049,18.796670269906311]},"properties":{"OBJECTID":1236,"SOURCE_ID":1236,"kalae":1,"GiZScore":1.4494926997578739,"GiPValue":0.14720003757572672,"NNeighbors":164,"Gi_Bin":0}},{"type":"Feature","id":1237,"geometry":{"type":"Point","coordinates":[98.967206139700679,18.795243209963854]},"properties":{"OBJECTID":1237,"SOURCE_ID":1237,"kalae":1,"GiZScore":1.2174365529127105,"GiPValue":0.22343818534686943,"NNeighbors":151,"Gi_Bin":0}},{"type":"Feature","id":1238,"geometry":{"type":"Point","coordinates":[98.967020519572301,18.795280869764824]},"properties":{"OBJECTID":1238,"SOURCE_ID":1238,"kalae":0,"GiZScore":1.1603341640273384,"GiPValue":0.24591279998009197,"NNeighbors":150,"Gi_Bin":0}},{"type":"Feature","id":1239,"geometry":{"type":"Point","coordinates":[98.997766309913757,18.763630369574329]},"properties":{"OBJECTID":1239,"SOURCE_ID":1239,"kalae":0,"GiZScore":-1.3483941229542382,"GiPValue":0.17753165323568434,"NNeighbors":184,"Gi_Bin":0}},{"type":"Feature","id":1240,"geometry":{"type":"Point","coordinates":[99.018305809927028,18.782701819649592]},"properties":{"OBJECTID":1240,"SOURCE_ID":1240,"kalae":0,"GiZScore":-0.066630220615897379,"GiPValue":0.94687608662520639,"NNeighbors":173,"Gi_Bin":0}},{"type":"Feature","id":1241,"geometry":{"type":"Point","coordinates":[99.019287180076986,18.782054950041402]},"properties":{"OBJECTID":1241,"SOURCE_ID":1241,"kalae":0,"GiZScore":-0.88753774291260057,"GiPValue":0.37478946486998432,"NNeighbors":176,"Gi_Bin":0}},{"type":"Feature","id":1242,"geometry":{"type":"Point","coordinates":[98.954188730461723,18.795326369632342]},"properties":{"OBJECTID":1242,"SOURCE_ID":1242,"kalae":1,"GiZScore":2.4391087896632659,"GiPValue":0.014723535011537101,"NNeighbors":56,"Gi_Bin":2}},{"type":"Feature","id":1243,"geometry":{"type":"Point","coordinates":[98.980301000217665,18.837559890042705]},"properties":{"OBJECTID":1243,"SOURCE_ID":1243,"kalae":1,"GiZScore":-1.1144851984892805,"GiPValue":0.26507110882775431,"NNeighbors":12,"Gi_Bin":0}},{"type":"Feature","id":1244,"geometry":{"type":"Point","coordinates":[98.981496380404806,18.837566630070278]},"properties":{"OBJECTID":1244,"SOURCE_ID":1244,"kalae":1,"GiZScore":-1.1144851984892805,"GiPValue":0.26507110882775431,"NNeighbors":12,"Gi_Bin":0}},{"type":"Feature","id":1245,"geometry":{"type":"Point","coordinates":[98.981954180079683,18.836604240384997]},"properties":{"OBJECTID":1245,"SOURCE_ID":1245,"kalae":0,"GiZScore":-1.2892447595431389,"GiPValue":0.19731300873010396,"NNeighbors":15,"Gi_Bin":0}},{"type":"Feature","id":1246,"geometry":{"type":"Point","coordinates":[99.019791979758892,18.790244669970729]},"properties":{"OBJECTID":1246,"SOURCE_ID":1246,"kalae":1,"GiZScore":-0.94920040288867147,"GiPValue":0.3425187083186314,"NNeighbors":137,"Gi_Bin":0}},{"type":"Feature","id":1247,"geometry":{"type":"Point","coordinates":[99.02232874004477,18.788115019956198]},"properties":{"OBJECTID":1247,"SOURCE_ID":1247,"kalae":1,"GiZScore":-0.87711349633209279,"GiPValue":0.38042500409039115,"NNeighbors":124,"Gi_Bin":0}},{"type":"Feature","id":1248,"geometry":{"type":"Point","coordinates":[99.022676570349304,18.785405780326919]},"properties":{"OBJECTID":1248,"SOURCE_ID":1248,"kalae":0,"GiZScore":-0.82062011246269995,"GiPValue":0.41186269561198452,"NNeighbors":131,"Gi_Bin":0}},{"type":"Feature","id":1249,"geometry":{"type":"Point","coordinates":[98.989447099929052,18.829203219775753]},"properties":{"OBJECTID":1249,"SOURCE_ID":1249,"kalae":1,"GiZScore":-1.0335643414853073,"GiPValue":0.30133989138436068,"NNeighbors":38,"Gi_Bin":0}},{"type":"Feature","id":1250,"geometry":{"type":"Point","coordinates":[98.981647230020457,18.823645750093377]},"properties":{"OBJECTID":1250,"SOURCE_ID":1250,"kalae":1,"GiZScore":-0.16456554886819405,"GiPValue":0.86928594952247284,"NNeighbors":40,"Gi_Bin":0}},{"type":"Feature","id":1251,"geometry":{"type":"Point","coordinates":[98.975986510108257,18.840248989766927]},"properties":{"OBJECTID":1251,"SOURCE_ID":1251,"kalae":1,"GiZScore":-0.75656379123886008,"GiPValue":0.44931124727659766,"NNeighbors":8,"Gi_Bin":0}},{"type":"Feature","id":1252,"geometry":{"type":"Point","coordinates":[98.989936880228242,18.799047590414503]},"properties":{"OBJECTID":1252,"SOURCE_ID":1252,"kalae":0,"GiZScore":0.073129866493850906,"GiPValue":0.94170277525628687,"NNeighbors":266,"Gi_Bin":0}},{"type":"Feature","id":1253,"geometry":{"type":"Point","coordinates":[98.97814304007963,18.800210559890143]},"properties":{"OBJECTID":1253,"SOURCE_ID":1253,"kalae":1,"GiZScore":0.53648920564940938,"GiPValue":0.59162049643497316,"NNeighbors":197,"Gi_Bin":0}},{"type":"Feature","id":1254,"geometry":{"type":"Point","coordinates":[98.980732100309964,18.825388280248809]},"properties":{"OBJECTID":1254,"SOURCE_ID":1254,"kalae":0,"GiZScore":-0.93537107063264646,"GiPValue":0.34959711152533979,"NNeighbors":28,"Gi_Bin":0}},{"type":"Feature","id":1255,"geometry":{"type":"Point","coordinates":[99.014688780240519,18.785665319635967]},"properties":{"OBJECTID":1255,"SOURCE_ID":1255,"kalae":1,"GiZScore":-0.60320869873262439,"GiPValue":0.54636986481306837,"NNeighbors":180,"Gi_Bin":0}},{"type":"Feature","id":1256,"geometry":{"type":"Point","coordinates":[99.010578509947351,18.777548029824651]},"properties":{"OBJECTID":1256,"SOURCE_ID":1256,"kalae":0,"GiZScore":0.068638205344408398,"GiPValue":0.94527760709624375,"NNeighbors":180,"Gi_Bin":0}},{"type":"Feature","id":1257,"geometry":{"type":"Point","coordinates":[99.011778640198244,18.778324420406889]},"properties":{"OBJECTID":1257,"SOURCE_ID":1257,"kalae":0,"GiZScore":0.0037814481735464968,"GiPValue":0.99698284807508375,"NNeighbors":177,"Gi_Bin":0}},{"type":"Feature","id":1258,"geometry":{"type":"Point","coordinates":[99.012530590376656,18.768409659655859]},"properties":{"OBJECTID":1258,"SOURCE_ID":1258,"kalae":1,"GiZScore":-1.5957631637111491,"GiPValue":0.11054168039972224,"NNeighbors":160,"Gi_Bin":0}},{"type":"Feature","id":1259,"geometry":{"type":"Point","coordinates":[99.011649219803061,18.767533970193451]},"properties":{"OBJECTID":1259,"SOURCE_ID":1259,"kalae":1,"GiZScore":-1.4448618924214889,"GiPValue":0.14849668209152278,"NNeighbors":165,"Gi_Bin":0}},{"type":"Feature","id":1260,"geometry":{"type":"Point","coordinates":[99.012137529952383,18.767526030053176]},"properties":{"OBJECTID":1260,"SOURCE_ID":1260,"kalae":1,"GiZScore":-1.4817293635411066,"GiPValue":0.13841232070609238,"NNeighbors":167,"Gi_Bin":0}},{"type":"Feature","id":1261,"geometry":{"type":"Point","coordinates":[99.009152540153067,18.760494789921044]},"properties":{"OBJECTID":1261,"SOURCE_ID":1261,"kalae":0,"GiZScore":-0.86882226631691362,"GiPValue":0.38494436134071364,"NNeighbors":125,"Gi_Bin":0}},{"type":"Feature","id":1262,"geometry":{"type":"Point","coordinates":[99.001454749679667,18.758806669793579]},"properties":{"OBJECTID":1262,"SOURCE_ID":1262,"kalae":0,"GiZScore":-1.5608249027214234,"GiPValue":0.11856507003157914,"NNeighbors":117,"Gi_Bin":0}},{"type":"Feature","id":1263,"geometry":{"type":"Point","coordinates":[98.973549679707702,18.800397359677216]},"properties":{"OBJECTID":1263,"SOURCE_ID":1263,"kalae":0,"GiZScore":2.093677973407396,"GiPValue":0.036288676371604912,"NNeighbors":165,"Gi_Bin":2}},{"type":"Feature","id":1264,"geometry":{"type":"Point","coordinates":[99.008964279764214,18.767343700260053]},"properties":{"OBJECTID":1264,"SOURCE_ID":1264,"kalae":0,"GiZScore":-1.2301851022854151,"GiPValue":0.21862782062093,"NNeighbors":172,"Gi_Bin":0}},{"type":"Feature","id":1265,"geometry":{"type":"Point","coordinates":[99.006387469783292,18.77397608991873]},"properties":{"OBJECTID":1265,"SOURCE_ID":1265,"kalae":1,"GiZScore":-0.60906774718648182,"GiPValue":0.54247953804191007,"NNeighbors":206,"Gi_Bin":0}},{"type":"Feature","id":1266,"geometry":{"type":"Point","coordinates":[99.00634846006723,18.774209220396497]},"properties":{"OBJECTID":1266,"SOURCE_ID":1266,"kalae":1,"GiZScore":-0.19074773007455512,"GiPValue":0.84872324208784344,"NNeighbors":212,"Gi_Bin":0}},{"type":"Feature","id":1267,"geometry":{"type":"Point","coordinates":[99.025299980444274,18.769393150043182]},"properties":{"OBJECTID":1267,"SOURCE_ID":1267,"kalae":1,"GiZScore":-0.62399616973394645,"GiPValue":0.5326301040730872,"NNeighbors":142,"Gi_Bin":0}},{"type":"Feature","id":1268,"geometry":{"type":"Point","coordinates":[98.974316439885584,18.797884100022006]},"properties":{"OBJECTID":1268,"SOURCE_ID":1268,"kalae":0,"GiZScore":1.4835998339853753,"GiPValue":0.13791511346726895,"NNeighbors":198,"Gi_Bin":0}},{"type":"Feature","id":1269,"geometry":{"type":"Point","coordinates":[98.985096700435207,18.777861350143738]},"properties":{"OBJECTID":1269,"SOURCE_ID":1269,"kalae":1,"GiZScore":0.64566484634885535,"GiPValue":0.51849643541888013,"NNeighbors":367,"Gi_Bin":0}},{"type":"Feature","id":1270,"geometry":{"type":"Point","coordinates":[98.980379250184328,18.789253610229622]},"properties":{"OBJECTID":1270,"SOURCE_ID":1270,"kalae":1,"GiZScore":-0.23516055252319504,"GiPValue":0.81408412222485071,"NNeighbors":299,"Gi_Bin":0}},{"type":"Feature","id":1271,"geometry":{"type":"Point","coordinates":[98.982667399905097,18.789496439766516]},"properties":{"OBJECTID":1271,"SOURCE_ID":1271,"kalae":0,"GiZScore":0.169623244067752,"GiPValue":0.86530644139213098,"NNeighbors":318,"Gi_Bin":0}},{"type":"Feature","id":1272,"geometry":{"type":"Point","coordinates":[98.985360059834107,18.789722509936997]},"properties":{"OBJECTID":1272,"SOURCE_ID":1272,"kalae":1,"GiZScore":-0.43407560389082628,"GiPValue":0.66423354181266447,"NNeighbors":323,"Gi_Bin":0}},{"type":"Feature","id":1273,"geometry":{"type":"Point","coordinates":[98.992033149735008,18.787316940393758]},"properties":{"OBJECTID":1273,"SOURCE_ID":1273,"kalae":0,"GiZScore":1.1743069428012016,"GiPValue":0.24027212401647802,"NNeighbors":372,"Gi_Bin":0}},{"type":"Feature","id":1274,"geometry":{"type":"Point","coordinates":[98.992648200196868,18.786596269587431]},"properties":{"OBJECTID":1274,"SOURCE_ID":1274,"kalae":0,"GiZScore":0.96348477744592165,"GiPValue":0.3353043119128063,"NNeighbors":367,"Gi_Bin":0}},{"type":"Feature","id":1275,"geometry":{"type":"Point","coordinates":[98.992160430200116,18.786499960040064]},"properties":{"OBJECTID":1275,"SOURCE_ID":1275,"kalae":0,"GiZScore":0.93427184039599775,"GiPValue":0.35016369727102659,"NNeighbors":371,"Gi_Bin":0}},{"type":"Feature","id":1276,"geometry":{"type":"Point","coordinates":[98.981285820292555,18.787682299628724]},"properties":{"OBJECTID":1276,"SOURCE_ID":1276,"kalae":1,"GiZScore":-0.15103715788022398,"GiPValue":0.87994640440586391,"NNeighbors":310,"Gi_Bin":0}},{"type":"Feature","id":1277,"geometry":{"type":"Point","coordinates":[98.980360120348962,18.787741939629978]},"properties":{"OBJECTID":1277,"SOURCE_ID":1277,"kalae":0,"GiZScore":0.076177829058197352,"GiPValue":0.93927762127601744,"NNeighbors":303,"Gi_Bin":0}},{"type":"Feature","id":1278,"geometry":{"type":"Point","coordinates":[98.980097680031875,18.787754120234972]},"properties":{"OBJECTID":1278,"SOURCE_ID":1278,"kalae":1,"GiZScore":0.18604963484274412,"GiPValue":0.85240583788495905,"NNeighbors":298,"Gi_Bin":0}},{"type":"Feature","id":1279,"geometry":{"type":"Point","coordinates":[99.001083350021986,18.80831463016667]},"properties":{"OBJECTID":1279,"SOURCE_ID":1279,"kalae":0,"GiZScore":0.25911828969963702,"GiPValue":0.79554397373331653,"NNeighbors":162,"Gi_Bin":0}},{"type":"Feature","id":1280,"geometry":{"type":"Point","coordinates":[99.02461356990527,18.773480690302197]},"properties":{"OBJECTID":1280,"SOURCE_ID":1280,"kalae":0,"GiZScore":-0.032298820977134754,"GiPValue":0.97423374943742358,"NNeighbors":169,"Gi_Bin":0}}]
}