{
  "type" : "FeatureCollection",
  "features" : [{"type":"Feature","id":1,"geometry":{"type":"MultiPolygon","coordinates":[[[[98.972764100283086,18.842509400288634],[98.97093530012404,18.841859300166618],[98.971413120718978,18.840668756957598],[98.971434881614528,18.840675080090932],[98.971571325856075,18.84071351171923],[98.971708065974497,18.840751943347584],[98.971844510216044,18.840790374975882],[98.971980953558216,18.840828806604179],[98.972117694576013,18.840867237333214],[98.972254138817505,18.840905668961511],[98.972424693444907,18.840954272821477],[98.972561434462705,18.840991574001976],[98.972698769033002,18.841027745633994],[98.972836400379606,18.841063916366693],[98.972973142296723,18.841100087998711],[98.973110476867078,18.841135129182931],[98.973247217884875,18.841173559911908],[98.97338306947313,18.841213120189423],[98.973518623385814,18.841256069112376],[98.97365239664083,18.841302406680768],[98.973784390137553,18.841353263342455],[98.973915197428482,18.841406379101159],[98.974044223162423,18.841464013053837],[98.97417354657199,18.84152051745798],[98.97430257230593,18.841578151410602],[98.974432786044304,18.841633526266264],[98.97456418598847,18.841685511577168],[98.974697664265875,18.841731848246241],[98.974831141643904,18.841779315363169],[98.974963729592503,18.841829041577057],[98.975096613418032,18.841877637343146],[98.975230982024243,18.841921714915259],[98.975366537735567,18.841963532491093],[98.975504169981491,18.841998571876616],[98.975518158036607,18.842001294124486],[98.975260700121282,18.84245380060247],[98.974865100044383,18.842267500644709],[98.974847500311967,18.842260500321856],[98.974554899589009,18.84214450036842],[98.973149600074066,18.841587300213803],[98.972764100283086,18.842509400288634]]],[[[98.980450063519697,18.840902190383815],[98.980590367651416,18.84092366979155],[98.98072800079666,18.840959835128331],[98.980862666179178,18.841002778655366],[98.980993475268747,18.84105701946595],[98.981120723042977,18.841118037567412],[98.981244114524316,18.841184704310706],[98.981361869055092,18.841261536990373],[98.981473096306388,18.841345148759672],[98.981575424766106,18.841438925566024],[98.981660546497096,18.841548517849844],[98.98173172513907,18.841666016973136],[98.981792818783617,18.841788033391083],[98.981849164907089,18.841913439353789],[98.981904919276644,18.842037714868695],[98.982012276745252,18.842254633144876],[98.982080193546153,18.842373260917327],[98.982165909729019,18.842481723652668],[98.982252218565122,18.842589055940209],[98.982339714506281,18.842696388227807],[98.982371720478568,18.842735254228671],[98.981800699542703,18.842466300279568],[98.979261122902585,18.841073323275282],[98.979328481224513,18.841060230944947],[98.979467605445677,18.841029743927606],[98.979605839338092,18.84099699691393],[98.979744370006756,18.840967638545749],[98.979883790104907,18.840939410625367],[98.980024396408851,18.84091683134676],[98.980165594466655,18.840899900709871],[98.980307681954002,18.840894267356589],[98.980450063519697,18.840902190383815]]]]},"properties":{"OBJECTID":1,"AREA":56158977.329999998,"TAM_CODE":"500710","TAM_NAM_T":"ต.ดอนแก้ว","TAM_NAM_E":" ","PROVCODE":"50","AMPCODE":"5007","AMP_CODE":"5007","AMP_NAM_T":"อ.แม่ริม","AMP_NAM_E":"Amphoe Mae Rim","PROV_CODE":"50","PROV_NAM_T":"จ.เชียงใหม่","PROV_NAM_E":"Changwat Chiang Mai","TH":"Thailand","Name":"Chiang Mai","Shape_Length":0.018879986600697958,"Shape_Area":5.5784809323663645e-06}},{"type":"Feature","id":2,"geometry":{"type":"MultiPolygon","coordinates":[[[[98.992344450136329,18.83299043256244],[98.992386549199921,18.833089322913963],[98.99227199985296,18.833185400186096],[98.991794600140736,18.834089100131905],[98.991188399525072,18.835784900452836],[98.990619799564172,18.837333399916531],[98.990228199671719,18.838521500566856],[98.990201798274427,18.838575579499434],[98.990219757735701,18.838493246566145],[98.990249131392375,18.838359940059263],[98.990277317943935,18.838227763100861],[98.990303428860216,18.838094456593922],[98.990327760018147,18.83796114918772],[98.990350904970342,18.837826713132358],[98.99037375224691,18.837693405726156],[98.990396303646548,18.837560099219274],[98.990419150923117,18.837425662264536],[98.990442888528548,18.837292355757654],[98.990467516462786,18.837159049250772],[98.990490957291911,18.837024612296091],[98.990514101344786,18.836891305789209],[98.990537542173911,18.83675686883447],[98.990561279779286,18.836623561428269],[98.990585313261647,18.836490254921387],[98.990610237072815,18.836356948414505],[98.990636347989152,18.836223641008303],[98.99066364421185,18.836090334501364],[98.990689457452561,18.835957027994482],[98.990715271592592,18.83582372058828],[98.990741084833246,18.835690414081398],[98.990768381056,18.835557107574516],[98.990798050589603,18.835424930616114],[98.990830093434113,18.835291624109232],[98.990866881101738,18.835160577598629],[98.990907821838562,18.835031790185042],[98.990952915644584,18.834904132319878],[98.991002160721223,18.83477647535409],[98.99105437266121,18.834649948836102],[98.991109550565341,18.83452455096733],[98.991167695332933,18.834400283546302],[98.991228805165292,18.834279405670088],[98.9912922883085,18.834157397346075],[98.991358143863295,18.834037649018342],[98.991426965382232,18.833917900690608],[98.991498752865198,18.83380154190769],[98.991573210435376,18.833686312673251],[98.991650633070321,18.833572213886612],[98.991730132239866,18.833459244648452],[98.991811707944009,18.833348534507309],[98.991895062507183,18.833237824366165],[98.991979604175469,18.833129374221301],[98.992067111807842,18.833023183173395],[98.992287505064382,18.832866159745549],[98.992344450136329,18.83299043256244]]],[[[98.986223700263622,18.843005900701826],[98.986191396615709,18.843009169737456],[98.986208397399707,18.842994963147078],[98.986316083120812,18.842906852069632],[98.98642495504771,18.842818740992129],[98.986429864446734,18.842814890994475],[98.986223700263622,18.843005900701826]]],[[[98.98585020012672,18.843327300414614],[98.985586800390593,18.843822200034538],[98.985480799998982,18.844017600232121],[98.985417000294376,18.844169600047053],[98.985293541363887,18.844111449883542],[98.985331453184074,18.844046673515209],[98.985398207161609,18.843926927885491],[98.985464070810281,18.843806051807917],[98.985534680181388,18.843689694823581],[98.985612705362144,18.843575598734958],[98.985701704969756,18.843470540832868],[98.985796933281904,18.843370002024017],[98.985873937732094,18.84329339507417],[98.98585020012672,18.843327300414614]]]]},"properties":{"OBJECTID":2,"AREA":4109779.7340000002,"TAM_CODE":"500116","TAM_NAM_T":"ต.สันผีเสื้อ","TAM_NAM_E":" ","PROVCODE":"50","AMPCODE":"5001","AMP_CODE":"5001","AMP_NAM_T":"อ.เมืองเชียงใหม่","AMP_NAM_E":"Amphoe Muang Chiang Mai","PROV_CODE":"50","PROV_NAM_T":"จ.เชียงใหม่","PROV_NAM_E":"Changwat Chiang Mai","TH":"Thailand","Name":"Chiang Mai","Shape_Length":0.015151176363014954,"Shape_Area":2.0515528702763626e-06}},{"type":"Feature","id":3,"geometry":{"type":"Polygon","coordinates":[[[98.985873937732094,18.84329339507417],[98.985796933281904,18.843370002024017],[98.985701704969756,18.843470540832868],[98.985612705362144,18.843575598734958],[98.985534680181388,18.843689694823581],[98.985464070810281,18.843806051807917],[98.985398207161609,18.843926927885491],[98.985331453184074,18.844046673515209],[98.985293541363887,18.844111449883542],[98.982371720478568,18.842735254228671],[98.982339714506281,18.842696388227807],[98.982252218565122,18.842589055940209],[98.982165909729019,18.842481723652668],[98.982080193546153,18.842373260917327],[98.982012276745252,18.842254633144876],[98.982133014327189,18.842182342041497],[98.982254048685434,18.842111180486654],[98.982375082144358,18.842040018931755],[98.982496413278909,18.841968857376912],[98.982616853185277,18.84189656627359],[98.982738183420508,18.841825404718691],[98.982858624226196,18.841754243163848],[98.982979657685121,18.841681951161149],[98.983100987020975,18.841610789606307],[98.9832220204799,18.841539627152144],[98.983343053938825,18.841468465597245],[98.983464383274736,18.841397303143083],[98.983584823181104,18.841325011140384],[98.983706745170196,18.841254979134021],[98.983828074506107,18.841183816679859],[98.983952369806104,18.841117173318935],[98.984077257759282,18.841052789055027],[98.984202145712516,18.840988405690439],[98.98432703366575,18.840922891877995],[98.984449845084328,18.840853988520792],[98.984570580867683,18.84078169561883],[98.984686867704852,18.840703754075037],[98.984797815267029,18.840619033441669],[98.984902830900978,18.840527533718728],[98.985001617830449,18.840429255805589],[98.985095658138164,18.840327587448257],[98.985187029258043,18.840224789542447],[98.985275434413836,18.840118602091877],[98.985363542793323,18.840011284193452],[98.98545135439656,18.839905096742882],[98.985540352205533,18.839798909292256],[98.985630832996605,18.839693851390166],[98.985720721134442,18.839588793488076],[98.985809718943415,18.839482606037507],[98.985898123199888,18.839376417687561],[98.985986526557042,18.839271359785471],[98.986074338160222,18.839164041887045],[98.986161852087889,18.839056723988676],[98.986249958668736,18.838950536538107],[98.986337769372597,18.838843218639681],[98.98642587685282,18.838737030289792],[98.986514280209917,18.838630841939846],[98.986602386790764,18.838524653589957],[98.986691086924168,18.838418466139331],[98.986778599952459,18.838312277789441],[98.986865817103819,18.838203829443216],[98.98695125359751,18.838096511544848],[98.987036097438022,18.837986933650143],[98.987119754173364,18.837877355755438],[98.987204004461319,18.837767777860734],[98.987287957073647,18.837659329514508],[98.987371317932059,18.837548621172004],[98.987453194009731,18.837437913728763],[98.987532994452181,18.83732607583778],[98.987609828930545,18.83721197795046],[98.987682510339653,18.837094491417702],[98.987751336355132,18.836977003985623],[98.987814229543119,18.836853867012394],[98.987873563214407,18.836731860487021],[98.987929040592803,18.836606464416832],[98.987981255230807,18.836479937898844],[98.988031986886767,18.836353411380856],[98.988082125889434,18.836225755314388],[98.988131967216589,18.8360992287964],[98.988182105319936,18.835972702278411],[98.98823194664709,18.83584617576048],[98.988278525233795,18.835717389246156],[98.988323620838514,18.835588602731889],[98.98836841966687,18.835460945766101],[98.988412921719032,18.835331029703298],[98.988459203529487,18.835204503185309],[98.988508748080335,18.835076847118842],[98.988562148024755,18.834951450149333],[98.988619997814681,18.834827183627681],[98.988679329687386,18.834704046654451],[98.988739551888841,18.834580909681279],[98.988801553848702,18.834458902256586],[98.98886681764958,18.834339154828172],[98.988935938642726,18.834219407399758],[98.989010100335918,18.834104179963958],[98.989090491632965,18.833992341173655],[98.989178001063976,18.83388502147659],[98.989276188145652,18.833787870413914],[98.989385052877935,18.833699757537829],[98.98950103574424,18.833620683747597],[98.989620281350938,18.83354725769982],[98.989740119610872,18.833473831652043],[98.989858474888763,18.833399276055786],[98.989971787667912,18.833315682272996],[98.990076499331053,18.833225309400575],[98.990169346238417,18.833121379248325],[98.990255965340566,18.83301518909974],[98.990338134597266,18.832903350309437],[98.990414075149488,18.832789251522797],[98.990483193444675,18.832670633642863],[98.99054519360584,18.83254862531885],[98.990596811993328,18.832422098800862],[98.990635675296232,18.832292181838795],[98.990658522572801,18.832157744884057],[98.9906656488007,18.832023307030056],[98.990660910272823,18.831887739627518],[98.990645789971268,18.831753300874198],[98.990620882347912,18.83161999076998],[98.990585888827752,18.831487811113618],[98.990540514433235,18.831359019203433],[98.990483571159928,18.831234746386485],[98.990412686596244,18.831117250860473],[98.990322819142875,18.831012181267226],[98.990213076672205,18.830926315796887],[98.990090579117009,18.830857396251872],[98.989962148734264,18.830798642643288],[98.989831345040614,18.830746668124277],[98.989699948693726,18.830693564056787],[98.989570035328939,18.830638199992961],[98.989443385603806,18.830576057738938],[98.989324151688322,18.830502618201308],[98.989209367618287,18.830422400473481],[98.989096956859157,18.830337664551621],[98.988987512064114,18.830251798182019],[98.98887836404532,18.8301648031632],[98.988770996684195,18.830075547248782],[98.988663925200058,18.829986292233627],[98.988556261062683,18.829897037218529],[98.988446520390653,18.829812300397407],[98.988334407307093,18.829727563576228],[98.98822081034217,18.829646216299921],[98.988105730395205,18.829565997672717],[98.987991540777045,18.829484650396353],[98.987878538263999,18.829403302220669],[98.987768798491345,18.82931743585101],[98.98766350766482,18.829225920839633],[98.987565336770956,18.829126497190146],[98.987475175239183,18.829022556246002],[98.987388869101096,18.828914096208621],[98.987308199913571,18.828803377074223],[98.987231979672174,18.828688139745907],[98.987161395482076,18.828570642421255],[98.98709615056697,18.828449757350484],[98.987037134356342,18.828326612283377],[98.986984644525762,18.828200078570831],[98.986939866381761,18.828071286660588],[98.986903690253143,18.827940235653386],[98.98687641291616,18.827808055097705],[98.986856253713199,18.827673615445065],[98.986842916767273,18.827539176691687],[98.986835808525825,18.827403608389886],[98.986834336335619,18.827268040987349],[98.986838499297392,18.827132473584811],[98.986848001534099,18.82699690618233],[98.986861062388186,18.826862469227649],[98.986875903000566,18.826726902724431],[98.986894599905895,18.826593595318229],[98.986918635186896,18.826459159262868],[98.986949195948682,18.826325853655248],[98.986989248155339,18.826197067140981],[98.987041756871633,18.826070540622993],[98.987109984838014,18.825951923642435],[98.987196602141523,18.82584460484469],[98.987305165600958,18.825756493767244],[98.98742559291685,18.825685328615066],[98.98755254391483,18.825623201649478],[98.987683054429453,18.825568983322],[98.98781415669805,18.825517024091425],[98.987944666313354,18.825462805763948],[98.988071914087641,18.82540180834684],[98.988193823486199,18.825331772743141],[98.988312173368172,18.825254958949245],[98.988430820026394,18.825180404252308],[98.98854917080763,18.825105848656051],[98.988665740931253,18.825027904414299],[98.988778752437554,18.824945441079308],[98.988887018221362,18.824857328203166],[98.988987573217969,18.824761307588346],[98.989076264358175,18.82465624788756],[98.989147456490002,18.824537630007683],[98.989191954944829,18.824409973041895],[98.98921776818554,18.824275536087157],[98.989234089981323,18.824142229580275],[98.989247741690008,18.824006662177794],[98.989263766709541,18.823871095674576],[98.989289876726502,18.823738918716174],[98.989334967834566,18.823610131302587],[98.989411201565758,18.823496033415267],[98.989515611056675,18.823403401445887],[98.989635737998981,18.82333110494659],[98.989763873404115,18.823272365727121],[98.989897049509295,18.823224924690578],[98.990032302149075,18.823182001847954],[98.990168444218398,18.823142468550145],[98.990305474817887,18.823106324797095],[98.990441024233917,18.823063401954471],[98.990578054833406,18.823027257302158],[98.990717161967495,18.822997890840043],[98.990857158531128,18.822975303467558],[98.99099804452419,18.822953845643497],[98.991138633741002,18.822932386920172],[98.991278334427648,18.822906410002872],[98.99141684800918,18.822875913992277],[98.991552692402877,18.822835249347349],[98.991684978179251,18.822785547415151],[98.991814298890858,18.822727936844842],[98.991940355962697,18.822665807181295],[98.992064338298633,18.822599158424453],[98.992185947323662,18.822527990574372],[98.992305479814092,18.822454562727955],[98.99242352932248,18.822378875784523],[98.992540095848824,18.822300928844868],[98.992654883516138,18.82222072280814],[98.992767297872547,18.82213825677519],[98.992876153611633,18.822050142100409],[98.992982042487313,18.821959767429348],[98.9930867451572,18.821868263209808],[98.993189668968114,18.821774498993989],[98.993292888655958,18.821680734778113],[98.993396700997039,18.821588101010093],[98.993501997219482,18.821496595891233],[98.993608775524649,18.821406221220172],[98.993715257053509,18.821316976097592],[98.993822035358733,18.821227730975068],[98.993929109540829,18.821138485852487],[98.994036481398552,18.821048110282106],[98.994143555580706,18.820959994708062],[98.994250629762803,18.820870749585481],[98.994358593374443,18.82078150356358],[98.99446537167961,18.820692258440999],[98.994574224720736,18.820604142866955],[98.994684857520213,18.82051941593835],[98.994795193543382,18.820433559461264],[98.994905826342858,18.820348832532659],[98.995014976160292,18.820261846507037],[98.995122642995625,18.820172600485193],[98.99522763974386,18.820082224015493],[98.995329077874715,18.819986199803338],[98.99542873624722,18.819889045143384],[98.995531657360175,18.819795280028188],[98.995633984920516,18.819701514913049],[98.995735125375802,18.819606619350054],[98.995831521007972,18.819506076044604],[98.995921984711856,18.819401012746596],[98.996000881335647,18.819288040810477],[98.996059906539529,18.819166031587145],[98.996089272102267,18.819033853729422],[98.996085123529667,18.818898285427565],[98.99605694956864,18.818766106670523],[98.996013057256846,18.818636186111178],[98.995958487294388,18.818510784645071],[98.995896502421715,18.818388772723722],[98.995830365379106,18.81826901989939],[98.995760965596162,18.818150395724217],[98.995690083730437,18.818032901996901],[98.995610896625635,18.817921056911302],[98.995517473252846,18.817818249112975],[98.995416931746036,18.817722219504901],[98.995313424275196,18.817629578542267],[98.995209916804299,18.817536938478952],[98.995112044485325,18.81743638977764],[98.995024553940084,18.817330192434497],[98.994957824244239,18.817211569158644],[98.994918975330506,18.817080519050762],[98.994903259677756,18.816946080297441],[98.994903264174354,18.816810512894904],[98.994915724281327,18.816676075040903],[98.994935600197834,18.816541637186845],[98.994961110367001,18.816408329780643],[98.994988697070767,18.816275021475121],[98.995015986998283,18.81614171406892],[98.995041498066769,18.816008406662661],[98.995069380647465,18.815875099256459],[98.995102009849916,18.815744050947217],[98.995138790322983,18.815613002638031],[98.995177646431273,18.815483084776588],[98.995217096092176,18.815352036467345],[98.995256842529329,18.815222118605959],[98.995295402760689,18.815092200744516],[98.9953315896812,18.814960022886794],[98.995364217984331,18.814828974577551],[98.995396845388143,18.814696796719829],[98.995428584261788,18.814564618862107],[98.995459728683613,18.814432441004385],[98.995490280452145,18.814299132698864],[98.995519646014884,18.814166954841141],[98.99554871480143,18.814034776983419],[98.995576597382126,18.813901469577218],[98.995603589634015,18.813768161271696],[98.995629395680112,18.813634853865437],[98.995654312296722,18.813501545559916],[98.995677745931289,18.813367108605235],[98.995700586013299,18.813233800299713],[98.995722833442073,18.813099362445655],[98.995745079971528,18.812966055039453],[98.995767327400301,18.812831617185452],[98.995789870706005,18.812698308879874],[98.995813007564323,18.812565001473672],[98.995837627404626,18.812430563619671],[98.995861950468679,18.812297256213469],[98.995887162962276,18.812163947907948],[98.995911189250023,18.812030640501689],[98.995933732555784,18.811896202647688],[98.995954792879445,18.811762894342166],[98.99597288723902,18.811628456488108],[98.995987719757522,18.811492889085628],[98.996000772517675,18.81135845123157],[98.996011748743285,18.811222883829089],[98.996020946109809,18.811087315527232],[98.99602806694179,18.810951748124751],[98.996033408914741,18.810816179822893],[98.996036674353093,18.810680612420356],[98.996037864156165,18.810546173667035],[98.996037274200887,18.810409476716018],[98.99603431093476,18.810275037962697],[98.996028976156367,18.810139469660839],[98.996020971290875,18.810003902258359],[98.996011781118852,18.809868333956501],[98.996000514412287,18.809732765654644],[98.995987764723623,18.809598326901323],[98.995974421482401,18.809463889047265],[98.995959596158514,18.809328320745465],[98.995944770834569,18.809193881992087],[98.995928165752332,18.809059443238766],[98.995909780911745,18.808925004485445],[98.995890210764685,18.808790565732068],[98.995869750288819,18.808656126978747],[98.995848696260396,18.808521688225369],[98.995827643131292,18.808388379919847],[98.995806590002189,18.808253941166527],[98.995783757114737,18.808100296491546],[98.995739570724652,18.807971506379943],[98.995695681110874,18.807842715369077],[98.995651198843802,18.807713925257474],[98.995607309230024,18.807585134246608],[98.995562826962953,18.807456344135005],[98.995518640572868,18.807327553124139],[98.995474751858353,18.807198762113217],[98.995430862244575,18.807068842453191],[98.995387862959547,18.806940051442268],[98.995346939309854,18.806810130882866],[98.995308092194762,18.80668021122284],[98.995269541855919,18.806549161114958],[98.995230397964576,18.806419240555556],[98.995188584885341,18.806289319996154],[98.995143806741339,18.806160528985288],[98.995094282874902,18.806032868422164],[98.995038531203306,18.805908596504594],[98.994976551726552,18.805786582784606],[98.994908937997138,18.805667959508753],[98.994837467974833,18.805550464882117],[98.994762439335148,18.805435230251703],[98.994685928612796,18.805321125169826],[98.994607934009025,18.805208149636428],[98.994530237080824,18.805094044554551],[98.994453132805916,18.804979938573354],[98.994376325307201,18.804865833491476],[98.994298331602806,18.804751727510279],[98.994218559039325,18.804639881525361],[98.994137896147038,18.804528035540443],[98.994057530031057,18.804416189555582],[98.993927047395402,18.804235427622928],[98.994091938991858,18.804229784377071],[98.994234290879888,18.804226400228231],[98.994376643667238,18.804223015180071],[98.994518698778961,18.804219630131854],[98.994661051566311,18.804213985087415],[98.994803107577411,18.804208340942239],[98.994945459465441,18.804198176804448],[98.995086626046998,18.804183494472738],[98.995228088505542,18.804167681693229],[98.995369551863405,18.804151868913664],[98.995510718444962,18.804134926585618],[98.995651587350949,18.80411685380983],[98.995792161279269,18.80409426284001],[98.995931548102533,18.804067151877632],[98.996069156066767,18.804032133176463],[98.996204094843165,18.803988076288761],[98.996333992020197,18.803932722117509],[98.996449357951576,18.803854772479838],[98.99655197239565,18.803759876916843],[98.996647764582747,18.803660462260552],[98.996742371463313,18.80355878760804],[98.996841723167051,18.803461632948029],[98.996972212997264,18.803407407425937],[98.997105964668606,18.803361090541955],[98.997239419563641,18.803314773657917],[98.997371985029133,18.80326506722912],[98.997503957841445,18.803213100803987],[98.997636819183924,18.803165654371526],[98.997771164407766,18.803120466136647],[98.997907881143874,18.8030820569914],[98.998046674414525,18.803053815581166],[98.998188135973749,18.803038000103697],[98.998330486962459,18.803035741906001],[98.99847254117492,18.803041392346415],[98.998613705957837,18.803059468719539],[98.998753387758711,18.803086583279253],[98.998889510942263,18.803124995122459],[98.999021778732185,18.803175833797752],[98.999145446305363,18.803242488849833],[98.999253692304137,18.803329479372053],[98.99933554410012,18.803441322658955],[98.999401380769143,18.803561074583968],[98.999458321344491,18.803685345602275],[98.999513482161547,18.803809616620583],[98.999572498372174,18.803933887638834],[98.999643971092439,18.804051379567568],[98.999743024221232,18.804147407377002],[98.999876775892574,18.804190337414184],[99.000018238351061,18.804179040130634],[99.000154659210239,18.804139499638268],[99.000286038469937,18.804087531414496],[99.000413561436744,18.804028785000469],[99.000541085302928,18.803966649041683],[99.000668608269734,18.803907902627657],[99.000799097200627,18.803852545758446],[99.000933441525149,18.803808485273407],[99.001068082625977,18.803764424788426],[99.001202426950499,18.803719234754908],[99.001336177722465,18.803672915172967],[99.001470818823293,18.803629984236409],[99.001606348454288,18.803588182848387],[99.001743658742896,18.803552030102139],[99.001883043767521,18.803524914643162],[99.002024209449758,18.803506837370719],[99.002166264561538,18.803501187829625],[99.002308319673261,18.803511353765998],[99.002449484456179,18.803528297892683],[99.002589463932679,18.803553149758102],[99.002729443409123,18.803578001623521],[99.002869423784944,18.803602854388259],[99.003009995914624,18.803623187160383],[99.003151755149418,18.803635611294453],[99.003294106138128,18.803633349499535],[99.003435271820422,18.803617531324051],[99.003574656844989,18.803590414965754],[99.003713152440071,18.803556520417146],[99.00395900460444,18.803502287700439],[99.003962565919721,18.803637856002297],[99.003965535481143,18.803773423404834],[99.003969096796425,18.803908991706635],[99.00397325256364,18.804044560008492],[99.003979483066757,18.804180127410973],[99.003987494227545,18.804314565265031],[99.003996690694805,18.804450133566888],[99.004005887162009,18.804585700969369],[99.004014194199783,18.804721269271226],[99.004020722378471,18.804856836673707],[99.004024877246366,18.804992404975565],[99.004024584067338,18.805127973277422],[99.004020435494738,18.805263540679903],[99.004011244423452,18.80539797943328],[99.003999088287344,18.805533547735081],[99.00398367031022,18.805667986488459],[99.003966769350995,18.805802425241779],[99.003948088633422,18.8059368639951],[99.003928220810792,18.806071301849158],[99.003908947440038,18.806205740602479],[99.003889376393658,18.806340179355857],[99.003870695676142,18.806474618109178],[99.003852014958568,18.806609056862555],[99.003833037464744,18.806743495615876],[99.003813169642115,18.806876804820718],[99.003792413289318,18.807011243574095],[99.003770173055102,18.807145681428096],[99.003746449838843,18.807278990632938],[99.003720058334068,18.807412299837836],[99.003691887071,18.807545609042677],[99.003662528702819,18.807677788699039],[99.003632577681401,18.80780996745608],[99.003602034006747,18.807942147112442],[99.003570600003229,18.808074326768804],[99.003539165999769,18.808207635074325],[99.003506841667445,18.808338685182207],[99.003474518234498,18.808470864838569],[99.003441304472688,18.80860304359561],[99.003408980140364,18.808735223252029],[99.003375469602304,18.808866272460534],[99.003342552616743,18.808998452116896],[99.00330933885499,18.809130631773314],[99.00327642097011,18.809262810530356],[99.003243800760856,18.809393860638181],[99.003179744749502,18.809655959954625],[99.003138820200434,18.809785879614708],[99.003098191528352,18.809915799274791],[99.003057562856327,18.810045719834136],[99.003017230061175,18.810175639494219],[99.002976601389094,18.810305559154301],[99.002935675940762,18.810435478814327],[99.002894156939874,18.810565399373729],[99.002852045285749,18.810695319033812],[99.002809636855318,18.810824109145358],[99.002764856013357,18.810952899256961],[99.00271977749577,18.811080559820027],[99.002673513671766,18.81120934993163],[99.002627545724692,18.811338140043176],[99.002581874553925,18.811465800606243],[99.002537092812645,18.811594590717846],[99.002493794053407,18.811724510377928],[99.0024522741532,18.811854430037954],[99.002413424340148,18.811984350597356],[99.002376650162319,18.812115399805919],[99.002341358966589,18.812246449014481],[99.002306957200346,18.812377498222986],[99.00227285221041,18.812509677879405],[99.002238450444167,18.81264072708791],[99.002203159248438,18.812772905844952],[99.002165791518109,18.812902825505034],[99.002126940805738,18.813033875612916],[99.002088682746546,18.813164924821479],[99.002050128810481,18.813294844481561],[99.002010981321803,18.813424764141587],[99.001970944403638,18.813555813350149],[99.001928830950874,18.813684603461752],[99.001884048310217,18.813813393573298],[99.001836893258087,18.813942182785581],[99.001785881912951,18.814067584251688],[99.00173338758583,18.814194114366956],[99.001680300605472,18.814320645381542],[99.001626026519943,18.81444491639985],[99.001569083246636,18.814569187418101],[99.00150798780345,18.81469119844013],[99.001443036966634,18.814812080812942],[99.001371263872784,18.814929572741619],[99.001293558850705,18.815043676924176],[99.001207550388187,18.81515100201716],[99.001112346357786,18.815251548919889],[99.001010321868932,18.815346446281524],[99.000903847534573,18.815436825449183],[99.000795000788742,18.815523815971403],[99.000685560490297,18.815609676045767],[99.000576416968102,18.815697795217147],[99.00046964495823,18.81578704393695],[99.000367619570056,18.815881942197905],[99.00026618683512,18.81597571001106],[99.000164754100183,18.816071736921174],[99.00006480344797,18.816167764730608],[98.999964556918826,18.816263791640722],[98.999865793371725,18.816362078547115],[98.999768511907348,18.816461495002045],[98.999672417548084,18.816562041005454],[98.999578991477335,18.816662587008807],[98.999488531370673,18.816767652105511],[98.999399851022361,18.816873845851376],[98.999312950432397,18.816982300492839],[98.999228718130894,18.817090754234982],[98.999144782605697,18.817200337525605],[98.999061440633056,18.817311051264028],[98.998978097761039,18.817420634554708],[98.998893865459593,18.817529088296851],[98.998809039605533,18.817638671587474],[98.998726883838685,18.817749385325897],[98.998646802807741,18.817861227713536],[98.998567019452423,18.817973071000495],[98.998486938421536,18.818084913388077],[98.998403595549576,18.818195627126556],[98.998317879366709,18.8183029504209],[98.998226824808171,18.818408014618228],[98.998129838321461,18.818507430173838],[98.998027809336008,18.818602326636096],[98.99792311116272,18.818693833553652],[98.997814853472789,18.818781951825656],[98.997705112800759,18.818868939649917],[98.997593593269755,18.818951408380826],[98.997480886633696,18.819035007559592],[98.997367883221273,18.819117476290558],[98.99725428715567,18.819198815472987],[98.997141283743304,18.819281284203953],[98.997028576207867,18.819364882483399],[98.99689451427048,18.819466556236648],[98.996758671675423,18.819598732295731],[98.99665871742593,18.819694757407206],[98.996558467299508,18.819790782518623],[98.996457622721152,18.819887938077954],[98.996356779042173,18.819982833640893],[98.996256231240125,18.820078858752368],[98.996155089885576,18.820173754315363],[98.996054838859777,18.820269779426837],[98.995954291057728,18.820365804538312],[98.995854039132666,18.820462959198267],[98.995754677536411,18.820558984309741],[98.995655315040835,18.820656138070376],[98.995557139650316,18.820755552726609],[98.99545955691309,18.8208538369351],[98.995362566829044,18.820953250692014],[98.995267059727098,18.821053794896784],[98.995172146177651,18.821154338202177],[98.995079605039791,18.821257141503906],[98.994988546883974,18.821361074354172],[98.994901344121786,18.82146839674914],[98.994816216994877,18.82157797824118],[98.994734649384611,18.821688689281643],[98.994656343615418,18.821801660318442],[98.994582190915423,18.821916890452201],[98.994510706503945,18.822035510130718],[98.994444561367459,18.822154129809292],[98.994380491866252,18.822275009484144],[98.994318795675952,18.822397018707477],[98.994260361326667,18.822521287027826],[98.994205783270331,18.822646685795974],[98.994157136242904,18.822773214112601],[98.9941141243674,18.822904261522524],[98.994079120954723,18.82303530983171],[98.994053905763224,18.823168617237968],[98.994039070546705,18.82330305419265],[98.994032837345628,18.823438621595187],[98.994034315831072,18.823574189896988],[98.994043209226788,18.823709758198845],[98.994059220756469,18.823844196052846],[98.994083240749035,18.823978634806224],[98.994114379774885,18.824109684914106],[98.994153823140493,18.824239605473451],[98.99420157174518,18.824367266036575],[98.994260887430073,18.824490408405666],[98.994329695459157,18.824610162129318],[98.994405622521526,18.824724267211195],[98.994487777389054,18.824834983647634],[98.994574085325837,18.824942310539257],[98.994663063349776,18.8250485078824],[98.994753524355701,18.825153575677007],[98.994843985361683,18.825258642572351],[98.994936522002945,18.825360320822199],[98.995032026406932,18.825461999971367],[98.995130792651992,18.82555915912792],[98.995231635431708,18.825655188735993],[98.995334554745966,18.825748959247107],[98.995437177283975,18.825842728858902],[98.995539503045677,18.825937628918496],[98.995640940277212,18.82603139942961],[98.995739706522272,18.826129688134642],[98.995834915049329,18.826230235936691],[98.99592923324758,18.82633191418654],[98.99606626114911,18.82647652247357],[98.996161766452417,18.826577070275619],[98.996257271755724,18.826678748525467],[98.996352183506531,18.826778166779036],[98.996446501704725,18.826879844129564],[98.996539337820252,18.826982651028572],[98.996634249571002,18.827084329278421],[98.996731535531978,18.82718374663267],[98.996829117369941,18.827282035337703],[98.996925809778361,18.827381452691952],[98.997020128875931,18.827483130042481],[98.997109702251009,18.827588196937768],[98.997193344597235,18.827697782027087],[98.997268087252507,18.827814145306604],[98.997335119120521,18.827933898130937],[98.997398888248142,18.828054779604429],[98.997458801082871,18.828176791525777],[98.997513375541928,18.828302192092565],[98.997560830967643,18.828430982204111],[98.997598202295251,18.828560901864194],[98.997621335556232,18.828694210169715],[98.997625486826792,18.828830908020052],[98.997601755516655,18.828963085877774],[98.997544508272483,18.829088485545242],[98.997465311275164,18.829200327932824],[98.997373360092581,18.829303132133873],[98.997275181104783,18.829401417241684],[98.997172848148466,18.829496312804622],[98.997070516091526,18.829590078819137],[98.996970555546739,18.829687234378412],[98.99687593517632,18.829787778583182],[98.996782796888624,18.829890581884911],[98.996689361824622,18.82999338608596],[98.99659503733119,18.830093930290673],[98.996500416061394,18.830195604043922],[98.996404607686543,18.830296148248692],[98.996307613105898,18.830395562904982],[98.996209432319517,18.830492717564937],[98.996109767651717,18.830589872224891],[98.996009807106987,18.830687026884846],[98.99590954888663,18.83078305199632],[98.995809885118149,18.830880206656275],[98.995709033345292,18.83097623176775],[98.995606402713349,18.831068867334409],[98.995500806117377,18.831160372453269],[98.995392539434192,18.83124848892669],[98.995279822905559,18.831330956758279],[98.99516236155381,18.831407775048831],[98.995041043909112,18.831478944697608],[98.994915277318228,18.831542206607594],[98.994787435092121,18.831602078972821],[98.994657812208345,18.831657431345434],[98.994527299895026,18.831711655068887],[98.994396490805457,18.831765877893019],[98.994265384939638,18.831818971168616],[98.994135168503306,18.831873194892069],[98.994005545619473,18.831928547264681],[98.993874439753654,18.831982770088814],[98.993742740335279,18.832033603368131],[98.993611040916846,18.832085566195985],[98.993479638274721,18.832137529923102],[98.993348828285832,18.832191751847915],[98.993219798055293,18.832248233769008],[98.993092844359353,18.832309234783395],[98.992968855728179,18.832377013988037],[98.992849612819441,18.832450441834453],[98.992734818856889,18.832530647871124],[98.992622397305865,18.83261424345261],[98.992511755513192,18.832700099030376],[98.992400520167905,18.832783694611862],[98.992287505064382,18.832866159745549],[98.992067111807842,18.833023183173395],[98.991979604175469,18.833129374221301],[98.991895062507183,18.833237824366165],[98.991811707944009,18.833348534507309],[98.991730132239866,18.833459244648452],[98.991650633070321,18.833572213886612],[98.991573210435376,18.833686312673251],[98.991498752865198,18.83380154190769],[98.991426965382232,18.833917900690608],[98.991358143863295,18.834037649018342],[98.9912922883085,18.834157397346075],[98.991228805165292,18.834279405670088],[98.991167695332933,18.834400283546302],[98.991109550565341,18.83452455096733],[98.99105437266121,18.834649948836102],[98.991002160721223,18.83477647535409],[98.990952915644584,18.834904132319878],[98.990907821838562,18.835031790185042],[98.990866881101738,18.835160577598629],[98.990830093434113,18.835291624109232],[98.990798050589603,18.835424930616114],[98.990768381056,18.835557107574516],[98.990741084833246,18.835690414081398],[98.990715271592592,18.83582372058828],[98.990689457452561,18.835957027994482],[98.99066364421185,18.836090334501364],[98.990636347989152,18.836223641008303],[98.990610237072815,18.836356948414505],[98.990585313261647,18.836490254921387],[98.990561279779286,18.836623561428269],[98.990537542173911,18.83675686883447],[98.990514101344786,18.836891305789209],[98.990490957291911,18.837024612296091],[98.990467516462786,18.837159049250772],[98.990442888528548,18.837292355757654],[98.990419150923117,18.837425662264536],[98.990396303646548,18.837560099219274],[98.99037375224691,18.837693405726156],[98.990350904970342,18.837826713132358],[98.990327760018147,18.83796114918772],[98.990303428860216,18.838094456593922],[98.990277317943935,18.838227763100861],[98.990249131392375,18.838359940059263],[98.990219757735701,18.838493246566145],[98.990201798274427,18.838575579499434],[98.989804399553464,18.839389599950152],[98.989283999656891,18.840339000744336],[98.988715399695991,18.841044700552516],[98.987894600155755,18.84175550041607],[98.986784200030854,18.842486600676125],[98.986429864446734,18.842814890994475],[98.98642495504771,18.842818740992129],[98.986316083120812,18.842906852069632],[98.986208397399707,18.842994963147078],[98.986191396615709,18.843009169737456],[98.986072499945976,18.843021199968462],[98.98605840037493,18.843048100489511],[98.985918599863567,18.843229599866163],[98.985873937732094,18.84329339507417]]]},"properties":{"OBJECTID":3,"AREA":2513908.165,"TAM_CODE":"500115","TAM_NAM_T":"ต.ป่าตัน","TAM_NAM_E":" ","PROVCODE":"50","AMPCODE":"5001","AMP_CODE":"5001","AMP_NAM_T":"อ.เมืองเชียงใหม่","AMP_NAM_E":"Amphoe Muang Chiang Mai","PROV_CODE":"50","PROV_NAM_T":"จ.เชียงใหม่","PROV_NAM_E":"Changwat Chiang Mai","TH":"Thailand","Name":"Chiang Mai","Shape_Length":0.11474047076586245,"Shape_Area":0.00021267511616295762}},{"type":"Feature","id":4,"geometry":{"type":"MultiPolygon","coordinates":[[[[98.948896817134482,18.810709775635701],[98.94883629995536,18.810727300724409],[98.948459019068537,18.810737007107264],[98.94853252425662,18.81072213501858],[98.948673996607738,18.810708617308876],[98.9488160580147,18.810705267334242],[98.948896817134482,18.810709775635701]]],[[[98.98432703366575,18.840922891877995],[98.984202145712516,18.840988405690439],[98.984077257759282,18.841052789055027],[98.983952369806104,18.841117173318935],[98.983828074506107,18.841183816679859],[98.983706745170196,18.841254979134021],[98.983584823181104,18.841325011140384],[98.983464383274736,18.841397303143083],[98.983343053938825,18.841468465597245],[98.9832220204799,18.841539627152144],[98.983100987020975,18.841610789606307],[98.982979657685121,18.841681951161149],[98.982858624226196,18.841754243163848],[98.982738183420508,18.841825404718691],[98.982616853185277,18.84189656627359],[98.982496413278909,18.841968857376912],[98.982375082144358,18.842040018931755],[98.982254048685434,18.842111180486654],[98.982133014327189,18.842182342041497],[98.982012276745252,18.842254633144876],[98.981904919276644,18.842037714868695],[98.981849164907089,18.841913439353789],[98.981792818783617,18.841788033391083],[98.98173172513907,18.841666016973136],[98.981660546497096,18.841548517849844],[98.981575424766106,18.841438925566024],[98.981473096306388,18.841345148759672],[98.981361869055092,18.841261536990373],[98.981244114524316,18.841184704310706],[98.981120723042977,18.841118037567412],[98.980993475268747,18.84105701946595],[98.980862666179178,18.841002778655366],[98.98072800079666,18.840959835128331],[98.980590367651416,18.84092366979155],[98.980450063519697,18.840902190383815],[98.980307681954002,18.840894267356589],[98.980165594466655,18.840899900709871],[98.980024396408851,18.84091683134676],[98.979883790104907,18.840939410625367],[98.979744370006756,18.840967638545749],[98.979605839338092,18.84099699691393],[98.979467605445677,18.841029743927606],[98.979328481224513,18.841060230944947],[98.979261122902585,18.841073323275282],[98.979070199530156,18.840968599920984],[98.978217199764003,18.840598000097657],[98.977664700365665,18.840455800195059],[98.977407200182199,18.840623400549532],[98.976699100083465,18.841557500278441],[98.975626199889291,18.841811400475819],[98.975518158036607,18.842001294124486],[98.975504169981491,18.841998571876616],[98.975366537735567,18.841963532491093],[98.975230982024243,18.841921714915259],[98.975096613418032,18.841877637343146],[98.974963729592503,18.841829041577057],[98.974831141643904,18.841779315363169],[98.974697664265875,18.841731848246241],[98.97456418598847,18.841685511577168],[98.974432786044304,18.841633526266264],[98.97430257230593,18.841578151410602],[98.97417354657199,18.84152051745798],[98.974044223162423,18.841464013053837],[98.973915197428482,18.841406379101159],[98.973784390137553,18.841353263342455],[98.97365239664083,18.841302406680768],[98.973518623385814,18.841256069112376],[98.97338306947313,18.841213120189423],[98.973247217884875,18.841173559911908],[98.973110476867078,18.841135129182931],[98.972973142296723,18.841100087998711],[98.972836400379606,18.841063916366693],[98.972698769033002,18.841027745633994],[98.972561434462705,18.840991574001976],[98.972424693444907,18.840954272821477],[98.972254138817505,18.840905668961511],[98.972117694576013,18.840867237333214],[98.971980953558216,18.840828806604179],[98.971844510216044,18.840790374975882],[98.971708065974497,18.840751943347584],[98.971571325856075,18.84071351171923],[98.971434881614528,18.840675080090932],[98.971413120718978,18.840668756957598],[98.9742851002772,18.833512900000358],[98.975014699568817,18.831603800275218],[98.975674499778393,18.830090800649998],[98.976758100106281,18.827882099879048],[98.976940499704369,18.827349000655886],[98.977037100381949,18.827049400509452],[98.977283799707664,18.825932400260115],[98.977755899715078,18.823962400244625],[98.978394299657282,18.821641900253553],[98.978823400379667,18.820083099955127],[98.979472499556266,18.818336400704368],[98.980040999692449,18.816889600174932],[98.982058199726168,18.811755599941023],[98.981513699797461,18.81170230072064],[98.979864100348038,18.811402700574206],[98.978866299839922,18.811153900432203],[98.977715700019587,18.810755300216954],[98.976050000007547,18.810064700025919],[98.974403100322888,18.809175999872537],[98.973362400354574,18.808465100184264],[98.972075000161169,18.807457100464887],[98.970849199930683,18.806268899989789],[98.969604700096909,18.804857199999844],[98.969036000311235,18.803920300681398],[98.968381599631186,18.802780200445966],[98.967909793702063,18.801805016987998],[98.967992132930647,18.801759795478233],[98.968115219541801,18.801692032461403],[98.968239194683122,18.801625399892316],[98.968362578070582,18.801557636875486],[98.96848714586514,18.801492132955616],[98.968610528353281,18.801424369938786],[98.968734800270852,18.801358866018916],[98.968859072188479,18.801292232550566],[98.968983639983037,18.801226728630695],[98.969108504553901,18.801161224710825],[98.969233368225446,18.801096850339434],[98.96935852957256,18.801031346419563],[98.969483393244047,18.800966972048172],[98.969609146345078,18.800902597676782],[98.969733714139636,18.800838223305391],[98.96985828193425,18.800771588937721],[98.969982256176252,18.800704955469371],[98.970105636865696,18.800637190653902],[98.970228424901961,18.800569426737695],[98.970351212938169,18.800500532373746],[98.970473705097447,18.800431638009741],[98.970595899581156,18.800361613197936],[98.970718094964184,18.80029158928545],[98.970840586224142,18.800222694921501],[98.97096278070785,18.800153799658176],[98.971085271068489,18.80008490529417],[98.971207762328447,18.800014880482422],[98.971329956812099,18.799945986118416],[98.971452151295807,18.799875961306611],[98.971574344880196,18.799807066043286],[98.971696836140154,18.799737041231538],[98.971819029724486,18.799668145968212],[98.971941223308875,18.799599250704887],[98.97206430722207,18.799530354542298],[98.972187390235945,18.799462589726772],[98.972311065903057,18.799395953560463],[98.972435038346418,18.799329317394154],[98.97255930666671,18.799262681227788],[98.972682389680585,18.799194915512999],[98.972806065347697,18.799127149798153],[98.972929147462253,18.799059383184044],[98.973051044270335,18.798989357472919],[98.973172050749611,18.798918201313995],[98.973291279269176,18.798843656509575],[98.973409023907379,18.798767981257356],[98.973527066221209,18.798691175557337],[98.973644514083105,18.798615500305118],[98.973763149050171,18.798539825052956],[98.973882672547347,18.798466408897696],[98.974004865232416,18.798397511835731],[98.974129132653388,18.798330874770102],[98.974256068362934,18.798269887245567],[98.974385078808382,18.798213417914951],[98.97451557223593,18.798158079032191],[98.974646064764158,18.798104999246391],[98.974777446721873,18.79805191946059],[98.974908532802601,18.797998839674733],[98.97503902533083,18.797944629441133],[98.975168331653265,18.797889289659054],[98.975296749445477,18.797829430783679],[98.975423981031952,18.797768442359768],[98.975550619065871,18.797707453036594],[98.975676663547233,18.797644204616404],[98.975803005704222,18.797582085744693],[98.975929050185584,18.797518836425184],[98.976055391443197,18.79745671755353],[98.976182326253422,18.797395728230299],[98.976310149593814,18.797335868455605],[98.976439159139943,18.79727713822939],[98.976567575133572,18.797220667999454],[98.976697474109187,18.797164197769575],[98.976826482756053,18.79710659709184],[98.976956084955418,18.797051256410384],[98.977084797725297,18.796993655732649],[98.97721262016637,18.796933795058635],[98.977339257300969,18.796871675287662],[98.977462929370745,18.796803905975537],[98.977583339599505,18.796732748017973],[98.977701082439069,18.796654810071459],[98.977912245953462,18.796519266950668],[98.978009501337453,18.796628862831824],[98.978103199003499,18.796730550074869],[98.978197786998351,18.796831106870115],[98.978291781440646,18.796932794113218],[98.978383700247605,18.797036740453279],[98.978472653090535,18.7971429458903],[98.978556564334042,18.797252539972817],[98.978635433078807,18.797365521801453],[98.978708667571027,18.797480763626368],[98.978778343445867,18.797599393197515],[98.978845943685428,18.797719153216406],[98.97891146739039,18.797838912335976],[98.978975508113251,18.797960930552563],[98.979040439164976,18.798080689672133],[98.979106556422494,18.79820157923956],[98.979174749315291,18.798319078362852],[98.979246798501038,18.798437708833262],[98.979319737116214,18.798554079307337],[98.979393862836559,18.798669321132309],[98.979467987657586,18.798784562057961],[98.979540927172138,18.798900932532035],[98.979610900722548,18.799019562103183],[98.979677908308872,18.799138191674274],[98.979740466949067,18.799260209890804],[98.979797688112853,18.79938448630503],[98.979850460330567,18.799511022715592],[98.979900267483401,18.799637558226777],[98.9799468118959,18.799765223286499],[98.979990687120562,18.799895147443124],[98.980032190833015,18.800025070700485],[98.980071913887798,18.800154994857166],[98.980110748412358,18.800284918114528],[98.980148099954931,18.800415970920369],[98.980183671739098,18.80054702372621],[98.980216277559236,18.800679206080531],[98.980246807744038,18.800811388434852],[98.980275855846116,18.800944700337709],[98.980303716843139,18.80107688179271],[98.980330391634311,18.80121019369551],[98.980356473772304,18.801343504699048],[98.980383148563533,18.801476816601848],[98.980409230701468,18.801610127605329],[98.980434423409974,18.801743438608867],[98.980459022565924,18.801876749612347],[98.98048302906858,18.802011191063684],[98.980506738795043,18.802144502067165],[98.980529262315656,18.802277813070646],[98.980552081713256,18.802412253622663],[98.980574309356939,18.802545564626143],[98.980597128754539,18.802680005178161],[98.980619652275209,18.802813316181641],[98.980642769348378,18.802947756733658],[98.980665292869048,18.803081067737139],[98.980688113165968,18.803215508289099],[98.980709747257094,18.803348819292637],[98.980729898366178,18.803483258945278],[98.980748863269469,18.803617699497295],[98.980766049313786,18.803752140049255],[98.980776413101069,18.803887708351112],[98.980776694588826,18.80402327665297],[98.980771044148412,18.804157714506971],[98.980763911625274,18.804293281909509],[98.980758557961167,18.804428849311989],[98.980759432102161,18.804565547162326],[98.9807724659766,18.804699986814967],[98.980806556577363,18.804831039620808],[98.980873270085397,18.804950797841116],[98.980981211213987,18.805037798255853],[98.981108432907888,18.805098817256635],[98.981244256617231,18.80514063033587],[98.981383047189922,18.80516775838538],[98.981524508749146,18.805185848248357],[98.981666564760189,18.805192640827784],[98.981808621670609,18.805188135224284],[98.981949493274556,18.805168943691854],[98.982088291041862,18.805140713972833],[98.982225605827125,18.805103445167902],[98.982361438529608,18.805062787717532],[98.982496974455842,18.805022130267162],[98.982633103934631,18.804982602365271],[98.982770418719895,18.80494646400814],[98.982908918811631,18.80491484384504],[98.983047715679618,18.804884354129683],[98.983186216670617,18.804852733966527],[98.983324419986047,18.804821113803428],[98.983463216854034,18.804790623188751],[98.983602606375257,18.804764651667369],[98.983742885325967,18.804739809694524],[98.983883757829233,18.804719486814918],[98.984024925310109,18.804705942125565],[98.984167574873766,18.804699175626524],[98.984309630884809,18.804695798672242],[98.984451983672159,18.804699199908214],[98.984594335560189,18.804704860241145],[98.984736093895663,18.804715039667371],[98.984878149007443,18.804725218194335],[98.98501961056661,18.80473878716532],[98.985161368902141,18.804752355237042],[98.985302830461308,18.804765923308764],[98.985443401691668,18.80478965821618],[98.985581896387487,18.804820172213226],[98.985719798430011,18.804854074855712],[98.985857996349523,18.804886847050398],[98.985997084597841,18.804915101051108],[98.986137655828202,18.804936576861564],[98.986279415062995,18.804944495392192],[98.986421471973415,18.804933208001216],[98.986560267942082,18.80490497468486],[98.986695506192689,18.804862054540251],[98.986826297295863,18.804808966660516],[98.986953233005352,18.804746839694928],[98.987075424791101,18.804676804990606],[98.987193761183164,18.804602251192989],[98.987307648629155,18.804520918305798],[98.987418571909643,18.804435065425992],[98.98752000464458,18.804340175258915],[98.987607499686419,18.804233986009706],[98.987685505082027,18.804119888122386],[98.987758172102019,18.804003530238788],[98.987830246468775,18.803887172355189],[98.987905879452853,18.80377194402007],[98.987989518201744,18.803662365226046],[98.988087392319358,18.803564084614891],[98.988201575642279,18.803482751727643],[98.988326434817168,18.803418364765776],[98.988456927345396,18.803364145538922],[98.988591571144127,18.803320094047137],[98.988729179108361,18.803286210290423],[98.988867974177708,18.803254586529988],[98.989007954553529,18.803229740060488],[98.989147934929292,18.803206024038843],[98.989288507958349,18.803185696662638],[98.989429377763656,18.803164239737896],[98.989570543445893,18.803149561902785],[98.989712599456936,18.803137142265371],[98.989854654568717,18.803129241721194],[98.989997005557427,18.803125860270313],[98.990139357445457,18.803126997912671],[98.990281411657861,18.803134913745339],[98.990423169094015,18.803148477320406],[98.990563739425113,18.803167690436624],[98.990702826774111,18.803195940840055],[98.990840431141066,18.803230968534422],[98.990976849302228,18.803269386672923],[98.991111487705041,18.80331458210236],[98.991245236678367,18.803360907979595],[98.991378095322887,18.80340949205447],[98.991510658090476,18.803458077028665],[98.991643813511246,18.803505531555061],[98.991775485949972,18.803557505174751],[98.991905675406656,18.803612868339258],[98.992034382780616,18.803670489701403],[98.99216249660202,18.803729241511348],[98.992290610423368,18.803787993321293],[98.992419614573635,18.803845614683439],[98.992550694359124,18.803899847400089],[98.992683257126657,18.803948431474964],[98.992818193205096,18.803991366008802],[98.992954612265578,18.804029782348607],[98.993092217531853,18.804064809143654],[98.993230416350684,18.804097576841741],[98.993369505498322,18.804125824547214],[98.99350859374664,18.804155202700485],[98.993647682894334,18.804183451305278],[98.993786772041972,18.80421282855923],[98.993927047395402,18.804235427622928],[98.994057530031057,18.804416189555582],[98.994137896147038,18.804528035540443],[98.994218559039325,18.804639881525361],[98.994298331602806,18.804751727510279],[98.994376325307201,18.804865833491476],[98.994453132805916,18.804979938573354],[98.994530237080824,18.805094044554551],[98.994607934009025,18.805208149636428],[98.994685928612796,18.805321125169826],[98.994762439335148,18.805435230251703],[98.994837467974833,18.805550464882117],[98.994908937997138,18.805667959508753],[98.994976551726552,18.805786582784606],[98.995038531203306,18.805908596504594],[98.995094282874902,18.806032868422164],[98.995143806741339,18.806160528985288],[98.995188584885341,18.806289319996154],[98.995230397964576,18.806419240555556],[98.995269541855919,18.806549161114958],[98.995308092194762,18.80668021122284],[98.995346939309854,18.806810130882866],[98.995387862959547,18.806940051442268],[98.995430862244575,18.807068842453191],[98.995474751858353,18.807198762113217],[98.995518640572868,18.807327553124139],[98.995562826962953,18.807456344135005],[98.995607309230024,18.807585134246608],[98.995651198843802,18.807713925257474],[98.995695681110874,18.807842715369077],[98.995739570724652,18.807971506379943],[98.995783757114737,18.808100296491546],[98.995806590002189,18.808253941166527],[98.995827643131292,18.808388379919847],[98.995848696260396,18.808521688225369],[98.995869750288819,18.808656126978747],[98.995890210764685,18.808790565732068],[98.995909780911745,18.808925004485445],[98.995928165752332,18.809059443238766],[98.995944770834569,18.809193881992087],[98.995959596158514,18.809328320745465],[98.995974421482401,18.809463889047265],[98.995987764723623,18.809598326901323],[98.996000514412287,18.809732765654644],[98.996011781118852,18.809868333956501],[98.996020971290875,18.810003902258359],[98.996028976156367,18.810139469660839],[98.99603431093476,18.810275037962697],[98.996037274200887,18.810409476716018],[98.996037864156165,18.810546173667035],[98.996036674353093,18.810680612420356],[98.996033408914741,18.810816179822893],[98.99602806694179,18.810951748124751],[98.996020946109809,18.811087315527232],[98.996011748743285,18.811222883829089],[98.996000772517675,18.81135845123157],[98.995987719757522,18.811492889085628],[98.99597288723902,18.811628456488108],[98.995954792879445,18.811762894342166],[98.995933732555784,18.811896202647688],[98.995911189250023,18.812030640501689],[98.995887162962276,18.812163947907948],[98.995861950468679,18.812297256213469],[98.995837627404626,18.812430563619671],[98.995813007564323,18.812565001473672],[98.995789870706005,18.812698308879874],[98.995767327400301,18.812831617185452],[98.995745079971528,18.812966055039453],[98.995722833442073,18.813099362445655],[98.995700586013299,18.813233800299713],[98.995677745931289,18.813367108605235],[98.995654312296722,18.813501545559916],[98.995629395680112,18.813634853865437],[98.995603589634015,18.813768161271696],[98.995576597382126,18.813901469577218],[98.99554871480143,18.814034776983419],[98.995519646014884,18.814166954841141],[98.995490280452145,18.814299132698864],[98.995459728683613,18.814432441004385],[98.995428584261788,18.814564618862107],[98.995396845388143,18.814696796719829],[98.995364217984331,18.814828974577551],[98.9953315896812,18.814960022886794],[98.995295402760689,18.815092200744516],[98.995256842529329,18.815222118605959],[98.995217096092176,18.815352036467345],[98.995177646431273,18.815483084776588],[98.995138790322983,18.815613002638031],[98.995102009849916,18.815744050947217],[98.995069380647465,18.815875099256459],[98.995041498066769,18.816008406662661],[98.995015986998283,18.81614171406892],[98.994988697070767,18.816275021475121],[98.994961110367001,18.816408329780643],[98.994935600197834,18.816541637186845],[98.994915724281327,18.816676075040903],[98.994903264174354,18.816810512894904],[98.994903259677756,18.816946080297441],[98.994918975330506,18.817080519050762],[98.994957824244239,18.817211569158644],[98.995024553940084,18.817330192434497],[98.995112044485325,18.81743638977764],[98.995209916804299,18.817536938478952],[98.995313424275196,18.817629578542267],[98.995416931746036,18.817722219504901],[98.995517473252846,18.817818249112975],[98.995610896625635,18.817921056911302],[98.995690083730437,18.818032901996901],[98.995760965596162,18.818150395724217],[98.995830365379106,18.81826901989939],[98.995896502421715,18.818388772723722],[98.995958487294388,18.818510784645071],[98.996013057256846,18.818636186111178],[98.99605694956864,18.818766106670523],[98.996085123529667,18.818898285427565],[98.996089272102267,18.819033853729422],[98.996059906539529,18.819166031587145],[98.996000881335647,18.819288040810477],[98.995921984711856,18.819401012746596],[98.995831521007972,18.819506076044604],[98.995735125375802,18.819606619350054],[98.995633984920516,18.819701514913049],[98.995531657360175,18.819795280028188],[98.99542873624722,18.819889045143384],[98.995329077874715,18.819986199803338],[98.99522763974386,18.820082224015493],[98.995122642995625,18.820172600485193],[98.995014976160292,18.820261846507037],[98.994905826342858,18.820348832532659],[98.994795193543382,18.820433559461264],[98.994684857520213,18.82051941593835],[98.994574224720736,18.820604142866955],[98.99446537167961,18.820692258440999],[98.994358593374443,18.82078150356358],[98.994250629762803,18.820870749585481],[98.994143555580706,18.820959994708062],[98.994036481398552,18.821048110282106],[98.993929109540829,18.821138485852487],[98.993822035358733,18.821227730975068],[98.993715257053509,18.821316976097592],[98.993608775524649,18.821406221220172],[98.993501997219482,18.821496595891233],[98.993396700997039,18.821588101010093],[98.993292888655958,18.821680734778113],[98.993189668968114,18.821774498993989],[98.9930867451572,18.821868263209808],[98.992982042487313,18.821959767429348],[98.992876153611633,18.822050142100409],[98.992767297872547,18.82213825677519],[98.992654883516138,18.82222072280814],[98.992540095848824,18.822300928844868],[98.99242352932248,18.822378875784523],[98.992305479814092,18.822454562727955],[98.992185947323662,18.822527990574372],[98.992064338298633,18.822599158424453],[98.991940355962697,18.822665807181295],[98.991814298890858,18.822727936844842],[98.991684978179251,18.822785547415151],[98.991552692402877,18.822835249347349],[98.99141684800918,18.822875913992277],[98.991278334427648,18.822906410002872],[98.991138633741002,18.822932386920172],[98.99099804452419,18.822953845643497],[98.990857158531128,18.822975303467558],[98.990717161967495,18.822997890840043],[98.990578054833406,18.823027257302158],[98.990441024233917,18.823063401954471],[98.990305474817887,18.823106324797095],[98.990168444218398,18.823142468550145],[98.990032302149075,18.823182001847954],[98.989897049509295,18.823224924690578],[98.989763873404115,18.823272365727121],[98.989635737998981,18.82333110494659],[98.989515611056675,18.823403401445887],[98.989411201565758,18.823496033415267],[98.989334967834566,18.823610131302587],[98.989289876726502,18.823738918716174],[98.989263766709541,18.823871095674576],[98.989247741690008,18.824006662177794],[98.989234089981323,18.824142229580275],[98.98921776818554,18.824275536087157],[98.989191954944829,18.824409973041895],[98.989147456490002,18.824537630007683],[98.989076264358175,18.82465624788756],[98.988987573217969,18.824761307588346],[98.988887018221362,18.824857328203166],[98.988778752437554,18.824945441079308],[98.988665740931253,18.825027904414299],[98.98854917080763,18.825105848656051],[98.988430820026394,18.825180404252308],[98.988312173368172,18.825254958949245],[98.988193823486199,18.825331772743141],[98.988071914087641,18.82540180834684],[98.987944666313354,18.825462805763948],[98.98781415669805,18.825517024091425],[98.987683054429453,18.825568983322],[98.98755254391483,18.825623201649478],[98.98742559291685,18.825685328615066],[98.987305165600958,18.825756493767244],[98.987196602141523,18.82584460484469],[98.987109984838014,18.825951923642435],[98.987041756871633,18.826070540622993],[98.986989248155339,18.826197067140981],[98.986949195948682,18.826325853655248],[98.986918635186896,18.826459159262868],[98.986894599905895,18.826593595318229],[98.986875903000566,18.826726902724431],[98.986861062388186,18.826862469227649],[98.986848001534099,18.82699690618233],[98.986838499297392,18.827132473584811],[98.986834336335619,18.827268040987349],[98.986835808525825,18.827403608389886],[98.986842916767273,18.827539176691687],[98.986856253713199,18.827673615445065],[98.98687641291616,18.827808055097705],[98.986903690253143,18.827940235653386],[98.986939866381761,18.828071286660588],[98.986984644525762,18.828200078570831],[98.987037134356342,18.828326612283377],[98.98709615056697,18.828449757350484],[98.987161395482076,18.828570642421255],[98.987231979672174,18.828688139745907],[98.987308199913571,18.828803377074223],[98.987388869101096,18.828914096208621],[98.987475175239183,18.829022556246002],[98.987565336770956,18.829126497190146],[98.98766350766482,18.829225920839633],[98.987768798491345,18.82931743585101],[98.987878538263999,18.829403302220669],[98.987991540777045,18.829484650396353],[98.988105730395205,18.829565997672717],[98.98822081034217,18.829646216299921],[98.988334407307093,18.829727563576228],[98.988446520390653,18.829812300397407],[98.988556261062683,18.829897037218529],[98.988663925200058,18.829986292233627],[98.988770996684195,18.830075547248782],[98.98887836404532,18.8301648031632],[98.988987512064114,18.830251798182019],[98.989096956859157,18.830337664551621],[98.989209367618287,18.830422400473481],[98.989324151688322,18.830502618201308],[98.989443385603806,18.830576057738938],[98.989570035328939,18.830638199992961],[98.989699948693726,18.830693564056787],[98.989831345040614,18.830746668124277],[98.989962148734264,18.830798642643288],[98.990090579117009,18.830857396251872],[98.990213076672205,18.830926315796887],[98.990322819142875,18.831012181267226],[98.990412686596244,18.831117250860473],[98.990483571159928,18.831234746386485],[98.990540514433235,18.831359019203433],[98.990585888827752,18.831487811113618],[98.990620882347912,18.83161999076998],[98.990645789971268,18.831753300874198],[98.990660910272823,18.831887739627518],[98.9906656488007,18.832023307030056],[98.990658522572801,18.832157744884057],[98.990635675296232,18.832292181838795],[98.990596811993328,18.832422098800862],[98.99054519360584,18.83254862531885],[98.990483193444675,18.832670633642863],[98.990414075149488,18.832789251522797],[98.990338134597266,18.832903350309437],[98.990255965340566,18.83301518909974],[98.990169346238417,18.833121379248325],[98.990076499331053,18.833225309400575],[98.989971787667912,18.833315682272996],[98.989858474888763,18.833399276055786],[98.989740119610872,18.833473831652043],[98.989620281350938,18.83354725769982],[98.98950103574424,18.833620683747597],[98.989385052877935,18.833699757537829],[98.989276188145652,18.833787870413914],[98.989178001063976,18.83388502147659],[98.989090491632965,18.833992341173655],[98.989010100335918,18.834104179963958],[98.988935938642726,18.834219407399758],[98.98886681764958,18.834339154828172],[98.988801553848702,18.834458902256586],[98.988739551888841,18.834580909681279],[98.988679329687386,18.834704046654451],[98.988619997814681,18.834827183627681],[98.988562148024755,18.834951450149333],[98.988508748080335,18.835076847118842],[98.988459203529487,18.835204503185309],[98.988412921719032,18.835331029703298],[98.98836841966687,18.835460945766101],[98.988323620838514,18.835588602731889],[98.988278525233795,18.835717389246156],[98.98823194664709,18.83584617576048],[98.988182105319936,18.835972702278411],[98.988131967216589,18.8360992287964],[98.988082125889434,18.836225755314388],[98.988031986886767,18.836353411380856],[98.987981255230807,18.836479937898844],[98.987929040592803,18.836606464416832],[98.987873563214407,18.836731860487021],[98.987814229543119,18.836853867012394],[98.987751336355132,18.836977003985623],[98.987682510339653,18.837094491417702],[98.987609828930545,18.83721197795046],[98.987532994452181,18.83732607583778],[98.987453194009731,18.837437913728763],[98.987371317932059,18.837548621172004],[98.987287957073647,18.837659329514508],[98.987204004461319,18.837767777860734],[98.987119754173364,18.837877355755438],[98.987036097438022,18.837986933650143],[98.98695125359751,18.838096511544848],[98.986865817103819,18.838203829443216],[98.986778599952459,18.838312277789441],[98.986691086924168,18.838418466139331],[98.986602386790764,18.838524653589957],[98.986514280209917,18.838630841939846],[98.98642587685282,18.838737030289792],[98.986337769372597,18.838843218639681],[98.986249958668736,18.838950536538107],[98.986161852087889,18.839056723988676],[98.986074338160222,18.839164041887045],[98.985986526557042,18.839271359785471],[98.985898123199888,18.839376417687561],[98.985809718943415,18.839482606037507],[98.985720721134442,18.839588793488076],[98.985630832996605,18.839693851390166],[98.985540352205533,18.839798909292256],[98.98545135439656,18.839905096742882],[98.985363542793323,18.840011284193452],[98.985275434413836,18.840118602091877],[98.985187029258043,18.840224789542447],[98.985095658138164,18.840327587448257],[98.985001617830449,18.840429255805589],[98.984902830900978,18.840527533718728],[98.984797815267029,18.840619033441669],[98.984686867704852,18.840703754075037],[98.984570580867683,18.84078169561883],[98.984449845084328,18.840853988520792],[98.98432703366575,18.840922891877995]]]]},"properties":{"OBJECTID":4,"AREA":42132760.829000004,"TAM_CODE":"500107","TAM_NAM_T":"ต.ช้างเผือก","TAM_NAM_E":" ","PROVCODE":"50","AMPCODE":"5001","AMP_CODE":"5001","AMP_NAM_T":"อ.เมืองเชียงใหม่","AMP_NAM_E":"Amphoe Muang Chiang Mai","PROV_CODE":"50","PROV_NAM_T":"จ.เชียงใหม่","PROV_NAM_E":"Changwat Chiang Mai","TH":"Thailand","Name":"Chiang Mai","Shape_Length":0.14594426576027369,"Shape_Area":0.00064082226414674873}},{"type":"Feature","id":5,"geometry":{"type":"Polygon","coordinates":[[[98.948459019068537,18.810737007107264],[98.947650800144345,18.810757800332283],[98.947522000140282,18.810823800677895],[98.947409399624178,18.811179299984758],[98.946395500352139,18.810280500444776],[98.945354800383768,18.806761500043251],[98.945843000054481,18.803531800752069],[98.943246599750864,18.804120900759017],[98.944126400213236,18.801485299906687],[98.942645799564048,18.797691900161112],[98.945918099740595,18.798646600660163],[98.946079000145801,18.795076499880622],[98.950560999990216,18.794055799935279],[98.953138599966451,18.793294000417859],[98.957285300176522,18.79208280068076],[98.960521399942706,18.790956600366883],[98.959114499634495,18.786844300124415],[98.962818700122966,18.787021999865431],[98.965136100150971,18.783536800482977],[98.970243000214339,18.783563500455216],[98.970653399534797,18.781643700596362],[98.970798200276761,18.78159800064725],[98.971661900176628,18.781562400084738],[98.972241300095959,18.783411100441981],[98.973233700175172,18.783197800138396],[98.973024499880808,18.784310000706],[98.972777699831056,18.784406500659543],[98.972793800393617,18.786245000006772],[98.972879600213446,18.78638719990937],[98.973496599888222,18.786382100753372],[98.973872100117376,18.786448200024438],[98.97394719980349,18.786204400113036],[98.97408660011655,18.786113000214812],[98.975223899863124,18.786113000214812],[98.975744199934923,18.78605460003979],[98.975961499523635,18.78373610014097],[98.975706700004253,18.781486300352526],[98.975513600272507,18.781425300237458],[98.97531779987662,18.779256700236601],[98.975430400392725,18.779228700744],[98.975564500101655,18.778779200699603],[98.975572600295322,18.778332300595252],[98.975685199912107,18.778078400397931],[98.975915900298617,18.777692400583874],[98.976023200210591,18.777397800668041],[98.976023200210591,18.777052400747721],[98.975781799690367,18.77661560002997],[98.9737808998687,18.775848700457232],[98.97381310009456,18.775213800676397],[98.97344829999912,18.774350400250796],[98.973341000087146,18.773461600272697],[98.972804499628012,18.773299099973542],[98.972718699808183,18.772913100159485],[98.970771399580485,18.772913100159485],[98.970766099875675,18.772019100301293],[98.97288499974303,18.771633100487236],[98.97342140037739,18.771430000294345],[98.975207800199883,18.770378600192316],[98.975830099579468,18.770106200041141],[98.976135799827375,18.769972299981703],[98.976316164259629,18.76819311452067],[98.976366396791832,18.768266637695206],[98.976445547923731,18.768379621322538],[98.976523809626201,18.768492604949813],[98.976602367205544,18.768605588577088],[98.976680925684207,18.768717442655884],[98.976759484162926,18.768831555831696],[98.976838339417895,18.768943409011172],[98.976916304344002,18.769058652634783],[98.976995159598971,18.769170505814259],[98.977082908249656,18.769295918072203],[98.977161170851389,18.769410031248015],[98.977239432553802,18.76952414352445],[98.977318288708091,18.769635997603245],[98.977422342067484,18.769785135775464],[98.977501198221773,18.76989811850342],[98.977579757599813,18.770012231679175],[98.977658020201545,18.770125214407187],[98.977736580478847,18.770238198034463],[98.977815733409443,18.770350051213939],[98.977893996011176,18.77046416438975],[98.977972259512228,18.770577147117706],[98.978051116565837,18.770690129845661],[98.978129675943876,18.770803113472937],[98.978208236221178,18.770916096200949],[98.97828650062155,18.771029078928905],[98.978364764122603,18.77114206165686],[98.978443028523031,18.771256173933352],[98.97852218235289,18.771368027112828],[98.978600149977012,18.771482139389263],[98.978679303806871,18.771593992568739],[98.978757271430993,18.771706975296695],[98.978836129383922,18.771821087573187],[98.9789146905606,18.771934070301143],[98.978993251737222,18.772047053029098],[98.979071812913901,18.772158906208631],[98.979150078213593,18.772273018485066],[98.979228936166521,18.772386000313702],[98.979307201466213,18.772498983041658],[98.979386059419141,18.77261196576967],[98.97946432471889,18.772724947598306],[98.979542590917902,18.772837930326261],[98.97962174564708,18.772950912154897],[98.979699715069842,18.77306389488291],[98.979778870698397,18.773176876711545],[98.979857135998088,18.773290988987981],[98.979935698973406,18.773403970816673],[98.980014261049348,18.77351582309683],[98.980092824024666,18.773629935373265],[98.980171386999984,18.773741787653421],[98.980249949975246,18.773855899030593],[98.980328512950564,18.773968881758549],[98.980406780048895,18.774081863587185],[98.98048563980052,18.774194845415821],[98.9803521992946,18.77426826426904],[98.980229137864455,18.774337164928284],[98.980105779658061,18.774403806490511],[98.979983310881153,18.774473837597554],[98.979859655898451,18.774541607808999],[98.979736594468307,18.774609378919763],[98.979611753279869,18.774673760485712],[98.979485726784901,18.774737011603861],[98.979359107636753,18.774799133173531],[98.979233377018772,18.774863514739479],[98.979107943177098,18.774926765857629],[98.978984287295077,18.774993406520537],[98.978863300600892,18.77506456627674],[98.97874587072539,18.775141375574094],[98.978631405015392,18.775222703065367],[98.97852020024709,18.775307421000718],[98.97841196144293,18.775394398033086],[98.978306389128591,18.775485894158749],[98.978203189225837,18.77557965028069],[98.97810236173467,18.775674536850431],[98.978003904856394,18.775772812065668],[98.977906338306923,18.775872217728704],[98.977811439146649,18.77597275294022],[98.977715651456208,18.776072158603313],[98.977620752295934,18.776173823363308],[98.977527038442133,18.776275488123304],[98.977436883205655,18.776380543327434],[98.977350878340417,18.776487857628581],[98.977270803604767,18.776600821470765],[98.977199327287167,18.776717175757085],[98.977138820000619,18.776840310032355],[98.977091360078248,18.776967964300184],[98.977055166862499,18.77710013945989],[98.977029351823205,18.777233445067509],[98.977010948996167,18.777367881122871],[98.976998773974287,18.777502318077552],[98.976991046099954,18.77763788548009],[98.976986579167374,18.77777345378189],[98.976984485545643,18.777909022083747],[98.976984170782941,18.778044590385605],[98.976988599943979,18.778180158687405],[98.976998366581427,18.778314599239422],[98.977012285388696,18.778450169339919],[98.977029465137775,18.77858460989188],[98.977048424645147,18.778719050443897],[98.977068569458993,18.778853491895177],[98.977089011948408,18.778986802898658],[98.977108564109017,18.779122373898474],[98.977129302475362,18.779255685801331],[98.97715300590653,18.779390127252611],[98.977178193219117,18.779522309606932],[98.977204861715052,18.779655621509789],[98.977230049027582,18.77978893341259],[98.977254641888294,18.779923374863927],[98.977277160012989,18.780056686766727],[98.977296119520361,18.780191127318744],[98.977311224533423,18.780325567870705],[98.97732306770547,18.780461137971201],[98.97733253846593,18.780596707172322],[98.977340229468098,18.780731146825019],[98.977346142510555,18.780866716026196],[98.9773508684479,18.781002285227316],[98.977355001732008,18.781137853529174],[98.977359135016115,18.781273422730351],[98.977362971523974,18.781408991931471],[98.977362953537522,18.781544560233328],[98.977358191627275,18.781680127635809],[98.977353725594014,18.781815695038347],[98.977345984229828,18.782051809343557],[98.977340924644011,18.782187376746094],[98.977337348040237,18.782322945047952],[98.977336440624299,18.782458513349752],[98.977339090926364,18.782594081651609],[98.977343817763028,18.78272965085273],[98.977349729906166,18.782865220053907],[98.97735653237811,18.782999658807285],[98.977364224279597,18.783135228008405],[98.977372805610571,18.783270798108902],[98.977381386941488,18.783406367310079],[98.977390264149449,18.783541936511199],[98.977399142256672,18.783676376163896],[98.977408909793439,18.783811945365017],[98.9774183805539,18.783947515465513],[98.977428741643166,18.78408308466669],[98.97743939860942,18.784217524319331],[98.977450352351923,18.784353094419828],[98.977461602870733,18.784487534072468],[98.977472852490223,18.784623104172965],[98.977484103009033,18.784758673374142],[98.977495353527786,18.784893113026783],[98.977507196699833,18.78502868312728],[98.977519633424379,18.785164253227776],[98.977531773372675,18.785298692880417],[98.977544210097278,18.785433132533115],[98.977556645922505,18.785568702633554],[98.977568193217621,18.785704272734051],[98.977579146960124,18.785838712386692],[98.977589508049391,18.785974281587869],[98.977598682932921,18.786109850789046],[98.977607264263895,18.786245420889486],[98.977615549717882,18.786379859642864],[98.977623538395619,18.786515428844041],[98.97763063674455,18.786650998045161],[98.977637439216494,18.786786567246338],[98.977643945811508,18.786922136447515],[98.977649857954646,18.787057705648635],[98.977656067773353,18.787192144402013],[98.977662277592117,18.787327713603133],[98.977669080064061,18.78746328280431],[98.977675585759755,18.787598852005488],[98.977681202025906,18.787734420307288],[98.97768563208632,18.787869989508465],[98.977687986511455,18.788005557810322],[98.977687968525004,18.788141126112123],[98.977684688697479,18.78827669441398],[98.97767458931088,18.788412260917141],[98.977655888808272,18.78854669787188],[98.977633631486981,18.788680003479442],[98.977609593508021,18.788813309087004],[98.97758822471684,18.788947745142366],[98.97732340944782,18.788988383706965],[98.977182846311393,18.789007572541493],[98.977041394644687,18.789023370931886],[98.97689935122412,18.789029002486529],[98.976757011027303,18.789033503593373],[98.976614670830429,18.789035745603201],[98.976472331532932,18.789035727616806],[98.976329992235435,18.789035709630355],[98.976187652937881,18.789034562095424],[98.976045313640384,18.789033413661173],[98.97590297524215,18.789031135678442],[98.975760635944653,18.789028857695655],[98.975618296647156,18.789026579712925],[98.975475957349602,18.789025432177993],[98.975333915727674,18.789019764650448],[98.97519127965387,18.789016356219918],[98.975049238031943,18.789011818240851],[98.974906898734446,18.789009540258121],[98.974764560336268,18.789005001379735],[98.974622221038715,18.789002723397005],[98.974479881741217,18.789000444514954],[98.974337542443664,18.789000424729863],[98.974195203146166,18.789000404944773],[98.974052863848669,18.788999255611202],[98.973910524551115,18.788999235826111],[98.973768185253618,18.78899921604102],[98.973625845956064,18.78899919535661],[98.973483506658567,18.788999175571519],[98.97334116736107,18.788999155786485],[98.973199124839823,18.788995745557258],[98.973056786441589,18.788991206678872],[98.972914448043412,18.788984407804207],[98.972772405522164,18.788979868026559],[98.97263006712393,18.788975328248853],[98.972487727826433,18.788974177116643],[98.972345388528936,18.788976415529191],[98.972203344209049,18.788984302583572],[98.972061299889162,18.788994449634174],[98.971919255569276,18.789000076692218],[98.971776915372402,18.789006833298743],[98.971634871052515,18.789016979450082],[98.971493419385865,18.789029385597701],[98.971352855350062,18.789051958581069],[98.971215847233623,18.789088088844267],[98.971087731613579,18.789145685924723],[98.970980368749053,18.789234918456771],[98.970903248286334,18.789349009149475],[98.970850146017483,18.789474401622385],[98.97081335295394,18.789605445435029],[98.970787827496281,18.789738750143272],[98.970769418374005,18.789873185299314],[98.970756050851151,18.790008751802532],[98.970745351616756,18.790143188757213],[98.970734356505432,18.790278755260374],[98.970728402094153,18.790414322662912],[98.970731640552856,18.790549890964769],[98.970741403592967,18.790684331516729],[98.970755910556875,18.790819901617226],[98.970773086708618,18.790954343068506],[98.970791153189225,18.791088783620523],[98.970808032564719,18.791223225071803],[98.97082194687539,18.791357665623821],[98.970831116363001,18.791493235724317],[98.970834651597954,18.791628804026118],[98.970834924991834,18.791764372327975],[98.970834308956228,18.791899940629833],[98.970835175003401,18.792035508931633],[98.970839896444147,18.79217107723349],[98.970851141566982,18.792305517785451],[98.970871877235425,18.792439959236788],[98.970905067614865,18.792572143389748],[98.970948044416787,18.792702070244388],[98.970997842576423,18.79282860755427],[98.971053572664289,18.792952887565775],[98.971117902069579,18.793073778931785],[98.97119379945434,18.793189023454715],[98.97128956735969,18.793288455198081],[98.971419743326578,18.793337053662128],[98.971554679405017,18.793296403406316],[98.971670939262481,18.793218469956457],[98.971776821842923,18.79312810697661],[98.971877367846332,18.793032094455668],[98.971977616174115,18.79293608193467],[98.972078162177525,18.792840070313048],[98.97218404385859,18.792748576885344],[98.972297338651344,18.792667252991407],[98.972420713045551,18.792599487276561],[98.972545272746174,18.792533980658732],[98.972672204858441,18.79247186448498],[98.97280121170661,18.792415396053741],[98.972931997413809,18.79236231806658],[98.973064857856969,18.792312628724858],[98.973199793036088,18.792269718472767],[98.973336802951167,18.79223471595941],[98.973475887602206,18.792204232539348],[98.973616453436648,18.792183917753675],[98.973758204577564,18.792172640255217],[98.97390054747234,18.792167011398533],[98.974042889467853,18.792167031183567],[98.974185231463309,18.792168180517194],[98.974327275783196,18.792172719395523],[98.974469914554959,18.79217612782611],[98.974611958874846,18.79217840670816],[98.974754301769678,18.792178426493251],[98.974896642865815,18.792179574927502],[98.975039281637578,18.792181853809552],[98.975181326856784,18.792183002243803],[98.975323667952978,18.79218641067439],[98.975466009948434,18.792192078201879],[98.975608054268378,18.792197744830105],[98.975750098588264,18.79220567145461],[98.975892142908151,18.792214728526972],[98.976034484903607,18.792218136058182],[98.97617682689912,18.792217024496153],[98.976319168894577,18.792217042482548],[98.97646151089009,18.792218190017479],[98.976603555209977,18.792226115742722],[98.97674470830168,18.79224420920292],[98.976882598653049,18.792275859043684],[98.977011884291073,18.792333491197724],[98.977118926097603,18.7924216238589],[98.977198978350202,18.792534607486175],[98.977259160981532,18.792656625702762],[98.977305108244195,18.792785421210283],[98.97734097320739,18.792915345366964],[98.977368830607134,18.793049786818244],[98.977391053754161,18.793183098721101],[98.977405862890294,18.793318667922222],[98.977408217315428,18.793453106675599],[98.977400192664845,18.79358867407808],[98.97738534755581,18.793723111032818],[98.977366350276895,18.79385754708818],[98.977345870015938,18.793991983143542],[98.977326576860094,18.79412641919896],[98.977310841422252,18.794260855254322],[98.977301037013319,18.794396422656803],[98.977289750521606,18.794531989160021],[98.977274904513308,18.794666426114702],[98.977259169075467,18.794800862170121],[98.977245213395918,18.794936428673282],[98.977235705763292,18.79507086652734],[98.977233018589004,18.7952075634783],[98.977241007266741,18.795342003130997],[98.977263823067062,18.795476444582278],[98.977303544323149,18.795606368738959],[98.977360169236476,18.795729516504025],[98.977428063554328,18.795849276522915],[98.977504262211994,18.795963388799407],[98.977585206592096,18.796075241978883],[98.977668523383727,18.79618483696072],[98.977751840175358,18.796295560591716],[98.977832191002847,18.796406284222712],[98.977912245953462,18.796519266950668],[98.977701082439069,18.796654810071459],[98.977583339599505,18.796732748017973],[98.977462929370745,18.796803905975537],[98.977339257300969,18.796871675287662],[98.97721262016637,18.796933795058635],[98.977084797725297,18.796993655732649],[98.976956084955418,18.797051256410384],[98.976826482756053,18.79710659709184],[98.976697474109187,18.797164197769575],[98.976567575133572,18.797220667999454],[98.976439159139943,18.79727713822939],[98.976310149593814,18.797335868455605],[98.976182326253422,18.797395728230299],[98.976055391443197,18.79745671755353],[98.975929050185584,18.797518836425184],[98.975803005704222,18.797582085744693],[98.975676663547233,18.797644204616404],[98.975550619065871,18.797707453036594],[98.975423981031952,18.797768442359768],[98.975296749445477,18.797829430783679],[98.975168331653265,18.797889289659054],[98.97503902533083,18.797944629441133],[98.974908532802601,18.797998839674733],[98.974777446721873,18.79805191946059],[98.974646064764158,18.798104999246391],[98.97451557223593,18.798158079032191],[98.974385078808382,18.798213417914951],[98.974256068362934,18.798269887245567],[98.974129132653388,18.798330874770102],[98.974004865232416,18.798397511835731],[98.973882672547347,18.798466408897696],[98.973763149050171,18.798539825052956],[98.973644514083105,18.798615500305118],[98.973527066221209,18.798691175557337],[98.973409023907379,18.798767981257356],[98.973291279269176,18.798843656509575],[98.973172050749611,18.798918201313995],[98.973051044270335,18.798989357472919],[98.972929147462253,18.799059383184044],[98.972806065347697,18.799127149798153],[98.972682389680585,18.799194915512999],[98.97255930666671,18.799262681227788],[98.972435038346418,18.799329317394154],[98.972311065903057,18.799395953560463],[98.972187390235945,18.799462589726772],[98.97206430722207,18.799530354542298],[98.971941223308875,18.799599250704887],[98.971819029724486,18.799668145968212],[98.971696836140154,18.799737041231538],[98.971574344880196,18.799807066043286],[98.971452151295807,18.799875961306611],[98.971329956812099,18.799945986118416],[98.971207762328447,18.800014880482422],[98.971085271068489,18.80008490529417],[98.97096278070785,18.800153799658176],[98.970840586224142,18.800222694921501],[98.970718094964184,18.80029158928545],[98.970595899581156,18.800361613197936],[98.970473705097447,18.800431638009741],[98.970351212938169,18.800500532373746],[98.970228424901961,18.800569426737695],[98.970105636865696,18.800637190653902],[98.969982256176252,18.800704955469371],[98.96985828193425,18.800771588937721],[98.969733714139636,18.800838223305391],[98.969609146345078,18.800902597676782],[98.969483393244047,18.800966972048172],[98.96935852957256,18.801031346419563],[98.969233368225446,18.801096850339434],[98.969108504553901,18.801161224710825],[98.968983639983037,18.801226728630695],[98.968859072188479,18.801292232550566],[98.968734800270852,18.801358866018916],[98.968610528353281,18.801424369938786],[98.96848714586514,18.801492132955616],[98.968362578070582,18.801557636875486],[98.968239194683122,18.801625399892316],[98.968115219541801,18.801692032461403],[98.967992132930647,18.801759795478233],[98.967909793702063,18.801805016987998],[98.967767399545892,18.801510700358563],[98.952097899998137,18.809782800335995],[98.948896817134482,18.810709775635701],[98.9488160580147,18.810705267334242],[98.948673996607738,18.810708617308876],[98.94853252425662,18.81072213501858],[98.948459019068537,18.810737007107264]]]},"properties":{"OBJECTID":5,"AREA":71613746.349999994,"TAM_CODE":"500108","TAM_NAM_T":"ต.สุเทพ","TAM_NAM_E":" ","PROVCODE":"50","AMPCODE":"5001","AMP_CODE":"5001","AMP_NAM_T":"อ.เมืองเชียงใหม่","AMP_NAM_E":"Amphoe Muang Chiang Mai","PROV_CODE":"50","PROV_NAM_T":"จ.เชียงใหม่","PROV_NAM_E":"Changwat Chiang Mai","TH":"Thailand","Name":"Chiang Mai","Shape_Length":0.17523456766107229,"Shape_Area":0.00054986763847873895}},{"type":"Feature","id":6,"geometry":{"type":"MultiPolygon","coordinates":[[[[99.019386749299088,18.804348623490228],[99.019511908847562,18.804411875507697],[99.01963647484348,18.804478516170661],[99.019760150510592,18.804545157732889],[99.019854777176306,18.804598256404461],[99.019855399507151,18.804705700207933],[99.019261028573681,18.804285536048724],[99.019386749299088,18.804348623490228]]],[[[99.017943299643605,18.803808755070065],[99.018085059777718,18.803821168412242],[99.018225634605415,18.803843749489488],[99.018363245267608,18.803876498301804],[99.018497890865035,18.80392054439767],[99.018597018637536,18.803959566880565],[99.018444999936833,18.804227500099103],[99.018149999822697,18.804778500327586],[99.017624300221314,18.805636699973775],[99.017098499895894,18.806355200731957],[99.016368999529789,18.807149900147806],[99.015786899845637,18.807657700542507],[99.014896400148814,18.808312799995747],[99.014094499861358,18.808767300270745],[99.013254899993683,18.809175999872537],[99.012605799917765,18.809409600572678],[99.011449799668583,18.809747300497577],[99.01045739958937,18.809889500400175],[99.007152900086339,18.810153499984096],[99.005152000264673,18.810295699886694],[99.003478299883682,18.810387100684181],[99.003381700105422,18.810651200092877],[99.003124199921956,18.811483900361736],[99.003097400125,18.812316700455426],[99.002743399987992,18.813332300345451],[99.001804600402068,18.815094300661485],[99.000742400341551,18.81665820011591],[98.999605199520374,18.817815900083758],[98.99873610009098,18.818811200476546],[98.997276999533938,18.819938399937257],[98.996182699971712,18.820821900210603],[98.995581899784895,18.821624200696363],[98.995163400270769,18.822670100544769],[98.995174200229201,18.823624700319726],[98.995506800098781,18.824264500506331],[98.996171900013223,18.825046399871496],[98.99729849962614,18.826437600714769],[98.997781299767212,18.827514000170993],[98.99786709958704,18.828204600362085],[98.997781299767212,18.828783400433622],[98.997073199668478,18.829910500069559],[98.996525999975006,18.830469100468633],[98.995667699604724,18.831098600719884],[98.994626999636409,18.831738400007225],[98.993618499893898,18.832225800180595],[98.992931800062593,18.832632000566434],[98.992386549199921,18.833089322913963],[98.992344450136329,18.83299043256244],[98.992287505064382,18.832866159745549],[98.992400520167905,18.832783694611862],[98.992511755513192,18.832700099030376],[98.992622397305865,18.83261424345261],[98.992734818856889,18.832530647871124],[98.992849612819441,18.832450441834453],[98.992968855728179,18.832377013988037],[98.993092844359353,18.832309234783395],[98.993219798055293,18.832248233769008],[98.993348828285832,18.832191751847915],[98.993479638274721,18.832137529923102],[98.993611040916846,18.832085566195985],[98.993742740335279,18.832033603368131],[98.993874439753654,18.831982770088814],[98.994005545619473,18.831928547264681],[98.994135168503306,18.831873194892069],[98.994265384939638,18.831818971168616],[98.994396490805457,18.831765877893019],[98.994527299895026,18.831711655068887],[98.994657812208345,18.831657431345434],[98.994787435092121,18.831602078972821],[98.994915277318228,18.831542206607594],[98.995041043909112,18.831478944697608],[98.99516236155381,18.831407775048831],[98.995279822905559,18.831330956758279],[98.995392539434192,18.83124848892669],[98.995500806117377,18.831160372453269],[98.995606402713349,18.831068867334409],[98.995709033345292,18.83097623176775],[98.995809885118149,18.830880206656275],[98.99590954888663,18.83078305199632],[98.996009807106987,18.830687026884846],[98.996109767651717,18.830589872224891],[98.996209432319517,18.830492717564937],[98.996307613105898,18.830395562904982],[98.996404607686543,18.830296148248692],[98.996500416061394,18.830195604043922],[98.99659503733119,18.830093930290673],[98.996689361824622,18.82999338608596],[98.996782796888624,18.829890581884911],[98.99687593517632,18.829787778583182],[98.996970555546739,18.829687234378412],[98.997070516091526,18.829590078819137],[98.997172848148466,18.829496312804622],[98.997275181104783,18.829401417241684],[98.997373360092581,18.829303132133873],[98.997465311275164,18.829200327932824],[98.997544508272483,18.829088485545242],[98.997601755516655,18.828963085877774],[98.997625486826792,18.828830908020052],[98.997621335556232,18.828694210169715],[98.997598202295251,18.828560901864194],[98.997560830967643,18.828430982204111],[98.997513375541928,18.828302192092565],[98.997458801082871,18.828176791525777],[98.997398888248142,18.828054779604429],[98.997335119120521,18.827933898130937],[98.997268087252507,18.827814145306604],[98.997193344597235,18.827697782027087],[98.997109702251009,18.827588196937768],[98.997020128875931,18.827483130042481],[98.996925809778361,18.827381452691952],[98.996829117369941,18.827282035337703],[98.996731535531978,18.82718374663267],[98.996634249571002,18.827084329278421],[98.996539337820252,18.826982651028572],[98.996446501704725,18.826879844129564],[98.996352183506531,18.826778166779036],[98.996257271755724,18.826678748525467],[98.996161766452417,18.826577070275619],[98.99606626114911,18.82647652247357],[98.99592923324758,18.82633191418654],[98.995834915049329,18.826230235936691],[98.995739706522272,18.826129688134642],[98.995640940277212,18.82603139942961],[98.995539503045677,18.825937628918496],[98.995437177283975,18.825842728858902],[98.995334554745966,18.825748959247107],[98.995231635431708,18.825655188735993],[98.995130792651992,18.82555915912792],[98.995032026406932,18.825461999971367],[98.994936522002945,18.825360320822199],[98.994843985361683,18.825258642572351],[98.994753524355701,18.825153575677007],[98.994663063349776,18.8250485078824],[98.994574085325837,18.824942310539257],[98.994487777389054,18.824834983647634],[98.994405622521526,18.824724267211195],[98.994329695459157,18.824610162129318],[98.994260887430073,18.824490408405666],[98.99420157174518,18.824367266036575],[98.994153823140493,18.824239605473451],[98.994114379774885,18.824109684914106],[98.994083240749035,18.823978634806224],[98.994059220756469,18.823844196052846],[98.994043209226788,18.823709758198845],[98.994034315831072,18.823574189896988],[98.994032837345628,18.823438621595187],[98.994039070546705,18.82330305419265],[98.994053905763224,18.823168617237968],[98.994079120954723,18.82303530983171],[98.9941141243674,18.822904261522524],[98.994157136242904,18.822773214112601],[98.994205783270331,18.822646685795974],[98.994260361326667,18.822521287027826],[98.994318795675952,18.822397018707477],[98.994380491866252,18.822275009484144],[98.994444561367459,18.822154129809292],[98.994510706503945,18.822035510130718],[98.994582190915423,18.821916890452201],[98.994656343615418,18.821801660318442],[98.994734649384611,18.821688689281643],[98.994816216994877,18.82157797824118],[98.994901344121786,18.82146839674914],[98.994988546883974,18.821361074354172],[98.995079605039791,18.821257141503906],[98.995172146177651,18.821154338202177],[98.995267059727098,18.821053794896784],[98.995362566829044,18.820953250692014],[98.99545955691309,18.8208538369351],[98.995557139650316,18.820755552726609],[98.995655315040835,18.820656138070376],[98.995754677536411,18.820558984309741],[98.995854039132666,18.820462959198267],[98.995954291057728,18.820365804538312],[98.996054838859777,18.820269779426837],[98.996155089885576,18.820173754315363],[98.996256231240125,18.820078858752368],[98.996356779042173,18.819982833640893],[98.996457622721152,18.819887938077954],[98.996558467299508,18.819790782518623],[98.99665871742593,18.819694757407206],[98.996758671675423,18.819598732295731],[98.99689451427048,18.819466556236648],[98.997028576207867,18.819364882483399],[98.997141283743304,18.819281284203953],[98.99725428715567,18.819198815472987],[98.997367883221273,18.819117476290558],[98.997480886633696,18.819035007559592],[98.997593593269755,18.818951408380826],[98.997705112800759,18.818868939649917],[98.997814853472789,18.818781951825656],[98.99792311116272,18.818693833553652],[98.998027809336008,18.818602326636096],[98.998129838321461,18.818507430173838],[98.998226824808171,18.818408014618228],[98.998317879366709,18.8183029504209],[98.998403595549576,18.818195627126556],[98.998486938421536,18.818084913388077],[98.998567019452423,18.817973071000495],[98.998646802807741,18.817861227713536],[98.998726883838685,18.817749385325897],[98.998809039605533,18.817638671587474],[98.998893865459593,18.817529088296851],[98.998978097761039,18.817420634554708],[98.999061440633056,18.817311051264028],[98.999144782605697,18.817200337525605],[98.999228718130894,18.817090754234982],[98.999312950432397,18.816982300492839],[98.999399851022361,18.816873845851376],[98.999488531370673,18.816767652105511],[98.999578991477335,18.816662587008807],[98.999672417548084,18.816562041005454],[98.999768511907348,18.816461495002045],[98.999865793371725,18.816362078547115],[98.999964556918826,18.816263791640722],[99.00006480344797,18.816167764730608],[99.000164754100183,18.816071736921174],[99.00026618683512,18.81597571001106],[99.000367619570056,18.815881942197905],[99.00046964495823,18.81578704393695],[99.000576416968102,18.815697795217147],[99.000685560490297,18.815609676045767],[99.000795000788742,18.815523815971403],[99.000903847534573,18.815436825449183],[99.001010321868932,18.815346446281524],[99.001112346357786,18.815251548919889],[99.001207550388187,18.81515100201716],[99.001293558850705,18.815043676924176],[99.001371263872784,18.814929572741619],[99.001443036966634,18.814812080812942],[99.00150798780345,18.81469119844013],[99.001569083246636,18.814569187418101],[99.001626026519943,18.81444491639985],[99.001680300605472,18.814320645381542],[99.00173338758583,18.814194114366956],[99.001785881912951,18.814067584251688],[99.001836893258087,18.813942182785581],[99.001884048310217,18.813813393573298],[99.001928830950874,18.813684603461752],[99.001970944403638,18.813555813350149],[99.002010981321803,18.813424764141587],[99.002050128810481,18.813294844481561],[99.002088682746546,18.813164924821479],[99.002126940805738,18.813033875612916],[99.002165791518109,18.812902825505034],[99.002203159248438,18.812772905844952],[99.002238450444167,18.81264072708791],[99.00227285221041,18.812509677879405],[99.002306957200346,18.812377498222986],[99.002341358966589,18.812246449014481],[99.002376650162319,18.812115399805919],[99.002413424340148,18.811984350597356],[99.0024522741532,18.811854430037954],[99.002493794053407,18.811724510377928],[99.002537092812645,18.811594590717846],[99.002581874553925,18.811465800606243],[99.002627545724692,18.811338140043176],[99.002673513671766,18.81120934993163],[99.00271977749577,18.811080559820027],[99.002764856013357,18.810952899256961],[99.002809636855318,18.810824109145358],[99.002852045285749,18.810695319033812],[99.002894156939874,18.810565399373729],[99.002935675940762,18.810435478814327],[99.002976601389094,18.810305559154301],[99.003017230061175,18.810175639494219],[99.003057562856327,18.810045719834136],[99.003098191528352,18.809915799274791],[99.003138820200434,18.809785879614708],[99.003179744749502,18.809655959954625],[99.003243800760856,18.809393860638181],[99.00327642097011,18.809262810530356],[99.00330933885499,18.809130631773314],[99.003342552616743,18.808998452116896],[99.003375469602304,18.808866272460534],[99.003408980140364,18.808735223252029],[99.003441304472688,18.80860304359561],[99.003474518234498,18.808470864838569],[99.003506841667445,18.808338685182207],[99.003539165999769,18.808207635074325],[99.003570600003229,18.808074326768804],[99.003602034006747,18.807942147112442],[99.003632577681401,18.80780996745608],[99.003662528702819,18.807677788699039],[99.003691887071,18.807545609042677],[99.003720058334068,18.807412299837836],[99.003746449838843,18.807278990632938],[99.003770173055102,18.807145681428096],[99.003792413289318,18.807011243574095],[99.003813169642115,18.806876804820718],[99.003833037464744,18.806743495615876],[99.003852014958568,18.806609056862555],[99.003870695676142,18.806474618109178],[99.003889376393658,18.806340179355857],[99.003908947440038,18.806205740602479],[99.003928220810792,18.806071301849158],[99.003948088633422,18.8059368639951],[99.003966769350995,18.805802425241779],[99.00398367031022,18.805667986488459],[99.003999088287344,18.805533547735081],[99.004011244423452,18.80539797943328],[99.004020435494738,18.805263540679903],[99.004024584067338,18.805127973277422],[99.004024877246366,18.804992404975565],[99.004020722378471,18.804856836673707],[99.004014194199783,18.804721269271226],[99.004005887162009,18.804585700969369],[99.003996690694805,18.804450133566888],[99.003987494227545,18.804314565265031],[99.003979483066757,18.804180127410973],[99.00397325256364,18.804044560008492],[99.003969096796425,18.803908991706635],[99.003965535481143,18.803773423404834],[99.003962565919721,18.803637856002297],[99.00395900460444,18.803502287700439],[99.004100762040594,18.803489857271131],[99.004242520376067,18.803477427741143],[99.00437656702502,18.803435624554481],[99.004490446377076,18.803354280875396],[99.004601952418227,18.803270677200032],[99.004710196618362,18.803182555330693],[99.004814881301797,18.803088784819636],[99.004913634956324,18.802992755211505],[99.005005270476886,18.802888816965378],[99.00508474626406,18.802775841431981],[99.005148503700525,18.802654958159849],[99.005191502086234,18.802526168048246],[99.005214629951297,18.802391728395605],[99.005222928895137,18.802257290541547],[99.005220848763202,18.802121722239747],[99.005212540826165,18.801986153937889],[99.005200674271748,18.801850586535409],[99.005187918287845,18.801716148681351],[99.005177534715529,18.80158058127887],[99.005169226778435,18.801445012977013],[99.00515113241886,18.801310575123011],[99.00512414106629,18.80117726771681],[99.005094184648954,18.801045088959711],[99.005065117661104,18.800911781553509],[99.00504079549637,18.800778473247988],[99.005027742736218,18.800644035393987],[99.005032779838984,18.800508467092129],[99.005065101473292,18.800376287435768],[99.00513004421623,18.800256533712115],[99.005219602302873,18.800151465917452],[99.005321319223583,18.800056565857858],[99.005430154278258,18.799969573537055],[99.0055413608452,18.799884839413835],[99.005651381206349,18.799797847093032],[99.005757547073188,18.799708594775893],[99.005854518271462,18.799608045175205],[99.00593547524204,18.799497328738767],[99.005988258251591,18.79937192637334],[99.006015833264144,18.799239746716978],[99.006030063236892,18.799104178415178],[99.006038658057662,18.79896861011332],[99.006050219741894,18.798833041811463],[99.006072456378831,18.798699732606622],[99.006119307460153,18.798570940696379],[99.006203823048054,18.798462483356957],[99.00631057976949,18.798373231039818],[99.006429199448064,18.798298664651725],[99.006554640484353,18.798234265099325],[99.006685123120008,18.798181162830474],[99.006819462048611,18.798135969199677],[99.00695706281823,18.798099812856151],[99.007096442446937,18.798073823348318],[99.007237899509505,18.798058001575555],[99.00737995012463,18.798060255276596],[99.007521111310325,18.798078325354481],[99.007658715677223,18.798113341357691],[99.007794243509579,18.798155136450418],[99.007926806277169,18.798202579285658],[99.008059073167772,18.798254542113455],[99.008191043282068,18.798304244045653],[99.008324792255394,18.798351686880892],[99.008459728333833,18.798394610622836],[99.008596146495051,18.798433016170804],[99.008732564656214,18.798471420819453],[99.008869278694306,18.798509824568782],[99.009005104202231,18.798550489213767],[99.00914004028067,18.798593412056391],[99.009273790153372,18.798640853992254],[99.009405464390738,18.798691685472932],[99.009535062992825,18.798747036046905],[99.009660807100602,18.798811424807468],[99.009784178796849,18.798878072664991],[99.009904288652081,18.798951498712768],[99.010022916424532,18.799026055208344],[99.010139765337954,18.79910287080088],[99.010255723922569,18.799181945490432],[99.010372276059741,18.799259890631504],[99.010488235543676,18.799338966220375],[99.010605380334084,18.799415780913591],[99.010720450388533,18.799495986050943],[99.010834334237188,18.79957731983751],[99.010947625432607,18.799659784071821],[99.011061212505012,18.799741117858332],[99.011174503700431,18.799823582092699],[99.011289870531186,18.799902656782251],[99.011407017120177,18.799979471475467],[99.011525349015699,18.800055155720884],[99.011648129857349,18.800124062675422],[99.011772689558029,18.80018844963729],[99.011899028117739,18.800250576602878],[99.012025960229948,18.800312703568466],[99.012152595565908,18.800374831433373],[99.012277748819088,18.800439217495921],[99.012400826437045,18.800506994002603],[99.012520049560692,18.800581547800221],[99.012636306720253,18.800659492041973],[99.012750192367548,18.800740824929164],[99.0128625950328,18.800824417812692],[99.012972922962092,18.800909140244698],[99.013080284927241,18.800998381769944],[99.013183791498818,18.801091012840004],[99.013284333904949,18.80118816210404],[99.013379537935407,18.801288701812211],[99.013467625630483,18.8013960206099],[99.013545926903078,18.801507858500941],[99.013616221511484,18.801625345033699],[99.013680289214051,18.801747352458392],[99.013742280382019,18.801869358983765],[99.013805161878793,18.801991365509139],[99.013871897869876,18.802111112038233],[99.013944862565438,18.802226339474032],[99.014027909560411,18.802337046917216],[99.014115997255544,18.802443235267162],[99.014207941243569,18.802547164520092],[99.014301960866874,18.802648832877367],[99.014400131760738,18.802747112589202],[99.014501268618687,18.802842001856959],[99.014605963194697,18.80293350247922],[99.014714217287349,18.803022743105146],[99.01482662265056,18.803105204641554],[99.014941697201607,18.803185406181626],[99.015060329470714,18.803259959079924],[99.0151816309276,18.803331122433406],[99.015305601572322,18.803397766693649],[99.015432240505561,18.803458762312061],[99.015560955973399,18.803517497034932],[99.015692042953503,18.80357058401529],[99.015825501445818,18.803616891906074],[99.015961333248981,18.80365868070362],[99.016099535665091,18.80369030086672],[99.016239221063245,18.803716272388101],[99.016380387644858,18.803734336170749],[99.016522147778971,18.803747880860044],[99.016663611136778,18.803760295101597],[99.016805667147878,18.803768190249855],[99.016947723158978,18.803778345394392],[99.017089780069341,18.803788499639609],[99.017231836080441,18.803798653884826],[99.017373892091484,18.803803160387588],[99.017516243979514,18.803803146897735],[99.017658595867545,18.803803133407939],[99.017800946856255,18.803803119918086],[99.017943299643605,18.803808755070065]]]]},"properties":{"OBJECTID":6,"AREA":5998453.1310000001,"TAM_CODE":"500114","TAM_NAM_T":"ต.สันทรายต้นกอก","TAM_NAM_E":" ","PROVCODE":"50","AMPCODE":"5001","AMP_CODE":"5001","AMP_NAM_T":"อ.เมืองเชียงใหม่","AMP_NAM_E":"Amphoe Muang Chiang Mai","PROV_CODE":"50","PROV_NAM_T":"จ.เชียงใหม่","PROV_NAM_E":"Changwat Chiang Mai","TH":"Thailand","Name":"Chiang Mai","Shape_Length":0.10593977655952408,"Shape_Area":0.00013541658892037147}},{"type":"Feature","id":7,"geometry":{"type":"Polygon","coordinates":[[[99.027098657976751,18.783852088403194],[99.027012000203683,18.784437000267417],[99.026711599660644,18.785965700256895],[99.026303900104949,18.787204900385916],[99.025611899669514,18.788972200406761],[99.024587300263761,18.790790300432093],[99.023659199912231,18.792324000652172],[99.022822399634094,18.793964400037055],[99.02215180036535,18.795442200197442],[99.021438399662486,18.797110400324755],[99.019834400337345,18.801079100420225],[99.019836453489575,18.801433617667385],[99.019791809344611,18.80137173261943],[99.019712020593317,18.801258767877869],[99.019630453882428,18.801149191781803],[99.019543548795809,18.801041876581394],[99.019455457503398,18.800934560481608],[99.019366180904569,18.800828374829678],[99.019278979041701,18.800722189177748],[99.019195039919225,18.800611483533203],[99.019117921255145,18.800497388343842],[99.019050589013546,18.800378773161924],[99.018993635847664,18.800254508438854],[99.018944095793472,18.800126853271706],[99.018900486768132,18.799998068556079],[99.0188634023242,18.799867022944795],[99.018832545685484,18.799734846885713],[99.0188091021584,18.79960154127815],[99.018792776765281,18.799467104323469],[99.018785347465894,18.799331536920931],[99.018787705488251,18.799195968619131],[99.018800145810133,18.799060399417954],[99.018820889572453,18.798927088414473],[99.018849640898281,18.798794906959415],[99.018886399787561,18.798663854153574],[99.018931758893643,18.798535059545429],[99.018986014992663,18.798409653582723],[99.019049463961665,18.798288765813936],[99.019123293805023,18.798172395339805],[99.019213434652329,18.798067321249903],[99.01932374369585,18.797981449484382],[99.019442950631742,18.797908004550834],[99.019567200066263,18.79784133690822],[99.019691746277147,18.797775799713463],[99.019815105382861,18.79770800252237],[99.019931939007847,18.797631168044006],[99.020033646935303,18.797536259890535],[99.0201039163627,18.797418759867924],[99.020129700825066,18.797286578412923],[99.020125236590445,18.797149880562586],[99.020102979269154,18.797016574055704],[99.020073604713161,18.796884398895941],[99.020042450398819,18.796752222836858],[99.020016337683899,18.796618917229296],[99.020002087926059,18.796484480274614],[99.019999402550468,18.796347782424277],[99.01999642129789,18.79621221502174],[99.019994625351728,18.796076646719939],[99.019994905940223,18.795941078418082],[99.019998152492803,18.795805510116224],[99.02000643974543,18.795669940915104],[99.020020065373785,18.795535501262407],[99.020041104113716,18.795402190258926],[99.020071633399198,18.795270007904605],[99.020111356453981,18.795140084647244],[99.020160271479426,18.795011289139723],[99.020214525779807,18.794887012725496],[99.020272931350746,18.79476273541195],[99.020332819903786,18.794639588546204],[99.020393301110005,18.794516440781194],[99.020452299334181,18.794393293016128],[99.020507146287855,18.794269015702582],[99.020563179447208,18.79414360973982],[99.020623660653484,18.79402159152329],[99.020685920718734,18.793899573306703],[99.020747884007676,18.793776425541637],[99.020806882231909,18.793654407325107],[99.020859949427177,18.793527870914545],[99.02090411873013,18.7933990763064],[99.020935239769585,18.793266893952023],[99.020948568621577,18.793132454299382],[99.020944696140873,18.792996885997525],[99.020926590090141,18.792862449942163],[99.020898698516191,18.792729144334601],[99.020864282360776,18.792596969174838],[99.020826605263665,18.792467054011411],[99.02078774196076,18.792336009299447],[99.020750063964329,18.792206093236643],[99.020716538137776,18.792073918076881],[99.020680936675944,18.791942873364974],[99.020642370149346,18.791811827753691],[99.020600838557925,18.791683043038063],[99.020559306067184,18.791553127874579],[99.020518960681557,18.791423212711152],[99.020481579461375,18.791292167999188],[99.020448647187379,18.791159991940106],[99.020422535371779,18.791026686332543],[99.020403244014574,18.790892250277182],[99.020391068992694,18.79075781242318],[99.02038363969325,18.790622245020643],[99.020379175458629,18.790486677618105],[99.020377676288774,18.790351109316305],[99.020376177118919,18.790215541913767],[99.020374381172815,18.790079973611967],[99.02037051049075,18.789944405310109],[99.020363672945223,18.789808837907572],[99.020357726627822,18.789673270505091],[99.020353558270131,18.789537703102553],[99.02034909403551,18.789402134800753],[99.020344036248332,18.789267696946695],[99.020336606948888,18.789132129544214],[99.020325914909108,18.788996563040996],[99.020310182169226,18.788862126086315],[99.020288222523504,18.788727690030896],[99.020255883802065,18.78859664441967],[99.020209311510598,18.788467858804665],[99.020154436677956,18.788343594081653],[99.020097190333104,18.78821932935864],[99.020040536641488,18.78809393508709],[99.019989517202532,18.787968539916221],[99.019950654798947,18.787837494304995],[99.019930178135269,18.787703058249576],[99.019936389752672,18.787568619496255],[99.019965731033722,18.787435307593398],[99.020011382419398,18.787306512085934],[99.020067710556475,18.787183365220187],[99.020130561476265,18.787060217455121],[99.020195785707017,18.78694045833555],[99.020260119608906,18.786819569667443],[99.020320894893416,18.786697551450914],[99.020374552943338,18.786571015040352],[99.020423169393837,18.786443349980686],[99.020472378497516,18.786316814469444],[99.020520402294778,18.786189148510459],[99.020568129315791,18.786061483450737],[99.020614669231634,18.785932687943216],[99.02066002384106,18.785803893335071],[99.020703894569124,18.78567509872687],[99.020745987337477,18.785546304118668],[99.020784223812939,18.785415250413507],[99.020813564194668,18.785283068059186],[99.020838160652659,18.785149757055706],[99.020864535070302,18.785016445152849],[99.020988477836056,18.784949776610972],[99.02111034496653,18.784879719423543],[99.021231617645071,18.784808531788372],[99.021353187099976,18.784738474600999],[99.021476239536867,18.78466954696205],[99.021601665284663,18.784606267065612],[99.021730946426089,18.784549765359429],[99.021863786184838,18.78450117139198],[99.022000186359548,18.784461614711802],[99.022138366292609,18.784429965770357],[99.022278325984018,18.784403964571368],[99.022418880127248,18.784383612913473],[99.02256032370002,18.784366649901017],[99.022701470496543,18.784350816437097],[99.022842914968635,18.784336112521601],[99.022984358541351,18.784321408606161],[99.023125802114123,18.784305575142241],[99.023267542463145,18.784293130323761],[99.023409580487794,18.784282944602239],[99.023551618512442,18.784275018877054],[99.023693655637771,18.784267093151868],[99.02383599043867,18.784259166527363],[99.023978027563999,18.784250110354378],[99.024119768812341,18.784239924632857],[99.024261509161363,18.784228608463536],[99.024403249510442,18.784212774100297],[99.024544396306908,18.784198069285537],[99.02468583987968,18.784182234022921],[99.024826986676146,18.784165269211883],[99.024968133472669,18.784147174852308],[99.025109280269135,18.784130210041212],[99.025250426166281,18.784112114782317],[99.025391869739053,18.784097409068238],[99.025533313311826,18.784082703354102],[99.025675053660848,18.784069127188502],[99.02581679311055,18.784055551022902],[99.02595853345963,18.784044233954262],[99.026099977931722,18.784031787337142],[99.026241717381424,18.784015951175263],[99.02638286417789,18.784000115013328],[99.026523416522537,18.783978630209674],[99.026663672090876,18.783954885409685],[99.026802444677116,18.783925491967921],[99.026940622811537,18.783892709880718],[99.027078207393401,18.783857668696498],[99.027098657976751,18.783852088403194]]]},"properties":{"OBJECTID":7,"AREA":4475729.1339999996,"TAM_CODE":"500113","TAM_NAM_T":"ต.หนองป่าครั่ง","TAM_NAM_E":" ","PROVCODE":"50","AMPCODE":"5001","AMP_CODE":"5001","AMP_NAM_T":"อ.เมืองเชียงใหม่","AMP_NAM_E":"Amphoe Muang Chiang Mai","PROV_CODE":"50","PROV_NAM_T":"จ.เชียงใหม่","PROV_NAM_E":"Changwat Chiang Mai","TH":"Thailand","Name":"Chiang Mai","Shape_Length":0.043366191022271086,"Shape_Area":5.8148801285344723e-05}},{"type":"Feature","id":8,"geometry":{"type":"Polygon","coordinates":[[[98.993927047395402,18.804235427622928],[98.993786772041972,18.80421282855923],[98.993647682894334,18.804183451305278],[98.99350859374664,18.804155202700485],[98.993369505498322,18.804125824547214],[98.993230416350684,18.804097576841741],[98.993092217531853,18.804064809143654],[98.992954612265578,18.804029782348607],[98.992818193205096,18.803991366008802],[98.992683257126657,18.803948431474964],[98.992550694359124,18.803899847400089],[98.992419614573635,18.803845614683439],[98.992290610423368,18.803787993321293],[98.99216249660202,18.803729241511348],[98.992034382780616,18.803670489701403],[98.991905675406656,18.803612868339258],[98.991775485949972,18.803557505174751],[98.991643813511246,18.803505531555061],[98.991510658090476,18.803458077028665],[98.991378095322887,18.80340949205447],[98.991245236678367,18.803360907979595],[98.991111487705041,18.80331458210236],[98.990976849302228,18.803269386672923],[98.990840431141066,18.803230968534422],[98.990702826774111,18.803195940840055],[98.990563739425113,18.803167690436624],[98.990423169094015,18.803148477320406],[98.990281411657861,18.803134913745339],[98.990139357445457,18.803126997912671],[98.989997005557427,18.803125860270313],[98.989854654568717,18.803129241721194],[98.989712599456936,18.803137142265371],[98.989570543445893,18.803149561902785],[98.989429377763656,18.803164239737896],[98.989288507958349,18.803185696662638],[98.989147934929292,18.803206024038843],[98.989007954553529,18.803229740060488],[98.988867974177708,18.803254586529988],[98.988729179108361,18.803286210290423],[98.988591571144127,18.803320094047137],[98.988456927345396,18.803364145538922],[98.988326434817168,18.803418364765776],[98.988201575642279,18.803482751727643],[98.988087392319358,18.803564084614891],[98.987989518201744,18.803662365226046],[98.987905879452853,18.80377194402007],[98.987830246468775,18.803887172355189],[98.987758172102019,18.804003530238788],[98.987685505082027,18.804119888122386],[98.987607499686419,18.804233986009706],[98.98752000464458,18.804340175258915],[98.987418571909643,18.804435065425992],[98.987307648629155,18.804520918305798],[98.987193761183164,18.804602251192989],[98.987075424791101,18.804676804990606],[98.986953233005352,18.804746839694928],[98.986826297295863,18.804808966660516],[98.986695506192689,18.804862054540251],[98.986560267942082,18.80490497468486],[98.986421471973415,18.804933208001216],[98.986279415062995,18.804944495392192],[98.986137655828202,18.804936576861564],[98.985997084597841,18.804915101051108],[98.985857996349523,18.804886847050398],[98.985719798430011,18.804854074855712],[98.985581896387487,18.804820172213226],[98.985443401691668,18.80478965821618],[98.985302830461308,18.804765923308764],[98.985161368902141,18.804752355237042],[98.98501961056661,18.80473878716532],[98.984878149007443,18.804725218194335],[98.984736093895663,18.804715039667371],[98.984594335560189,18.804704860241145],[98.984451983672159,18.804699199908214],[98.984309630884809,18.804695798672242],[98.984167574873766,18.804699175626524],[98.984024925310109,18.804705942125565],[98.983883757829233,18.804719486814918],[98.983742885325967,18.804739809694524],[98.983602606375257,18.804764651667369],[98.983463216854034,18.804790623188751],[98.983324419986047,18.804821113803428],[98.983186216670617,18.804852733966527],[98.983047715679618,18.804884354129683],[98.982908918811631,18.80491484384504],[98.982770418719895,18.80494646400814],[98.982633103934631,18.804982602365271],[98.982496974455842,18.805022130267162],[98.982361438529608,18.805062787717532],[98.982225605827125,18.805103445167902],[98.982088291041862,18.805140713972833],[98.981949493274556,18.805168943691854],[98.981808621670609,18.805188135224284],[98.981666564760189,18.805192640827784],[98.981524508749146,18.805185848248357],[98.981383047189922,18.80516775838538],[98.981244256617231,18.80514063033587],[98.981108432907888,18.805098817256635],[98.980981211213987,18.805037798255853],[98.980873270085397,18.804950797841116],[98.980806556577363,18.804831039620808],[98.9807724659766,18.804699986814967],[98.980759432102161,18.804565547162326],[98.980758557961167,18.804428849311989],[98.980763911625274,18.804293281909509],[98.980771044148412,18.804157714506971],[98.980776694588826,18.80402327665297],[98.980776413101069,18.803887708351112],[98.980766049313786,18.803752140049255],[98.980748863269469,18.803617699497295],[98.980729898366178,18.803483258945278],[98.980709747257094,18.803348819292637],[98.980688113165968,18.803215508289099],[98.980665292869048,18.803081067737139],[98.980642769348378,18.802947756733658],[98.980619652275209,18.802813316181641],[98.980597128754539,18.802680005178161],[98.980574309356939,18.802545564626143],[98.980552081713256,18.802412253622663],[98.980529262315656,18.802277813070646],[98.980506738795043,18.802144502067165],[98.98048302906858,18.802011191063684],[98.980459022565924,18.801876749612347],[98.980434423409974,18.801743438608867],[98.980409230701468,18.801610127605329],[98.980383148563533,18.801476816601848],[98.980356473772304,18.801343504699048],[98.980330391634311,18.80121019369551],[98.980303716843139,18.80107688179271],[98.980275855846116,18.800944700337709],[98.980246807744038,18.800811388434852],[98.980216277559236,18.800679206080531],[98.980183671739098,18.80054702372621],[98.980148099954931,18.800415970920369],[98.980110748412358,18.800284918114528],[98.980071913887798,18.800154994857166],[98.980032190833015,18.800025070700485],[98.979990687120562,18.799895147443124],[98.9799468118959,18.799765223286499],[98.979900267483401,18.799637558226777],[98.979850460330567,18.799511022715592],[98.979797688112853,18.79938448630503],[98.979740466949067,18.799260209890804],[98.979677908308872,18.799138191674274],[98.979610900722548,18.799019562103183],[98.979540927172138,18.798900932532035],[98.979467987657586,18.798784562057961],[98.979393862836559,18.798669321132309],[98.979319737116214,18.798554079307337],[98.979246798501038,18.798437708833262],[98.979174749315291,18.798319078362852],[98.979106556422494,18.79820157923956],[98.979040439164976,18.798080689672133],[98.978975508113251,18.797960930552563],[98.97891146739039,18.797838912335976],[98.978845943685428,18.797719153216406],[98.978778343445867,18.797599393197515],[98.978708667571027,18.797480763626368],[98.978635433078807,18.797365521801453],[98.978556564334042,18.797252539972817],[98.978472653090535,18.7971429458903],[98.978383700247605,18.797036740453279],[98.978291781440646,18.796932794113218],[98.978197786998351,18.796831106870115],[98.978103199003499,18.796730550074869],[98.978009501337453,18.796628862831824],[98.977912245953462,18.796519266950668],[98.977832191002847,18.796406284222712],[98.977751840175358,18.796295560591716],[98.977668523383727,18.79618483696072],[98.977585206592096,18.796075241978883],[98.977504262211994,18.795963388799407],[98.977428063554328,18.795849276522915],[98.977360169236476,18.795729516504025],[98.977303544323149,18.795606368738959],[98.977263823067062,18.795476444582278],[98.977241007266741,18.795342003130997],[98.977233018589004,18.7952075634783],[98.977235705763292,18.79507086652734],[98.977245213395918,18.794936428673282],[98.977259169075467,18.794800862170121],[98.977274904513308,18.794666426114702],[98.977289750521606,18.794531989160021],[98.977301037013319,18.794396422656803],[98.977310841422252,18.794260855254322],[98.977326576860094,18.79412641919896],[98.977345870015938,18.793991983143542],[98.977366350276895,18.79385754708818],[98.97738534755581,18.793723111032818],[98.977400192664845,18.79358867407808],[98.977408217315428,18.793453106675599],[98.977405862890294,18.793318667922222],[98.977391053754161,18.793183098721101],[98.977368830607134,18.793049786818244],[98.97734097320739,18.792915345366964],[98.977305108244195,18.792785421210283],[98.977259160981532,18.792656625702762],[98.977198978350202,18.792534607486175],[98.977118926097603,18.7924216238589],[98.977011884291073,18.792333491197724],[98.976882598653049,18.792275859043684],[98.97674470830168,18.79224420920292],[98.976603555209977,18.792226115742722],[98.97646151089009,18.792218190017479],[98.976319168894577,18.792217042482548],[98.97617682689912,18.792217024496153],[98.976034484903607,18.792218136058182],[98.975892142908151,18.792214728526972],[98.975750098588264,18.79220567145461],[98.975608054268378,18.792197744830105],[98.975466009948434,18.792192078201879],[98.975323667952978,18.79218641067439],[98.975181326856784,18.792183002243803],[98.975039281637578,18.792181853809552],[98.974896642865815,18.792179574927502],[98.974754301769678,18.792178426493251],[98.974611958874846,18.79217840670816],[98.974469914554959,18.79217612782611],[98.974327275783196,18.792172719395523],[98.974185231463309,18.792168180517194],[98.974042889467853,18.792167031183567],[98.97390054747234,18.792167011398533],[98.973758204577564,18.792172640255217],[98.973616453436648,18.792183917753675],[98.973475887602206,18.792204232539348],[98.973336802951167,18.79223471595941],[98.973199793036088,18.792269718472767],[98.973064857856969,18.792312628724858],[98.972931997413809,18.79236231806658],[98.97280121170661,18.792415396053741],[98.972672204858441,18.79247186448498],[98.972545272746174,18.792533980658732],[98.972420713045551,18.792599487276561],[98.972297338651344,18.792667252991407],[98.97218404385859,18.792748576885344],[98.972078162177525,18.792840070313048],[98.971977616174115,18.79293608193467],[98.971877367846332,18.793032094455668],[98.971776821842923,18.79312810697661],[98.971670939262481,18.793218469956457],[98.971554679405017,18.793296403406316],[98.971419743326578,18.793337053662128],[98.97128956735969,18.793288455198081],[98.97119379945434,18.793189023454715],[98.971117902069579,18.793073778931785],[98.971053572664289,18.792952887565775],[98.970997842576423,18.79282860755427],[98.970948044416787,18.792702070244388],[98.970905067614865,18.792572143389748],[98.970871877235425,18.792439959236788],[98.970851141566982,18.792305517785451],[98.970839896444147,18.79217107723349],[98.970835175003401,18.792035508931633],[98.970834308956228,18.791899940629833],[98.970834924991834,18.791764372327975],[98.970834651597954,18.791628804026118],[98.970831116363001,18.791493235724317],[98.97082194687539,18.791357665623821],[98.970808032564719,18.791223225071803],[98.970791153189225,18.791088783620523],[98.970773086708618,18.790954343068506],[98.970755910556875,18.790819901617226],[98.970741403592967,18.790684331516729],[98.970731640552856,18.790549890964769],[98.970728402094153,18.790414322662912],[98.970734356505432,18.790278755260374],[98.970745351616756,18.790143188757213],[98.970756050851151,18.790008751802532],[98.970769418374005,18.789873185299314],[98.970787827496281,18.789738750143272],[98.97081335295394,18.789605445435029],[98.970850146017483,18.789474401622385],[98.970903248286334,18.789349009149475],[98.970980368749053,18.789234918456771],[98.971087731613579,18.789145685924723],[98.971215847233623,18.789088088844267],[98.971352855350062,18.789051958581069],[98.971493419385865,18.789029385597701],[98.971634871052515,18.789016979450082],[98.971776915372402,18.789006833298743],[98.971919255569276,18.789000076692218],[98.972061299889162,18.788994449634174],[98.972203344209049,18.788984302583572],[98.972345388528936,18.788976415529191],[98.972487727826433,18.788974177116643],[98.97263006712393,18.788975328248853],[98.972772405522164,18.788979868026559],[98.972914448043412,18.788984407804207],[98.973056786441589,18.788991206678872],[98.973199124839823,18.788995745557258],[98.97334116736107,18.788999155786485],[98.973483506658567,18.788999175571519],[98.973625845956064,18.78899919535661],[98.973768185253618,18.78899921604102],[98.973910524551115,18.788999235826111],[98.974052863848669,18.788999255611202],[98.974195203146166,18.789000404944773],[98.974337542443664,18.789000424729863],[98.974479881741217,18.789000444514954],[98.974622221038715,18.789002723397005],[98.974764560336268,18.789005001379735],[98.974906898734446,18.789009540258121],[98.975049238031943,18.789011818240851],[98.97519127965387,18.789016356219918],[98.975333915727674,18.789019764650448],[98.975475957349602,18.789025432177993],[98.975618296647156,18.789026579712925],[98.975760635944653,18.789028857695655],[98.97590297524215,18.789031135678442],[98.976045313640384,18.789033413661173],[98.976187652937881,18.789034562095424],[98.976329992235435,18.789035709630355],[98.976472331532932,18.789035727616806],[98.976614670830429,18.789035745603201],[98.976757011027303,18.789033503593373],[98.97689935122412,18.789029002486529],[98.977041394644687,18.789023370931886],[98.977182846311393,18.789007572541493],[98.97732340944782,18.788988383706965],[98.97758822471684,18.788947745142366],[98.97772938050656,18.788928557207214],[98.977869646866793,18.788908237924886],[98.978010802656456,18.788887919541878],[98.978151957546856,18.788872120252222],[98.978293409213506,18.788857449611669],[98.978435157656463,18.788845038967452],[98.9785769052001,18.788833757871657],[98.978718949519987,18.78882134722744],[98.978860697063567,18.788810066131703],[98.979002443707884,18.788799914584445],[98.979144488027771,18.788788632589387],[98.979286235571351,18.78877735149365],[98.979428279891238,18.788766069498536],[98.979569730658625,18.788752528406519],[98.979711478202205,18.788738987314446],[98.979852929868855,18.78872431577463],[98.979994380636242,18.788710773783237],[98.980136128179822,18.788697232691163],[98.980277875723459,18.788685949796786],[98.980419920043346,18.788673538253249],[98.980561666687606,18.788664515355151],[98.980703710108173,18.788656621106213],[98.980846050305047,18.788650987752931],[98.980988389602544,18.788647612597288],[98.981130728900098,18.788645367889444],[98.981273068197595,18.788643122282338],[98.981415407495092,18.788640877574494],[98.981557746792646,18.78863976151581],[98.981700086090143,18.788639775904983],[98.981842425387697,18.788637530297819],[98.981984467908944,18.788635284690713],[98.982126807206441,18.788634168632029],[98.982269146503995,18.788633052573346],[98.982411485801492,18.788631935615399],[98.982553825098989,18.788630819556715],[98.982696164396543,18.788630833046568],[98.982838502794721,18.788630845637044],[98.982980842092275,18.788630859126897],[98.983123181389772,18.78863087171743],[98.983265520687269,18.788630884307906],[98.983407859085503,18.78862976734996],[98.983550198383,18.788629779940436],[98.983692537680554,18.788629792530969],[98.983834876978051,18.788629805121445],[98.983977215376228,18.788632076808938],[98.984119554673782,18.78863321894795],[98.98426189307196,18.788635490635443],[98.984404232369513,18.788638890972095],[98.984546570767691,18.788644552204346],[98.984688612389618,18.788649082089535],[98.984830654910866,18.788654742422466],[98.98497329008535,18.788661532303934],[98.98511503583029,18.788667192636865],[98.985257670105455,18.788673982518333],[98.985399712626702,18.788678512403465],[98.985542051024879,18.788683042288596],[98.985684093546126,18.788687572173785],[98.98582672872061,18.788692102058917],[98.985968771241858,18.788695502395569],[98.986111109640035,18.788700031381381],[98.986253448937589,18.788703431718034],[98.986395490559516,18.788707960703846],[98.98653812663332,18.788712490589035],[98.986679872378261,18.788718149123326],[98.986822507552745,18.788721548560659],[98.986964549174672,18.788727207095008],[98.987106888472169,18.788732865629299],[98.987248930993417,18.788737394615111],[98.987391269391651,18.788743052250084],[98.987533607789828,18.788747581235953],[98.987675650311076,18.788753238870925],[98.987817989608573,18.788757767856737],[98.987960328006807,18.788763425491766],[98.988102370528054,18.788767953578258],[98.988244412149982,18.78877361121323],[98.988387048223728,18.788780398396739],[98.988529089845656,18.788786056031711],[98.98867142914321,18.788790583218884],[98.988813471664457,18.788795111305376],[98.988956106838941,18.78879737849627],[98.989098149360188,18.788797387489467],[98.989240488657686,18.788797395583401],[98.989382827955183,18.788797403677279],[98.989525167252737,18.788797411771213],[98.989667506550234,18.788796290316611],[98.989809845847788,18.788791778417874],[98.989951889268355,18.788786137870034],[98.990094228565852,18.788777107777378],[98.990235976109489,18.788764688139906],[98.990377129201192,18.78874887895762],[98.990517987315343,18.788728550682094],[98.99065825187688,18.78870709285809],[98.990798219662167,18.78868111594079],[98.990937891570525,18.78865513902349],[98.991076969926269,18.788626902109911],[98.991216049181389,18.788597535647796],[98.99135512753719,18.788568169185737],[98.991493910016004,18.788538802723622],[98.991632691595498,18.788508305813707],[98.991770880521756,18.788475549806833],[98.991908476794833,18.78844166335216],[98.992046368944841,18.788407777796749],[98.992183965217862,18.788372761793596],[98.99232156059162,18.788337744891066],[98.992459452741628,18.788304988884192],[98.992597938444192,18.788274491074958],[98.992736720023686,18.788243994165043],[98.992876094256417,18.788216885900624],[98.993015765265397,18.788189777636205],[98.993176193526551,18.788159279826971],[98.993181227032039,18.788370541367442],[98.993184483477194,18.788506109669299],[98.993187443146041,18.7886416779711],[98.993190699591196,18.788777246272957],[98.993193363383057,18.788912814574758],[98.993196026275655,18.789048382876615],[98.993198690067572,18.789183951178472],[98.99319987087739,18.789319519480273],[98.993201644340445,18.78945508778213],[98.99320282515032,18.789590656083988],[98.993204005960195,18.789726224385788],[98.993204889993763,18.789861792687645],[98.993206070803581,18.789997360989446],[98.993206954837149,18.790132929291303],[98.993208432423273,18.790268497593161],[98.993209909110078,18.790404065894961],[98.993211089919896,18.790539634196818],[98.993212567506021,18.790675202498619],[98.993213748315895,18.790810770800476],[98.99321522590202,18.790946339102334],[98.993216702588825,18.791081906504814],[98.993219069604436,18.791217474806672],[98.993221733396354,18.791353043108529],[98.993224989841451,18.791488612309649],[98.993228839839162,18.791624180611507],[98.993232985713803,18.791759748913307],[98.993237428364694,18.791894186767365],[98.993242464568141,18.792029755968485],[98.993247499872268,18.792165324270343],[98.993253722281509,18.7923008925722],[98.993260240567736,18.792436460874001],[98.993267055630156,18.792572029175858],[98.993274761021439,18.792707597477715],[98.993284245271752,18.792843166678836],[98.993293432745759,18.792977605432213],[98.993304103201865,18.793113173734014],[98.993315069534901,18.793248742035871],[98.993326036767257,18.793383180789192],[98.993337003999613,18.793518749990369],[98.993347080903106,18.79365318874369],[98.993357158705976,18.793788757045547],[98.993366346179982,18.793924325347405],[98.993374941000809,18.794059893649205],[98.993383239045329,18.794195461951062],[98.993390943537293,18.794329900704383],[98.993398648928576,18.79446546990556],[98.993406650196789,18.794601038207418],[98.993415245017616,18.794736606509218],[98.993424433390942,18.794872174811076],[98.993433917641255,18.795006613564397],[98.993443994544748,18.795142181866254],[98.993453775571368,18.795277751067431],[98.993464150150487,18.795412189820752],[98.993474820606536,18.795547758122609],[98.993486380492129,18.79568332642441],[98.993497941277042,18.795817765177787],[98.993510094715134,18.795953333479588],[98.99352313758277,18.796087773132285],[98.993537663432505,18.796223341434086],[98.993553672264227,18.796357780187464],[98.993571164077991,18.796492218940784],[98.993588655891813,18.796626658593482],[98.993605850929328,18.796761097346803],[98.993622749190592,18.79689553610018],[98.993637868592828,18.797031105301301],[98.993650615583476,18.797165544054678],[98.993660989263276,18.797301112356479],[98.993669288207172,18.797436680658336],[98.993676104168912,18.797572248960194],[98.993681437148666,18.797706687713514],[98.993685583023307,18.797842256015372],[98.993688840367724,18.797977824317172],[98.993691504159642,18.79811339261903],[98.993693278522073,18.79824896002151],[98.993694756108141,18.798384528323368],[98.993694158058986,18.798520096625225],[98.993690594945065,18.798655664927026],[98.993685251173474,18.798791232329563],[98.993679315647967,18.798926800631421],[98.993674268652626,18.799062368033901],[98.993671594968191,18.799197936335759],[98.993671292795966,18.799333504637559],[98.993675736346233,18.799469072939416],[98.993685517372796,18.799604641241274],[98.993699154692308,18.799739079994595],[98.993716349729823,18.799873518747916],[98.993736510731424,18.800007957501293],[98.993758451491431,18.800142397153934],[98.993782171110354,18.800275706358832],[98.993806187505584,18.800409015563673],[98.99383020390087,18.800543455216314],[98.993853627642864,18.800675634872675],[98.993880610002236,18.800810073626053],[98.993912337184668,18.800942254181734],[98.993947030331242,18.801073304289616],[98.99398083314901,18.801205483945978],[98.994012561230761,18.801337663602339],[98.994039246813827,18.801469843258701],[98.994058518385998,18.801604282911399],[98.994067114106088,18.801739851213199],[98.994062068010066,18.801875418615737],[98.994042786545435,18.802009856469738],[98.994013126005029,18.80214203432746],[98.993976644106908,18.802273082636702],[98.993936306815158,18.802403000498146],[98.993896265400394,18.802532918359532],[98.993859486725967,18.802663966668774],[98.993828639080505,18.802797274074976],[98.993807578756787,18.802930581481178],[98.993791559133228,18.803065019335236],[98.993778208697449,18.803200586737717],[98.993767527449506,18.803335025491094],[98.993760404818886,18.803470592893575],[98.993756840805645,18.803606161195432],[98.993756836308989,18.80374172859797],[98.993761278959937,18.80387729689977],[98.993770468232583,18.804012865201628],[98.993834522445297,18.80413261892528],[98.993927047395402,18.804235427622928]]]},"properties":{"OBJECTID":8,"AREA":2970605.9789999998,"TAM_CODE":"500101","TAM_NAM_T":"ต.ศรีภูมิ","TAM_NAM_E":" ","PROVCODE":"50","AMPCODE":"5001","AMP_CODE":"5001","AMP_NAM_T":"อ.เมืองเชียงใหม่","AMP_NAM_E":"Amphoe Muang Chiang Mai","PROV_CODE":"50","PROV_NAM_T":"จ.เชียงใหม่","PROV_NAM_E":"Changwat Chiang Mai","TH":"Thailand","Name":"Chiang Mai","Shape_Length":0.076512982398940943,"Shape_Area":0.00025477872127766709}},{"type":"Feature","id":9,"geometry":{"type":"Polygon","coordinates":[[[99.019836453489575,18.801433617667385],[99.019854777176306,18.804598256404461],[99.019760150510592,18.804545157732889],[99.01963647484348,18.804478516170661],[99.019511908847562,18.804411875507697],[99.019386749299088,18.804348623490228],[99.019261028573681,18.804285536048724],[99.018655099553257,18.803857200649361],[99.018597018637536,18.803959566880565],[99.018497890865035,18.80392054439767],[99.018363245267608,18.803876498301804],[99.018225634605415,18.803843749489488],[99.018085059777718,18.803821168412242],[99.017943299643605,18.803808755070065],[99.017800946856255,18.803803119918086],[99.017658595867545,18.803803133407939],[99.017516243979514,18.803803146897735],[99.017373892091484,18.803803160387588],[99.017231836080441,18.803798653884826],[99.017089780069341,18.803788499639609],[99.016947723158978,18.803778345394392],[99.016805667147878,18.803768190249855],[99.016663611136778,18.803760295101597],[99.016522147778971,18.803747880860044],[99.016380387644858,18.803734336170749],[99.016239221063245,18.803716272388101],[99.016099535665091,18.80369030086672],[99.015961333248981,18.80365868070362],[99.015825501445818,18.803616891906074],[99.015692042953503,18.80357058401529],[99.015560955973399,18.803517497034932],[99.015432240505561,18.803458762312061],[99.015305601572322,18.803397766693649],[99.0151816309276,18.803331122433406],[99.015060329470714,18.803259959079924],[99.014941697201607,18.803185406181626],[99.01482662265056,18.803105204641554],[99.014714217287349,18.803022743105146],[99.014605963194697,18.80293350247922],[99.014501268618687,18.802842001856959],[99.014400131760738,18.802747112589202],[99.014301960866874,18.802648832877367],[99.014207941243569,18.802547164520092],[99.014115997255544,18.802443235267162],[99.014027909560411,18.802337046917216],[99.013944862565438,18.802226339474032],[99.013871897869876,18.802111112038233],[99.013805161878793,18.801991365509139],[99.013742280382019,18.801869358983765],[99.013680289214051,18.801747352458392],[99.013616221511484,18.801625345033699],[99.013545926903078,18.801507858500941],[99.013467625630483,18.8013960206099],[99.013379537935407,18.801288701812211],[99.013284333904949,18.80118816210404],[99.013183791498818,18.801091012840004],[99.013080284927241,18.800998381769944],[99.012972922962092,18.800909140244698],[99.0128625950328,18.800824417812692],[99.012750192367548,18.800740824929164],[99.012636306720253,18.800659492041973],[99.012520049560692,18.800581547800221],[99.012400826437045,18.800506994002603],[99.012277748819088,18.800439217495921],[99.012152595565908,18.800374831433373],[99.012025960229948,18.800312703568466],[99.011899028117739,18.800250576602878],[99.011772689558029,18.80018844963729],[99.011648129857349,18.800124062675422],[99.011525349015699,18.800055155720884],[99.011407017120177,18.799979471475467],[99.011289870531186,18.799902656782251],[99.011174503700431,18.799823582092699],[99.011061212505012,18.799741117858332],[99.010947625432607,18.799659784071821],[99.010834334237188,18.79957731983751],[99.010720450388533,18.799495986050943],[99.010605380334084,18.799415780913591],[99.010488235543676,18.799338966220375],[99.010372276059741,18.799259890631504],[99.010255723922569,18.799181945490432],[99.010139765337954,18.79910287080088],[99.010022916424532,18.799026055208344],[99.009904288652081,18.798951498712768],[99.009784178796849,18.798878072664991],[99.009660807100602,18.798811424807468],[99.009535062992825,18.798747036046905],[99.009405464390738,18.798691685472932],[99.009273790153372,18.798640853992254],[99.00914004028067,18.798593412056391],[99.009005104202231,18.798550489213767],[99.008869278694306,18.798509824568782],[99.008732564656214,18.798471420819453],[99.008596146495051,18.798433016170804],[99.008459728333833,18.798394610622836],[99.008324792255394,18.798351686880892],[99.008191043282068,18.798304244045653],[99.008059073167772,18.798254542113455],[99.007926806277169,18.798202579285658],[99.007794243509579,18.798155136450418],[99.007658715677223,18.798113341357691],[99.007521111310325,18.798078325354481],[99.00737995012463,18.798060255276596],[99.007237899509505,18.798058001575555],[99.007096442446937,18.798073823348318],[99.00695706281823,18.798099812856151],[99.006819462048611,18.798135969199677],[99.006685123120008,18.798181162830474],[99.006554640484353,18.798234265099325],[99.006429199448064,18.798298664651725],[99.00631057976949,18.798373231039818],[99.006203823048054,18.798462483356957],[99.006119307460153,18.798570940696379],[99.006072456378831,18.798699732606622],[99.006050219741894,18.798833041811463],[99.006038658057662,18.79896861011332],[99.006030063236892,18.799104178415178],[99.006015833264144,18.799239746716978],[99.005988258251591,18.79937192637334],[99.00593547524204,18.799497328738767],[99.005854518271462,18.799608045175205],[99.005757547073188,18.799708594775893],[99.005651381206349,18.799797847093032],[99.0055413608452,18.799884839413835],[99.005430154278258,18.799969573537055],[99.005321319223583,18.800056565857858],[99.005219602302873,18.800151465917452],[99.00513004421623,18.800256533712115],[99.005065101473292,18.800376287435768],[99.005032779838984,18.800508467092129],[99.005027742736218,18.800644035393987],[99.00504079549637,18.800778473247988],[99.005065117661104,18.800911781553509],[99.005094184648954,18.801045088959711],[99.00512414106629,18.80117726771681],[99.00515113241886,18.801310575123011],[99.005169226778435,18.801445012977013],[99.005177534715529,18.80158058127887],[99.005187918287845,18.801716148681351],[99.005200674271748,18.801850586535409],[99.005212540826165,18.801986153937889],[99.005220848763202,18.802121722239747],[99.005222928895137,18.802257290541547],[99.005214629951297,18.802391728395605],[99.005191502086234,18.802526168048246],[99.005148503700525,18.802654958159849],[99.00508474626406,18.802775841431981],[99.005005270476886,18.802888816965378],[99.004913634956324,18.802992755211505],[99.004814881301797,18.803088784819636],[99.004710196618362,18.803182555330693],[99.004601952418227,18.803270677200032],[99.004490446377076,18.803354280875396],[99.00437656702502,18.803435624554481],[99.004242520376067,18.803477427741143],[99.004100762040594,18.803489857271131],[99.00395900460444,18.803502287700439],[99.003957812103408,18.803241319731171],[99.003956326423406,18.803105751429314],[99.003949501468355,18.802970183127513],[99.003934966625479,18.802835745273455],[99.003918059371017,18.802701307419454],[99.003899670033832,18.802566869565453],[99.003879796815227,18.802432431711395],[99.003858144737649,18.802297993857394],[99.003835306454278,18.802164685551872],[99.003810688412614,18.802031377246294],[99.003784884165157,18.801898069840092],[99.003757894611226,18.801764761534571],[99.003729717952183,18.801631453229049],[99.00370154129314,18.801498145822848],[99.003672771980916,18.801365967065806],[99.003642222910344,18.801233789208084],[99.003609599103754,18.801101610450985],[99.003573415780579,18.800970562141799],[99.003533673840025,18.800839513832557],[99.003489482953341,18.80071185506813],[99.003439954590306,18.800584195404326],[99.00338657173296,18.800458795736859],[99.003329036705736,18.800335656065727],[99.00326794216187,18.800212516394538],[99.003204180228806,18.800091635820365],[99.003137155555351,18.799970755246193],[99.003067758470308,18.799853264216836],[99.00299687840328,18.799735773187422],[99.002922736495179,18.799620541255024],[99.002847111604979,18.799505309322626],[99.002768225773082,18.799392337386507],[99.002686966630279,18.799280494998868],[99.002603928628446,18.799170911708245],[99.00251881499139,18.799062458865421],[99.002431624819678,18.798955134671758],[99.0023435461178,18.79884894092595],[99.002254281210185,18.798742747180086],[99.002162939767913,18.798638812531237],[99.002070413019226,18.798536008330188],[99.001975809735882,18.798434332778299],[99.001879724369871,18.798334917222689],[99.001782452798011,18.798235501667136],[99.001684291796664,18.798137215660006],[99.001584943690261,18.798041188749892],[99.001485893259428,18.797944033190618],[99.001385953399108,18.797846876732024],[99.001283344350895,18.797753108918869],[99.001178955544447,18.79765934200509],[99.001072788778231,18.79757122373303],[99.000966028459516,18.797479715016891],[99.000860750223524,18.797389336748552],[99.000757845298381,18.797295569834716],[99.000658498990617,18.797198412476803],[99.000563897505913,18.797097866473393],[99.000475227949494,18.79699054227973],[99.000389226681534,18.796883218086123],[99.000305894601411,18.796772504347643],[99.000226417914917,18.796660660161365],[99.000150203968815,18.796546556878127],[99.000079327499009,18.79642906494945],[99.000012899076069,18.796308183475958],[98.999952402581357,18.796186171554609],[98.999898726545041,18.796059641439342],[98.99985187096712,18.795933111324075],[98.999811836746915,18.795802062115513],[98.999777140902381,18.795671012906951],[98.999747485757894,18.795537704601429],[98.999722872212828,18.795404395396588],[98.999702113162073,18.79526995664321],[98.999685210404209,18.795135518789209],[98.999671569487418,18.795001080035888],[98.99966148718795,18.794865511734031],[98.999656148812278,18.794729943432174],[98.999654963505805,18.794594376029693],[98.999657632693641,18.794458807727835],[98.999664157275106,18.794324368974515],[98.999674536350824,18.794188800672657],[98.999687881390685,18.7940532323708],[98.999704488271561,18.793918794516799],[98.999723764340331,18.793784355763478],[98.999744819268074,18.793651047457899],[98.999767653954109,18.793516608704579],[98.999794046358204,18.793383300399057],[98.999823998278941,18.793249991194216],[98.999858101470238,18.793118941985654],[98.999898135690444,18.79299015277337],[98.999944693592795,18.792861362661824],[98.999998664606721,18.792735962095037],[99.000060939960463,18.792613951073008],[99.00013033164953,18.792495328696532],[99.000206247020742,18.792381225413294],[99.00028690811439,18.792269381227015],[99.000371719579277,18.792159797037073],[99.000459497008251,18.792053601492569],[99.000548756519947,18.791947405948065],[99.000639203136757,18.791843470399897],[99.00073053828379,18.791739534851729],[99.000824839394909,18.79163785840052],[99.000920919365001,18.791538441046271],[99.001019964399916,18.791440153240558],[99.001119899763637,18.791344125431067],[99.001221317210081,18.791249227170169],[99.001323920862319,18.791154328909215],[99.001426227738307,18.791060559297421],[99.001529127267474,18.790966790584946],[99.001633213901755,18.790874151421008],[99.001738782618759,18.790783772253349],[99.001846426971099,18.790695651283329],[99.001954663976619,18.790607531212629],[99.002062604205889,18.79051828069413],[99.002169951781923,18.790430160623487],[99.002275223722677,18.790338650108652],[99.002379011782011,18.790244881396234],[99.002480428329136,18.79014998223596],[99.002580361894218,18.790052823978669],[99.002679108354243,18.789955664822116],[99.002776669507739,18.789857376117084],[99.002872747679248,18.789756828315035],[99.002968232298144,18.789656280512986],[99.003061344505511,18.789554603162458],[99.003153566384015,18.78945066581565],[99.003243713526615,18.789345598920306],[99.003333266217339,18.789240532024962],[99.00342193037784,18.789134335581196],[99.003509704209534,18.789028138238052],[99.00359540150663,18.788919682697269],[99.003679319944695,18.78881122625711],[99.003760273317994,18.788699380272249],[99.003838853380444,18.788585276089691],[99.003912986295347,18.788470041459277],[99.003983262917302,18.788351417284105],[99.004046423203931,18.788230534011973],[99.004104837768125,18.788107391642882],[99.004159694614259,18.787981990176775],[99.00421247582517,18.787855458262811],[99.004264959360455,18.787730056796761],[99.00431774057131,18.787604655330654],[99.004373189171417,18.787479252965227],[99.004433085818334,18.787314310107377],[99.004466294184169,18.787183259999495],[99.004500985532104,18.787051080343133],[99.004535676880039,18.786918899787452],[99.00456888614525,18.78678784967957],[99.004599128547,18.786655670023208],[99.004626406783302,18.786522360818367],[99.004648346643933,18.786389051613469],[99.004664355475711,18.786253482412349],[99.0046750277304,18.786119043658971],[99.004680361609473,18.78598347535717],[99.004681840094918,18.785847907055313],[99.004679760862359,18.785712338753456],[99.004674123012421,18.785576770451655],[99.004665815974704,18.785441203049118],[99.00465543420097,18.785305634747317],[99.004642975892693,18.785171195993939],[99.004626958967037,18.785035628591459],[99.004605901341336,18.78490232028588],[99.004579803015531,18.784769011980359],[99.004550739625017,18.784635703674837],[99.00452108268189,18.784503525817115],[99.004491128962513,18.784371347060073],[99.004463251777679,18.784238038754552],[99.004439525863461,18.784104730448973],[99.004420840649345,18.783969163046493],[99.004403341640966,18.783835854740971],[99.004385842632587,18.783701415987593],[99.004368640400514,18.783566978133592],[99.004354404132528,18.783431409831735],[99.004344318235781,18.783295841529934],[99.004340460144192,18.783160274127397],[99.004344607817472,18.78302470492622],[99.004359430443401,18.782891395721379],[99.004386115127147,18.782758086516537],[99.004423770640585,18.782627036408655],[99.004470915800198,18.782498245397733],[99.00452428786565,18.782372843032306],[99.004582996508134,18.782249700663215],[99.004644967891011,18.782126557394747],[99.004708718132918,18.782005674122615],[99.004773061028004,18.781885920398963],[99.004837108046161,18.781763907578295],[99.004902340370791,18.781643024306163],[99.004969649229963,18.781524400130991],[99.005039329601459,18.781406905504355],[99.005111085608178,18.781289410877662],[99.00518402782069,18.781173045799449],[99.005258452115925,18.781057811169092],[99.005334062616953,18.780942575639415],[99.005410562547468,18.780828470557537],[99.005488842236332,18.78071436457634],[99.005571569072686,18.780603648139902],[99.005656965096932,18.78049519080048],[99.005743250550609,18.780387863009537],[99.005829238328772,18.780279405670058],[99.005914337576655,18.780172077879115],[99.005996174983522,18.780061361442733],[99.006073563444261,18.779946125913057],[99.006145614428647,18.779829760834843],[99.00621262471293,18.779710006211872],[99.006276965809377,18.77958912204042],[99.006338341841058,18.779467108320432],[99.006396752807973,18.779342835503485],[99.006451901034438,18.779218562686594],[99.006504973625681,18.779093160321167],[99.006555081152158,18.778965497959405],[99.006602816266991,18.778837836497019],[99.006648772522908,18.778710174135256],[99.006694432002519,18.77858138312439],[99.006738905276336,18.778452591214148],[99.006780116709081,18.778322669755482],[99.006817176871266,18.778191618748281],[99.006849492210335,18.778059439091862],[99.00687469121408,18.777926128987701],[99.006891586777385,18.777791689335061],[99.006898698616112,18.777656121033203],[99.006898396443887,18.777520552731346],[99.006891273813324,18.777384984429546],[99.00687851872874,18.777250546575488],[99.006858646409455,18.777116107822167],[99.006832250408081,18.776982800415965],[99.006799034847631,18.776851752106722],[99.006758702951856,18.77672183334596],[99.006710069414225,18.776593045932373],[99.00665194623042,18.776469906261241],[99.006584039322036,18.776351286582667],[99.006508719302019,18.776236055549589],[99.00642776592872,18.776125344509069],[99.006342067732305,18.776016892565565],[99.006252811817888,18.775910700618397],[99.00616207382069,18.775806767768188],[99.006069260188269,18.775703964466459],[99.005976446555849,18.77560116116473],[99.005878888999575,18.775501747407759],[99.005778070501606,18.775406852744084],[99.005675472245287,18.775311958080465],[99.005570502476758,18.775221582510085],[99.005464643278742,18.775130076491905],[99.00535848820374,18.775039700921525],[99.005252035453111,18.774949324451825],[99.005147066583902,18.774857819332965],[99.0050409115089,18.774768572411745],[99.004934459657647,18.774678196841364],[99.004827711030089,18.774588949920144],[99.004719777096113,18.774499703898243],[99.004612436714638,18.77441045697708],[99.004505688986399,18.774321210955179],[99.004399830687703,18.774230834485479],[99.00429545537105,18.77413932756798],[99.004191672707577,18.774045561553464],[99.004087890943481,18.773952925986805],[99.003983812403078,18.773860289520769],[99.003880919169148,18.77376652350631],[99.003778620387095,18.773672757491795],[99.003679582546738,18.773575601932521],[99.003583509771204,18.773476187276287],[99.003490995612992,18.773372252627382],[99.003404708360677,18.773263799784559],[99.00332286825585,18.773153086945456],[99.003245477097153,18.773040115009337],[99.003171642757195,18.77292375262914],[99.00310196058706,18.772805132051246],[99.003035539358734,18.772685381025553],[99.002972084094438,18.772563370003581],[99.002912186548258,18.772441358981609],[99.002855254066787,18.772317088862621],[99.002802176079626,18.772191689195154],[99.002752953486095,18.772064029531407],[99.002708771592609,18.771935240319124],[99.002667554763889,18.771805320659098],[99.002629598876922,18.771674271450536],[99.002593125972055,18.771543223141293],[99.002558432825481,18.771412173932731],[99.002524332332143,18.771279995175689],[99.002489935062499,18.771148945967127],[99.002456428121718,18.771016767210085],[99.00242440326366,18.770884588453043],[99.002393860488326,18.770752408796682],[99.002364208041854,18.77062023003964],[99.002336630331286,18.770486921734118],[99.002310832379067,18.77035361252922],[99.002287110062127,18.770220304223699],[99.002265463380468,18.770085865470378],[99.002244113475115,18.769952557164856],[99.002222170017205,18.769818118411479],[99.002200820111796,18.769683679658158],[99.002180952289166,18.76955037045326],[99.002164346307609,18.769414802151459],[99.002152187473541,18.769280364297401],[99.002146255545313,18.769144795096281],[99.002148626158203,18.769009226794424],[99.002159891066185,18.768873658492623],[99.002179755291536,18.768740349287725],[99.002207328505449,18.768607039183564],[99.002240831848951,18.768474859527203],[99.002279672668806,18.76834493986712],[99.002323850065693,18.768215019307718],[99.00237247461007,18.768088487393811],[99.002425250425006,18.767963085927704],[99.002481288081015,18.767837684461597],[99.002542959090363,18.767715671640985],[99.002612634965203,18.767598178812932],[99.002687648316396,18.767482944182575],[99.002766812938148,18.767369968649177],[99.00284834907211,18.767259253112115],[99.002928995776585,18.767146278478037],[99.003008753051574,18.767034433392439],[99.00308554526174,18.766921457859041],[99.003157592648847,18.766802834583189],[99.003226082317894,18.766685340855872],[99.003292199575412,18.766565587132163],[99.003356834750207,18.766444703860031],[99.003421173148695,18.7663238205879],[99.00348432534139,18.766201807767288],[99.003548366963628,18.76607979494662],[99.003613298015352,18.765960041222968],[99.0036797111498,18.765840288398635],[99.003748793472084,18.765721664223463],[99.003820247306635,18.765604169596827],[99.003893480000158,18.765487805417933],[99.003967008570669,18.765371440339777],[99.004040241264192,18.765256205709363],[99.004111990975673,18.765138711982047],[99.004180182969151,18.765020087806874],[99.004244816345249,18.764899203635366],[99.004303519591815,18.764774931717795],[99.004356886261348,18.764650658900848],[99.004404619577599,18.764521867889925],[99.004449090153457,18.764394206427539],[99.004491190116369,18.764263155420338],[99.004532399750531,18.764133234860935],[99.004574794691109,18.764004443850069],[99.004618969389981,18.763875651939827],[99.004691910703173,18.763986364778987],[99.004818220484538,18.764050756237452],[99.00494275050761,18.764117407692254],[99.005067874083181,18.764180669602297],[99.005194480640853,18.764242801963803],[99.005323161934427,18.764300415232015],[99.005453918863338,18.764353509406988],[99.005587640857016,18.764400954040866],[99.005724623792389,18.764438230939675],[99.005863385586849,18.764466470551213],[99.006003629463976,18.764490190170193],[99.006144762770646,18.764507132498238],[99.006286192853565,18.764522943479108],[99.006427919712792,18.764536495363018],[99.006569348896392,18.764550048146248],[99.006710483102381,18.764565859127174],[99.006851616409051,18.764586189201339],[99.006990082326524,18.764616687010573],[99.007127065261898,18.764653963010062],[99.007262567013925,18.764694628554309],[99.007398067866575,18.764736423647093],[99.007535051701325,18.764772570098103],[99.007675296477828,18.764797418366243],[99.007817319213984,18.764803060712723],[99.007955782433498,18.76477481210793],[99.008072006318116,18.764697984824181],[99.008157095673482,18.764589525686119],[99.008224098763208,18.764469771063148],[99.008283985517551,18.76434662689536],[99.008341203084115,18.764222353179093],[99.008403461350724,18.764101468108322],[99.008476987223219,18.763985102130789],[99.008573935938443,18.763885680279998],[99.008700833876446,18.763825798022197],[99.00884166860817,18.763805456256875],[99.008983393668757,18.763811098603355],[99.00912423109844,18.76383142687888],[99.009263882322387,18.763859663792516],[99.009402051463553,18.763891289351591],[99.009540516481707,18.763921785362129],[99.009680464481903,18.763946631831629],[99.009821894564823,18.763963570562396],[99.009963620524729,18.763970341558093],[99.010105939137816,18.763974853456773],[99.010248256851639,18.763977105359174],[99.010390575464726,18.763979356362256],[99.010532894977189,18.763986127357953],[99.010674620937039,18.763998546096047],[99.010814568937292,18.764022263017068],[99.010949773913012,18.764065184960373],[99.011066895320994,18.764140870105109],[99.011135393983295,18.764258359335884],[99.011150227401117,18.764392797189885],[99.011136300499913,18.764527236842582],[99.011108141827322,18.764660547846063],[99.011073164495031,18.764791598853265],[99.011036110628083,18.764922650759786],[99.010999649414373,18.765053702666307],[99.010966746817985,18.765185884121308],[99.010941553210159,18.765319195124789],[99.010929405167985,18.765453633878167],[99.010938605232525,18.765589202179967],[99.010973304674337,18.765721380037689],[99.011028460994737,18.765845647458718],[99.011096960556358,18.765964266237972],[99.011173169106542,18.766079494573091],[99.011252045045921,18.766192463811194],[99.011331218660871,18.766304303500874],[99.011406241005261,18.766420661384473],[99.011473258484159,18.766539280163727],[99.011526340068599,18.766664678032498],[99.011565487557277,18.766795724543101],[99.0115957398516,18.766927902400823],[99.0116230270811,18.767061209807025],[99.011649720758044,18.767193387664747],[99.01168145603441,18.767326694171629],[99.011724458017397,18.767455482484593],[99.011787621001986,18.767576360360806],[99.011882509370366,18.76767690096824],[99.012013567572126,18.767727730650279],[99.012155296229992,18.767737889392151],[99.012297617541094,18.767731101309323],[99.012439048523333,18.76771753503624],[99.012580479505573,18.767705098311694],[99.012723097592925,18.767701699773681],[99.012864826250791,18.767710728067698],[99.013006852584226,18.767720885910194],[99.013148878018342,18.767728783756411],[99.013290607575527,18.767738941598907],[99.013432337132713,18.767753617635378],[99.013573178159731,18.767773943212944],[99.013711054121927,18.767806695622539],[99.01384359530573,18.767856393957459],[99.013965760111773,18.767925299113301],[99.014078142092615,18.768008891097509],[99.014180443572684,18.768102651716049],[99.014275630516011,18.76820319142422],[99.014366665289458,18.76830711977783],[99.014455032673652,18.768413309027039],[99.014543993610459,18.768519497376928],[99.014635029283227,18.768624555279075],[99.01473110565604,18.76872396453939],[99.014828664111633,18.768822244251226],[99.014924740484446,18.76892278306002],[99.015021113633566,18.769022192320392],[99.015117190006379,18.769122731129187],[99.015214156707998,18.769222140389502],[99.015312308716148,18.769319289653538],[99.01541253635952,18.769415309369094],[99.015515433190728,18.769509069088315],[99.015620997411133,18.769600568811256],[99.015728934043125,18.769688679888702],[99.015838946310396,18.769775660518349],[99.01595044066039,18.769859251603236],[99.016062824439871,18.769942842688067],[99.016175504995601,18.770024173776676],[99.016288778204625,18.770106634413708],[99.016401755536663,18.770189095950059],[99.016514436991713,18.770272686135627],[99.016625932241027,18.770356277220458],[99.016738612796814,18.770439867406026],[99.016850997475615,18.770522328043057],[99.016963975706972,18.770604788680089],[99.017076953938329,18.770687249317177],[99.017189338617129,18.770770839502688],[99.017302613624793,18.77085330013972],[99.01741588773308,18.770934630328952],[99.017528570087507,18.771017090966041],[99.017640955665627,18.771100681151552],[99.017753341243747,18.771183140889264],[99.017865430045617,18.771267860623311],[99.017977816523057,18.771350321260343],[99.018091388306971,18.771432780998111],[99.018204960090884,18.771514111187344],[99.018319125427354,18.771594310928776],[99.01843417929399,18.771674511569529],[99.018549827612503,18.771754711310905],[99.018665178255446,18.771833781503858],[99.018781122450889,18.771912850797492],[99.018897363422639,18.771990791441908],[99.019015086477111,18.772066472090046],[99.019134589289934,18.772141022290384],[99.019254980632923,18.772213313393763],[99.019377744387441,18.772281084504471],[99.019502582877976,18.772345466969796],[99.019629792880721,18.772407588539409],[99.019759375294996,18.772462932818144],[99.019889550362507,18.772518276197559],[99.020020613960241,18.772571359580638],[99.020151678457239,18.772623313415238],[99.020373776828421,18.772715927398167],[99.020292546463907,18.772826651029163],[99.020205088294233,18.772935114663881],[99.020120595189383,18.773043579197861],[99.020047369690417,18.773159949671992],[99.020002611331506,18.773287614731657],[99.019985429783844,18.773422055283675],[99.019981887354277,18.773557624484852],[99.019988130447928,18.773693191887332],[99.020000896324348,18.77382875928987],[99.020016331388661,18.773963196244551],[99.020032654983083,18.77409763319929],[99.020046607065296,18.774233199702451],[99.020054925794227,18.774367637556452],[99.020056720841069,18.774503205858309],[99.02006148095262,18.774638774160167],[99.020069502905301,18.774774341562647],[99.020076932204745,18.774909908965185],[99.020080506110503,18.775045477266985],[99.020076667804062,18.775179916919683],[99.020061264216054,18.77531548702018],[99.020028367015584,18.7754476693745],[99.019972636927719,18.775573076236526],[99.019890810312688,18.775682669419723],[99.019791785062864,18.775779837569473],[99.019683566943115,18.775867968432067],[99.019571195754168,18.775950450652829],[99.019457936034996,18.77603293377291],[99.019347047828035,18.776118804639168],[99.019242684202595,18.7762103241472],[99.01914988585861,18.776313140039406],[99.019071914637209,18.776427251416578],[99.019001949180677,18.77654362099139],[99.018938507406233,18.77666563920792],[99.018882776419048,18.776791046069945],[99.018835643849968,18.776917580681868],[99.018798000027743,18.777049763935509],[99.01877192148703,18.777183075838309],[99.018760371494011,18.777317515491006],[99.018765724258799,18.777453082893487],[99.018786495900144,18.777586390299746],[99.018818831024305,18.777718566358828],[99.018859468689584,18.777848481522255],[99.018906333260759,18.777977267137203],[99.018955866120393,18.778103792755871],[99.019006881962071,18.77823031747522],[99.019057008374318,18.778357972642368],[99.019108320992302,18.778484498261037],[99.019165563739818,18.778608762984049],[99.019227551310507,18.77873076861016],[99.019291910393406,18.778850514239878],[99.019356566252611,18.778972518966611],[99.01941914647648,18.779094523693345],[99.019477872206096,18.779217658867935],[99.019530667806123,18.779343054038748],[99.019574864088781,18.779471839653752],[99.019611944935377,18.779602885264978],[99.019643985081927,18.779733930876262],[99.019672169834848,18.779867237383144],[99.01969620421653,18.780000543890026],[99.019717866186625,18.780134979945444],[99.019738045174677,18.780269416000806],[99.019757334733299,18.780403852955487],[99.019776625191184,18.780538289910226],[99.01979383911447,18.780672725965587],[99.019805715561404,18.780808293368068],[99.019813441637098,18.780942731222126],[99.019820277383928,18.781078298624607],[99.019827113130816,18.781213866027144],[99.019837507495026,18.781349433429682],[99.019852646682352,18.781483870384363],[99.019874901305684,18.781617176891245],[99.019905756145761,18.781750482498808],[99.019938982498104,18.781881529009411],[99.019972802402947,18.782013704169174],[99.020007511737333,18.7821447497804],[99.020043407277456,18.782276924940163],[99.020079006041328,18.782407970551446],[99.020116087787301,18.78253788661425],[99.020153762186453,18.782668931326157],[99.020191733361855,18.78279997693744],[99.020230001313564,18.782929892100867],[99.020269158694759,18.78306093771215],[99.020308020199025,18.783190852875634],[99.020347474356527,18.783320768039061],[99.020387225290278,18.783451813650345],[99.02042727210096,18.783581728813772],[99.020467023034769,18.783712773525735],[99.020507663398007,18.783842688689163],[99.020547711108065,18.783971474304167],[99.020588055594374,18.784101389467594],[99.020628103304375,18.784232434179557],[99.020667854238127,18.784362349342985],[99.020707901948185,18.784492265405788],[99.020747356105687,18.784622180569215],[99.020786514386202,18.784752095732699],[99.020825673566037,18.784883140444606],[99.020864535070302,18.785016445152849],[99.020838160652659,18.785149757055706],[99.020813564194668,18.785283068059186],[99.020784223812939,18.785415250413507],[99.020745987337477,18.785546304118668],[99.020703894569124,18.78567509872687],[99.02066002384106,18.785803893335071],[99.020614669231634,18.785932687943216],[99.020568129315791,18.786061483450737],[99.020520402294778,18.786189148510459],[99.020472378497516,18.786316814469444],[99.020423169393837,18.786443349980686],[99.020374552943338,18.786571015040352],[99.020320894893416,18.786697551450914],[99.020260119608906,18.786819569667443],[99.020195785707017,18.78694045833555],[99.020130561476265,18.787060217455121],[99.020067710556475,18.787183365220187],[99.020011382419398,18.787306512085934],[99.019965731033722,18.787435307593398],[99.019936389752672,18.787568619496255],[99.019930178135269,18.787703058249576],[99.019950654798947,18.787837494304995],[99.019989517202532,18.787968539916221],[99.020040536641488,18.78809393508709],[99.020097190333104,18.78821932935864],[99.020154436677956,18.788343594081653],[99.020209311510598,18.788467858804665],[99.020255883802065,18.78859664441967],[99.020288222523504,18.788727690030896],[99.020310182169226,18.788862126086315],[99.020325914909108,18.788996563040996],[99.020336606948888,18.789132129544214],[99.020344036248332,18.789267696946695],[99.02034909403551,18.789402134800753],[99.020353558270131,18.789537703102553],[99.020357726627822,18.789673270505091],[99.020363672945223,18.789808837907572],[99.02037051049075,18.789944405310109],[99.020374381172815,18.790079973611967],[99.020376177118919,18.790215541913767],[99.020377676288774,18.790351109316305],[99.020379175458629,18.790486677618105],[99.02038363969325,18.790622245020643],[99.020391068992694,18.79075781242318],[99.020403244014574,18.790892250277182],[99.020422535371779,18.791026686332543],[99.020448647187379,18.791159991940106],[99.020481579461375,18.791292167999188],[99.020518960681557,18.791423212711152],[99.020559306067184,18.791553127874579],[99.020600838557925,18.791683043038063],[99.020642370149346,18.791811827753691],[99.020680936675944,18.791942873364974],[99.020716538137776,18.792073918076881],[99.020750063964329,18.792206093236643],[99.02078774196076,18.792336009299447],[99.020826605263665,18.792467054011411],[99.020864282360776,18.792596969174838],[99.020898698516191,18.792729144334601],[99.020926590090141,18.792862449942163],[99.020944696140873,18.792996885997525],[99.020948568621577,18.793132454299382],[99.020935239769585,18.793266893952023],[99.02090411873013,18.7933990763064],[99.020859949427177,18.793527870914545],[99.020806882231909,18.793654407325107],[99.020747884007676,18.793776425541637],[99.020685920718734,18.793899573306703],[99.020623660653484,18.79402159152329],[99.020563179447208,18.79414360973982],[99.020507146287855,18.794269015702582],[99.020452299334181,18.794393293016128],[99.020393301110005,18.794516440781194],[99.020332819903786,18.794639588546204],[99.020272931350746,18.79476273541195],[99.020214525779807,18.794887012725496],[99.020160271479426,18.795011289139723],[99.020111356453981,18.795140084647244],[99.020071633399198,18.795270007904605],[99.020041104113716,18.795402190258926],[99.020020065373785,18.795535501262407],[99.02000643974543,18.795669940915104],[99.019998152492803,18.795805510116224],[99.019994905940223,18.795941078418082],[99.019994625351728,18.796076646719939],[99.01999642129789,18.79621221502174],[99.019999402550468,18.796347782424277],[99.020002087926059,18.796484480274614],[99.020016337683899,18.796618917229296],[99.020042450398819,18.796752222836858],[99.020073604713161,18.796884398895941],[99.020102979269154,18.797016574055704],[99.020125236590445,18.797149880562586],[99.020129700825066,18.797286578412923],[99.0201039163627,18.797418759867924],[99.020033646935303,18.797536259890535],[99.019931939007847,18.797631168044006],[99.019815105382861,18.79770800252237],[99.019691746277147,18.797775799713463],[99.019567200066263,18.79784133690822],[99.019442950631742,18.797908004550834],[99.01932374369585,18.797981449484382],[99.019213434652329,18.798067321249903],[99.019123293805023,18.798172395339805],[99.019049463961665,18.798288765813936],[99.018986014992663,18.798409653582723],[99.018931758893643,18.798535059545429],[99.018886399787561,18.798663854153574],[99.018849640898281,18.798794906959415],[99.018820889572453,18.798927088414473],[99.018800145810133,18.799060399417954],[99.018787705488251,18.799195968619131],[99.018785347465894,18.799331536920931],[99.018792776765281,18.799467104323469],[99.0188091021584,18.79960154127815],[99.018832545685484,18.799734846885713],[99.0188634023242,18.799867022944795],[99.018900486768132,18.799998068556079],[99.018944095793472,18.800126853271706],[99.018993635847664,18.800254508438854],[99.019050589013546,18.800378773161924],[99.019117921255145,18.800497388343842],[99.019195039919225,18.800611483533203],[99.019278979041701,18.800722189177748],[99.019366180904569,18.800828374829678],[99.019455457503398,18.800934560481608],[99.019543548795809,18.801041876581394],[99.019630453882428,18.801149191781803],[99.019712020593317,18.801258767877869],[99.019791809344611,18.80137173261943],[99.019836453489575,18.801433617667385]]]},"properties":{"OBJECTID":9,"AREA":6661113.1940000001,"TAM_CODE":"500106","TAM_NAM_T":"ต.วัดเกต","TAM_NAM_E":" ","PROVCODE":"50","AMPCODE":"5001","AMP_CODE":"5001","AMP_NAM_T":"อ.เมืองเชียงใหม่","AMP_NAM_E":"Amphoe Muang Chiang Mai","PROV_CODE":"50","PROV_NAM_T":"จ.เชียงใหม่","PROV_NAM_E":"Changwat Chiang Mai","TH":"Thailand","Name":"Chiang Mai","Shape_Length":0.12323495370454075,"Shape_Area":0.00056877429991798126}},{"type":"Feature","id":10,"geometry":{"type":"Polygon","coordinates":[[[99.00395900460444,18.803502287700439],[99.003713152440071,18.803556520417146],[99.003574656844989,18.803590414965754],[99.003435271820422,18.803617531324051],[99.003294106138128,18.803633349499535],[99.003151755149418,18.803635611294453],[99.003009995914624,18.803623187160383],[99.002869423784944,18.803602854388259],[99.002729443409123,18.803578001623521],[99.002589463932679,18.803553149758102],[99.002449484456179,18.803528297892683],[99.002308319673261,18.803511353765998],[99.002166264561538,18.803501187829625],[99.002024209449758,18.803506837370719],[99.001883043767521,18.803524914643162],[99.001743658742896,18.803552030102139],[99.001606348454288,18.803588182848387],[99.001470818823293,18.803629984236409],[99.001336177722465,18.803672915172967],[99.001202426950499,18.803719234754908],[99.001068082625977,18.803764424788426],[99.000933441525149,18.803808485273407],[99.000799097200627,18.803852545758446],[99.000668608269734,18.803907902627657],[99.000541085302928,18.803966649041683],[99.000413561436744,18.804028785000469],[99.000286038469937,18.804087531414496],[99.000154659210239,18.804139499638268],[99.000018238351061,18.804179040130634],[98.999876775892574,18.804190337414184],[98.999743024221232,18.804147407377002],[98.999643971092439,18.804051379567568],[98.999572498372174,18.803933887638834],[98.999513482161547,18.803809616620583],[98.999458321344491,18.803685345602275],[98.999401380769143,18.803561074583968],[98.99933554410012,18.803441322658955],[98.999253692304137,18.803329479372053],[98.999145446305363,18.803242488849833],[98.999021778732185,18.803175833797752],[98.998889510942263,18.803124995122459],[98.998753387758711,18.803086583279253],[98.998613705957837,18.803059468719539],[98.99847254117492,18.803041392346415],[98.998330486962459,18.803035741906001],[98.998188135973749,18.803038000103697],[98.998046674414525,18.803053815581166],[98.997907881143874,18.8030820569914],[98.997771164407766,18.803120466136647],[98.997636819183924,18.803165654371526],[98.997503957841445,18.803213100803987],[98.997371985029133,18.80326506722912],[98.997239419563641,18.803314773657917],[98.997105964668606,18.803361090541955],[98.996972212997264,18.803407407425937],[98.996841723167051,18.803461632948029],[98.996742371463313,18.80355878760804],[98.996647764582747,18.803660462260552],[98.99655197239565,18.803759876916843],[98.996449357951576,18.803854772479838],[98.996333992020197,18.803932722117509],[98.996204094843165,18.803988076288761],[98.996069156066767,18.804032133176463],[98.995931548102533,18.804067151877632],[98.995792161279269,18.80409426284001],[98.995651587350949,18.80411685380983],[98.995510718444962,18.804134926585618],[98.995369551863405,18.804151868913664],[98.995228088505542,18.804167681693229],[98.995086626046998,18.804183494472738],[98.994945459465441,18.804198176804448],[98.994803107577411,18.804208340942239],[98.994661051566311,18.804213985087415],[98.994518698778961,18.804219630131854],[98.994376643667238,18.804223015180071],[98.994234290879888,18.804226400228231],[98.994091938991858,18.804229784377071],[98.993927047395402,18.804235427622928],[98.993834522445297,18.80413261892528],[98.993770468232583,18.804012865201628],[98.993761278959937,18.80387729689977],[98.993756836308989,18.80374172859797],[98.993756840805645,18.803606161195432],[98.993760404818886,18.803470592893575],[98.993767527449506,18.803335025491094],[98.993778208697449,18.803200586737717],[98.993791559133228,18.803065019335236],[98.993807578756787,18.802930581481178],[98.993828639080505,18.802797274074976],[98.993859486725967,18.802663966668774],[98.993896265400394,18.802532918359532],[98.993936306815158,18.802403000498146],[98.993976644106908,18.802273082636702],[98.994013126005029,18.80214203432746],[98.994042786545435,18.802009856469738],[98.994062068010066,18.801875418615737],[98.994067114106088,18.801739851213199],[98.994058518385998,18.801604282911399],[98.994039246813827,18.801469843258701],[98.994012561230761,18.801337663602339],[98.99398083314901,18.801205483945978],[98.993947030331242,18.801073304289616],[98.993912337184668,18.800942254181734],[98.993880610002236,18.800810073626053],[98.993853627642864,18.800675634872675],[98.99383020390087,18.800543455216314],[98.993806187505584,18.800409015563673],[98.993782171110354,18.800275706358832],[98.993758451491431,18.800142397153934],[98.993736510731424,18.800007957501293],[98.993716349729823,18.799873518747916],[98.993699154692308,18.799739079994595],[98.993685517372796,18.799604641241274],[98.993675736346233,18.799469072939416],[98.993671292795966,18.799333504637559],[98.993671594968191,18.799197936335759],[98.993674268652626,18.799062368033901],[98.993679315647967,18.798926800631421],[98.993685251173474,18.798791232329563],[98.993690594945065,18.798655664927026],[98.993694158058986,18.798520096625225],[98.993694756108141,18.798384528323368],[98.993693278522073,18.79824896002151],[98.993691504159642,18.79811339261903],[98.993688840367724,18.797977824317172],[98.993685583023307,18.797842256015372],[98.993681437148666,18.797706687713514],[98.993676104168912,18.797572248960194],[98.993669288207172,18.797436680658336],[98.993660989263276,18.797301112356479],[98.993650615583476,18.797165544054678],[98.993637868592828,18.797031105301301],[98.993622749190592,18.79689553610018],[98.993605850929328,18.796761097346803],[98.993588655891813,18.796626658593482],[98.993571164077991,18.796492218940784],[98.993553672264227,18.796357780187464],[98.993537663432505,18.796223341434086],[98.99352313758277,18.796087773132285],[98.993510094715134,18.795953333479588],[98.993497941277042,18.795817765177787],[98.993486380492129,18.79568332642441],[98.993474820606536,18.795547758122609],[98.993464150150487,18.795412189820752],[98.993453775571368,18.795277751067431],[98.993443994544748,18.795142181866254],[98.993433917641255,18.795006613564397],[98.993424433390942,18.794872174811076],[98.993415245017616,18.794736606509218],[98.993406650196789,18.794601038207418],[98.993398648928576,18.79446546990556],[98.993390943537293,18.794329900704383],[98.993383239045329,18.794195461951062],[98.993374941000809,18.794059893649205],[98.993366346179982,18.793924325347405],[98.993357158705976,18.793788757045547],[98.993347080903106,18.79365318874369],[98.993337003999613,18.793518749990369],[98.993326036767257,18.793383180789192],[98.993315069534901,18.793248742035871],[98.993304103201865,18.793113173734014],[98.993293432745759,18.792977605432213],[98.993284245271752,18.792843166678836],[98.993274761021439,18.792707597477715],[98.993267055630156,18.792572029175858],[98.993260240567736,18.792436460874001],[98.993253722281509,18.7923008925722],[98.993247499872268,18.792165324270343],[98.993242464568141,18.792029755968485],[98.993237428364694,18.791894186767365],[98.993232985713803,18.791759748913307],[98.993228839839162,18.791624180611507],[98.993224989841451,18.791488612309649],[98.993221733396354,18.791353043108529],[98.993219069604436,18.791217474806672],[98.993216702588825,18.791081906504814],[98.99321522590202,18.790946339102334],[98.993213748315895,18.790810770800476],[98.993212567506021,18.790675202498619],[98.993211089919896,18.790539634196818],[98.993209909110078,18.790404065894961],[98.993208432423273,18.790268497593161],[98.993206954837149,18.790132929291303],[98.993206070803581,18.789997360989446],[98.993204889993763,18.789861792687645],[98.993204005960195,18.789726224385788],[98.99320282515032,18.789590656083988],[98.993201644340445,18.78945508778213],[98.99319987087739,18.789319519480273],[98.993198690067572,18.789183951178472],[98.993196026275655,18.789048382876615],[98.993193363383057,18.788912814574758],[98.993190699591196,18.788777246272957],[98.993187443146041,18.7886416779711],[98.993184483477194,18.788506109669299],[98.993181227032039,18.788370541367442],[98.993176193526551,18.788159279826971],[98.993315568658602,18.788131042014015],[98.993454349338833,18.788100544204781],[98.993593427694577,18.788072305492562],[98.993733394580545,18.788047456325103],[98.993873955019069,18.788028254900098],[98.994014811334523,18.788009054374413],[98.994155964426284,18.787989852949408],[98.994297414294294,18.787974041069162],[98.994438566486735,18.787959358737453],[98.994580312231676,18.787943546857264],[98.994721762099687,18.787929994074034],[98.994863507844684,18.787916441290804],[98.995005253589625,18.787905147604533],[98.995146999334622,18.787893853918263],[98.99528904185587,18.787883689780529],[98.995431083477797,18.787874656090537],[98.995573125999044,18.787867880598242],[98.995715167620972,18.787859975557467],[98.995857802795399,18.787854330512971],[98.995999845316646,18.787848684569212],[98.996142183714881,18.787845298621676],[98.996284225336808,18.787841912674196],[98.996426563734985,18.787839655375819],[98.996568902133163,18.787837398976819],[98.996711240531397,18.787836271226979],[98.996853578929574,18.787835144376459],[98.996995917327808,18.787834016626618],[98.997138255725986,18.787834019324578],[98.997280594124163,18.787834021123217],[98.997422932522397,18.787834022921857],[98.997565270920575,18.787834025619816],[98.997707609318752,18.787834027418455],[98.997849947716986,18.787834028317775],[98.997992286115164,18.787834030116471],[98.998236930490009,18.787832903265951],[98.998378676235006,18.787818217336905],[98.998520125203697,18.787805791404196],[98.998661870049318,18.787794495919286],[98.998803912570565,18.787784329083593],[98.998945954192493,18.787773032699363],[98.999087699937434,18.787762865863613],[98.999229741559361,18.787752698128543],[98.999371486405039,18.787742531292849],[98.999513528926286,18.787732364457099],[98.999655570548214,18.787723326270566],[98.999797612170141,18.787714288983295],[98.999939653792069,18.787706381244561],[99.000081695413996,18.787698472606451],[99.000224033812174,18.787692823964676],[99.000366075434101,18.787686045774421],[99.000508413832279,18.787679266684847],[99.000650455454206,18.787672487595273],[99.000792497076134,18.78766344940874],[99.000934538698061,18.78765328077435],[99.001076284443059,18.787641982591481],[99.00121773251243,18.787627295763116],[99.001359181481121,18.787613737583968],[99.001500629550492,18.787597920307803],[99.001642374396113,18.787583232580175],[99.001783823364804,18.787568544852491],[99.001925568210481,18.787554986673342],[99.002067016279852,18.787544817139633],[99.00220905790178,18.7875346485053],[99.002351396299957,18.78752786761703],[99.002493437921885,18.787521087628136],[99.002635775420742,18.787515437187722],[99.002778113818977,18.787510916295787],[99.002920155440904,18.787507524952389],[99.003062492939762,18.787504133608934],[99.003204831337939,18.787500741366159],[99.003347169736173,18.787496220474225],[99.003489507235031,18.787492828231507],[99.003631845633208,18.787489436888052],[99.003773887255136,18.787487174193757],[99.0039165215303,18.787484911499519],[99.004058563152228,18.787482649704543],[99.004200901550405,18.787481516558785],[99.004373189171417,18.787479252965227],[99.00431774057131,18.787604655330654],[99.004264959360455,18.787730056796761],[99.00421247582517,18.787855458262811],[99.004159694614259,18.787981990176775],[99.004104837768125,18.788107391642882],[99.004046423203931,18.788230534011973],[99.003983262917302,18.788351417284105],[99.003912986295347,18.788470041459277],[99.003838853380444,18.788585276089691],[99.003760273317994,18.788699380272249],[99.003679319944695,18.78881122625711],[99.00359540150663,18.788919682697269],[99.003509704209534,18.789028138238052],[99.00342193037784,18.789134335581196],[99.003333266217339,18.789240532024962],[99.003243713526615,18.789345598920306],[99.003153566384015,18.78945066581565],[99.003061344505511,18.789554603162458],[99.002968232298144,18.789656280512986],[99.002872747679248,18.789756828315035],[99.002776669507739,18.789857376117084],[99.002679108354243,18.789955664822116],[99.002580361894218,18.790052823978669],[99.002480428329136,18.79014998223596],[99.002379011782011,18.790244881396234],[99.002275223722677,18.790338650108652],[99.002169951781923,18.790430160623487],[99.002062604205889,18.79051828069413],[99.001954663976619,18.790607531212629],[99.001846426971099,18.790695651283329],[99.001738782618759,18.790783772253349],[99.001633213901755,18.790874151421008],[99.001529127267474,18.790966790584946],[99.001426227738307,18.791060559297421],[99.001323920862319,18.791154328909215],[99.001221317210081,18.791249227170169],[99.001119899763637,18.791344125431067],[99.001019964399916,18.791440153240558],[99.000920919365001,18.791538441046271],[99.000824839394909,18.79163785840052],[99.00073053828379,18.791739534851729],[99.000639203136757,18.791843470399897],[99.000548756519947,18.791947405948065],[99.000459497008251,18.792053601492569],[99.000371719579277,18.792159797037073],[99.00028690811439,18.792269381227015],[99.000206247020742,18.792381225413294],[99.00013033164953,18.792495328696532],[99.000060939960463,18.792613951073008],[98.999998664606721,18.792735962095037],[98.999944693592795,18.792861362661824],[98.999898135690444,18.79299015277337],[98.999858101470238,18.793118941985654],[98.999823998278941,18.793249991194216],[98.999794046358204,18.793383300399057],[98.999767653954109,18.793516608704579],[98.999744819268074,18.793651047457899],[98.999723764340331,18.793784355763478],[98.999704488271561,18.793918794516799],[98.999687881390685,18.7940532323708],[98.999674536350824,18.794188800672657],[98.999664157275106,18.794324368974515],[98.999657632693641,18.794458807727835],[98.999654963505805,18.794594376029693],[98.999656148812278,18.794729943432174],[98.99966148718795,18.794865511734031],[98.999671569487418,18.795001080035888],[98.999685210404209,18.795135518789209],[98.999702113162073,18.79526995664321],[98.999722872212828,18.795404395396588],[98.999747485757894,18.795537704601429],[98.999777140902381,18.795671012906951],[98.999811836746915,18.795802062115513],[98.99985187096712,18.795933111324075],[98.999898726545041,18.796059641439342],[98.999952402581357,18.796186171554609],[99.000012899076069,18.796308183475958],[99.000079327499009,18.79642906494945],[99.000150203968815,18.796546556878127],[99.000226417914917,18.796660660161365],[99.000305894601411,18.796772504347643],[99.000389226681534,18.796883218086123],[99.000475227949494,18.79699054227973],[99.000563897505913,18.797097866473393],[99.000658498990617,18.797198412476803],[99.000757845298381,18.797295569834716],[99.000860750223524,18.797389336748552],[99.000966028459516,18.797479715016891],[99.001072788778231,18.79757122373303],[99.001178955544447,18.79765934200509],[99.001283344350895,18.797753108918869],[99.001385953399108,18.797846876732024],[99.001485893259428,18.797944033190618],[99.001584943690261,18.798041188749892],[99.001684291796664,18.798137215660006],[99.001782452798011,18.798235501667136],[99.001879724369871,18.798334917222689],[99.001975809735882,18.798434332778299],[99.002070413019226,18.798536008330188],[99.002162939767913,18.798638812531237],[99.002254281210185,18.798742747180086],[99.0023435461178,18.79884894092595],[99.002431624819678,18.798955134671758],[99.00251881499139,18.799062458865421],[99.002603928628446,18.799170911708245],[99.002686966630279,18.799280494998868],[99.002768225773082,18.799392337386507],[99.002847111604979,18.799505309322626],[99.002922736495179,18.799620541255024],[99.00299687840328,18.799735773187422],[99.003067758470308,18.799853264216836],[99.003137155555351,18.799970755246193],[99.003204180228806,18.800091635820365],[99.00326794216187,18.800212516394538],[99.003329036705736,18.800335656065727],[99.00338657173296,18.800458795736859],[99.003439954590306,18.800584195404326],[99.003489482953341,18.80071185506813],[99.003533673840025,18.800839513832557],[99.003573415780579,18.800970562141799],[99.003609599103754,18.801101610450985],[99.003642222910344,18.801233789208084],[99.003672771980916,18.801365967065806],[99.00370154129314,18.801498145822848],[99.003729717952183,18.801631453229049],[99.003757894611226,18.801764761534571],[99.003784884165157,18.801898069840092],[99.003810688412614,18.802031377246294],[99.003835306454278,18.802164685551872],[99.003858144737649,18.802297993857394],[99.003879796815227,18.802432431711395],[99.003899670033832,18.802566869565453],[99.003918059371017,18.802701307419454],[99.003934966625479,18.802835745273455],[99.003949501468355,18.802970183127513],[99.003956326423406,18.803105751429314],[99.003957812103408,18.803241319731171],[99.00395900460444,18.803502287700439]]]},"properties":{"OBJECTID":10,"AREA":1557075.3840000001,"TAM_CODE":"500104","TAM_NAM_T":"ต.ช้างม่อย","TAM_NAM_E":" ","PROVCODE":"50","AMPCODE":"5001","AMP_CODE":"5001","AMP_NAM_T":"อ.เมืองเชียงใหม่","AMP_NAM_E":"Amphoe Muang Chiang Mai","PROV_CODE":"50","PROV_NAM_T":"จ.เชียงใหม่","PROV_NAM_E":"Changwat Chiang Mai","TH":"Thailand","Name":"Chiang Mai","Shape_Length":0.057542403458560876,"Shape_Area":0.00013354515986837526}},{"type":"Feature","id":11,"geometry":{"type":"Polygon","coordinates":[[[98.993176193526551,18.788159279826971],[98.993015765265397,18.788189777636205],[98.992876094256417,18.788216885900624],[98.992736720023686,18.788243994165043],[98.992597938444192,18.788274491074958],[98.992459452741628,18.788304988884192],[98.99232156059162,18.788337744891066],[98.992183965217862,18.788372761793596],[98.992046368944841,18.788407777796749],[98.991908476794833,18.78844166335216],[98.991770880521756,18.788475549806833],[98.991632691595498,18.788508305813707],[98.991493910016004,18.788538802723622],[98.99135512753719,18.788568169185737],[98.991216049181389,18.788597535647796],[98.991076969926269,18.788626902109911],[98.990937891570525,18.78865513902349],[98.990798219662167,18.78868111594079],[98.99065825187688,18.78870709285809],[98.990517987315343,18.788728550682094],[98.990377129201192,18.78874887895762],[98.990235976109489,18.788764688139906],[98.990094228565852,18.788777107777378],[98.989951889268355,18.788786137870034],[98.989809845847788,18.788791778417874],[98.989667506550234,18.788796290316611],[98.989525167252737,18.788797411771213],[98.989382827955183,18.788797403677279],[98.989240488657686,18.788797395583401],[98.989098149360188,18.788797387489467],[98.988956106838941,18.78879737849627],[98.988813471664457,18.788795111305376],[98.98867142914321,18.788790583218884],[98.988529089845656,18.788786056031711],[98.988387048223728,18.788780398396739],[98.988244412149982,18.78877361121323],[98.988102370528054,18.788767953578258],[98.987960328006807,18.788763425491766],[98.987817989608573,18.788757767856737],[98.987675650311076,18.788753238870925],[98.987533607789828,18.788747581235953],[98.987391269391651,18.788743052250084],[98.987248930993417,18.788737394615111],[98.987106888472169,18.788732865629299],[98.986964549174672,18.788727207095008],[98.986822507552745,18.788721548560659],[98.986679872378261,18.788718149123326],[98.98653812663332,18.788712490589035],[98.986395490559516,18.788707960703846],[98.986253448937589,18.788703431718034],[98.986111109640035,18.788700031381381],[98.985968771241858,18.788695502395569],[98.98582672872061,18.788692102058917],[98.985684093546126,18.788687572173785],[98.985542051024879,18.788683042288596],[98.985399712626702,18.788678512403465],[98.985257670105455,18.788673982518333],[98.98511503583029,18.788667192636865],[98.98497329008535,18.788661532303934],[98.984830654910866,18.788654742422466],[98.984688612389618,18.788649082089535],[98.984546570767691,18.788644552204346],[98.984404232369513,18.788638890972095],[98.98426189307196,18.788635490635443],[98.984119554673782,18.78863321894795],[98.983977215376228,18.788632076808938],[98.983834876978051,18.788629805121445],[98.983692537680554,18.788629792530969],[98.983550198383,18.788629779940436],[98.983407859085503,18.78862976734996],[98.983265520687269,18.788630884307906],[98.983123181389772,18.78863087171743],[98.982980842092275,18.788630859126897],[98.982838502794721,18.788630845637044],[98.982696164396543,18.788630833046568],[98.982553825098989,18.788630819556715],[98.982411485801492,18.788631935615399],[98.982269146503995,18.788633052573346],[98.982126807206441,18.788634168632029],[98.981984467908944,18.788635284690713],[98.981842425387697,18.788637530297819],[98.981700086090143,18.788639775904983],[98.981557746792646,18.78863976151581],[98.981415407495092,18.788640877574494],[98.981273068197595,18.788643122282338],[98.981130728900098,18.788645367889444],[98.980988389602544,18.788647612597288],[98.980846050305047,18.788650987752931],[98.980703710108173,18.788656621106213],[98.980561666687606,18.788664515355151],[98.980419920043346,18.788673538253249],[98.980277875723459,18.788685949796786],[98.980136128179822,18.788697232691163],[98.979994380636242,18.788710773783237],[98.979852929868855,18.78872431577463],[98.979711478202205,18.788738987314446],[98.979569730658625,18.788752528406519],[98.979428279891238,18.788766069498536],[98.979286235571351,18.78877735149365],[98.979144488027771,18.788788632589387],[98.979002443707884,18.788799914584445],[98.978860697063567,18.788810066131703],[98.978718949519987,18.78882134722744],[98.9785769052001,18.788833757871657],[98.978435157656463,18.788845038967452],[98.978293409213506,18.788857449611669],[98.978151957546856,18.788872120252222],[98.978010802656456,18.788887919541878],[98.977869646866793,18.788908237924886],[98.97772938050656,18.788928557207214],[98.97758822471684,18.788947745142366],[98.977609593508021,18.788813309087004],[98.977633631486981,18.788680003479442],[98.977655888808272,18.78854669787188],[98.97767458931088,18.788412260917141],[98.977684688697479,18.78827669441398],[98.977687968525004,18.788141126112123],[98.977687986511455,18.788005557810322],[98.97768563208632,18.787869989508465],[98.977681202025906,18.787734420307288],[98.977675585759755,18.787598852005488],[98.977669080064061,18.78746328280431],[98.977662277592117,18.787327713603133],[98.977656067773353,18.787192144402013],[98.977649857954646,18.787057705648635],[98.977643945811508,18.786922136447515],[98.977637439216494,18.786786567246338],[98.97763063674455,18.786650998045161],[98.977623538395619,18.786515428844041],[98.977615549717882,18.786379859642864],[98.977607264263895,18.786245420889486],[98.977598682932921,18.786109850789046],[98.977589508049391,18.785974281587869],[98.977579146960124,18.785838712386692],[98.977568193217621,18.785704272734051],[98.977556645922505,18.785568702633554],[98.977544210097278,18.785433132533115],[98.977531773372675,18.785298692880417],[98.977519633424379,18.785164253227776],[98.977507196699833,18.78502868312728],[98.977495353527786,18.784893113026783],[98.977484103009033,18.784758673374142],[98.977472852490223,18.784623104172965],[98.977461602870733,18.784487534072468],[98.977450352351923,18.784353094419828],[98.97743939860942,18.784217524319331],[98.977428741643166,18.78408308466669],[98.9774183805539,18.783947515465513],[98.977408909793439,18.783811945365017],[98.977399142256672,18.783676376163896],[98.977390264149449,18.783541936511199],[98.977381386941488,18.783406367310079],[98.977372805610571,18.783270798108902],[98.977364224279597,18.783135228008405],[98.97735653237811,18.782999658807285],[98.977349729906166,18.782865220053907],[98.977343817763028,18.78272965085273],[98.977339090926364,18.782594081651609],[98.977336440624299,18.782458513349752],[98.977337348040237,18.782322945047952],[98.977340924644011,18.782187376746094],[98.977345984229828,18.782051809343557],[98.977353725594014,18.781815695038347],[98.977495763618663,18.781805545289728],[98.977637504867005,18.78179539464179],[98.977779542891653,18.781785243993852],[98.977921580916302,18.781775092446594],[98.978063323063964,18.781764941798656],[98.978205361088612,18.781754791150718],[98.978347102336954,18.78174463960346],[98.978489140361603,18.781734488955578],[98.978631178386252,18.78172433740832],[98.978772919634594,18.781714185861063],[98.978914957659242,18.781705163862284],[98.979056995683891,18.781697271411986],[98.97919932958547,18.781690509409543],[98.979341366710742,18.78168600650406],[98.979483996489307,18.781684892244016],[98.979626330390886,18.781683777984028],[98.979768663393145,18.781683793272464],[98.979910996395404,18.781687198105772],[98.980053032621413,18.781690602039703],[98.980195365623672,18.781695136421433],[98.980337697726611,18.781698540355421],[98.98048003072887,18.781704204285631],[98.980622363731186,18.781707608219619],[98.980764399057819,18.781715531246846],[98.980906435283828,18.781722323826216],[98.981048471509837,18.781731376401922],[98.981190506836469,18.781739298529828],[98.981332542163159,18.781749480654071],[98.981474578389168,18.781756273233498],[98.98161661461512,18.781764195361404],[98.981758947617379,18.781769858392295],[98.981901279720319,18.781774390975386],[98.982043612722634,18.781777794010054],[98.982185649847906,18.781780066596866],[98.982327982850165,18.781783469631478],[98.982470315852481,18.781783483121274],[98.98261264885474,18.781784626159606],[98.982754981856999,18.781785769197938],[98.982897315758578,18.781785781788471],[98.983039648760837,18.781784665729788],[98.983181982662416,18.781784678320321],[98.983324315664674,18.781782431813838],[98.98346664956631,18.781781314855834],[98.983608982568569,18.781777937901552],[98.983751316470148,18.781774560947269],[98.983893650371726,18.781771183992987],[98.984035984273305,18.781767807038705],[98.984178020499314,18.781765559632902],[98.984320651177143,18.781762182678619],[98.984462688302472,18.781756545728058],[98.98460502220405,18.78175090877744],[98.984747059329379,18.781746401375358],[98.984889393230958,18.781740764424796],[98.985031727132537,18.781737386571194],[98.985174060134852,18.781734008717592],[98.985316097260124,18.781732889960949],[98.985458430262383,18.781731772103626],[98.985601060040949,18.781734041992479],[98.985743096266958,18.781737442329131],[98.985885429269217,18.7817431017628],[98.98602746549517,18.781748761196411],[98.986169798497485,18.781754420630079],[98.986312131499744,18.781760080063691],[98.986454167725697,18.781763479501024],[98.986596500728012,18.781765748490557],[98.986738834629591,18.78176688883093],[98.98688116763185,18.781766898723447],[98.987023500634109,18.781766908615964],[98.987165834535688,18.781764659411579],[98.987308167537947,18.781763538856296],[98.987450501439525,18.781760159204055],[98.987592834441841,18.781756779551813],[98.98773516834342,18.781751140802555],[98.987877502244999,18.781746630702514],[98.988019539370327,18.781738731956978],[98.988161280618669,18.781729702763641],[98.988303614520248,18.781720674469625],[98.98844535486927,18.781710515727752],[98.988587096117669,18.781700356086617],[98.988729133242941,18.781689067796265],[98.98887117126759,18.78167777860665],[98.989012911616612,18.781667619864834],[98.989154652865011,18.781655201126682],[98.989296689990283,18.781645041485547],[98.989438431238682,18.781633752295875],[98.989580171587704,18.781621332658403],[98.989721912836046,18.781610043468788],[98.989863653185125,18.781597623831317],[98.990005691209717,18.781586334641702],[98.990147431558796,18.78157617410119],[98.990289468684068,18.781566014460054],[98.990431209033147,18.781556983468079],[98.990573246158419,18.781547952476103],[98.990715283283748,18.78153892238339],[98.990857617185327,18.781529891391415],[98.990999654310656,18.781523119496399],[98.991141691435985,18.781515218052903],[98.991284024438244,18.781509576605742],[98.991426061563573,18.781502804710726],[98.991568098688845,18.78149716236419],[98.991710431691104,18.781492649566189],[98.991852764693419,18.781489266316612],[98.991995097695678,18.781485883966411],[98.992137431597257,18.781482500716891],[98.992279764599516,18.78148024701585],[98.992422097601775,18.781476863766272],[98.992564430604034,18.781473479617432],[98.992714473494232,18.781472356364191],[98.992748269117385,18.781671191072633],[98.992771986038406,18.78180450117685],[98.99279570206005,18.781938940829491],[98.992817640122041,18.782072250034389],[98.992837798425739,18.78220668968703],[98.992855584317795,18.782341128440351],[98.99287040514514,18.782475568093048],[98.992884335643623,18.782611137294225],[98.992897080835689,18.782745576047546],[98.992908639821906,18.782881144349403],[98.992919606154942,18.783016713550523],[98.992930275711728,18.783151152303901],[98.992941241145445,18.783286721505021],[98.992952207478424,18.783421160258399],[98.992963469688448,18.7835567285602],[98.992974436021484,18.783692297761377],[98.992984808801964,18.783826736514754],[98.992995182481764,18.783962305715875],[98.993005852038493,18.784097874017732],[98.993016224818973,18.784232312771053],[98.993026301722523,18.78436788197223],[98.993036971279253,18.784503450274087],[98.993047344059732,18.784639019475208],[98.993059199822255,18.784773458228585],[98.993071648238015,18.784909026530386],[98.993084394329401,18.785043466183083],[98.99309684274516,18.785179034484884],[98.99310929206024,18.785313474137581],[98.993120258393276,18.785449042439382],[98.993129741744269,18.785584610741239],[98.993137743012483,18.785719049494617],[98.993143075092917,18.785854618695737],[98.993145737985458,18.785990186997594],[98.993147215571582,18.786125755299395],[98.993146913399414,18.786261323601252],[98.993146018573952,18.786396891903109],[98.993144826972241,18.78653246020491],[98.993144524800016,18.786668028506767],[98.993144519404098,18.786803596808568],[98.993146292867209,18.786939165110425],[98.993148363106513,18.787074733412283],[98.993151322775361,18.787210301714083],[98.993154875996765,18.78734587001594],[98.99315842921817,18.787481438317798],[98.993162278316561,18.787617006619598],[98.993165831537965,18.787752574921456],[98.993169680636299,18.787888143223256],[98.993173233857704,18.788023711525113],[98.993176193526551,18.788159279826971]]]},"properties":{"OBJECTID":11,"AREA":1263802.9580000001,"TAM_CODE":"500102","TAM_NAM_T":"ต.พระสิงห์","TAM_NAM_E":" ","PROVCODE":"50","AMPCODE":"5001","AMP_CODE":"5001","AMP_NAM_T":"อ.เมืองเชียงใหม่","AMP_NAM_E":"Amphoe Muang Chiang Mai","PROV_CODE":"50","PROV_NAM_T":"จ.เชียงใหม่","PROV_NAM_E":"Changwat Chiang Mai","TH":"Thailand","Name":"Chiang Mai","Shape_Length":0.044910935951264067,"Shape_Area":0.00010838546350352092}},{"type":"Feature","id":12,"geometry":{"type":"Polygon","coordinates":[[[99.004373189171417,18.787479252965227],[99.004200901550405,18.787481516558785],[99.004058563152228,18.787482649704543],[99.0039165215303,18.787484911499519],[99.003773887255136,18.787487174193757],[99.003631845633208,18.787489436888052],[99.003489507235031,18.787492828231507],[99.003347169736173,18.787496220474225],[99.003204831337939,18.787500741366159],[99.003062492939762,18.787504133608934],[99.002920155440904,18.787507524952389],[99.002778113818977,18.787510916295787],[99.002635775420742,18.787515437187722],[99.002493437921885,18.787521087628136],[99.002351396299957,18.78752786761703],[99.00220905790178,18.7875346485053],[99.002067016279852,18.787544817139633],[99.001925568210481,18.787554986673342],[99.001783823364804,18.787568544852491],[99.001642374396113,18.787583232580175],[99.001500629550492,18.787597920307803],[99.001359181481121,18.787613737583968],[99.00121773251243,18.787627295763116],[99.001076284443059,18.787641982591481],[99.000934538698061,18.78765328077435],[99.000792497076134,18.78766344940874],[99.000650455454206,18.787672487595273],[99.000508413832279,18.787679266684847],[99.000366075434101,18.787686045774421],[99.000224033812174,18.787692823964676],[99.000081695413996,18.787698472606451],[98.999939653792069,18.787706381244561],[98.999797612170141,18.787714288983295],[98.999655570548214,18.787723326270566],[98.999513528926286,18.787732364457099],[98.999371486405039,18.787742531292849],[98.999229741559361,18.787752698128543],[98.999087699937434,18.787762865863613],[98.998945954192493,18.787773032699363],[98.998803912570565,18.787784329083593],[98.998661870049318,18.787794495919286],[98.998520125203697,18.787805791404196],[98.998378676235006,18.787818217336905],[98.998236930490009,18.787832903265951],[98.997992286115164,18.787834030116471],[98.997849947716986,18.787834028317775],[98.997707609318752,18.787834027418455],[98.997565270920575,18.787834025619816],[98.997422932522397,18.787834022921857],[98.997280594124163,18.787834021123217],[98.997138255725986,18.787834019324578],[98.996995917327808,18.787834016626618],[98.996853578929574,18.787835144376459],[98.996711240531397,18.787836271226979],[98.996568902133163,18.787837398976819],[98.996426563734985,18.787839655375819],[98.996284225336808,18.787841912674196],[98.996142183714881,18.787845298621676],[98.995999845316646,18.787848684569212],[98.995857802795399,18.787854330512971],[98.995715167620972,18.787859975557467],[98.995573125999044,18.787867880598242],[98.995431083477797,18.787874656090537],[98.99528904185587,18.787883689780529],[98.995146999334622,18.787893853918263],[98.995005253589625,18.787905147604533],[98.994863507844684,18.787916441290804],[98.994721762099687,18.787929994074034],[98.994580312231676,18.787943546857264],[98.994438566486735,18.787959358737453],[98.994297414294294,18.787974041069162],[98.994155964426284,18.787989852949408],[98.994014811334523,18.788009054374413],[98.993873955019069,18.788028254900098],[98.993733394580545,18.788047456325103],[98.993593427694577,18.788072305492562],[98.993454349338833,18.788100544204781],[98.993315568658602,18.788131042014015],[98.993176193526551,18.788159279826971],[98.993173233857704,18.788023711525113],[98.993169680636299,18.787888143223256],[98.993165831537965,18.787752574921456],[98.993162278316561,18.787617006619598],[98.99315842921817,18.787481438317798],[98.993154875996765,18.78734587001594],[98.993151322775361,18.787210301714083],[98.993148363106513,18.787074733412283],[98.993146292867209,18.786939165110425],[98.993144519404098,18.786803596808568],[98.993144524800016,18.786668028506767],[98.993144826972241,18.78653246020491],[98.993146018573952,18.786396891903109],[98.993146913399414,18.786261323601252],[98.993147215571582,18.786125755299395],[98.993145737985458,18.785990186997594],[98.993143075092917,18.785854618695737],[98.993137743012483,18.785719049494617],[98.993129741744269,18.785584610741239],[98.993120258393276,18.785449042439382],[98.99310929206024,18.785313474137581],[98.99309684274516,18.785179034484884],[98.993084394329401,18.785043466183083],[98.993071648238015,18.784909026530386],[98.993059199822255,18.784773458228585],[98.993047344059732,18.784639019475208],[98.993036971279253,18.784503450274087],[98.993026301722523,18.78436788197223],[98.993016224818973,18.784232312771053],[98.993005852038493,18.784097874017732],[98.992995182481764,18.783962305715875],[98.992984808801964,18.783826736514754],[98.992974436021484,18.783692297761377],[98.992963469688448,18.7835567285602],[98.992952207478424,18.783421160258399],[98.992941241145445,18.783286721505021],[98.992930275711728,18.783151152303901],[98.992919606154942,18.783016713550523],[98.992908639821906,18.782881144349403],[98.992897080835689,18.782745576047546],[98.992884335643623,18.782611137294225],[98.99287040514514,18.782475568093048],[98.992855584317795,18.782341128440351],[98.992837798425739,18.78220668968703],[98.992817640122041,18.782072250034389],[98.99279570206005,18.781938940829491],[98.992771986038406,18.78180450117685],[98.992748269117385,18.781671191072633],[98.992714473494232,18.781472356364191],[98.992700246219442,18.78133791671155],[98.992673564233655,18.781203477058853],[98.992620194866163,18.781078074693426],[98.992564157210154,18.780953800977159],[98.992506636572102,18.780829528160268],[98.992447337075021,18.78070751444028],[98.992386851372146,18.780584370272493],[98.992324882687228,18.780462356552562],[98.99226261812538,18.780340341933311],[98.992199760010976,18.780218328213323],[98.992136902795892,18.780096313594072],[98.992073748804501,18.779975429422564],[98.992009408607373,18.779854545251112],[98.991944771633939,18.779733660180341],[98.991879245231019,18.779613905557369],[98.991812236745375,18.779494150035021],[98.991744932382801,18.779374395412049],[98.991676440915057,18.779255770337556],[98.991606763241577,18.779138273912281],[98.991535900261624,18.779019648837789],[98.991464147852184,18.778903282860256],[98.991391801890188,18.77878691688278],[98.991317973845469,18.778670550005927],[98.991243553147513,18.778554184028394],[98.991167945344444,18.778440077147877],[98.991091745787514,18.778324839819561],[98.991014063248485,18.778211862487524],[98.990936380709456,18.778097755607007],[98.990857511964691,18.77798477827497],[98.990778643219869,18.777871800942933],[98.99069888504556,18.777759952260055],[98.990619423647559,18.777648104476498],[98.990539369596263,18.77753625669294],[98.990459315545024,18.777423279360903],[98.990378668840549,18.777311430678026],[98.990298318013004,18.777199582894468],[98.990217671308528,18.777087735110911],[98.990137024604053,18.77697588642809],[98.990055487570771,18.776865168193012],[98.989974841765616,18.776753319510135],[98.98989449093807,18.776641471726577],[98.989813845132915,18.7765296230437],[98.989658778629803,18.776313835215376],[98.989574574207268,18.776204245629458],[98.989489480355303,18.776095786491396],[98.989405275932825,18.775987326454015],[98.989320182980123,18.775877737767416],[98.989235978557645,18.775768148181555],[98.989151181481873,18.775659688144117],[98.989066681182464,18.775550098558256],[98.988982180882999,18.775441639420194],[98.988897680583534,18.775332049834276],[98.988812884407139,18.775223589796894],[98.988727791454494,18.775115129759456],[98.988643292054348,18.775006670621394],[98.988558199101647,18.774897080136213],[98.988474292354795,18.774787490550295],[98.988389792954649,18.774677900964434],[98.988306776536547,18.774568311378516],[98.988224055995431,18.774457592244119],[98.988142819335678,18.774346873109778],[98.988063360635635,18.774235023527581],[98.987985385816955,18.774120914848368],[98.987907410098956,18.774006807068531],[98.987829435280275,18.773893827937854],[98.987750274255802,18.773781978355657],[98.987669037596049,18.77367012967278],[98.987585725301017,18.773560539187599],[98.987499447941218,18.773452079150161],[98.987411984375626,18.773344747761939],[98.987323038727311,18.773239676369997],[98.987232905973883,18.773134604978111],[98.987140995260802,18.773031792683128],[98.987047898341871,18.772928979488881],[98.986952429011467,18.772828426290914],[98.986855180821976,18.772729002641427],[98.986756153773513,18.772631838088898],[98.98665653317255,18.772534673536427],[98.986556319918293,18.772438639431698],[98.98645521723455,18.772343733976186],[98.986352038915527,18.772249958069153],[98.986247080838154,18.772158442158457],[98.986137675613293,18.772071443542359],[98.986024711771108,18.771990094467355],[98.985906410452515,18.771914393134807],[98.985783067534612,18.771845469992513],[98.98565616599933,18.771785584137433],[98.985526596175532,18.771727957379369],[98.985394060387648,18.771679368807895],[98.985260338393971,18.771633038434004],[98.985123947212458,18.77159461669828],[98.984986369825151,18.771559583607939],[98.984847309455802,18.771530199159429],[98.984707358757646,18.771506463352637],[98.984565925077447,18.771491765732435],[98.984423896945373,18.771484974951704],[98.984281572936311,18.771484963260491],[98.98413924712861,18.771490600211052],[98.983997218097215,18.77149736671015],[98.983854893188834,18.771503002761392],[98.983712568280453,18.771508638812691],[98.983570243372071,18.771507496673678],[98.983428216139316,18.771501835441427],[98.983285891230935,18.771497303757599],[98.98314386399818,18.771490512976868],[98.983001836765425,18.771481462199745],[98.98285980953267,18.771473540971215],[98.982717782299858,18.771462230197812],[98.982576051843353,18.771450920323787],[98.982434618163154,18.771437349554105],[98.982292888605969,18.771421520586728],[98.982152048478326,18.771403430723808],[98.982010911574378,18.771384212211672],[98.981870368222985,18.771364992800216],[98.981729824871593,18.771342384743321],[98.981589875072757,18.771318646238569],[98.981449925273864,18.771292648636859],[98.981310569027585,18.771265520587349],[98.981171805434542,18.771237262989359],[98.981033042740762,18.771206746294354],[98.980894873599595,18.771172840054589],[98.980757593887915,18.771136674717809],[98.980620610952485,18.771100508481709],[98.980484220670292,18.771062084047969],[98.980348128063724,18.77102252826711],[98.980212628110337,18.770980714288555],[98.980077424933256,18.770937769862257],[98.979942221756176,18.770897084532862],[98.979807315355401,18.770853010558028],[98.97967270573082,18.770808935683874],[98.979538096106296,18.77076486170904],[98.979404080034328,18.770719657286406],[98.979271250168097,18.770671064218277],[98.979138717078172,18.770621340702348],[98.97900707431711,18.77056935808946],[98.978876913638715,18.770515116379556],[98.978748236841739,18.770456354677094],[98.978621338903736,18.770396464325415],[98.978495034518289,18.770333184428978],[98.978370509891192,18.770267645435524],[98.978246874693582,18.770200976893591],[98.978123833048528,18.770132048355379],[98.978001087280404,18.770064249365646],[98.977878639187907,18.769994191278954],[98.977756783748646,18.769924133192262],[98.977637300720914,18.769850686460074],[98.977521377209825,18.769772720634592],[98.977318288708091,18.769635997603245],[98.977239432553802,18.76952414352445],[98.977161170851389,18.769410031248015],[98.977082908249656,18.769295918072203],[98.976995159598971,18.769170505814259],[98.977109029058511,18.769089179222306],[98.977220229330158,18.769004462186217],[98.977334394666627,18.768924264243424],[98.977457453398813,18.768855365382876],[98.977590590833188,18.768807932440154],[98.977726395656703,18.768767278587063],[98.977863978439927,18.768733402024907],[98.978002449753319,18.768701786358406],[98.978142107272504,18.768674688885824],[98.978281764791689,18.768649850510258],[98.978421717288484,18.768626142582491],[98.978561967460905,18.768601304206868],[98.97870192085702,18.768576465831302],[98.978842170130122,18.768552757903478],[98.978982123526237,18.768527919527912],[98.979122372799338,18.768506469797785],[98.97926321562494,18.768485020966978],[98.979403463998722,18.768464700785387],[98.97954430682438,18.768444380603739],[98.979685148750661,18.768425190869891],[98.97982628655393,18.76840600023678],[98.979967128480268,18.768386810502932],[98.98010797040655,18.768367619869821],[98.980249108209819,18.768349558785133],[98.980390246912407,18.768331497700501],[98.980531087939426,18.76831343661587],[98.980672225742694,18.768297635527517],[98.980813660322212,18.768280703991365],[98.980955390778718,18.768267161100653],[98.981096825358236,18.76825248866146],[98.981238554915421,18.768241205767083],[98.981380581248857,18.768233311518145],[98.981522904358599,18.768225418168583],[98.981664930692034,18.768219783016605],[98.981807253801776,18.768210759219187],[98.981949279235891,18.768203994518785],[98.982091009692397,18.768191581176552],[98.982232740148902,18.768179167834376],[98.982373581175864,18.768161104951105],[98.982514422202883,18.768141912519297],[98.982654967352914,18.768120460990531],[98.982795216626016,18.768097879013965],[98.982935464999741,18.768073037940383],[98.983075120720287,18.768045936870521],[98.983214480563902,18.768019965349197],[98.983353246854904,18.76798947473452],[98.983491717268976,18.767958984119844],[98.983629890906798,18.767925103960408],[98.983767176014396,18.767890094252493],[98.983903867569495,18.767852824548243],[98.984040855001524,18.767815554844049],[98.984176953903386,18.767777155591318],[98.984313052805192,18.767735366793772],[98.984448558154497,18.767694707544763],[98.984584360280053,18.767655177844233],[98.984720459181915,18.767614518595224],[98.984855667754914,18.767572728898358],[98.98499087722729,18.767530939201549],[98.985125493147052,18.767485760859245],[98.985260702619371,18.767442841613899],[98.985395021762884,18.767398791920755],[98.985530230335939,18.767357002223946],[98.985665143032008,18.767312953430121],[98.985800351605008,18.767272293281735],[98.985936152831243,18.767230502685607],[98.986071954956799,18.767189842537277],[98.986208052060022,18.767149182388891],[98.986343557409327,18.767108521341243],[98.986479654512493,18.767068990741393],[98.986615752515036,18.767029459242224],[98.986752442271438,18.766992187739334],[98.986889132927217,18.766953786687964],[98.987026119459927,18.766917643834233],[98.987163402768886,18.76688150187988],[98.987301278731081,18.766847619022428],[98.987439450570264,18.76681599616137],[98.987577029756153,18.766780983755439],[98.987714905718406,18.766747099998724],[98.987852484904295,18.76671321714133],[98.987989767313991,18.76667594473912],[98.988126161193463,18.766636412340631],[98.988261961520379,18.766596879942085],[98.988397761847295,18.766556217995117],[98.988532968621655,18.766513296051812],[98.988667879519085,18.766470375007827],[98.988802493640208,18.76642745306458],[98.988937108660707,18.766383400673476],[98.989071130128593,18.766337089185356],[98.989205743350453,18.766294167242052],[98.989340061594646,18.766248985302468],[98.989474971592699,18.766204933810684],[98.989609585713879,18.76616088141958],[98.989744199835002,18.766117958576956],[98.989878517179875,18.766072776637372],[98.990011945095262,18.76602533470151],[98.990144779458092,18.765976763217111],[98.990276428514449,18.765925931736433],[98.990406892264332,18.76587058116246],[98.990535279479616,18.765812970592151],[98.99066307404172,18.765754231372739],[98.990789386521044,18.765690972160712],[98.990915105447812,18.765627712948628],[98.991039639068163,18.765561064191786],[98.991163875912207,18.765494415435001],[98.991288112756251,18.765430026674437],[98.991412348700976,18.765363377018275],[98.991536288768771,18.765296728261433],[98.991659932060259,18.76523007950459],[98.991783278575497,18.765162300299949],[98.991906032437498,18.765093392446147],[98.9920287862995,18.765024483693026],[98.992150650732015,18.764954444492048],[98.992271328958736,18.764882146194168],[98.992391710409152,18.764809847896231],[98.992510608877581,18.764735290501278],[98.992630397674759,18.764661861755542],[98.992749592919438,18.764588433909125],[98.99286849138781,18.764513875614909],[98.992986204549766,18.764437057324358],[98.993101841177065,18.764359110384703],[98.993216292497948,18.764278902549336],[98.993327778754065,18.764194176520107],[98.993435707292122,18.764106060946006],[98.993539484559619,18.76401229583081],[98.993638814679628,18.763916271618712],[98.993735179734813,18.763815728313261],[98.993827987071995,18.763712925011532],[98.993919904080371,18.763610121709803],[98.994010635782274,18.763506188859594],[98.99410255279065,18.763402256009385],[98.994195360127833,18.76329832315912],[98.994290241301655,18.763198908502886],[98.994386309580591,18.763097235648956],[98.994482376960207,18.762997820992666],[98.994577554910279,18.762897276787953],[98.994674511719381,18.762797863030983],[98.994770579098997,18.762698448374749],[98.994866943254863,18.762597904169979],[98.994963603287715,18.762498490413066],[98.995060855973804,18.762399075756775],[98.9951575160066,18.762300790649022],[98.995255361345926,18.762201376892108],[98.995352317255708,18.762103091784297],[98.995450459371284,18.762004806676543],[98.995548304710553,18.761906522468109],[98.995646150049822,18.761807106912499],[98.995743995389148,18.761708822704065],[98.995841543952167,18.761609407148455],[98.995939388392117,18.761511122040702],[98.996036936955136,18.761413967380747],[98.996133891965599,18.761313422276658],[98.996231736405548,18.761215137168904],[98.996329284968567,18.761115721613294],[98.996426832632267,18.76101856605402],[98.996524677072273,18.760920280946266],[98.996622520612902,18.760821994939192],[98.996720957706088,18.760723709831382],[98.996819098023025,18.760625423824308],[98.996917238339961,18.760527138716554],[98.997016268086384,18.760429982257904],[98.9971150010565,18.76033169715015],[98.997213734026673,18.760233411143076],[98.997312762873776,18.760137385132282],[98.997411495843892,18.760039099125152],[98.997576049295276,18.759877548510133],[98.99769494056909,18.759952113099587],[98.997813832742224,18.760026676789778],[98.997932724016039,18.760101241379232],[98.998050725860367,18.760176934617903],[98.998168135051458,18.760252628755836],[98.998284654813006,18.760331711539322],[98.99840087869768,18.760409664774272],[98.998517101682978,18.760487617109902],[98.998634807650319,18.760563310348516],[98.998753996599703,18.760637874038707],[98.998875261184423,18.760709048184083],[98.998998897281353,18.760776833683963],[98.999123719584077,18.760841229639084],[98.999248541886743,18.760906755142685],[98.999374254518273,18.760970020650007],[98.999501745109512,18.761029897511833],[98.999630422805808,18.761087514377323],[98.999762064667607,18.761139482601095],[98.999896375717242,18.761184671735236],[99.000033058279087,18.761221953130701],[99.000173002682004,18.761247937242558],[99.000314429167645,18.761260364074587],[99.000456745082772,18.761261493623067],[99.000599060997899,18.761255844981292],[99.000741081036097,18.761246805895439],[99.000883100174974,18.761236638160369],[99.001024823436921,18.761228728622996],[99.001167436128355,18.76122646862666],[99.001309455267233,18.761233245917595],[99.001451475305373,18.761242283204865],[99.00159349534357,18.7612490604958],[99.001735514482448,18.761258096883694],[99.001877237744395,18.761269393267924],[99.002018368353049,18.761287466943088],[99.002158609532273,18.761310060610867],[99.002297070953148,18.76134169156586],[99.002432272331589,18.761384619804403],[99.002563026562484,18.761437715778015],[99.002688146540777,18.761502109035177],[99.0028088202709,18.761573281381857],[99.002925639506714,18.761651231019528],[99.003037715718051,18.761734830198293],[99.003147122741609,18.761821818022554],[99.003253565599607,18.761911065843037],[99.003357043392896,18.762004831857553],[99.003458149673918,18.762099728319868],[99.003555698236937,18.762199143875421],[99.003649095529397,18.76230081852799],[99.003737749797381,18.762407012273854],[99.003823142224292,18.762515465116678],[99.003906163138993,18.762626177955781],[99.003985923111941,18.76273802034342],[99.004063903326539,18.762850992279539],[99.004140698234721,18.762966224211937],[99.004213935424843,18.763081455245015],[99.00428183603799,18.763201206270708],[99.00434528860427,18.76332208684488],[99.004406666434591,18.763445227415389],[99.004466265405881,18.763567237538041],[99.004526161153478,18.763690377209173],[99.004618969389981,18.763875651939827],[99.004574794691109,18.764004443850069],[99.004532399750531,18.764133234860935],[99.004491190116369,18.764263155420338],[99.004449090153457,18.764394206427539],[99.004404619577599,18.764521867889925],[99.004356886261348,18.764650658900848],[99.004303519591815,18.764774931717795],[99.004244816345249,18.764899203635366],[99.004180182969151,18.765020087806874],[99.004111990975673,18.765138711982047],[99.004040241264192,18.765256205709363],[99.003967008570669,18.765371440339777],[99.003893480000158,18.765487805417933],[99.003820247306635,18.765604169596827],[99.003748793472084,18.765721664223463],[99.0036797111498,18.765840288398635],[99.003613298015352,18.765960041222968],[99.003548366963628,18.76607979494662],[99.00348432534139,18.766201807767288],[99.003421173148695,18.7663238205879],[99.003356834750207,18.766444703860031],[99.003292199575412,18.766565587132163],[99.003226082317894,18.766685340855872],[99.003157592648847,18.766802834583189],[99.00308554526174,18.766921457859041],[99.003008753051574,18.767034433392439],[99.002928995776585,18.767146278478037],[99.00284834907211,18.767259253112115],[99.002766812938148,18.767369968649177],[99.002687648316396,18.767482944182575],[99.002612634965203,18.767598178812932],[99.002542959090363,18.767715671640985],[99.002481288081015,18.767837684461597],[99.002425250425006,18.767963085927704],[99.00237247461007,18.768088487393811],[99.002323850065693,18.768215019307718],[99.002279672668806,18.76834493986712],[99.002240831848951,18.768474859527203],[99.002207328505449,18.768607039183564],[99.002179755291536,18.768740349287725],[99.002159891066185,18.768873658492623],[99.002148626158203,18.769009226794424],[99.002146255545313,18.769144795096281],[99.002152187473541,18.769280364297401],[99.002164346307609,18.769414802151459],[99.002180952289166,18.76955037045326],[99.002200820111796,18.769683679658158],[99.002222170017205,18.769818118411479],[99.002244113475115,18.769952557164856],[99.002265463380468,18.770085865470378],[99.002287110062127,18.770220304223699],[99.002310832379067,18.77035361252922],[99.002336630331286,18.770486921734118],[99.002364208041854,18.77062023003964],[99.002393860488326,18.770752408796682],[99.00242440326366,18.770884588453043],[99.002456428121718,18.771016767210085],[99.002489935062499,18.771148945967127],[99.002524332332143,18.771279995175689],[99.002558432825481,18.771412173932731],[99.002593125972055,18.771543223141293],[99.002629598876922,18.771674271450536],[99.002667554763889,18.771805320659098],[99.002708771592609,18.771935240319124],[99.002752953486095,18.772064029531407],[99.002802176079626,18.772191689195154],[99.002855254066787,18.772317088862621],[99.002912186548258,18.772441358981609],[99.002972084094438,18.772563370003581],[99.003035539358734,18.772685381025553],[99.00310196058706,18.772805132051246],[99.003171642757195,18.77292375262914],[99.003245477097153,18.773040115009337],[99.00332286825585,18.773153086945456],[99.003404708360677,18.773263799784559],[99.003490995612992,18.773372252627382],[99.003583509771204,18.773476187276287],[99.003679582546738,18.773575601932521],[99.003778620387095,18.773672757491795],[99.003880919169148,18.77376652350631],[99.003983812403078,18.773860289520769],[99.004087890943481,18.773952925986805],[99.004191672707577,18.774045561553464],[99.00429545537105,18.77413932756798],[99.004399830687703,18.774230834485479],[99.004505688986399,18.774321210955179],[99.004612436714638,18.77441045697708],[99.004719777096113,18.774499703898243],[99.004827711030089,18.774588949920144],[99.004934459657647,18.774678196841364],[99.0050409115089,18.774768572411745],[99.005147066583902,18.774857819332965],[99.005252035453111,18.774949324451825],[99.00535848820374,18.775039700921525],[99.005464643278742,18.775130076491905],[99.005570502476758,18.775221582510085],[99.005675472245287,18.775311958080465],[99.005778070501606,18.775406852744084],[99.005878888999575,18.775501747407759],[99.005976446555849,18.77560116116473],[99.006069260188269,18.775703964466459],[99.00616207382069,18.775806767768188],[99.006252811817888,18.775910700618397],[99.006342067732305,18.776016892565565],[99.00642776592872,18.776125344509069],[99.006508719302019,18.776236055549589],[99.006584039322036,18.776351286582667],[99.00665194623042,18.776469906261241],[99.006710069414225,18.776593045932373],[99.006758702951856,18.77672183334596],[99.006799034847631,18.776851752106722],[99.006832250408081,18.776982800415965],[99.006858646409455,18.777116107822167],[99.00687851872874,18.777250546575488],[99.006891273813324,18.777384984429546],[99.006898396443887,18.777520552731346],[99.006898698616112,18.777656121033203],[99.006891586777385,18.777791689335061],[99.00687469121408,18.777926128987701],[99.006849492210335,18.778059439091862],[99.006817176871266,18.778191618748281],[99.006780116709081,18.778322669755482],[99.006738905276336,18.778452591214148],[99.006694432002519,18.77858138312439],[99.006648772522908,18.778710174135256],[99.006602816266991,18.778837836497019],[99.006555081152158,18.778965497959405],[99.006504973625681,18.779093160321167],[99.006451901034438,18.779218562686594],[99.006396752807973,18.779342835503485],[99.006338341841058,18.779467108320432],[99.006276965809377,18.77958912204042],[99.00621262471293,18.779710006211872],[99.006145614428647,18.779829760834843],[99.006073563444261,18.779946125913057],[99.005996174983522,18.780061361442733],[99.005914337576655,18.780172077879115],[99.005829238328772,18.780279405670058],[99.005743250550609,18.780387863009537],[99.005656965096932,18.78049519080048],[99.005571569072686,18.780603648139902],[99.005488842236332,18.78071436457634],[99.005410562547468,18.780828470557537],[99.005334062616953,18.780942575639415],[99.005258452115925,18.781057811169092],[99.00518402782069,18.781173045799449],[99.005111085608178,18.781289410877662],[99.005039329601459,18.781406905504355],[99.004969649229963,18.781524400130991],[99.004902340370791,18.781643024306163],[99.004837108046161,18.781763907578295],[99.004773061028004,18.781885920398963],[99.004708718132918,18.782005674122615],[99.004644967891011,18.782126557394747],[99.004582996508134,18.782249700663215],[99.00452428786565,18.782372843032306],[99.004470915800198,18.782498245397733],[99.004423770640585,18.782627036408655],[99.004386115127147,18.782758086516537],[99.004359430443401,18.782891395721379],[99.004344607817472,18.78302470492622],[99.004340460144192,18.783160274127397],[99.004344318235781,18.783295841529934],[99.004354404132528,18.783431409831735],[99.004368640400514,18.783566978133592],[99.004385842632587,18.783701415987593],[99.004403341640966,18.783835854740971],[99.004420840649345,18.783969163046493],[99.004439525863461,18.784104730448973],[99.004463251777679,18.784238038754552],[99.004491128962513,18.784371347060073],[99.00452108268189,18.784503525817115],[99.004550739625017,18.784635703674837],[99.004579803015531,18.784769011980359],[99.004605901341336,18.78490232028588],[99.004626958967037,18.785035628591459],[99.004642975892693,18.785171195993939],[99.00465543420097,18.785305634747317],[99.004665815974704,18.785441203049118],[99.004674123012421,18.785576770451655],[99.004679760862359,18.785712338753456],[99.004681840094918,18.785847907055313],[99.004680361609473,18.78598347535717],[99.0046750277304,18.786119043658971],[99.004664355475711,18.786253482412349],[99.004648346643933,18.786389051613469],[99.004626406783302,18.786522360818367],[99.004599128547,18.786655670023208],[99.00456888614525,18.78678784967957],[99.004535676880039,18.786918899787452],[99.004500985532104,18.787051080343133],[99.004466294184169,18.787183259999495],[99.004433085818334,18.787314310107377],[99.004373189171417,18.787479252965227]]]},"properties":{"OBJECTID":12,"AREA":4597970.1119999997,"TAM_CODE":"500105","TAM_NAM_T":"ต.ช้างคลาน","TAM_NAM_E":" ","PROVCODE":"50","AMPCODE":"5001","AMP_CODE":"5001","AMP_NAM_T":"อ.เมืองเชียงใหม่","AMP_NAM_E":"Amphoe Muang Chiang Mai","PROV_CODE":"50","PROV_NAM_T":"จ.เชียงใหม่","PROV_NAM_E":"Changwat Chiang Mai","TH":"Thailand","Name":"Chiang Mai","Shape_Length":0.097918909545173294,"Shape_Area":0.00039430281993224625}},{"type":"Feature","id":13,"geometry":{"type":"Polygon","coordinates":[[[99.027098657976751,18.783852088403194],[99.027078207393401,18.783857668696498],[99.026940622811537,18.783892709880718],[99.026802444677116,18.783925491967921],[99.026663672090876,18.783954885409685],[99.026523416522537,18.783978630209674],[99.02638286417789,18.784000115013328],[99.026241717381424,18.784015951175263],[99.026099977931722,18.784031787337142],[99.02595853345963,18.784044233954262],[99.02581679311055,18.784055551022902],[99.025675053660848,18.784069127188502],[99.025533313311826,18.784082703354102],[99.025391869739053,18.784097409068238],[99.025250426166281,18.784112114782317],[99.025109280269135,18.784130210041212],[99.024968133472669,18.784147174852308],[99.024826986676146,18.784165269211883],[99.02468583987968,18.784182234022921],[99.024544396306908,18.784198069285537],[99.024403249510442,18.784212774100297],[99.024261509161363,18.784228608463536],[99.024119768812341,18.784239924632857],[99.023978027563999,18.784250110354378],[99.02383599043867,18.784259166527363],[99.023693655637771,18.784267093151868],[99.023551618512442,18.784275018877054],[99.023409580487794,18.784282944602239],[99.023267542463145,18.784293130323761],[99.023125802114123,18.784305575142241],[99.022984358541351,18.784321408606161],[99.022842914968635,18.784336112521601],[99.022701470496543,18.784350816437097],[99.02256032370002,18.784366649901017],[99.022418880127248,18.784383612913473],[99.022278325984018,18.784403964571368],[99.022138366292609,18.784429965770357],[99.022000186359548,18.784461614711802],[99.021863786184838,18.78450117139198],[99.021730946426089,18.784549765359429],[99.021601665284663,18.784606267065612],[99.021476239536867,18.78466954696205],[99.021353187099976,18.784738474600999],[99.021231617645071,18.784808531788372],[99.02111034496653,18.784879719423543],[99.020988477836056,18.784949776610972],[99.020864535070302,18.785016445152849],[99.020825673566037,18.784883140444606],[99.020786514386202,18.784752095732699],[99.020747356105687,18.784622180569215],[99.020707901948185,18.784492265405788],[99.020667854238127,18.784362349342985],[99.020628103304375,18.784232434179557],[99.020588055594374,18.784101389467594],[99.020547711108065,18.783971474304167],[99.020507663398007,18.783842688689163],[99.020467023034769,18.783712773525735],[99.02042727210096,18.783581728813772],[99.020387225290278,18.783451813650345],[99.020347474356527,18.783320768039061],[99.020308020199025,18.783190852875634],[99.020269158694759,18.78306093771215],[99.020230001313564,18.782929892100867],[99.020191733361855,18.78279997693744],[99.020153762186453,18.782668931326157],[99.020116087787301,18.78253788661425],[99.020079006041328,18.782407970551446],[99.020043407277456,18.782276924940163],[99.020007511737333,18.7821447497804],[99.019972802402947,18.782013704169174],[99.019938982498104,18.781881529009411],[99.019905756145761,18.781750482498808],[99.019874901305684,18.781617176891245],[99.019852646682352,18.781483870384363],[99.019837507495026,18.781349433429682],[99.019827113130816,18.781213866027144],[99.019820277383928,18.781078298624607],[99.019813441637098,18.780942731222126],[99.019805715561404,18.780808293368068],[99.01979383911447,18.780672725965587],[99.019776625191184,18.780538289910226],[99.019757334733299,18.780403852955487],[99.019738045174677,18.780269416000806],[99.019717866186625,18.780134979945444],[99.01969620421653,18.780000543890026],[99.019672169834848,18.779867237383144],[99.019643985081927,18.779733930876262],[99.019611944935377,18.779602885264978],[99.019574864088781,18.779471839653752],[99.019530667806123,18.779343054038748],[99.019477872206096,18.779217658867935],[99.01941914647648,18.779094523693345],[99.019356566252611,18.778972518966611],[99.019291910393406,18.778850514239878],[99.019227551310507,18.77873076861016],[99.019165563739818,18.778608762984049],[99.019108320992302,18.778484498261037],[99.019057008374318,18.778357972642368],[99.019006881962071,18.77823031747522],[99.018955866120393,18.778103792755871],[99.018906333260759,18.777977267137203],[99.018859468689584,18.777848481522255],[99.018818831024305,18.777718566358828],[99.018786495900144,18.777586390299746],[99.018765724258799,18.777453082893487],[99.018760371494011,18.777317515491006],[99.01877192148703,18.777183075838309],[99.018798000027743,18.777049763935509],[99.018835643849968,18.776917580681868],[99.018882776419048,18.776791046069945],[99.018938507406233,18.77666563920792],[99.019001949180677,18.77654362099139],[99.019071914637209,18.776427251416578],[99.01914988585861,18.776313140039406],[99.019242684202595,18.7762103241472],[99.019347047828035,18.776118804639168],[99.019457936034996,18.77603293377291],[99.019571195754168,18.775950450652829],[99.019683566943115,18.775867968432067],[99.019791785062864,18.775779837569473],[99.019890810312688,18.775682669419723],[99.019972636927719,18.775573076236526],[99.020028367015584,18.7754476693745],[99.020061264216054,18.77531548702018],[99.020076667804062,18.775179916919683],[99.020080506110503,18.775045477266985],[99.020076932204745,18.774909908965185],[99.020069502905301,18.774774341562647],[99.02006148095262,18.774638774160167],[99.020056720841069,18.774503205858309],[99.020054925794227,18.774367637556452],[99.020046607065296,18.774233199702451],[99.020032654983083,18.77409763319929],[99.020016331388661,18.773963196244551],[99.020000896324348,18.77382875928987],[99.019988130447928,18.773693191887332],[99.019981887354277,18.773557624484852],[99.019985429783844,18.773422055283675],[99.020002611331506,18.773287614731657],[99.020047369690417,18.773159949671992],[99.020120595189383,18.773043579197861],[99.020205088294233,18.772935114663881],[99.020292546463907,18.772826651029163],[99.020373776828421,18.772715927398167],[99.020502441934184,18.772538545117811],[99.02057774216911,18.772424432841376],[99.020631988375612,18.772297896430814],[99.020676745835203,18.772170231371149],[99.020718538230028,18.772040307214468],[99.020758254090197,18.771910383057786],[99.020795005784976,18.771779329352626],[99.020828494739305,18.771647146098985],[99.020858130098702,18.771514963744607],[99.02088391006447,18.771381651841807],[99.020904945207121,18.77124721039047],[99.020919457566947,18.77111276983851],[99.020926853591504,18.770977200637333],[99.020928616262665,18.770841632335532],[99.020926820316561,18.770706064033675],[99.020923542287733,18.770570495731818],[99.020920560135778,18.770434927430017],[99.02091965361916,18.77029935912816],[99.020922898373101,18.770163789927039],[99.020930887950158,18.770029350274342],[99.020939173404201,18.769893781073165],[99.020948348287675,18.769758211872045],[99.020958412600748,18.769622641771548],[99.020970552549045,18.769488201219588],[99.020985658461427,18.769352631119091],[99.021004321192549,18.769218190567074],[99.021028321399967,18.769084878664273],[99.021057659083738,18.768952696309952],[99.021090555384887,18.768821642604792],[99.021125823198247,18.768689459351094],[99.021164648729609,18.768558405645933],[99.021207032878351,18.768429611037789],[99.021254457727082,18.768301945078747],[99.021307515929152,18.768175408668242],[99.021366801037118,18.768052260003856],[99.021434388686146,18.767933629533445],[99.021509982999362,18.767818387708473],[99.02159476838392,18.767709923174493],[99.021686967779374,18.767605976834432],[99.02178361522175,18.767506548688345],[99.021884117158322,18.767410509187698],[99.021987585059037,18.767317858332547],[99.022092534143212,18.767226337025875],[99.022198077679207,18.767134815719203],[99.022303323539631,18.767043294412531],[99.022410349158349,18.766954033102195],[99.022519450412346,18.766868159537978],[99.02263062730168,18.766783415522241],[99.02274328627368,18.766700931502839],[99.022856538798294,18.766618446584118],[99.022969494546601,18.76653596166534],[99.023082747071157,18.766453476746619],[99.023194516613728,18.766368732730882],[99.023305989379992,18.766285118263625],[99.023420130434715,18.766203762893383],[99.023535458594608,18.766124666620101],[99.023650785855125,18.766045570346819],[99.023765223686212,18.765965344525057],[99.023876695553099,18.765880599610057],[99.023984312925734,18.765791337400344],[99.02408540571696,18.765696425649594],[99.024177305638204,18.765592478410213],[99.024257937953507,18.765481753879897],[99.024327004987356,18.765363121610847],[99.024388363032585,18.765239972946461],[99.024443790048906,18.765115693834275],[99.024496252000461,18.764989156524393],[99.024548121298835,18.764863748763048],[99.024602362109363,18.764737210553847],[99.024660754190506,18.764614061889517],[99.024725669953739,18.764493171422771],[99.024795329640824,18.76437566960152],[99.024866768186882,18.76425703733247],[99.024939392938677,18.764141794608179],[99.025010237932179,18.764024291887608],[99.025078711413471,18.763905660517878],[99.025141847418411,18.763783640502652],[99.025197866188648,18.763659361390467],[99.025243804458057,18.763530564983625],[99.025277288915788,18.763399510379145],[99.025300098420871,18.763265068927865],[99.025315792489891,18.763130627476528],[99.025328225617159,18.762995057376031],[99.025333653925031,18.762932902531475],[99.028326300018819,18.763963600240004],[99.029812200372817,18.76429880004963],[99.028969999665833,18.770211000737163],[99.028251200332704,18.775198600335159],[99.02718359984334,18.78327910065002],[99.02715139961748,18.783496099865147],[99.027098657976751,18.783852088403194]]]},"properties":{"OBJECTID":13,"AREA":6869627.0279999999,"TAM_CODE":"500112","TAM_NAM_T":"ต.ท่าศาลา","TAM_NAM_E":" ","PROVCODE":"50","AMPCODE":"5001","AMP_CODE":"5001","AMP_NAM_T":"อ.เมืองเชียงใหม่","AMP_NAM_E":"Amphoe Muang Chiang Mai","PROV_CODE":"50","PROV_NAM_T":"จ.เชียงใหม่","PROV_NAM_E":"Changwat Chiang Mai","TH":"Thailand","Name":"Chiang Mai","Shape_Length":0.055601773552375375,"Shape_Area":0.00015741295391715244}},{"type":"Feature","id":14,"geometry":{"type":"Polygon","coordinates":[[[98.992714473494232,18.781472356364191],[98.992564430604034,18.781473479617432],[98.992422097601775,18.781476863766272],[98.992279764599516,18.78148024701585],[98.992137431597257,18.781482500716891],[98.991995097695678,18.781485883966411],[98.991852764693419,18.781489266316612],[98.991710431691104,18.781492649566189],[98.991568098688845,18.78149716236419],[98.991426061563573,18.781502804710726],[98.991284024438244,18.781509576605742],[98.991141691435985,18.781515218052903],[98.990999654310656,18.781523119496399],[98.990857617185327,18.781529891391415],[98.990715283283748,18.78153892238339],[98.990573246158419,18.781547952476103],[98.990431209033147,18.781556983468079],[98.990289468684068,18.781566014460054],[98.990147431558796,18.78157617410119],[98.990005691209717,18.781586334641702],[98.989863653185125,18.781597623831317],[98.989721912836046,18.781610043468788],[98.989580171587704,18.781621332658403],[98.989438431238682,18.781633752295875],[98.989296689990283,18.781645041485547],[98.989154652865011,18.781655201126682],[98.989012911616612,18.781667619864834],[98.98887117126759,18.78167777860665],[98.988729133242941,18.781689067796265],[98.988587096117669,18.781700356086617],[98.98844535486927,18.781710515727752],[98.988303614520248,18.781720674469625],[98.988161280618669,18.781729702763641],[98.988019539370327,18.781738731956978],[98.987877502244999,18.781746630702514],[98.98773516834342,18.781751140802555],[98.987592834441841,18.781756779551813],[98.987450501439525,18.781760159204055],[98.987308167537947,18.781763538856296],[98.987165834535688,18.781764659411579],[98.987023500634109,18.781766908615964],[98.98688116763185,18.781766898723447],[98.986738834629591,18.78176688883093],[98.986596500728012,18.781765748490557],[98.986454167725697,18.781763479501024],[98.986312131499744,18.781760080063691],[98.986169798497485,18.781754420630079],[98.98602746549517,18.781748761196411],[98.985885429269217,18.7817431017628],[98.985743096266958,18.781737442329131],[98.985601060040949,18.781734041992479],[98.985458430262383,18.781731772103626],[98.985316097260124,18.781732889960949],[98.985174060134852,18.781734008717592],[98.985031727132537,18.781737386571194],[98.984889393230958,18.781740764424796],[98.984747059329379,18.781746401375358],[98.98460502220405,18.78175090877744],[98.984462688302472,18.781756545728058],[98.984320651177143,18.781762182678619],[98.984178020499314,18.781765559632902],[98.984035984273305,18.781767807038705],[98.983893650371726,18.781771183992987],[98.983751316470148,18.781774560947269],[98.983608982568569,18.781777937901552],[98.98346664956631,18.781781314855834],[98.983324315664674,18.781782431813838],[98.983181982662416,18.781784678320321],[98.983039648760837,18.781784665729788],[98.982897315758578,18.781785781788471],[98.982754981856999,18.781785769197938],[98.98261264885474,18.781784626159606],[98.982470315852481,18.781783483121274],[98.982327982850165,18.781783469631478],[98.982185649847906,18.781780066596866],[98.982043612722634,18.781777794010054],[98.981901279720319,18.781774390975386],[98.981758947617379,18.781769858392295],[98.98161661461512,18.781764195361404],[98.981474578389168,18.781756273233498],[98.981332542163159,18.781749480654071],[98.981190506836469,18.781739298529828],[98.981048471509837,18.781731376401922],[98.980906435283828,18.781722323826216],[98.980764399057819,18.781715531246846],[98.980622363731186,18.781707608219619],[98.98048003072887,18.781704204285631],[98.980337697726611,18.781698540355421],[98.980195365623672,18.781695136421433],[98.980053032621413,18.781690602039703],[98.979910996395404,18.781687198105772],[98.979768663393145,18.781683793272464],[98.979626330390886,18.781683777984028],[98.979483996489307,18.781684892244016],[98.979341366710742,18.78168600650406],[98.97919932958547,18.781690509409543],[98.979056995683891,18.781697271411986],[98.978914957659242,18.781705163862284],[98.978772919634594,18.781714185861063],[98.978631178386252,18.78172433740832],[98.978489140361603,18.781734488955578],[98.978347102336954,18.78174463960346],[98.978205361088612,18.781754791150718],[98.978063323063964,18.781764941798656],[98.977921580916302,18.781775092446594],[98.977779542891653,18.781785243993852],[98.977637504867005,18.78179539464179],[98.977495763618663,18.781805545289728],[98.977353725594014,18.781815695038347],[98.977358191627275,18.781680127635809],[98.977362953537522,18.781544560233328],[98.977362971523974,18.781408991931471],[98.977359135016115,18.781273422730351],[98.977355001732008,18.781137853529174],[98.9773508684479,18.781002285227316],[98.977346142510555,18.780866716026196],[98.977340229468098,18.780731146825019],[98.97733253846593,18.780596707172322],[98.97732306770547,18.780461137971201],[98.977311224533423,18.780325567870705],[98.977296119520361,18.780191127318744],[98.977277160012989,18.780056686766727],[98.977254641888294,18.779923374863927],[98.977230049027582,18.77978893341259],[98.977204861715052,18.779655621509789],[98.977178193219117,18.779522309606932],[98.97715300590653,18.779390127252611],[98.977129302475362,18.779255685801331],[98.977108564109017,18.779122373898474],[98.977089011948408,18.778986802898658],[98.977068569458993,18.778853491895177],[98.977048424645147,18.778719050443897],[98.977029465137775,18.77858460989188],[98.977012285388696,18.778450169339919],[98.976998366581427,18.778314599239422],[98.976988599943979,18.778180158687405],[98.976984170782941,18.778044590385605],[98.976984485545643,18.777909022083747],[98.976986579167374,18.77777345378189],[98.976991046099954,18.77763788548009],[98.976998773974287,18.777502318077552],[98.977010948996167,18.777367881122871],[98.977029351823205,18.777233445067509],[98.977055166862499,18.77710013945989],[98.977091360078248,18.776967964300184],[98.977138820000619,18.776840310032355],[98.977199327287167,18.776717175757085],[98.977270803604767,18.776600821470765],[98.977350878340417,18.776487857628581],[98.977436883205655,18.776380543327434],[98.977527038442133,18.776275488123304],[98.977620752295934,18.776173823363308],[98.977715651456208,18.776072158603313],[98.977811439146649,18.77597275294022],[98.977906338306923,18.775872217728704],[98.978003904856394,18.775772812065668],[98.97810236173467,18.775674536850431],[98.978203189225837,18.77557965028069],[98.978306389128591,18.775485894158749],[98.97841196144293,18.775394398033086],[98.97852020024709,18.775307421000718],[98.978631405015392,18.775222703065367],[98.97874587072539,18.775141375574094],[98.978863300600892,18.77506456627674],[98.978984287295077,18.774993406520537],[98.979107943177098,18.774926765857629],[98.979233377018772,18.774863514739479],[98.979359107636753,18.774799133173531],[98.979485726784901,18.774737011603861],[98.979611753279869,18.774673760485712],[98.979736594468307,18.774609378919763],[98.979859655898451,18.774541607808999],[98.979983310881153,18.774473837597554],[98.980105779658061,18.774403806490511],[98.980229137864455,18.774337164928284],[98.9803521992946,18.77426826426904],[98.98048563980052,18.774194845415821],[98.980406780048895,18.774081863587185],[98.980328512950564,18.773968881758549],[98.980249949975246,18.773855899030593],[98.980171386999984,18.773741787653421],[98.980092824024666,18.773629935373265],[98.980014261049348,18.77351582309683],[98.979935698973406,18.773403970816673],[98.979857135998088,18.773290988987981],[98.979778870698397,18.773176876711545],[98.979699715069842,18.77306389488291],[98.97962174564708,18.772950912154897],[98.979542590917902,18.772837930326261],[98.97946432471889,18.772724947598306],[98.979386059419141,18.77261196576967],[98.979307201466213,18.772498983041658],[98.979228936166521,18.772386000313702],[98.979150078213593,18.772273018485066],[98.979071812913901,18.772158906208631],[98.978993251737222,18.772047053029098],[98.9789146905606,18.771934070301143],[98.978836129383922,18.771821087573187],[98.978757271430993,18.771706975296695],[98.978679303806871,18.771593992568739],[98.978600149977012,18.771482139389263],[98.97852218235289,18.771368027112828],[98.978443028523031,18.771256173933352],[98.978364764122603,18.77114206165686],[98.97828650062155,18.771029078928905],[98.978208236221178,18.770916096200949],[98.978129675943876,18.770803113472937],[98.978051116565837,18.770690129845661],[98.977972259512228,18.770577147117706],[98.977893996011176,18.77046416438975],[98.977815733409443,18.770350051213939],[98.977736580478847,18.770238198034463],[98.977658020201545,18.770125214407187],[98.977579757599813,18.770012231679175],[98.977501198221773,18.76989811850342],[98.977422342067484,18.769785135775464],[98.977318288708091,18.769635997603245],[98.977521377209825,18.769772720634592],[98.977637300720914,18.769850686460074],[98.977756783748646,18.769924133192262],[98.977878639187907,18.769994191278954],[98.978001087280404,18.770064249365646],[98.978123833048528,18.770132048355379],[98.978246874693582,18.770200976893591],[98.978370509891192,18.770267645435524],[98.978495034518289,18.770333184428978],[98.978621338903736,18.770396464325415],[98.978748236841739,18.770456354677094],[98.978876913638715,18.770515116379556],[98.97900707431711,18.77056935808946],[98.979138717078172,18.770621340702348],[98.979271250168097,18.770671064218277],[98.979404080034328,18.770719657286406],[98.979538096106296,18.77076486170904],[98.97967270573082,18.770808935683874],[98.979807315355401,18.770853010558028],[98.979942221756176,18.770897084532862],[98.980077424933256,18.770937769862257],[98.980212628110337,18.770980714288555],[98.980348128063724,18.77102252826711],[98.980484220670292,18.771062084047969],[98.980620610952485,18.771100508481709],[98.980757593887915,18.771136674717809],[98.980894873599595,18.771172840054589],[98.981033042740762,18.771206746294354],[98.981171805434542,18.771237262989359],[98.981310569027585,18.771265520587349],[98.981449925273864,18.771292648636859],[98.981589875072757,18.771318646238569],[98.981729824871593,18.771342384743321],[98.981870368222985,18.771364992800216],[98.982010911574378,18.771384212211672],[98.982152048478326,18.771403430723808],[98.982292888605969,18.771421520586728],[98.982434618163154,18.771437349554105],[98.982576051843353,18.771450920323787],[98.982717782299858,18.771462230197812],[98.98285980953267,18.771473540971215],[98.983001836765425,18.771481462199745],[98.98314386399818,18.771490512976868],[98.983285891230935,18.771497303757599],[98.983428216139316,18.771501835441427],[98.983570243372071,18.771507496673678],[98.983712568280453,18.771508638812691],[98.983854893188834,18.771503002761392],[98.983997218097215,18.77149736671015],[98.98413924712861,18.771490600211052],[98.984281572936311,18.771484963260491],[98.984423896945373,18.771484974951704],[98.984565925077447,18.771491765732435],[98.984707358757646,18.771506463352637],[98.984847309455802,18.771530199159429],[98.984986369825151,18.771559583607939],[98.985123947212458,18.77159461669828],[98.985260338393971,18.771633038434004],[98.985394060387648,18.771679368807895],[98.985526596175532,18.771727957379369],[98.98565616599933,18.771785584137433],[98.985783067534612,18.771845469992513],[98.985906410452515,18.771914393134807],[98.986024711771108,18.771990094467355],[98.986137675613293,18.772071443542359],[98.986247080838154,18.772158442158457],[98.986352038915527,18.772249958069153],[98.98645521723455,18.772343733976186],[98.986556319918293,18.772438639431698],[98.98665653317255,18.772534673536427],[98.986756153773513,18.772631838088898],[98.986855180821976,18.772729002641427],[98.986952429011467,18.772828426290914],[98.987047898341871,18.772928979488881],[98.987140995260802,18.773031792683128],[98.987232905973883,18.773134604978111],[98.987323038727311,18.773239676369997],[98.987411984375626,18.773344747761939],[98.987499447941218,18.773452079150161],[98.987585725301017,18.773560539187599],[98.987669037596049,18.77367012967278],[98.987750274255802,18.773781978355657],[98.987829435280275,18.773893827937854],[98.987907410098956,18.774006807068531],[98.987985385816955,18.774120914848368],[98.988063360635635,18.774235023527581],[98.988142819335678,18.774346873109778],[98.988224055995431,18.774457592244119],[98.988306776536547,18.774568311378516],[98.988389792954649,18.774677900964434],[98.988474292354795,18.774787490550295],[98.988558199101647,18.774897080136213],[98.988643292054348,18.775006670621394],[98.988727791454494,18.775115129759456],[98.988812884407139,18.775223589796894],[98.988897680583534,18.775332049834276],[98.988982180882999,18.775441639420194],[98.989066681182464,18.775550098558256],[98.989151181481873,18.775659688144117],[98.989235978557645,18.775768148181555],[98.989320182980123,18.775877737767416],[98.989405275932825,18.775987326454015],[98.989489480355303,18.776095786491396],[98.989574574207268,18.776204245629458],[98.989658778629803,18.776313835215376],[98.989813845132915,18.7765296230437],[98.98989449093807,18.776641471726577],[98.989974841765616,18.776753319510135],[98.990055487570771,18.776865168193012],[98.990137024604053,18.77697588642809],[98.990217671308528,18.777087735110911],[98.990298318013004,18.777199582894468],[98.990378668840549,18.777311430678026],[98.990459315545024,18.777423279360903],[98.990539369596263,18.77753625669294],[98.990619423647559,18.777648104476498],[98.99069888504556,18.777759952260055],[98.990778643219869,18.777871800942933],[98.990857511964691,18.77798477827497],[98.990936380709456,18.778097755607007],[98.991014063248485,18.778211862487524],[98.991091745787514,18.778324839819561],[98.991167945344444,18.778440077147877],[98.991243553147513,18.778554184028394],[98.991317973845469,18.778670550005927],[98.991391801890188,18.77878691688278],[98.991464147852184,18.778903282860256],[98.991535900261624,18.779019648837789],[98.991606763241577,18.779138273912281],[98.991676440915057,18.779255770337556],[98.991744932382801,18.779374395412049],[98.991812236745375,18.779494150035021],[98.991879245231019,18.779613905557369],[98.991944771633939,18.779733660180341],[98.992009408607373,18.779854545251112],[98.992073748804501,18.779975429422564],[98.992136902795892,18.780096313594072],[98.992199760010976,18.780218328213323],[98.99226261812538,18.780340341933311],[98.992324882687228,18.780462356552562],[98.992386851372146,18.780584370272493],[98.992447337075021,18.78070751444028],[98.992506636572102,18.780829528160268],[98.992564157210154,18.780953800977159],[98.992620194866163,18.781078074693426],[98.992673564233655,18.781203477058853],[98.992700246219442,18.78133791671155],[98.992714473494232,18.781472356364191]]]},"properties":{"OBJECTID":14,"AREA":1402217.942,"TAM_CODE":"500103","TAM_NAM_T":"ต.หายยา","TAM_NAM_E":" ","PROVCODE":"50","AMPCODE":"5001","AMP_CODE":"5001","AMP_NAM_T":"อ.เมืองเชียงใหม่","AMP_NAM_E":"Amphoe Muang Chiang Mai","PROV_CODE":"50","PROV_NAM_T":"จ.เชียงใหม่","PROV_NAM_E":"Changwat Chiang Mai","TH":"Thailand","Name":"Chiang Mai","Shape_Length":0.05115650725974101,"Shape_Area":0.00012025058716307365}},{"type":"Feature","id":15,"geometry":{"type":"Polygon","coordinates":[[[99.025333653925031,18.762932902531475],[99.025328225617159,18.762995057376031],[99.025315792489891,18.763130627476528],[99.025300098420871,18.763265068927865],[99.025277288915788,18.763399510379145],[99.025243804458057,18.763530564983625],[99.025197866188648,18.763659361390467],[99.025141847418411,18.763783640502652],[99.025078711413471,18.763905660517878],[99.025010237932179,18.764024291887608],[99.024939392938677,18.764141794608179],[99.024866768186882,18.76425703733247],[99.024795329640824,18.76437566960152],[99.024725669953739,18.764493171422771],[99.024660754190506,18.764614061889517],[99.024602362109363,18.764737210553847],[99.024548121298835,18.764863748763048],[99.024496252000461,18.764989156524393],[99.024443790048906,18.765115693834275],[99.024388363032585,18.765239972946461],[99.024327004987356,18.765363121610847],[99.024257937953507,18.765481753879897],[99.024177305638204,18.765592478410213],[99.02408540571696,18.765696425649594],[99.023984312925734,18.765791337400344],[99.023876695553099,18.765880599610057],[99.023765223686212,18.765965344525057],[99.023650785855125,18.766045570346819],[99.023535458594608,18.766124666620101],[99.023420130434715,18.766203762893383],[99.023305989379992,18.766285118263625],[99.023194516613728,18.766368732730882],[99.023082747071157,18.766453476746619],[99.022969494546601,18.76653596166534],[99.022856538798294,18.766618446584118],[99.02274328627368,18.766700931502839],[99.02263062730168,18.766783415522241],[99.022519450412346,18.766868159537978],[99.022410349158349,18.766954033102195],[99.022303323539631,18.767043294412531],[99.022198077679207,18.767134815719203],[99.022092534143212,18.767226337025875],[99.021987585059037,18.767317858332547],[99.021884117158322,18.767410509187698],[99.02178361522175,18.767506548688345],[99.021686967779374,18.767605976834432],[99.02159476838392,18.767709923174493],[99.021509982999362,18.767818387708473],[99.021434388686146,18.767933629533445],[99.021366801037118,18.768052260003856],[99.021307515929152,18.768175408668242],[99.021254457727082,18.768301945078747],[99.021207032878351,18.768429611037789],[99.021164648729609,18.768558405645933],[99.021125823198247,18.768689459351094],[99.021090555384887,18.768821642604792],[99.021057659083738,18.768952696309952],[99.021028321399967,18.769084878664273],[99.021004321192549,18.769218190567074],[99.020985658461427,18.769352631119091],[99.020970552549045,18.769488201219588],[99.020958412600748,18.769622641771548],[99.020948348287675,18.769758211872045],[99.020939173404201,18.769893781073165],[99.020930887950158,18.770029350274342],[99.020922898373101,18.770163789927039],[99.02091965361916,18.77029935912816],[99.020920560135778,18.770434927430017],[99.020923542287733,18.770570495731818],[99.020926820316561,18.770706064033675],[99.020928616262665,18.770841632335532],[99.020926853591504,18.770977200637333],[99.020919457566947,18.77111276983851],[99.020904945207121,18.77124721039047],[99.02088391006447,18.771381651841807],[99.020858130098702,18.771514963744607],[99.020828494739305,18.771647146098985],[99.020795005784976,18.771779329352626],[99.020758254090197,18.771910383057786],[99.020718538230028,18.772040307214468],[99.020676745835203,18.772170231371149],[99.020631988375612,18.772297896430814],[99.02057774216911,18.772424432841376],[99.020502441934184,18.772538545117811],[99.020373776828421,18.772715927398167],[99.020151678457239,18.772623313415238],[99.020020613960241,18.772571359580638],[99.019889550362507,18.772518276197559],[99.019759375294996,18.772462932818144],[99.019629792880721,18.772407588539409],[99.019502582877976,18.772345466969796],[99.019377744387441,18.772281084504471],[99.019254980632923,18.772213313393763],[99.019134589289934,18.772141022290384],[99.019015086477111,18.772066472090046],[99.018897363422639,18.771990791441908],[99.018781122450889,18.771912850797492],[99.018665178255446,18.771833781503858],[99.018549827612503,18.771754711310905],[99.01843417929399,18.771674511569529],[99.018319125427354,18.771594310928776],[99.018204960090884,18.771514111187344],[99.018091388306971,18.771432780998111],[99.017977816523057,18.771350321260343],[99.017865430045617,18.771267860623311],[99.017753341243747,18.771183140889264],[99.017640955665627,18.771100681151552],[99.017528570087507,18.771017090966041],[99.01741588773308,18.770934630328952],[99.017302613624793,18.77085330013972],[99.017189338617129,18.770770839502688],[99.017076953938329,18.770687249317177],[99.016963975706972,18.770604788680089],[99.016850997475615,18.770522328043057],[99.016738612796814,18.770439867406026],[99.016625932241027,18.770356277220458],[99.016514436991713,18.770272686135627],[99.016401755536663,18.770189095950059],[99.016288778204625,18.770106634413708],[99.016175504995601,18.770024173776676],[99.016062824439871,18.769942842688067],[99.01595044066039,18.769859251603236],[99.015838946310396,18.769775660518349],[99.015728934043125,18.769688679888702],[99.015620997411133,18.769600568811256],[99.015515433190728,18.769509069088315],[99.01541253635952,18.769415309369094],[99.015312308716148,18.769319289653538],[99.015214156707998,18.769222140389502],[99.015117190006379,18.769122731129187],[99.015021113633566,18.769022192320392],[99.014924740484446,18.76892278306002],[99.014828664111633,18.768822244251226],[99.01473110565604,18.76872396453939],[99.014635029283227,18.768624555279075],[99.014543993610459,18.768519497376928],[99.014455032673652,18.768413309027039],[99.014366665289458,18.76830711977783],[99.014275630516011,18.76820319142422],[99.014180443572684,18.768102651716049],[99.014078142092615,18.768008891097509],[99.013965760111773,18.767925299113301],[99.01384359530573,18.767856393957459],[99.013711054121927,18.767806695622539],[99.013573178159731,18.767773943212944],[99.013432337132713,18.767753617635378],[99.013290607575527,18.767738941598907],[99.013148878018342,18.767728783756411],[99.013006852584226,18.767720885910194],[99.012864826250791,18.767710728067698],[99.012723097592925,18.767701699773681],[99.012580479505573,18.767705098311694],[99.012439048523333,18.76771753503624],[99.012297617541094,18.767731101309323],[99.012155296229992,18.767737889392151],[99.012013567572126,18.767727730650279],[99.011882509370366,18.76767690096824],[99.011787621001986,18.767576360360806],[99.011724458017397,18.767455482484593],[99.01168145603441,18.767326694171629],[99.011649720758044,18.767193387664747],[99.0116230270811,18.767061209807025],[99.0115957398516,18.766927902400823],[99.011565487557277,18.766795724543101],[99.011526340068599,18.766664678032498],[99.011473258484159,18.766539280163727],[99.011406241005261,18.766420661384473],[99.011331218660871,18.766304303500874],[99.011252045045921,18.766192463811194],[99.011173169106542,18.766079494573091],[99.011096960556358,18.765964266237972],[99.011028460994737,18.765845647458718],[99.010973304674337,18.765721380037689],[99.010938605232525,18.765589202179967],[99.010929405167985,18.765453633878167],[99.010941553210159,18.765319195124789],[99.010966746817985,18.765185884121308],[99.010999649414373,18.765053702666307],[99.011036110628083,18.764922650759786],[99.011073164495031,18.764791598853265],[99.011108141827322,18.764660547846063],[99.011136300499913,18.764527236842582],[99.011150227401117,18.764392797189885],[99.011135393983295,18.764258359335884],[99.011066895320994,18.764140870105109],[99.010949773913012,18.764065184960373],[99.010814568937292,18.764022263017068],[99.010674620937039,18.763998546096047],[99.010532894977189,18.763986127357953],[99.010390575464726,18.763979356362256],[99.010248256851639,18.763977105359174],[99.010105939137816,18.763974853456773],[99.009963620524729,18.763970341558093],[99.009821894564823,18.763963570562396],[99.009680464481903,18.763946631831629],[99.009540516481707,18.763921785362129],[99.009402051463553,18.763891289351591],[99.009263882322387,18.763859663792516],[99.00912423109844,18.76383142687888],[99.008983393668757,18.763811098603355],[99.00884166860817,18.763805456256875],[99.008700833876446,18.763825798022197],[99.008573935938443,18.763885680279998],[99.008476987223219,18.763985102130789],[99.008403461350724,18.764101468108322],[99.008341203084115,18.764222353179093],[99.008283985517551,18.76434662689536],[99.008224098763208,18.764469771063148],[99.008157095673482,18.764589525686119],[99.008072006318116,18.764697984824181],[99.007955782433498,18.76477481210793],[99.007817319213984,18.764803060712723],[99.007675296477828,18.764797418366243],[99.007535051701325,18.764772570098103],[99.007398067866575,18.764736423647093],[99.007262567013925,18.764694628554309],[99.007127065261898,18.764653963010062],[99.006990082326524,18.764616687010573],[99.006851616409051,18.764586189201339],[99.006710483102381,18.764565859127174],[99.006569348896392,18.764550048146248],[99.006427919712792,18.764536495363018],[99.006286192853565,18.764522943479108],[99.006144762770646,18.764507132498238],[99.006003629463976,18.764490190170193],[99.005863385586849,18.764466470551213],[99.005724623792389,18.764438230939675],[99.005587640857016,18.764400954040866],[99.005453918863338,18.764353509406988],[99.005323161934427,18.764300415232015],[99.005194480640853,18.764242801963803],[99.005067874083181,18.764180669602297],[99.00494275050761,18.764117407692254],[99.004818220484538,18.764050756237452],[99.004691910703173,18.763986364778987],[99.004618969389981,18.763875651939827],[99.004664330294645,18.763746860928961],[99.004679447898241,18.763612421276264],[99.00469397194928,18.763477982522943],[99.004709089552875,18.763342413321766],[99.004723020950735,18.763207974568445],[99.004733987283771,18.763072405367268],[99.004740803245511,18.762936836166091],[99.004741095525219,18.76280126786429],[99.004733679715628,18.762665699562433],[99.004716479282138,18.762531260809112],[99.004694831701158,18.762397952503534],[99.00466844019644,18.762264644198012],[99.004636415338382,18.76213246544097],[99.004597570921248,18.762002546680208],[99.004550424862259,18.761873757467981],[99.004493495078805,18.76175061689753],[99.004425298588728,18.761630866771156],[99.004342277674027,18.761521283480477],[99.004245915316801,18.761421868824243],[99.004139769234996,18.761331492354543],[99.004025914164686,18.761249023623577],[99.003907611946772,18.761174463530722],[99.003786642339719,18.761103292083305],[99.003664485627553,18.761033251083745],[99.003541737161527,18.760965469181087],[99.003419284572374,18.760895427282207],[99.00329861174157,18.760823126286311],[99.003175269722988,18.760755344383711],[99.003050742397875,18.760689821578069],[99.002925028867026,18.760626557869386],[99.00279813002976,18.76056555415704],[99.002671231192437,18.760503419996894],[99.002544629131364,18.760442416284548],[99.002417433517792,18.760380282124345],[99.002291424110012,18.760319278411998],[99.002165118825246,18.760257144251852],[99.002037627334687,18.760196139640186],[99.001909839067878,18.76013513502852],[99.001782347577318,18.760075259965333],[99.001655152863066,18.760014255353667],[99.0015288475783,18.759952120294145],[99.001403728499326,18.75988772613772],[99.001279795626147,18.759821072884279],[99.001157048958703,18.759753289182981],[99.001035190821483,18.759683246384782],[99.000913927136082,18.759612073138726],[99.000794144634142,18.759538640795711],[99.000674955684701,18.759464078904159],[99.000557842370597,18.759387257016328],[99.000443101468022,18.759307045583739],[99.000330732077657,18.759224575054134],[99.000221920405352,18.75913758543129],[99.000115185267646,18.759047206263631],[99.000010228089593,18.758955697547435],[98.999907346546877,18.758861928835017],[98.99980713419194,18.758764771477047],[98.999710479555063,18.758666483671334],[98.999617382636131,18.758563677671646],[98.999528436987816,18.758458611675621],[98.999444827916534,18.758347897037879],[98.999366259545297,18.758234922403801],[98.999345236093802,18.758201382188076],[99.000130900021077,18.757370500348372],[99.000538599576771,18.757093599989673],[99.000970400063977,18.756875200530146],[99.001415700274435,18.756774900041648],[99.001976299866385,18.756721599921946],[99.00362850015523,18.757055600035983],[99.007415799799389,18.757929200572221],[99.009145799539056,18.75828990065844],[99.011672399861425,18.758670800417178],[99.013788699788734,18.759008600166794],[99.015035900286648,18.759338800645196],[99.018208999845513,18.760479100530119],[99.025333653925031,18.762932902531475]]]},"properties":{"OBJECTID":15,"AREA":5040240.2939999998,"TAM_CODE":"500111","TAM_NAM_T":"ต.หนองหอย","TAM_NAM_E":" ","PROVCODE":"50","AMPCODE":"5001","AMP_CODE":"5001","AMP_NAM_T":"อ.เมืองเชียงใหม่","AMP_NAM_E":"Amphoe Muang Chiang Mai","PROV_CODE":"50","PROV_NAM_T":"จ.เชียงใหม่","PROV_NAM_E":"Changwat Chiang Mai","TH":"Thailand","Name":"Chiang Mai","Shape_Length":0.068621415777088551,"Shape_Area":0.00017329753648564217}},{"type":"Feature","id":16,"geometry":{"type":"Polygon","coordinates":[[[99.004618969389981,18.763875651939827],[99.004526161153478,18.763690377209173],[99.004466265405881,18.763567237538041],[99.004406666434591,18.763445227415389],[99.00434528860427,18.76332208684488],[99.00428183603799,18.763201206270708],[99.004213935424843,18.763081455245015],[99.004140698234721,18.762966224211937],[99.004063903326539,18.762850992279539],[99.003985923111941,18.76273802034342],[99.003906163138993,18.762626177955781],[99.003823142224292,18.762515465116678],[99.003737749797381,18.762407012273854],[99.003649095529397,18.76230081852799],[99.003555698236937,18.762199143875421],[99.003458149673918,18.762099728319868],[99.003357043392896,18.762004831857553],[99.003253565599607,18.761911065843037],[99.003147122741609,18.761821818022554],[99.003037715718051,18.761734830198293],[99.002925639506714,18.761651231019528],[99.0028088202709,18.761573281381857],[99.002688146540777,18.761502109035177],[99.002563026562484,18.761437715778015],[99.002432272331589,18.761384619804403],[99.002297070953148,18.76134169156586],[99.002158609532273,18.761310060610867],[99.002018368353049,18.761287466943088],[99.001877237744395,18.761269393267924],[99.001735514482448,18.761258096883694],[99.00159349534357,18.7612490604958],[99.001451475305373,18.761242283204865],[99.001309455267233,18.761233245917595],[99.001167436128355,18.76122646862666],[99.001024823436921,18.761228728622996],[99.000883100174974,18.761236638160369],[99.000741081036097,18.761246805895439],[99.000599060997899,18.761255844981292],[99.000456745082772,18.761261493623067],[99.000314429167645,18.761260364074587],[99.000173002682004,18.761247937242558],[99.000033058279087,18.761221953130701],[98.999896375717242,18.761184671735236],[98.999762064667607,18.761139482601095],[98.999630422805808,18.761087514377323],[98.999501745109512,18.761029897511833],[98.999374254518273,18.760970020650007],[98.999248541886743,18.760906755142685],[98.999123719584077,18.760841229639084],[98.998998897281353,18.760776833683963],[98.998875261184423,18.760709048184083],[98.998753996599703,18.760637874038707],[98.998634807650319,18.760563310348516],[98.998517101682978,18.760487617109902],[98.99840087869768,18.760409664774272],[98.998284654813006,18.760331711539322],[98.998168135051458,18.760252628755836],[98.998050725860367,18.760176934617903],[98.997932724016039,18.760101241379232],[98.997813832742224,18.760026676789778],[98.99769494056909,18.759952113099587],[98.997576049295276,18.759877548510133],[98.997411495843892,18.760039099125152],[98.997312762873776,18.760137385132282],[98.997213734026673,18.760233411143076],[98.9971150010565,18.76033169715015],[98.997016268086384,18.760429982257904],[98.996917238339961,18.760527138716554],[98.996819098023025,18.760625423824308],[98.996720957706088,18.760723709831382],[98.996622520612902,18.760821994939192],[98.996524677072273,18.760920280946266],[98.996426832632267,18.76101856605402],[98.996329284968567,18.761115721613294],[98.996231736405548,18.761215137168904],[98.996133891965599,18.761313422276658],[98.996036936955136,18.761413967380747],[98.995939388392117,18.761511122040702],[98.995841543952167,18.761609407148455],[98.995743995389148,18.761708822704065],[98.995646150049822,18.761807106912499],[98.995548304710553,18.761906522468109],[98.995450459371284,18.762004806676543],[98.995352317255708,18.762103091784297],[98.995255361345926,18.762201376892108],[98.9951575160066,18.762300790649022],[98.995060855973804,18.762399075756775],[98.994963603287715,18.762498490413066],[98.994866943254863,18.762597904169979],[98.994770579098997,18.762698448374749],[98.994674511719381,18.762797863030983],[98.994577554910279,18.762897276787953],[98.994482376960207,18.762997820992666],[98.994386309580591,18.763097235648956],[98.994290241301655,18.763198908502886],[98.994195360127833,18.76329832315912],[98.99410255279065,18.763402256009385],[98.994010635782274,18.763506188859594],[98.993919904080371,18.763610121709803],[98.993827987071995,18.763712925011532],[98.993735179734813,18.763815728313261],[98.993638814679628,18.763916271618712],[98.993539484559619,18.76401229583081],[98.993435707292122,18.764106060946006],[98.993327778754065,18.764194176520107],[98.993216292497948,18.764278902549336],[98.993101841177065,18.764359110384703],[98.992986204549766,18.764437057324358],[98.99286849138781,18.764513875614909],[98.992749592919438,18.764588433909125],[98.992630397674759,18.764661861755542],[98.992510608877581,18.764735290501278],[98.992391710409152,18.764809847896231],[98.992271328958736,18.764882146194168],[98.992150650732015,18.764954444492048],[98.9920287862995,18.765024483693026],[98.991906032437498,18.765093392446147],[98.991783278575497,18.765162300299949],[98.991659932060259,18.76523007950459],[98.991536288768771,18.765296728261433],[98.991412348700976,18.765363377018275],[98.991288112756251,18.765430026674437],[98.991163875912207,18.765494415435001],[98.991039639068163,18.765561064191786],[98.990915105447812,18.765627712948628],[98.990789386521044,18.765690972160712],[98.99066307404172,18.765754231372739],[98.990535279479616,18.765812970592151],[98.990406892264332,18.76587058116246],[98.990276428514449,18.765925931736433],[98.990144779458092,18.765976763217111],[98.990011945095262,18.76602533470151],[98.989878517179875,18.766072776637372],[98.989744199835002,18.766117958576956],[98.989609585713879,18.76616088141958],[98.989474971592699,18.766204933810684],[98.989340061594646,18.766248985302468],[98.989205743350453,18.766294167242052],[98.989071130128593,18.766337089185356],[98.988937108660707,18.766383400673476],[98.988802493640208,18.76642745306458],[98.988667879519085,18.766470375007827],[98.988532968621655,18.766513296051812],[98.988397761847295,18.766556217995117],[98.988261961520379,18.766596879942085],[98.988126161193463,18.766636412340631],[98.987989767313991,18.76667594473912],[98.987852484904295,18.76671321714133],[98.987714905718406,18.766747099998724],[98.987577029756153,18.766780983755439],[98.987439450570264,18.76681599616137],[98.987301278731081,18.766847619022428],[98.987163402768886,18.76688150187988],[98.987026119459927,18.766917643834233],[98.986889132927217,18.766953786687964],[98.986752442271438,18.766992187739334],[98.986615752515036,18.767029459242224],[98.986479654512493,18.767068990741393],[98.986343557409327,18.767108521341243],[98.986208052060022,18.767149182388891],[98.986071954956799,18.767189842537277],[98.985936152831243,18.767230502685607],[98.985800351605008,18.767272293281735],[98.985665143032008,18.767312953430121],[98.985530230335939,18.767357002223946],[98.985395021762884,18.767398791920755],[98.985260702619371,18.767442841613899],[98.985125493147052,18.767485760859245],[98.98499087722729,18.767530939201549],[98.984855667754914,18.767572728898358],[98.984720459181915,18.767614518595224],[98.984584360280053,18.767655177844233],[98.984448558154497,18.767694707544763],[98.984313052805192,18.767735366793772],[98.984176953903386,18.767777155591318],[98.984040855001524,18.767815554844049],[98.983903867569495,18.767852824548243],[98.983767176014396,18.767890094252493],[98.983629890906798,18.767925103960408],[98.983491717268976,18.767958984119844],[98.983353246854904,18.76798947473452],[98.983214480563902,18.768019965349197],[98.983075120720287,18.768045936870521],[98.982935464999741,18.768073037940383],[98.982795216626016,18.768097879013965],[98.982654967352914,18.768120460990531],[98.982514422202883,18.768141912519297],[98.982373581175864,18.768161104951105],[98.982232740148902,18.768179167834376],[98.982091009692397,18.768191581176552],[98.981949279235891,18.768203994518785],[98.981807253801776,18.768210759219187],[98.981664930692034,18.768219783016605],[98.981522904358599,18.768225418168583],[98.981380581248857,18.768233311518145],[98.981238554915421,18.768241205767083],[98.981096825358236,18.76825248866146],[98.980955390778718,18.768267161100653],[98.980813660322212,18.768280703991365],[98.980672225742694,18.768297635527517],[98.980531087939426,18.76831343661587],[98.980390246912407,18.768331497700501],[98.980249108209819,18.768349558785133],[98.98010797040655,18.768367619869821],[98.979967128480268,18.768386810502932],[98.97982628655393,18.76840600023678],[98.979685148750661,18.768425190869891],[98.97954430682438,18.768444380603739],[98.979403463998722,18.768464700785387],[98.97926321562494,18.768485020966978],[98.979122372799338,18.768506469797785],[98.978982123526237,18.768527919527912],[98.978842170130122,18.768552757903478],[98.97870192085702,18.768576465831302],[98.978561967460905,18.768601304206868],[98.978421717288484,18.768626142582491],[98.978281764791689,18.768649850510258],[98.978142107272504,18.768674688885824],[98.978002449753319,18.768701786358406],[98.977863978439927,18.768733402024907],[98.977726395656703,18.768767278587063],[98.977590590833188,18.768807932440154],[98.977457453398813,18.768855365382876],[98.977334394666627,18.768924264243424],[98.977220229330158,18.769004462186217],[98.977109029058511,18.769089179222306],[98.976995159598971,18.769170505814259],[98.976916304344002,18.769058652634783],[98.976838339417895,18.768943409011172],[98.976759484162926,18.768831555831696],[98.976680925684207,18.768717442655884],[98.976602367205544,18.768605588577088],[98.976523809626201,18.768492604949813],[98.976445547923731,18.768379621322538],[98.976366396791832,18.768266637695206],[98.976316164259629,18.76819311452067],[98.976358499844935,18.767775499939432],[98.990922899871975,18.765136900747393],[98.991325199898142,18.764877800670035],[98.994171000191557,18.762521000443883],[98.995608699581908,18.761362900277675],[98.997147599682023,18.76008880015803],[98.998225199733213,18.759196600742598],[98.998987599997804,18.758537500205534],[98.999310800153353,18.758237800234326],[98.999345236093802,18.758201382188076],[98.999366259545297,18.758234922403801],[98.999444827916534,18.758347897037879],[98.999528436987816,18.758458611675621],[98.999617382636131,18.758563677671646],[98.999710479555063,18.758666483671334],[98.99980713419194,18.758764771477047],[98.999907346546877,18.758861928835017],[99.000010228089593,18.758955697547435],[99.000115185267646,18.759047206263631],[99.000221920405352,18.75913758543129],[99.000330732077657,18.759224575054134],[99.000443101468022,18.759307045583739],[99.000557842370597,18.759387257016328],[99.000674955684701,18.759464078904159],[99.000794144634142,18.759538640795711],[99.000913927136082,18.759612073138726],[99.001035190821483,18.759683246384782],[99.001157048958703,18.759753289182981],[99.001279795626147,18.759821072884279],[99.001403728499326,18.75988772613772],[99.0015288475783,18.759952120294145],[99.001655152863066,18.760014255353667],[99.001782347577318,18.760075259965333],[99.001909839067878,18.76013513502852],[99.002037627334687,18.760196139640186],[99.002165118825246,18.760257144251852],[99.002291424110012,18.760319278411998],[99.002417433517792,18.760380282124345],[99.002544629131364,18.760442416284548],[99.002671231192437,18.760503419996894],[99.00279813002976,18.76056555415704],[99.002925028867026,18.760626557869386],[99.003050742397875,18.760689821578069],[99.003175269722988,18.760755344383711],[99.00329861174157,18.760823126286311],[99.003419284572374,18.760895427282207],[99.003541737161527,18.760965469181087],[99.003664485627553,18.761033251083745],[99.003786642339719,18.761103292083305],[99.003907611946772,18.761174463530722],[99.004025914164686,18.761249023623577],[99.004139769234996,18.761331492354543],[99.004245915316801,18.761421868824243],[99.004342277674027,18.761521283480477],[99.004425298588728,18.761630866771156],[99.004493495078805,18.76175061689753],[99.004550424862259,18.761873757467981],[99.004597570921248,18.762002546680208],[99.004636415338382,18.76213246544097],[99.00466844019644,18.762264644198012],[99.004694831701158,18.762397952503534],[99.004716479282138,18.762531260809112],[99.004733679715628,18.762665699562433],[99.004741095525219,18.76280126786429],[99.004740803245511,18.762936836166091],[99.004733987283771,18.763072405367268],[99.004723020950735,18.763207974568445],[99.004709089552875,18.763342413321766],[99.00469397194928,18.763477982522943],[99.004679447898241,18.763612421276264],[99.004664330294645,18.763746860928961],[99.004618969389981,18.763875651939827]]]},"properties":{"OBJECTID":16,"AREA":13798852.445,"TAM_CODE":"500110","TAM_NAM_T":"ต.ป่าแดด","TAM_NAM_E":" ","PROVCODE":"50","AMPCODE":"5001","AMP_CODE":"5001","AMP_NAM_T":"อ.เมืองเชียงใหม่","AMP_NAM_E":"Amphoe Muang Chiang Mai","PROV_CODE":"50","PROV_NAM_T":"จ.เชียงใหม่","PROV_NAM_E":"Changwat Chiang Mai","TH":"Thailand","Name":"Chiang Mai","Shape_Length":0.067793578149567393,"Shape_Area":3.2144141982240874e-05}}]
}